角度(2θ),强度
5.00656514,2833
5.019695423,2958
5.032825705,2903
5.045955988,2882
5.059086271,2837
5.072216553,2814
5.085346836,2787
5.098477119,2789
5.111607401,2809
5.124737684,2800
5.137867967,2830
5.150998249,2746
5.164128532,2815
5.177258815,2705
5.190389097,2838
5.20351938,2745
5.216649663,2820
5.229779946,2785
5.242910228,2714
5.256040511,2789
5.269170794,2816
5.282301076,2897
5.295431359,2810
5.308561642,2738
5.321691924,2776
5.334822207,2733
5.34795249,2738
5.361082772,2759
5.374213055,2800
5.387343338,2830
5.40047362,2792
5.413603903,2699
5.426734186,2830
5.439864468,2825
5.452994751,2680
5.466125034,2709
5.479255316,2708
5.492385599,2720
5.505515882,2728
5.518646164,2777
5.531776447,2694
5.54490673,2827
5.558037012,2716
5.571167295,2710
5.584297578,2719
5.59742786,2735
5.610558143,2646
5.623688426,2738
5.636818709,2792
5.649948991,2753
5.663079274,2634
5.676209557,2665
5.689339839,2693
5.702470122,2686
5.715600405,2698
5.728730687,2621
5.74186097,2740
5.754991253,2731
5.768121535,2770
5.781251818,2640
5.794382101,2731
5.807512383,2670
5.820642666,2614
5.833772949,2696
5.846903231,2722
5.860033514,2670
5.873163797,2649
5.886294079,2645
5.899424362,2665
5.912554645,2623
5.925684927,2674
5.93881521,2725
5.951945493,2729
5.965075775,2723
5.978206058,2647
5.991336341,2581
6.004466623,2603
6.017596906,2659
6.030727189,2658
6.043857472,2522
6.056987754,2745
6.070118037,2622
6.08324832,2594
6.096378602,2616
6.109508885,2572
6.122639168,2691
6.13576945,2610
6.148899733,2590
6.162030016,2454
6.175160298,2611
6.188290581,2617
6.201420864,2617
6.214551146,2659
6.227681429,2619
6.240811712,2682
6.253941994,2596
6.267072277,2568
6.28020256,2569
6.293332842,2643
6.306463125,2660
6.319593408,2518
6.33272369,2606
6.345853973,2576
6.358984256,2602
6.372114538,2661
6.385244821,2740
6.398375104,2576
6.411505386,2681
6.424635669,2548
6.437765952,2571
6.450896235,2651
6.464026517,2535
6.4771568,2536
6.490287083,2691
6.503417365,2595
6.516547648,2765
6.529677931,2647
6.542808213,2602
6.555938496,2635
6.569068779,2582
6.582199061,2501
6.595329344,2595
6.608459627,2629
6.621589909,2595
6.634720192,2639
6.647850475,2578
6.660980757,2668
6.67411104,2545
6.687241323,2578
6.700371605,2568
6.713501888,2567
6.726632171,2594
6.739762453,2566
6.752892736,2628
6.766023019,2658
6.779153301,2685
6.792283584,2646
6.805413867,2616
6.818544149,2602
6.831674432,2571
6.844804715,2531
6.857934997,2577
6.87106528,2518
6.884195563,2579
6.897325846,2568
6.910456128,2551
6.923586411,2602
6.936716694,2617
6.949846976,2580
6.962977259,2526
6.976107542,2635
6.989237824,2569
7.002368107,2526
7.01549839,2701
7.028628672,2533
7.041758955,2569
7.054889238,2543
7.06801952,2620
7.081149803,2513
7.094280086,2552
7.107410368,2537
7.120540651,2622
7.133670934,2550
7.146801216,2559
7.159931499,2546
7.173061782,2464
7.186192064,2537
7.199322347,2615
7.21245263,2619
7.225582912,2573
7.238713195,2612
7.251843478,2537
7.26497376,2533
7.278104043,2567
7.291234326,2623
7.304364609,2572
7.317494891,2520
7.330625174,2521
7.343755457,2625
7.356885739,2596
7.370016022,2620
7.383146305,2580
7.396276587,2516
7.40940687,2635
7.422537153,2633
7.435667435,2631
7.448797718,2567
7.461928001,2595
7.475058283,2587
7.488188566,2534
7.501318849,2588
7.514449131,2614
7.527579414,2612
7.540709697,2565
7.553839979,2478
7.566970262,2568
7.580100545,2624
7.593230827,2483
7.60636111,2555
7.619491393,2552
7.632621675,2440
7.645751958,2524
7.658882241,2462
7.672012523,2582
7.685142806,2564
7.698273089,2580
7.711403372,2597
7.724533654,2536
7.737663937,2555
7.75079422,2627
7.763924502,2556
7.777054785,2572
7.790185068,2463
7.80331535,2531
7.816445633,2560
7.829575916,2507
7.842706198,2610
7.855836481,2517
7.868966764,2535
7.882097046,2517
7.895227329,2608
7.908357612,2531
7.921487894,2537
7.934618177,2525
7.94774846,2449
7.960878742,2528
7.974009025,2467
7.987139308,2512
8.00026959,2507
8.013399873,2585
8.026530156,2468
8.039660438,2579
8.052790721,2533
8.065921004,2598
8.079051286,2537
8.092181569,2525
8.105311852,2464
8.118442135,2570
8.131572417,2382
8.1447027,2482
8.157832983,2501
8.170963265,2469
8.184093548,2524
8.197223831,2499
8.210354113,2452
8.223484396,2559
8.236614679,2422
8.249744961,2440
8.262875244,2383
8.276005527,2560
8.289135809,2500
8.302266092,2515
8.315396375,2507
8.328526657,2426
8.34165694,2524
8.354787223,2447
8.367917505,2464
8.381047788,2487
8.394178071,2411
8.407308353,2474
8.420438636,2549
8.433568919,2443
8.446699201,2438
8.459829484,2512
8.472959767,2397
8.486090049,2409
8.499220332,2368
8.512350615,2339
8.525480898,2450
8.53861118,2517
8.551741463,2383
8.564871746,2386
8.578002028,2451
8.591132311,2437
8.604262594,2393
8.617392876,2428
8.630523159,2471
8.643653442,2480
8.656783724,2438
8.669914007,2444
8.68304429,2416
8.696174572,2470
8.709304855,2415
8.722435138,2318
8.73556542,2412
8.748695703,2435
8.761825986,2422
8.774956268,2524
8.788086551,2422
8.801216834,2430
8.814347116,2411
8.827477399,2383
8.840607682,2475
8.853737964,2394
8.866868247,2440
8.87999853,2397
8.893128812,2444
8.906259095,2446
8.919389378,2391
8.932519661,2474
8.945649943,2430
8.958780226,2414
8.971910509,2533
8.985040791,2461
8.998171074,2379
9.011301357,2423
9.024431639,2400
9.037561922,2362
9.050692205,2384
9.063822487,2399
9.07695277,2390
9.090083053,2495
9.103213335,2378
9.116343618,2376
9.129473901,2338
9.142604183,2480
9.155734466,2402
9.168864749,2299
9.181995031,2351
9.195125314,2333
9.208255597,2466
9.221385879,2393
9.234516162,2372
9.247646445,2429
9.260776727,2343
9.27390701,2283
9.287037293,2335
9.300167575,2401
9.313297858,2326
9.326428141,2337
9.339558424,2360
9.352688706,2354
9.365818989,2422
9.378949272,2362
9.392079554,2372
9.405209837,2454
9.41834012,2390
9.431470402,2437
9.444600685,2316
9.457730968,2351
9.47086125,2291
9.483991533,2251
9.497121816,2274
9.510252098,2350
9.523382381,2308
9.536512664,2367
9.549642946,2361
9.562773229,2352
9.575903512,2282
9.589033794,2294
9.602164077,2330
9.61529436,2239
9.628424642,2311
9.641554925,2314
9.654685208,2281
9.66781549,2360
9.680945773,2359
9.694076056,2324
9.707206338,2312
9.720336621,2223
9.733466904,2335
9.746597187,2313
9.759727469,2301
9.772857752,2329
9.785988035,2381
9.799118317,2308
9.8122486,2277
9.825378883,2344
9.838509165,2310
9.851639448,2359
9.864769731,2347
9.877900013,2366
9.891030296,2264
9.904160579,2273
9.917290861,2349
9.930421144,2299
9.943551427,2345
9.956681709,2338
9.969811992,2293
9.982942275,2326
9.996072557,2258
10.00920284,2165
10.02233312,2360
10.03546341,2217
10.04859369,2307
10.06172397,2224
10.07485425,2253
10.08798454,2269
10.10111482,2214
10.1142451,2377
10.12737538,2249
10.14050567,2240
10.15363595,2256
10.16676623,2332
10.17989652,2316
10.1930268,2260
10.20615708,2323
10.21928736,2280
10.23241765,2191
10.24554793,2238
10.25867821,2284
10.27180849,2268
10.28493878,2236
10.29806906,2263
10.31119934,2237
10.32432962,2303
10.33745991,2216
10.35059019,2347
10.36372047,2279
10.37685076,2323
10.38998104,2116
10.40311132,2244
10.4162416,2305
10.42937189,2320
10.44250217,2286
10.45563245,2186
10.46876273,2322
10.48189302,2314
10.4950233,2249
10.50815358,2203
10.52128386,2219
10.53441415,2165
10.54754443,2187
10.56067471,2305
10.573805,2296
10.58693528,2279
10.60006556,2277
10.61319584,2210
10.62632613,2215
10.63945641,2279
10.65258669,2314
10.66571697,2219
10.67884726,2219
10.69197754,2273
10.70510782,2201
10.71823811,2105
10.73136839,2250
10.74449867,2257
10.75762895,2109
10.77075924,2212
10.78388952,2195
10.7970198,2219
10.81015008,2226
10.82328037,2234
10.83641065,2146
10.84954093,2142
10.86267121,2109
10.8758015,2225
10.88893178,2088
10.90206206,2228
10.91519235,2204
10.92832263,2208
10.94145291,2175
10.95458319,2233
10.96771348,2117
10.98084376,2167
10.99397404,2180
11.00710432,2134
11.02023461,2193
11.03336489,2203
11.04649517,2084
11.05962545,2162
11.07275574,2211
11.08588602,2082
11.0990163,2120
11.11214659,2207
11.12527687,2162
11.13840715,2199
11.15153743,2210
11.16466772,2118
11.177798,2127
11.19092828,2016
11.20405856,2178
11.21718885,2131
11.23031913,2175
11.24344941,2094
11.25657969,2173
11.26970998,2078
11.28284026,2153
11.29597054,2040
11.30910083,2046
11.32223111,2125
11.33536139,2150
11.34849167,2078
11.36162196,2102
11.37475224,2097
11.38788252,2120
11.4010128,2020
11.41414309,2051
11.42727337,2009
11.44040365,2054
11.45353394,2123
11.46666422,2099
11.4797945,2078
11.49292478,2151
11.50605507,2060
11.51918535,2117
11.53231563,2135
11.54544591,2048
11.5585762,2090
11.57170648,2047
11.58483676,2125
11.59796704,1986
11.61109733,2106
11.62422761,1967
11.63735789,2042
11.65048818,1998
11.66361846,2065
11.67674874,2081
11.68987902,1986
11.70300931,2044
11.71613959,2088
11.72926987,2059
11.74240015,2030
11.75553044,2040
11.76866072,1970
11.781791,1954
11.79492128,2031
11.80805157,2057
11.82118185,2002
11.83431213,1922
11.84744242,2004
11.8605727,2102
11.87370298,1990
11.88683326,2045
11.89996355,2001
11.91309383,1973
11.92622411,2019
11.93935439,1965
11.95248468,2011
11.96561496,1950
11.97874524,1927
11.99187552,1994
12.00500581,1973
12.01813609,1969
12.03126637,1952
12.04439666,2007
12.05752694,2006
12.07065722,2064
12.0837875,1942
12.09691779,2018
12.11004807,1961
12.12317835,1936
12.13630863,1974
12.14943892,2033
12.1625692,1938
12.17569948,2016
12.18882976,1885
12.20196005,2019
12.21509033,2007
12.22822061,1873
12.2413509,1854
12.25448118,1964
12.26761146,1992
12.28074174,1900
12.29387203,1995
12.30700231,1918
12.32013259,1927
12.33326287,1917
12.34639316,2003
12.35952344,1971
12.37265372,2011
12.38578401,1966
12.39891429,1947
12.41204457,2055
12.42517485,2069
12.43830514,1968
12.45143542,1944
12.4645657,1930
12.47769598,1985
12.49082627,1923
12.50395655,1914
12.51708683,1901
12.53021711,1884
12.5433474,1943
12.55647768,1868
12.56960796,1905
12.58273825,1922
12.59586853,1882
12.60899881,2001
12.62212909,1907
12.63525938,1862
12.64838966,1910
12.66151994,1918
12.67465022,1903
12.68778051,1814
12.70091079,1854
12.71404107,1945
12.72717135,1873
12.74030164,1898
12.75343192,1948
12.7665622,1915
12.77969249,1947
12.79282277,1963
12.80595305,1860
12.81908333,1882
12.83221362,1923
12.8453439,1890
12.85847418,1895
12.87160446,1826
12.88473475,1887
12.89786503,1873
12.91099531,1914
12.92412559,1868
12.93725588,1879
12.95038616,1923
12.96351644,1880
12.97664673,1899
12.98977701,1931
13.00290729,1922
13.01603757,1880
13.02916786,1918
13.04229814,1816
13.05542842,1834
13.0685587,1889
13.08168899,1837
13.09481927,1841
13.10794955,1846
13.12107984,1791
13.13421012,1806
13.1473404,1835
13.16047068,1822
13.17360097,1882
13.18673125,1821
13.19986153,1820
13.21299181,1876
13.2261221,1875
13.23925238,1871
13.25238266,1871
13.26551294,1810
13.27864323,1839
13.29177351,1862
13.30490379,1877
13.31803408,1942
13.33116436,1916
13.34429464,1807
13.35742492,1840
13.37055521,1870
13.38368549,1874
13.39681577,1946
13.40994605,1789
13.42307634,1745
13.43620662,1804
13.4493369,1851
13.46246718,1825
13.47559747,1864
13.48872775,1782
13.50185803,1900
13.51498832,1765
13.5281186,1867
13.54124888,1847
13.55437916,1835
13.56750945,1823
13.58063973,1748
13.59377001,1837
13.60690029,1763
13.62003058,1733
13.63316086,1792
13.64629114,1772
13.65942142,1822
13.67255171,1879
13.68568199,1820
13.69881227,1738
13.71194256,1819
13.72507284,1839
13.73820312,1861
13.7513334,1835
13.76446369,1766
13.77759397,1792
13.79072425,1867
13.80385453,1781
13.81698482,1872
13.8301151,1690
13.84324538,1787
13.85637566,1804
13.86950595,1830
13.88263623,1812
13.89576651,1811
13.9088968,1795
13.92202708,1742
13.93515736,1693
13.94828764,1733
13.96141793,1764
13.97454821,1781
13.98767849,1837
14.00080877,1751
14.01393906,1824
14.02706934,1792
14.04019962,1781
14.05332991,1686
14.06646019,1797
14.07959047,1773
14.09272075,1755
14.10585104,1761
14.11898132,1761
14.1321116,1694
14.14524188,1710
14.15837217,1649
14.17150245,1751
14.18463273,1709
14.19776301,1783
14.2108933,1728
14.22402358,1729
14.23715386,1691
14.25028415,1820
14.26341443,1706
14.27654471,1714
14.28967499,1721
14.30280528,1739
14.31593556,1718
14.32906584,1667
14.34219612,1789
14.35532641,1801
14.36845669,1712
14.38158697,1700
14.39471725,1704
14.40784754,1762
14.42097782,1659
14.4341081,1750
14.44723839,1675
14.46036867,1691
14.47349895,1702
14.48662923,1720
14.49975952,1696
14.5128898,1790
14.52602008,1691
14.53915036,1706
14.55228065,1657
14.56541093,1661
14.57854121,1788
14.59167149,1720
14.60480178,1647
14.61793206,1673
14.63106234,1615
14.64419263,1706
14.65732291,1611
14.67045319,1697
14.68358347,1724
14.69671376,1691
14.70984404,1708
14.72297432,1699
14.7361046,1676
14.74923489,1669
14.76236517,1638
14.77549545,1634
14.78862574,1572
14.80175602,1615
14.8148863,1716
14.82801658,1660
14.84114687,1651
14.85427715,1687
14.86740743,1693
14.88053771,1643
14.893668,1739
14.90679828,1728
14.91992856,1630
14.93305884,1639
14.94618913,1702
14.95931941,1639
14.97244969,1549
14.98557998,1646
14.99871026,1742
15.01184054,1688
15.02497082,1630
15.03810111,1685
15.05123139,1646
15.06436167,1611
15.07749195,1567
15.09062224,1684
15.10375252,1636
15.1168828,1657
15.13001308,1712
15.14314337,1589
15.15627365,1598
15.16940393,1673
15.18253422,1507
15.1956645,1563
15.20879478,1636
15.22192506,1645
15.23505535,1573
15.24818563,1638
15.26131591,1635
15.27444619,1598
15.28757648,1663
15.30070676,1652
15.31383704,1622
15.32696732,1623
15.34009761,1626
15.35322789,1607
15.36635817,1638
15.37948846,1543
15.39261874,1582
15.40574902,1639
15.4188793,1679
15.43200959,1661
15.44513987,1640
15.45827015,1652
15.47140043,1616
15.48453072,1627
15.497661,1595
15.51079128,1590
15.52392157,1549
15.53705185,1608
15.55018213,1573
15.56331241,1599
15.5764427,1547
15.58957298,1558
15.60270326,1513
15.61583354,1676
15.62896383,1613
15.64209411,1598
15.65522439,1576
15.66835467,1636
15.68148496,1622
15.69461524,1659
15.70774552,1573
15.72087581,1548
15.73400609,1576
15.74713637,1521
15.76026665,1540
15.77339694,1628
15.78652722,1572
15.7996575,1595
15.81278778,1610
15.82591807,1489
15.83904835,1533
15.85217863,1596
15.86530891,1581
15.8784392,1550
15.89156948,1536
15.90469976,1547
15.91783005,1557
15.93096033,1564
15.94409061,1522
15.95722089,1602
15.97035118,1605
15.98348146,1549
15.99661174,1618
16.00974202,1605
16.02287231,1495
16.03600259,1514
16.04913287,1554
16.06226315,1533
16.07539344,1565
16.08852372,1493
16.101654,1588
16.11478429,1516
16.12791457,1558
16.14104485,1529
16.15417513,1503
16.16730542,1532
16.1804357,1516
16.19356598,1553
16.20669626,1536
16.21982655,1535
16.23295683,1562
16.24608711,1581
16.25921739,1498
16.27234768,1571
16.28547796,1513
16.29860824,1583
16.31173853,1477
16.32486881,1562
16.33799909,1564
16.35112937,1575
16.36425966,1552
16.37738994,1629
16.39052022,1533
16.4036505,1485
16.41678079,1498
16.42991107,1555
16.44304135,1606
16.45617164,1542
16.46930192,1554
16.4824322,1568
16.49556248,1659
16.50869277,1520
16.52182305,1538
16.53495333,1546
16.54808361,1514
16.5612139,1459
16.57434418,1488
16.58747446,1559
16.60060474,1549
16.61373503,1478
16.62686531,1502
16.63999559,1468
16.65312588,1496
16.66625616,1489
16.67938644,1573
16.69251672,1560
16.70564701,1475
16.71877729,1513
16.73190757,1392
16.74503785,1495
16.75816814,1548
16.77129842,1517
16.7844287,1565
16.79755898,1512
16.81068927,1496
16.82381955,1493
16.83694983,1466
16.85008012,1519
16.8632104,1547
16.87634068,1462
16.88947096,1545
16.90260125,1454
16.91573153,1503
16.92886181,1488
16.94199209,1533
16.95512238,1488
16.96825266,1422
16.98138294,1411
16.99451322,1413
17.00764351,1475
17.02077379,1449
17.03390407,1461
17.04703436,1478
17.06016464,1505
17.07329492,1477
17.0864252,1418
17.09955549,1468
17.11268577,1474
17.12581605,1405
17.13894633,1432
17.15207662,1453
17.1652069,1433
17.17833718,1440
17.19146747,1423
17.20459775,1423
17.21772803,1450
17.23085831,1419
17.2439886,1415
17.25711888,1451
17.27024916,1352
17.28337944,1469
17.29650973,1396
17.30964001,1389
17.32277029,1354
17.33590057,1411
17.34903086,1351
17.36216114,1309
17.37529142,1454
17.38842171,1489
17.40155199,1419
17.41468227,1491
17.42781255,1392
17.44094284,1445
17.45407312,1357
17.4672034,1365
17.48033368,1369
17.49346397,1405
17.50659425,1399
17.51972453,1433
17.53285481,1402
17.5459851,1470
17.55911538,1488
17.57224566,1441
17.58537595,1356
17.59850623,1298
17.61163651,1329
17.62476679,1396
17.63789708,1407
17.65102736,1341
17.66415764,1308
17.67728792,1428
17.69041821,1357
17.70354849,1325
17.71667877,1392
17.72980905,1325
17.74293934,1319
17.75606962,1349
17.7691999,1407
17.78233019,1323
17.79546047,1336
17.80859075,1387
17.82172103,1311
17.83485132,1365
17.8479816,1316
17.86111188,1422
17.87424216,1312
17.88737245,1387
17.90050273,1423
17.91363301,1360
17.92676329,1341
17.93989358,1354
17.95302386,1376
17.96615414,1377
17.97928443,1338
17.99241471,1343
18.00554499,1369
18.01867527,1269
18.03180556,1358
18.04493584,1350
18.05806612,1363
18.0711964,1374
18.08432669,1386
18.09745697,1415
18.11058725,1325
18.12371754,1393
18.13684782,1330
18.1499781,1363
18.16310838,1364
18.17623867,1384
18.18936895,1342
18.20249923,1348
18.21562951,1373
18.2287598,1293
18.24189008,1396
18.25502036,1297
18.26815064,1264
18.28128093,1327
18.29441121,1293
18.30754149,1321
18.32067178,1278
18.33380206,1319
18.34693234,1305
18.36006262,1331
18.37319291,1268
18.38632319,1328
18.39945347,1346
18.41258375,1352
18.42571404,1308
18.43884432,1336
18.4519746,1370
18.46510488,1322
18.47823517,1267
18.49136545,1295
18.50449573,1306
18.51762602,1299
18.5307563,1375
18.54388658,1233
18.55701686,1338
18.57014715,1271
18.58327743,1263
18.59640771,1243
18.60953799,1293
18.62266828,1361
18.63579856,1325
18.64892884,1322
18.66205912,1320
18.67518941,1312
18.68831969,1293
18.70144997,1346
18.71458026,1317
18.72771054,1327
18.74084082,1208
18.7539711,1367
18.76710139,1410
18.78023167,1325
18.79336195,1265
18.80649223,1303
18.81962252,1288
18.8327528,1246
18.84588308,1274
18.85901337,1304
18.87214365,1265
18.88527393,1213
18.89840421,1292
18.9115345,1330
18.92466478,1319
18.93779506,1285
18.95092534,1332
18.96405563,1294
18.97718591,1286
18.99031619,1257
19.00344647,1299
19.01657676,1253
19.02970704,1302
19.04283732,1320
19.05596761,1227
19.06909789,1315
19.08222817,1274
19.09535845,1282
19.10848874,1310
19.12161902,1258
19.1347493,1283
19.14787958,1261
19.16100987,1294
19.17414015,1377
19.18727043,1302
19.20040071,1270
19.213531,1229
19.22666128,1263
19.23979156,1255
19.25292185,1301
19.26605213,1299
19.27918241,1274
19.29231269,1304
19.30544298,1258
19.31857326,1298
19.33170354,1215
19.34483382,1212
19.35796411,1283
19.37109439,1223
19.38422467,1262
19.39735495,1264
19.41048524,1276
19.42361552,1222
19.4367458,1227
19.44987609,1270
19.46300637,1252
19.47613665,1202
19.48926693,1190
19.50239722,1225
19.5155275,1222
19.52865778,1230
19.54178806,1218
19.55491835,1249
19.56804863,1241
19.58117891,1246
19.59430919,1171
19.60743948,1205
19.62056976,1209
19.63370004,1195
19.64683033,1247
19.65996061,1216
19.67309089,1183
19.68622117,1203
19.69935146,1269
19.71248174,1169
19.72561202,1220
19.7387423,1215
19.75187259,1219
19.76500287,1215
19.77813315,1173
19.79126344,1157
19.80439372,1221
19.817524,1245
19.83065428,1207
19.84378457,1130
19.85691485,1208
19.87004513,1188
19.88317541,1180
19.8963057,1198
19.90943598,1234
19.92256626,1192
19.93569654,1223
19.94882683,1227
19.96195711,1200
19.97508739,1207
19.98821768,1164
20.00134796,1172
20.01447824,1188
20.02760852,1205
20.04073881,1170
20.05386909,1188
20.06699937,1154
20.08012965,1200
20.09325994,1170
20.10639022,1172
20.1195205,1175
20.13265078,1156
20.14578107,1156
20.15891135,1227
20.17204163,1183
20.18517192,1158
20.1983022,1217
20.21143248,1152
20.22456276,1192
20.23769305,1199
20.25082333,1217
20.26395361,1137
20.27708389,1188
20.29021418,1210
20.30334446,1176
20.31647474,1177
20.32960502,1153
20.34273531,1201
20.35586559,1164
20.36899587,1169
20.38212616,1138
20.39525644,1207
20.40838672,1158
20.421517,1212
20.43464729,1256
20.44777757,1192
20.46090785,1183
20.47403813,1211
20.48716842,1212
20.5002987,1178
20.51342898,1139
20.52655927,1138
20.53968955,1140
20.55281983,1150
20.56595011,1129
20.5790804,1113
20.59221068,1141
20.60534096,1188
20.61847124,1142
20.63160153,1126
20.64473181,1163
20.65786209,1113
20.67099237,1187
20.68412266,1194
20.69725294,1185
20.71038322,1183
20.72351351,1145
20.73664379,1070
20.74977407,1177
20.76290435,1156
20.77603464,1144
20.78916492,1101
20.8022952,1173
20.81542548,1108
20.82855577,1131
20.84168605,1149
20.85481633,1153
20.86794661,1129
20.8810769,1180
20.89420718,1106
20.90733746,1105
20.92046775,1152
20.93359803,1237
20.94672831,1129
20.95985859,1151
20.97298888,1131
20.98611916,1091
20.99924944,1148
21.01237972,1144
21.02551001,1106
21.03864029,1132
21.05177057,1115
21.06490085,1150
21.07803114,1195
21.09116142,1091
21.1042917,1169
21.11742199,1171
21.13055227,1117
21.14368255,1101
21.15681283,1152
21.16994312,1101
21.1830734,1146
21.19620368,1145
21.20933396,1182
21.22246425,1108
21.23559453,1148
21.24872481,1068
21.26185509,1162
21.27498538,1157
21.28811566,1185
21.30124594,1184
21.31437623,1119
21.32750651,1145
21.34063679,1172
21.35376707,1134
21.36689736,1095
21.38002764,1184
21.39315792,1099
21.4062882,1151
21.41941849,1080
21.43254877,1129
21.44567905,1143
21.45880934,1138
21.47193962,1106
21.4850699,1134
21.49820018,1120
21.51133047,1075
21.52446075,1105
21.53759103,1131
21.55072131,1084
21.5638516,1094
21.57698188,1125
21.59011216,1113
21.60324244,1127
21.61637273,1178
21.62950301,1163
21.64263329,1069
21.65576358,1173
21.66889386,1107
21.68202414,1146
21.69515442,1114
21.70828471,1085
21.72141499,1072
21.73454527,1121
21.74767555,1144
21.76080584,1146
21.77393612,1162
21.7870664,1059
21.80019668,1094
21.81332697,1158
21.82645725,1122
21.83958753,1117
21.85271782,1102
21.8658481,1095
21.87897838,1092
21.89210866,1066
21.90523895,1151
21.91836923,1156
21.93149951,1051
21.94462979,1091
21.95776008,1122
21.97089036,1093
21.98402064,1095
21.99715092,1077
22.01028121,1108
22.02341149,1075
22.03654177,1078
22.04967206,1133
22.06280234,1082
22.07593262,1119
22.0890629,1012
22.10219319,1070
22.11532347,1092
22.12845375,1054
22.14158403,1096
22.15471432,1119
22.1678446,1053
22.18097488,1078
22.19410517,1137
22.20723545,1062
22.22036573,1109
22.23349601,1059
22.2466263,1095
22.25975658,1087
22.27288686,1116
22.28601714,1090
22.29914743,1120
22.31227771,1080
22.32540799,1114
22.33853827,1096
22.35166856,1033
22.36479884,1059
22.37792912,1081
22.39105941,1114
22.40418969,1089
22.41731997,1086
22.43045025,1107
22.44358054,1059
22.45671082,1035
22.4698411,1074
22.48297138,1128
22.49610167,1150
22.50923195,1106
22.52236223,1107
22.53549251,1052
22.5486228,1037
22.56175308,1083
22.57488336,1084
22.58801365,1051
22.60114393,1093
22.61427421,1026
22.62740449,1110
22.64053478,1045
22.65366506,1122
22.66679534,1111
22.67992562,1090
22.69305591,1100
22.70618619,1119
22.71931647,1068
22.73244675,1105
22.74557704,1029
22.75870732,1074
22.7718376,1005
22.78496789,1036
22.79809817,1068
22.81122845,1080
22.82435873,1130
22.83748902,1071
22.8506193,1128
22.86374958,1164
22.87687986,1133
22.89001015,1066
22.90314043,1084
22.91627071,1126
22.929401,1077
22.94253128,1087
22.95566156,1082
22.96879184,1113
22.98192213,1102
22.99505241,1152
23.00818269,1050
23.02131297,1135
23.03444326,1129
23.04757354,1051
23.06070382,1082
23.0738341,1104
23.08696439,1063
23.10009467,1087
23.11322495,1108
23.12635524,1101
23.13948552,1097
23.1526158,1082
23.16574608,1086
23.17887637,1060
23.19200665,1131
23.20513693,1062
23.21826721,1022
23.2313975,1083
23.24452778,1038
23.25765806,1058
23.27078834,1101
23.28391863,1029
23.29704891,1086
23.31017919,1043
23.32330948,1051
23.33643976,1084
23.34957004,1026
23.36270032,1037
23.37583061,959
23.38896089,1000
23.40209117,1024
23.41522145,1076
23.42835174,1042
23.44148202,1106
23.4546123,939
23.46774258,1129
23.48087287,1058
23.49400315,1043
23.50713343,1045
23.52026372,1046
23.533394,1011
23.54652428,1023
23.55965456,1050
23.57278485,1003
23.58591513,1069
23.59904541,1016
23.61217569,1081
23.62530598,987
23.63843626,972
23.65156654,992
23.66469682,1007
23.67782711,1006
23.69095739,1062
23.70408767,1004
23.71721796,955
23.73034824,1016
23.74347852,1013
23.7566088,1010
23.76973909,999
23.78286937,1010
23.79599965,1039
23.80912993,1019
23.82226022,987
23.8353905,1004
23.84852078,1008
23.86165107,988
23.87478135,1054
23.88791163,985
23.90104191,973
23.9141722,947
23.92730248,1038
23.94043276,1011
23.95356304,942
23.96669333,999
23.97982361,982
23.99295389,982
24.00608417,988
24.01921446,968
24.03234474,956
24.04547502,989
24.05860531,995
24.07173559,987
24.08486587,1038
24.09799615,994
24.11112644,901
24.12425672,927
24.137387,896
24.15051728,989
24.16364757,953
24.17677785,976
24.18990813,923
24.20303841,969
24.2161687,973
24.22929898,1034
24.24242926,1007
24.25555955,1039
24.26868983,990
24.28182011,968
24.29495039,985
24.30808068,959
24.32121096,952
24.33434124,951
24.34747152,967
24.36060181,925
24.37373209,976
24.38686237,897
24.39999265,963
24.41312294,995
24.42625322,942
24.4393835,948
24.45251379,1004
24.46564407,905
24.47877435,936
24.49190463,926
24.50503492,938
24.5181652,976
24.53129548,918
24.54442576,966
24.55755605,1000
24.57068633,1008
24.58381661,1000
24.5969469,977
24.61007718,1010
24.62320746,971
24.63633774,952
24.64946803,956
24.66259831,966
24.67572859,985
24.68885887,923
24.70198916,927
24.71511944,953
24.72824972,960
24.74138,898
24.75451029,923
24.76764057,1010
24.78077085,1012
24.79390114,979
24.80703142,963
24.8201617,1007
24.83329198,961
24.84642227,927
24.85955255,940
24.87268283,966
24.88581311,982
24.8989434,940
24.91207368,947
24.92520396,985
24.93833424,988
24.95146453,958
24.96459481,959
24.97772509,1020
24.99085538,974
25.00398566,1019
25.01711594,955
25.03024622,981
25.04337651,967
25.05650679,983
25.06963707,984
25.08276735,1010
25.09589764,1016
25.10902792,963
25.1221582,934
25.13528848,943
25.14841877,1013
25.16154905,1029
25.17467933,1008
25.18780962,972
25.2009399,975
25.21407018,1001
25.22720046,1019
25.24033075,1019
25.25346103,1052
25.26659131,1000
25.27972159,1035
25.29285188,963
25.30598216,986
25.31911244,964
25.33224272,1019
25.34537301,988
25.35850329,995
25.37163357,949
25.38476386,1018
25.39789414,1073
25.41102442,1003
25.4241547,1052
25.43728499,1053
25.45041527,1056
25.46354555,1038
25.47667583,1080
25.48980612,1056
25.5029364,1095
25.51606668,1053
25.52919697,1093
25.54232725,1124
25.55545753,1132
25.56858781,1124
25.5817181,1185
25.59484838,1159
25.60797866,1125
25.62110894,1176
25.63423923,1139
25.64736951,1182
25.66049979,1223
25.67363007,1193
25.68676036,1233
25.69989064,1298
25.71302092,1313
25.72615121,1251
25.73928149,1317
25.75241177,1389
25.76554205,1350
25.77867234,1410
25.79180262,1381
25.8049329,1369
25.81806318,1353
25.83119347,1468
25.84432375,1468
25.85745403,1517
25.87058431,1541
25.8837146,1531
25.89684488,1546
25.90997516,1477
25.92310545,1517
25.93623573,1556
25.94936601,1459
25.96249629,1497
25.97562658,1538
25.98875686,1497
26.00188714,1351
26.01501742,1441
26.02814771,1402
26.04127799,1439
26.05440827,1387
26.06753855,1315
26.08066884,1301
26.09379912,1377
26.1069294,1338
26.12005969,1312
26.13318997,1265
26.14632025,1289
26.15945053,1177
26.17258082,1231
26.1857111,1194
26.19884138,1136
26.21197166,1118
26.22510195,1140
26.23823223,1136
26.25136251,1075
26.2644928,1094
26.27762308,1094
26.29075336,1013
26.30388364,1054
26.31701393,1145
26.33014421,1062
26.34327449,1044
26.35640477,1046
26.36953506,999
26.38266534,1034
26.39579562,1020
26.4089259,935
26.42205619,1018
26.43518647,1000
26.44831675,1024
26.46144704,1015
26.47457732,1013
26.4877076,961
26.50083788,988
26.51396817,988
26.52709845,957
26.54022873,945
26.55335901,1020
26.5664893,943
26.57961958,943
26.59274986,898
26.60588014,975
26.61901043,997
26.63214071,939
26.64527099,952
26.65840128,907
26.67153156,917
26.68466184,941
26.69779212,927
26.71092241,957
26.72405269,915
26.73718297,880
26.75031325,972
26.76344354,858
26.77657382,908
26.7897041,877
26.80283438,897
26.81596467,904
26.82909495,878
26.84222523,897
26.85535552,932
26.8684858,927
26.88161608,942
26.89474636,915
26.90787665,919
26.92100693,881
26.93413721,953
26.94726749,888
26.96039778,894
26.97352806,926
26.98665834,942
26.99978862,908
27.01291891,881
27.02604919,898
27.03917947,868
27.05230976,894
27.06544004,900
27.07857032,875
27.0917006,861
27.10483089,879
27.11796117,968
27.13109145,940
27.14422173,828
27.15735202,941
27.1704823,933
27.18361258,945
27.19674287,890
27.20987315,891
27.22300343,888
27.23613371,897
27.249264,971
27.26239428,890
27.27552456,879
27.28865484,903
27.30178513,887
27.31491541,934
27.32804569,917
27.34117597,929
27.35430626,873
27.36743654,883
27.38056682,954
27.39369711,922
27.40682739,869
27.41995767,902
27.43308795,876
27.44621824,884
27.45934852,884
27.4724788,859
27.48560908,887
27.49873937,919
27.51186965,926
27.52499993,907
27.53813021,898
27.5512605,909
27.56439078,869
27.57752106,916
27.59065135,873
27.60378163,863
27.61691191,906
27.63004219,869
27.64317248,877
27.65630276,937
27.66943304,898
27.68256332,907
27.69569361,943
27.70882389,908
27.72195417,850
27.73508445,910
27.74821474,923
27.76134502,920
27.7744753,842
27.78760559,889
27.80073587,894
27.81386615,841
27.82699643,802
27.84012672,904
27.853257,875
27.86638728,996
27.87951756,946
27.89264785,889
27.90577813,921
27.91890841,959
27.9320387,989
27.94516898,973
27.95829926,970
27.97142954,976
27.98455983,893
27.99769011,934
28.01082039,932
28.02395067,957
28.03708096,968
28.05021124,947
28.06334152,938
28.0764718,1019
28.08960209,964
28.10273237,984
28.11586265,940
28.12899294,927
28.14212322,977
28.1552535,973
28.16838378,990
28.18151407,1021
28.19464435,942
28.20777463,987
28.22090491,948
28.2340352,1015
28.24716548,1015
28.26029576,980
28.27342604,988
28.28655633,1036
28.29968661,1006
28.31281689,997
28.32594718,969
28.33907746,970
28.35220774,975
28.36533802,876
28.37846831,972
28.39159859,1023
28.40472887,1013
28.41785915,969
28.43098944,997
28.44411972,924
28.45725,987
28.47038028,942
28.48351057,966
28.49664085,1045
28.50977113,1029
28.52290142,978
28.5360317,978
28.54916198,960
28.56229226,953
28.57542255,973
28.58855283,955
28.60168311,1011
28.61481339,973
28.62794368,951
28.64107396,1007
28.65420424,974
28.66733452,991
28.68046481,957
28.69359509,1046
28.70672537,1001
28.71985566,983
28.73298594,1015
28.74611622,995
28.7592465,1037
28.77237679,1003
28.78550707,1013
28.79863735,972
28.81176763,1051
28.82489792,970
28.8380282,949
28.85115848,1010
28.86428877,1017
28.87741905,1080
28.89054933,954
28.90367961,942
28.9168099,1021
28.92994018,1023
28.94307046,1007
28.95620074,1004
28.96933103,1009
28.98246131,1043
28.99559159,971
29.00872187,1030
29.02185216,1014
29.03498244,1097
29.04811272,1031
29.06124301,976
29.07437329,1034
29.08750357,1079
29.10063385,1010
29.11376414,1011
29.12689442,1026
29.1400247,1019
29.15315498,1028
29.16628527,1010
29.17941555,1011
29.19254583,1072
29.20567611,963
29.2188064,976
29.23193668,1025
29.24506696,1000
29.25819725,1004
29.27132753,1022
29.28445781,1022
29.29758809,975
29.31071838,996
29.32384866,1001
29.33697894,989
29.35010922,990
29.36323951,1016
29.37636979,980
29.38950007,980
29.40263035,998
29.41576064,982
29.42889092,992
29.4420212,957
29.45515149,894
29.46828177,991
29.48141205,945
29.49454233,949
29.50767262,977
29.5208029,956
29.53393318,977
29.54706346,931
29.56019375,947
29.57332403,950
29.58645431,970
29.5995846,982
29.61271488,980
29.62584516,956
29.63897544,982
29.65210573,883
29.66523601,964
29.67836629,883
29.69149657,962
29.70462686,949
29.71775714,993
29.73088742,896
29.7440177,944
29.75714799,930
29.77027827,871
29.78340855,976
29.79653884,918
29.80966912,938
29.8227994,927
29.83592968,824
29.84905997,878
29.86219025,886
29.87532053,880
29.88845081,957
29.9015811,943
29.91471138,882
29.92784166,876
29.94097194,927
29.95410223,951
29.96723251,973
29.98036279,907
29.99349308,907
30.00662336,903
30.01975364,912
30.03288392,858
30.04601421,887
30.05914449,883
30.07227477,958
30.08540505,891
30.09853534,923
30.11166562,917
30.1247959,878
30.13792618,897
30.15105647,910
30.16418675,990
30.17731703,945
30.19044732,933
30.2035776,963
30.21670788,1011
30.22983816,914
30.24296845,925
30.25609873,931
30.26922901,871
30.28235929,873
30.29548958,995
30.30861986,893
30.32175014,964
30.33488042,963
30.34801071,891
30.36114099,937
30.37427127,939
30.38740156,928
30.40053184,918
30.41366212,892
30.4267924,991
30.43992269,975
30.45305297,851
30.46618325,886
30.47931353,971
30.49244382,1015
30.5055741,921
30.51870438,958
30.53183467,1007
30.54496495,995
30.55809523,929
30.57122551,979
30.5843558,900
30.59748608,964
30.61061636,971
30.62374664,996
30.63687693,1049
30.65000721,995
30.66313749,998
30.67626777,972
30.68939806,1039
30.70252834,1024
30.71565862,1025
30.72878891,1016
30.74191919,1032
30.75504947,1017
30.76817975,973
30.78131004,994
30.79444032,1053
30.8075706,1037
30.82070088,1032
30.83383117,980
30.84696145,1021
30.86009173,1129
30.87322201,1183
30.8863523,1050
30.89948258,1112
30.91261286,1179
30.92574315,1135
30.93887343,1120
30.95200371,1069
30.96513399,1125
30.97826428,1186
30.99139456,1142
31.00452484,1142
31.01765512,1266
31.03078541,1178
31.04391569,1179
31.05704597,1176
31.07017625,1214
31.08330654,1253
31.09643682,1255
31.1095671,1268
31.12269739,1293
31.13582767,1234
31.14895795,1298
31.16208823,1338
31.17521852,1335
31.1883488,1387
31.20147908,1265
31.21460936,1347
31.22773965,1339
31.24086993,1379
31.25400021,1359
31.2671305,1381
31.28026078,1422
31.29339106,1397
31.30652134,1431
31.31965163,1479
31.33278191,1442
31.34591219,1553
31.35904247,1530
31.37217276,1556
31.38530304,1546
31.39843332,1638
31.4115636,1609
31.42469389,1582
31.43782417,1588
31.45095445,1668
31.46408474,1590
31.47721502,1680
31.4903453,1651
31.50347558,1605
31.51660587,1788
31.52973615,1762
31.54286643,1831
31.55599671,1827
31.569127,1803
31.58225728,1854
31.59538756,1977
31.60851784,1945
31.62164813,1934
31.63477841,1964
31.64790869,1959
31.66103898,2020
31.67416926,2017
31.68729954,2078
31.70042982,2063
31.71356011,2128
31.72669039,2084
31.73982067,2234
31.75295095,2176
31.76608124,2168
31.77921152,2272
31.7923418,2223
31.80547208,2194
31.81860237,2242
31.83173265,2175
31.84486293,2269
31.85799322,2362
31.8711235,2310
31.88425378,2327
31.89738406,2355
31.91051435,2286
31.92364463,2355
31.93677491,2478
31.94990519,2418
31.96303548,2427
31.97616576,2403
31.98929604,2447
32.00242633,2479
32.01555661,2411
32.02868689,2464
32.04181717,2438
32.05494746,2412
32.06807774,2411
32.08120802,2358
32.0943383,2421
32.10746859,2399
32.12059887,2493
32.13372915,2384
32.14685943,2495
32.15998972,2424
32.17312,2367
32.18625028,2467
32.19938057,2369
32.21251085,2363
32.22564113,2371
32.23877141,2380
32.2519017,2419
32.26503198,2345
32.27816226,2237
32.29129254,2243
32.30442283,2382
32.31755311,2205
32.33068339,2279
32.34381367,2251
32.35694396,2214
32.37007424,2252
32.38320452,2225
32.39633481,2209
32.40946509,2186
32.42259537,2147
32.43572565,2118
32.44885594,2085
32.46198622,2048
32.4751165,2029
32.48824678,1993
32.50137707,2000
32.51450735,2027
32.52763763,1990
32.54076791,2031
32.5538982,1996
32.56702848,1851
32.58015876,1853
32.59328905,2029
32.60641933,1897
32.61954961,1949
32.63267989,1810
32.64581018,1795
32.65894046,1823
32.67207074,1829
32.68520102,1794
32.69833131,1825
32.71146159,1792
32.72459187,1850
32.73772215,1773
32.75085244,1815
32.76398272,1736
32.777113,1711
32.79024329,1687
32.80337357,1640
32.81650385,1672
32.82963413,1691
32.84276442,1669
32.8558947,1646
32.86902498,1699
32.88215526,1672
32.89528555,1670
32.90841583,1647
32.92154611,1644
32.9346764,1600
32.94780668,1597
32.96093696,1603
32.97406724,1608
32.98719753,1631
33.00032781,1611
33.01345809,1591
33.02658837,1654
33.03971866,1553
33.05284894,1476
33.06597922,1490
33.0791095,1513
33.09223979,1516
33.10537007,1581
33.11850035,1530
33.13163064,1444
33.14476092,1425
33.1578912,1452
33.17102148,1454
33.18415177,1459
33.19728205,1470
33.21041233,1399
33.22354261,1466
33.2366729,1430
33.24980318,1468
33.26293346,1454
33.27606374,1368
33.28919403,1314
33.30232431,1338
33.31545459,1415
33.32858488,1294
33.34171516,1345
33.35484544,1364
33.36797572,1255
33.38110601,1293
33.39423629,1264
33.40736657,1286
33.42049685,1275
33.43362714,1292
33.44675742,1281
33.4598877,1199
33.47301798,1205
33.48614827,1261
33.49927855,1233
33.51240883,1240
33.52553912,1249
33.5386694,1280
33.55179968,1244
33.56492996,1154
33.57806025,1211
33.59119053,1089
33.60432081,1219
33.61745109,1156
33.63058138,1183
33.64371166,1155
33.65684194,1204
33.66997223,1170
33.68310251,1138
33.69623279,1172
33.70936307,1132
33.72249336,1107
33.73562364,1106
33.74875392,1153
33.7618842,1055
33.77501449,1134
33.78814477,1128
33.80127505,1101
33.81440533,1121
33.82753562,1073
33.8406659,1082
33.85379618,1131
33.86692647,1166
33.88005675,1073
33.89318703,1054
33.90631731,1028
33.9194476,1107
33.93257788,1149
33.94570816,1080
33.95883844,1064
33.97196873,1075
33.98509901,1081
33.99822929,1042
34.01135957,1047
34.02448986,1022
34.03762014,1113
34.05075042,1123
34.06388071,1067
34.07701099,1063
34.09014127,1044
34.10327155,1025
34.11640184,1012
34.12953212,1011
34.1426624,1037
34.15579268,1011
34.16892297,976
34.18205325,1017
34.19518353,1015
34.20831381,983
34.2214441,993
34.23457438,1019
34.24770466,1029
34.26083495,1014
34.27396523,957
34.28709551,940
34.30022579,969
34.31335608,938
34.32648636,923
34.33961664,1040
34.35274692,943
34.36587721,967
34.37900749,902
34.39213777,922
34.40526805,970
34.41839834,943
34.43152862,896
34.4446589,924
34.45778919,906
34.47091947,885
34.48404975,942
34.49718003,879
34.51031032,922
34.5234406,876
34.53657088,918
34.54970116,873
34.56283145,869
34.57596173,874
34.58909201,854
34.6022223,862
34.61535258,816
34.62848286,838
34.64161314,844
34.65474343,822
34.66787371,803
34.68100399,827
34.69413427,818
34.70726456,861
34.72039484,790
34.73352512,769
34.7466554,743
34.75978569,827
34.77291597,763
34.78604625,725
34.79917654,750
34.81230682,756
34.8254371,795
34.83856738,719
34.85169767,711
34.86482795,734
34.87795823,782
34.89108851,766
34.9042188,743
34.91734908,778
34.93047936,743
34.94360964,734
34.95673993,722
34.96987021,745
34.98300049,706
34.99613078,727
35.00926106,730
35.02239134,736
35.03552162,728
35.04865191,755
35.06178219,733
35.07491247,729
35.08804275,749
35.10117304,743
35.11430332,758
35.1274336,726
35.14056388,736
35.15369417,710
35.16682445,732
35.17995473,737
35.19308502,682
35.2062153,711
35.21934558,675
35.23247586,720
35.24560615,704
35.25873643,664
35.27186671,753
35.28499699,759
35.29812728,698
35.31125756,683
35.32438784,756
35.33751813,756
35.35064841,769
35.36377869,676
35.37690897,727
35.39003926,753
35.40316954,691
35.41629982,707
35.4294301,700
35.44256039,741
35.45569067,680
35.46882095,692
35.48195123,691
35.49508152,664
35.5082118,674
35.52134208,720
35.53447237,679
35.54760265,642
35.56073293,727
35.57386321,713
35.5869935,731
35.60012378,689
35.61325406,696
35.62638434,676
35.63951463,744
35.65264491,765
35.66577519,714
35.67890547,716
35.69203576,749
35.70516604,703
35.71829632,708
35.73142661,671
35.74455689,705
35.75768717,725
35.77081745,685
35.78394774,670
35.79707802,696
35.8102083,659
35.82333858,687
35.83646887,664
35.84959915,680
35.86272943,641
35.87585971,665
35.88899,701
35.90212028,683
35.91525056,686
35.92838085,705
35.94151113,681
35.95464141,724
35.96777169,725
35.98090198,656
35.99403226,663
36.00716254,663
36.02029282,681
36.03342311,605
36.04655339,639
36.05968367,649
36.07281395,675
36.08594424,647
36.09907452,669
36.1122048,579
36.12533509,620
36.13846537,652
36.15159565,675
36.16472593,615
36.17785622,639
36.1909865,590
36.20411678,616
36.21724706,633
36.23037735,617
36.24350763,623
36.25663791,669
36.2697682,636
36.28289848,626
36.29602876,631
36.30915904,695
36.32228933,654
36.33541961,601
36.34854989,599
36.36168017,646
36.37481046,611
36.38794074,610
36.40107102,620
36.4142013,640
36.42733159,641
36.44046187,679
36.45359215,624
36.46672244,647
36.47985272,665
36.492983,614
36.50611328,624
36.51924357,641
36.53237385,590
36.54550413,612
36.55863441,592
36.5717647,631
36.58489498,676
36.59802526,600
36.61115554,583
36.62428583,611
36.63741611,627
36.65054639,632
36.66367668,608
36.67680696,582
36.68993724,599
36.70306752,659
36.71619781,666
36.72932809,629
36.74245837,611
36.75558865,636
36.76871894,598
36.78184922,612
36.7949795,609
36.80810978,614
36.82124007,625
36.83437035,565
36.84750063,563
36.86063092,568
36.8737612,625
36.88689148,600
36.90002176,651
36.91315205,657
36.92628233,597
36.93941261,585
36.95254289,584
36.96567318,645
36.97880346,611
36.99193374,620
37.00506403,628
37.01819431,542
37.03132459,609
37.04445487,624
37.05758516,624
37.07071544,553
37.08384572,561
37.096976,598
37.11010629,610
37.12323657,623
37.13636685,637
37.14949713,608
37.16262742,609
37.1757577,598
37.18888798,561
37.20201827,614
37.21514855,595
37.22827883,595
37.24140911,548
37.2545394,565
37.26766968,611
37.28079996,647
37.29393024,596
37.30706053,603
37.32019081,617
37.33332109,582
37.34645137,542
37.35958166,572
37.37271194,565
37.38584222,596
37.39897251,575
37.41210279,561
37.42523307,599
37.43836335,553
37.45149364,605
37.46462392,596
37.4777542,556
37.49088448,571
37.50401477,616
37.51714505,582
37.53027533,614
37.54340561,585
37.5565359,551
37.56966618,630
37.58279646,586
37.59592675,570
37.60905703,631
37.62218731,558
37.63531759,581
37.64844788,525
37.66157816,561
37.67470844,577
37.68783872,585
37.70096901,617
37.71409929,502
37.72722957,559
37.74035985,618
37.75349014,570
37.76662042,549
37.7797507,618
37.79288099,570
37.80601127,592
37.81914155,567
37.83227183,623
37.84540212,567
37.8585324,630
37.87166268,580
37.88479296,615
37.89792325,540
37.91105353,541
37.92418381,597
37.9373141,594
37.95044438,601
37.96357466,605
37.97670494,562
37.98983523,594
38.00296551,543
38.01609579,585
38.02922607,561
38.04235636,556
38.05548664,602
38.06861692,591
38.0817472,631
38.09487749,608
38.10800777,608
38.12113805,611
38.13426834,586
38.14739862,553
38.1605289,562
38.17365918,540
38.18678947,560
38.19991975,611
38.21305003,575
38.22618031,588
38.2393106,615
38.25244088,601
38.26557116,607
38.27870144,576
38.29183173,577
38.30496201,559
38.31809229,574
38.33122258,573
38.34435286,533
38.35748314,615
38.37061342,582
38.38374371,588
38.39687399,604
38.41000427,586
38.42313455,571
38.43626484,549
38.44939512,582
38.4625254,617
38.47565568,619
38.48878597,554
38.50191625,589
38.51504653,589
38.52817682,557
38.5413071,591
38.55443738,582
38.56756766,612
38.58069795,588
38.59382823,638
38.60695851,624
38.62008879,625
38.63321908,649
38.64634936,598
38.65947964,622
38.67260993,595
38.68574021,603
38.69887049,560
38.71200077,605
38.72513106,654
38.73826134,603
38.75139162,622
38.7645219,641
38.77765219,635
38.79078247,636
38.80391275,590
38.81704303,668
38.83017332,640
38.8433036,620
38.85643388,613
38.86956417,634
38.88269445,619
38.89582473,676
38.90895501,652
38.9220853,632
38.93521558,696
38.94834586,610
38.96147614,668
38.97460643,650
38.98773671,641
39.00086699,656
39.01399727,684
39.02712756,654
39.04025784,624
39.05338812,669
39.06651841,688
39.07964869,666
39.09277897,701
39.10590925,683
39.11903954,684
39.13216982,666
39.1453001,691
39.15843038,677
39.17156067,737
39.18469095,686
39.19782123,746
39.21095151,674
39.2240818,705
39.23721208,687
39.25034236,716
39.26347265,689
39.27660293,683
39.28973321,717
39.30286349,722
39.31599378,760
39.32912406,721
39.34225434,727
39.35538462,703
39.36851491,773
39.38164519,764
39.39477547,740
39.40790575,769
39.42103604,677
39.43416632,726
39.4472966,723
39.46042689,761
39.47355717,784
39.48668745,819
39.49981773,797
39.51294802,740
39.5260783,727
39.53920858,711
39.55233886,747
39.56546915,797
39.57859943,811
39.59172971,784
39.60486,781
39.61799028,783
39.63112056,763
39.64425084,799
39.65738113,819
39.67051141,726
39.68364169,789
39.69677197,769
39.70990226,785
39.72303254,805
39.73616282,772
39.7492931,765
39.76242339,804
39.77555367,821
39.78868395,815
39.80181424,776
39.81494452,781
39.8280748,803
39.84120508,780
39.85433537,793
39.86746565,786
39.88059593,807
39.89372621,786
39.9068565,818
39.91998678,826
39.93311706,739
39.94624734,854
39.95937763,813
39.97250791,838
39.98563819,789
39.99876848,782
40.01189876,758
40.02502904,842
40.03815932,814
40.05128961,797
40.06441989,754
40.07755017,826
40.09068045,808
40.10381074,742
40.11694102,799
40.1300713,797
40.14320158,853
40.15633187,789
40.16946215,764
40.18259243,772
40.19572272,790
40.208853,803
40.22198328,742
40.23511356,775
40.24824385,758
40.26137413,774
40.27450441,751
40.28763469,738
40.30076498,767
40.31389526,712
40.32702554,707
40.34015583,706
40.35328611,703
40.36641639,703
40.37954667,673
40.39267696,725
40.40580724,712
40.41893752,730
40.4320678,718
40.44519809,747
40.45832837,631
40.47145865,671
40.48458893,699
40.49771922,728
40.5108495,705
40.52397978,620
40.53711007,671
40.55024035,677
40.56337063,642
40.57650091,624
40.5896312,704
40.60276148,665
40.61589176,668
40.62902204,645
40.64215233,700
40.65528261,649
40.66841289,649
40.68154317,622
40.69467346,622
40.70780374,619
40.72093402,625
40.73406431,673
40.74719459,647
40.76032487,664
40.77345515,637
40.78658544,645
40.79971572,580
40.812846,658
40.82597628,610
40.83910657,608
40.85223685,660
40.86536713,600
40.87849741,614
40.8916277,633
40.90475798,591
40.91788826,595
40.93101855,613
40.94414883,597
40.95727911,593
40.97040939,611
40.98353968,612
40.99666996,645
41.00980024,544
41.02293052,543
41.03606081,604
41.04919109,586
41.06232137,586
41.07545166,613
41.08858194,602
41.10171222,611
41.1148425,585
41.12797279,624
41.14110307,594
41.15423335,578
41.16736363,584
41.18049392,584
41.1936242,592
41.20675448,578
41.21988476,621
41.23301505,557
41.24614533,627
41.25927561,604
41.2724059,579
41.28553618,551
41.29866646,557
41.31179674,571
41.32492703,584
41.33805731,540
41.35118759,548
41.36431787,576
41.37744816,565
41.39057844,569
41.40370872,558
41.416839,545
41.42996929,566
41.44309957,603
41.45622985,606
41.46936014,570
41.48249042,552
41.4956207,562
41.50875098,587
41.52188127,550
41.53501155,543
41.54814183,624
41.56127211,569
41.5744024,576
41.58753268,558
41.60066296,536
41.61379324,528
41.62692353,607
41.64005381,540
41.65318409,584
41.66631438,564
41.67944466,508
41.69257494,603
41.70570522,594
41.71883551,631
41.73196579,537
41.74509607,575
41.75822635,549
41.77135664,586
41.78448692,573
41.7976172,574
41.81074748,593
41.82387777,564
41.83700805,599
41.85013833,591
41.86326862,533
41.8763989,545
41.88952918,551
41.90265946,565
41.91578975,600
41.92892003,570
41.94205031,585
41.95518059,552
41.96831088,620
41.98144116,581
41.99457144,606
42.00770173,604
42.02083201,571
42.03396229,574
42.04709257,592
42.06022286,569
42.07335314,620
42.08648342,605
42.0996137,591
42.11274399,594
42.12587427,616
42.13900455,598
42.15213483,574
42.16526512,601
42.1783954,589
42.19152568,574
42.20465597,573
42.21778625,604
42.23091653,563
42.24404681,550
42.2571771,577
42.27030738,577
42.28343766,577
42.29656794,568
42.30969823,540
42.32282851,544
42.33595879,522
42.34908907,561
42.36221936,554
42.37534964,572
42.38847992,552
42.40161021,603
42.41474049,539
42.42787077,558
42.44100105,585
42.45413134,556
42.46726162,552
42.4803919,589
42.49352218,532
42.50665247,554
42.51978275,573
42.53291303,583
42.54604331,539
42.5591736,541
42.57230388,554
42.58543416,572
42.59856445,531
42.61169473,583
42.62482501,525
42.63795529,528
42.65108558,584
42.66421586,546
42.67734614,590
42.69047642,552
42.70360671,542
42.71673699,491
42.72986727,554
42.74299756,553
42.75612784,575
42.76925812,510
42.7823884,530
42.79551869,535
42.80864897,557
42.82177925,549
42.83490953,547
42.84803982,549
42.8611701,587
42.87430038,570
42.88743066,542
42.90056095,544
42.91369123,514
42.92682151,522
42.9399518,487
42.95308208,562
42.96621236,500
42.97934264,478
42.99247293,498
43.00560321,521
43.01873349,499
43.03186377,524
43.04499406,496
43.05812434,502
43.07125462,492
43.0843849,525
43.09751519,513
43.11064547,496
43.12377575,523
43.13690604,532
43.15003632,546
43.1631666,510
43.17629688,513
43.18942717,535
43.20255745,511
43.21568773,543
43.22881801,560
43.2419483,514
43.25507858,578
43.26820886,524
43.28133914,518
43.29446943,558
43.30759971,508
43.32072999,560
43.33386028,564
43.34699056,517
43.36012084,559
43.37325112,511
43.38638141,526
43.39951169,537
43.41264197,549
43.42577225,552
43.43890254,547
43.45203282,512
43.4651631,495
43.47829338,535
43.49142367,536
43.50455395,569
43.51768423,568
43.53081452,541
43.5439448,498
43.55707508,549
43.57020536,557
43.58333565,534
43.59646593,545
43.60959621,579
43.62272649,587
43.63585678,568
43.64898706,553
43.66211734,578
43.67524763,530
43.68837791,610
43.70150819,562
43.71463847,576
43.72776876,507
43.74089904,568
43.75402932,559
43.7671596,504
43.78028989,566
43.79342017,601
43.80655045,593
43.81968073,556
43.83281102,598
43.8459413,568
43.85907158,561
43.87220187,581
43.88533215,569
43.89846243,547
43.91159271,581
43.924723,543
43.93785328,561
43.95098356,516
43.96411384,616
43.97724413,577
43.99037441,565
44.00350469,543
44.01663497,556
44.02976526,584
44.04289554,583
44.05602582,509
44.06915611,590
44.08228639,562
44.09541667,579
44.10854695,552
44.12167724,534
44.13480752,536
44.1479378,563
44.16106808,541
44.17419837,592
44.18732865,549
44.20045893,562
44.21358921,505
44.2267195,531
44.23984978,537
44.25298006,534
44.26611035,576
44.27924063,552
44.29237091,573
44.30550119,551
44.31863148,570
44.33176176,549
44.34489204,574
44.35802232,535
44.37115261,492
44.38428289,509
44.39741317,552
44.41054346,529
44.42367374,559
44.43680402,505
44.4499343,480
44.46306459,550
44.47619487,510
44.48932515,587
44.50245543,528
44.51558572,543
44.528716,527
44.54184628,535
44.55497656,568
44.56810685,544
44.58123713,501
44.59436741,503
44.6074977,556
44.62062798,495
44.63375826,521
44.64688854,495
44.66001883,546
44.67314911,505
44.68627939,534
44.69940967,507
44.71253996,491
44.72567024,547
44.73880052,468
44.7519308,580
44.76506109,505
44.77819137,515
44.79132165,539
44.80445194,511
44.81758222,527
44.8307125,515
44.84384278,508
44.85697307,536
44.87010335,565
44.88323363,499
44.89636391,558
44.9094942,570
44.92262448,514
44.93575476,539
44.94888504,554
44.96201533,591
44.97514561,508
44.98827589,484
45.00140618,503
45.01453646,533
45.02766674,505
45.04079702,575
45.05392731,534
45.06705759,559
45.08018787,554
45.09331815,501
45.10644844,529
45.11957872,577
45.132709,572
45.14583928,531
45.15896957,580
45.17209985,524
45.18523013,567
45.19836042,561
45.2114907,550
45.22462098,550
45.23775126,548
45.25088155,565
45.26401183,559
45.27714211,536
45.29027239,536
45.30340268,502
45.31653296,530
45.32966324,525
45.34279353,537
45.35592381,563
45.36905409,542
45.38218437,570
45.39531466,612
45.40844494,532
45.42157522,534
45.4347055,561
45.44783579,535
45.46096607,521
45.47409635,504
45.48722663,573
45.50035692,579
45.5134872,618
45.52661748,574
45.53974777,526
45.55287805,529
45.56600833,522
45.57913861,563
45.5922689,535
45.60539918,532
45.61852946,582
45.63165974,553
45.64479003,523
45.65792031,560
45.67105059,566
45.68418087,557
45.69731116,551
45.71044144,587
45.72357172,542
45.73670201,572
45.74983229,539
45.76296257,555
45.77609285,558
45.78922314,573
45.80235342,546
45.8154837,572
45.82861398,500
45.84174427,554
45.85487455,570
45.86800483,590
45.88113511,569
45.8942654,565
45.90739568,562
45.92052596,571
45.93365625,567
45.94678653,609
45.95991681,579
45.97304709,533
45.98617738,590
45.99930766,620
46.01243794,595
46.02556822,606
46.03869851,613
46.05182879,586
46.06495907,592
46.07808936,615
46.09121964,566
46.10434992,578
46.1174802,654
46.13061049,597
46.14374077,627
46.15687105,601
46.17000133,638
46.18313162,656
46.1962619,613
46.20939218,641
46.22252246,659
46.23565275,637
46.24878303,654
46.26191331,683
46.2750436,660
46.28817388,650
46.30130416,633
46.31443444,643
46.32756473,662
46.34069501,664
46.35382529,670
46.36695557,643
46.38008586,663
46.39321614,669
46.40634642,718
46.4194767,718
46.43260699,633
46.44573727,696
46.45886755,709
46.47199784,722
46.48512812,707
46.4982584,666
46.51138868,664
46.52451897,766
46.53764925,748
46.55077953,731
46.56390981,716
46.5770401,735
46.59017038,744
46.60330066,739
46.61643094,717
46.62956123,755
46.64269151,776
46.65582179,752
46.66895208,690
46.68208236,764
46.69521264,807
46.70834292,701
46.72147321,792
46.73460349,771
46.74773377,775
46.76086405,793
46.77399434,743
46.78712462,745
46.8002549,754
46.81338518,818
46.82651547,788
46.83964575,798
46.85277603,725
46.86590632,760
46.8790366,764
46.89216688,783
46.90529716,717
46.91842745,765
46.93155773,764
46.94468801,818
46.95781829,736
46.97094858,741
46.98407886,807
46.99720914,767
47.01033943,754
47.02346971,794
47.03659999,664
47.04973027,761
47.06286056,757
47.07599084,778
47.08912112,756
47.1022514,719
47.11538169,757
47.12851197,710
47.14164225,719
47.15477253,739
47.16790282,691
47.1810331,663
47.19416338,721
47.20729367,739
47.22042395,709
47.23355423,725
47.24668451,661
47.2598148,735
47.27294508,659
47.28607536,728
47.29920564,674
47.31233593,740
47.32546621,672
47.33859649,694
47.35172677,709
47.36485706,649
47.37798734,666
47.39111762,696
47.40424791,703
47.41737819,664
47.43050847,684
47.44363875,749
47.45676904,718
47.46989932,717
47.4830296,697
47.49615988,685
47.50929017,676
47.52242045,688
47.53555073,666
47.54868101,623
47.5618113,650
47.57494158,672
47.58807186,636
47.60120215,694
47.61433243,738
47.62746271,655
47.64059299,674
47.65372328,682
47.66685356,673
47.67998384,687
47.69311412,642
47.70624441,678
47.71937469,701
47.73250497,665
47.74563526,603
47.75876554,648
47.77189582,667
47.7850261,611
47.79815639,625
47.81128667,628
47.82441695,676
47.83754723,659
47.85067752,668
47.8638078,692
47.87693808,676
47.89006836,678
47.90319865,678
47.91632893,684
47.92945921,682
47.9425895,692
47.95571978,721
47.96885006,678
47.98198034,641
47.99511063,697
48.00824091,699
48.02137119,676
48.03450147,628
48.04763176,636
48.06076204,661
48.07389232,748
48.0870226,671
48.10015289,659
48.11328317,699
48.12641345,657
48.13954374,641
48.15267402,657
48.1658043,708
48.17893458,648
48.19206487,668
48.20519515,685
48.21832543,675
48.23145571,669
48.244586,668
48.25771628,637
48.27084656,685
48.28397684,675
48.29710713,667
48.31023741,662
48.32336769,699
48.33649798,672
48.34962826,662
48.36275854,621
48.37588882,626
48.38901911,668
48.40214939,692
48.41527967,672
48.42840995,639
48.44154024,650
48.45467052,635
48.4678008,633
48.48093109,654
48.49406137,649
48.50719165,662
48.52032193,648
48.53345222,672
48.5465825,649
48.55971278,626
48.57284306,673
48.58597335,725
48.59910363,684
48.61223391,608
48.62536419,638
48.63849448,656
48.65162476,653
48.66475504,690
48.67788533,665
48.69101561,718
48.70414589,655
48.71727617,683
48.73040646,640
48.74353674,702
48.75666702,602
48.7697973,656
48.78292759,606
48.79605787,674
48.80918815,703
48.82231843,710
48.83544872,728
48.848579,694
48.86170928,676
48.87483957,668
48.88796985,680
48.90110013,642
48.91423041,629
48.9273607,732
48.94049098,677
48.95362126,682
48.96675154,710
48.97988183,679
48.99301211,722
49.00614239,704
49.01927267,676
49.03240296,650
49.04553324,685
49.05866352,707
49.07179381,744
49.08492409,715
49.09805437,698
49.11118465,749
49.12431494,703
49.13744522,727
49.1505755,739
49.16370578,735
49.17683607,717
49.18996635,759
49.20309663,750
49.21622691,740
49.2293572,798
49.24248748,771
49.25561776,830
49.26874805,790
49.28187833,797
49.29500861,783
49.30813889,835
49.32126918,815
49.33439946,795
49.34752974,831
49.36066002,820
49.37379031,886
49.38692059,833
49.40005087,819
49.41318116,863
49.42631144,835
49.43944172,833
49.452572,833
49.46570229,824
49.47883257,829
49.49196285,852
49.50509313,842
49.51822342,842
49.5313537,832
49.54448398,834
49.55761426,857
49.57074455,898
49.58387483,879
49.59700511,849
49.6101354,835
49.62326568,787
49.63639596,834
49.64952624,832
49.66265653,902
49.67578681,838
49.68891709,876
49.70204737,830
49.71517766,837
49.72830794,820
49.74143822,822
49.7545685,835
49.76769879,840
49.78082907,804
49.79395935,747
49.80708964,808
49.82021992,834
49.8333502,840
49.84648048,791
49.85961077,782
49.87274105,782
49.88587133,731
49.89900161,779
49.9121319,708
49.92526218,772
49.93839246,780
49.95152274,791
49.96465303,731
49.97778331,774
49.99091359,746
50.00404388,750
50.01717416,797
50.03030444,714
50.04343472,745
50.05656501,697
50.06969529,703
50.08282557,726
50.09595585,728
50.10908614,755
50.12221642,690
50.1353467,685
50.14847699,752
50.16160727,711
50.17473755,743
50.18786783,682
50.20099812,689
50.2141284,719
50.22725868,734
50.24038896,653
50.25351925,718
50.26664953,726
50.27977981,708
50.29291009,724
50.30604038,708
50.31917066,701
50.33230094,690
50.34543123,643
50.35856151,695
50.37169179,684
50.38482207,706
50.39795236,712
50.41108264,680
50.42421292,613
50.4373432,685
50.45047349,730
50.46360377,667
50.47673405,710
50.48986433,678
50.50299462,656
50.5161249,718
50.52925518,728
50.54238547,694
50.55551575,684
50.56864603,673
50.58177631,711
50.5949066,681
50.60803688,719
50.62116716,728
50.63429744,683
50.64742773,700
50.66055801,687
50.67368829,669
50.68681857,674
50.69994886,660
50.71307914,665
50.72620942,652
50.73933971,688
50.75246999,695
50.76560027,651
50.77873055,671
50.79186084,666
50.80499112,686
50.8181214,665
50.83125168,705
50.84438197,662
50.85751225,706
50.87064253,704
50.88377281,676
50.8969031,676
50.91003338,734
50.92316366,679
50.93629395,661
50.94942423,692
50.96255451,642
50.97568479,620
50.98881508,727
51.00194536,644
51.01507564,660
51.02820592,662
51.04133621,691
51.05446649,674
51.06759677,632
51.08072706,707
51.09385734,704
51.10698762,639
51.1201179,681
51.13324819,659
51.14637847,584
51.15950875,596
51.17263903,704
51.18576932,630
51.1988996,660
51.21202988,663
51.22516016,617
51.23829045,670
51.25142073,625
51.26455101,609
51.2776813,627
51.29081158,660
51.30394186,638
51.31707214,663
51.33020243,693
51.34333271,638
51.35646299,655
51.36959327,611
51.38272356,684
51.39585384,677
51.40898412,605
51.4221144,732
51.43524469,658
51.44837497,672
51.46150525,711
51.47463554,670
51.48776582,661
51.5008961,665
51.51402638,670
51.52715667,657
51.54028695,661
51.55341723,637
51.56654751,666
51.5796778,609
51.59280808,646
51.60593836,647
51.61906864,631
51.63219893,621
51.64532921,588
51.65845949,652
51.67158978,674
51.68472006,620
51.69785034,670
51.71098062,614
51.72411091,638
51.73724119,642
51.75037147,610
51.76350175,607
51.77663204,667
51.78976232,587
51.8028926,617
51.81602289,570
51.82915317,586
51.84228345,637
51.85541373,602
51.86854402,568
51.8816743,591
51.89480458,620
51.90793486,603
51.92106515,632
51.93419543,628
51.94732571,631
51.96045599,628
51.97358628,570
51.98671656,621
51.99984684,644
52.01297713,570
52.02610741,640
52.03923769,655
52.05236797,592
52.06549826,649
52.07862854,626
52.09175882,637
52.1048891,587
52.11801939,628
52.13114967,616
52.14427995,571
52.15741023,613
52.17054052,601
52.1836708,613
52.19680108,598
52.20993137,575
52.22306165,595
52.23619193,579
52.24932221,613
52.2624525,585
52.27558278,609
52.28871306,630
52.30184334,575
52.31497363,595
52.32810391,559
52.34123419,550
52.35436447,564
52.36749476,588
52.38062504,583
52.39375532,583
52.40688561,550
52.42001589,563
52.43314617,566
52.44627645,517
52.45940674,594
52.47253702,585
52.4856673,569
52.49879758,557
52.51192787,585
52.52505815,541
52.53818843,555
52.55131871,567
52.564449,558
52.57757928,542
52.59070956,578
52.60383985,561
52.61697013,545
52.63010041,555
52.64323069,594
52.65636098,559
52.66949126,594
52.68262154,580
52.69575182,544
52.70888211,579
52.72201239,546
52.73514267,533
52.74827296,569
52.76140324,558
52.77453352,589
52.7876638,584
52.80079409,586
52.81392437,555
52.82705465,559
52.84018493,550
52.85331522,550
52.8664455,594
52.87957578,561
52.89270606,565
52.90583635,585
52.91896663,597
52.93209691,542
52.9452272,590
52.95835748,560
52.97148776,550
52.98461804,613
52.99774833,594
53.01087861,546
53.02400889,592
53.03713917,569
53.05026946,638
53.06339974,577
53.07653002,627
53.0896603,559
53.10279059,596
53.11592087,605
53.12905115,554
53.14218144,607
53.15531172,636
53.168442,608
53.18157228,588
53.19470257,571
53.20783285,619
53.22096313,612
53.23409341,630
53.2472237,594
53.26035398,601
53.27348426,613
53.28661454,601
53.29974483,587
53.31287511,527
53.32600539,561
53.33913568,578
53.35226596,615
53.36539624,596
53.37852652,562
53.39165681,537
53.40478709,571
53.41791737,571
53.43104765,586
53.44417794,615
53.45730822,573
53.4704385,550
53.48356879,512
53.49669907,528
53.50982935,545
53.52295963,513
53.53608992,537
53.5492202,530
53.56235048,488
53.57548076,482
53.58861105,505
53.60174133,484
53.61487161,483
53.62800189,541
53.64113218,497
53.65426246,499
53.66739274,468
53.68052303,468
53.69365331,441
53.70678359,465
53.71991387,439
53.73304416,452
53.74617444,438
53.75930472,430
53.772435,469
53.78556529,449
53.79869557,427
53.81182585,449
53.82495613,470
53.83808642,431
53.8512167,446
53.86434698,466
53.87747727,451
53.89060755,402
53.90373783,425
53.91686811,441
53.9299984,419
53.94312868,436
53.95625896,401
53.96938924,414
53.98251953,412
53.99564981,396
54.00878009,442
54.02191037,402
54.03504066,459
54.04817094,425
54.06130122,413
54.07443151,449
54.08756179,379
54.10069207,431
54.11382235,459
54.12695264,424
54.14008292,421
54.1532132,422
54.16634348,422
54.17947377,413
54.19260405,401
54.20573433,433
54.21886461,399
54.2319949,380
54.24512518,399
54.25825546,432
54.27138575,440
54.28451603,427
54.29764631,400
54.31077659,393
54.32390688,421
54.33703716,442
54.35016744,428
54.36329772,384
54.37642801,444
54.38955829,396
54.40268857,342
54.41581886,388
54.42894914,405
54.44207942,385
54.4552097,376
54.46833999,394
54.48147027,439
54.49460055,413
54.50773083,405
54.52086112,409
54.5339914,408
54.54712168,442
54.56025196,370
54.57338225,394
54.58651253,405
54.59964281,420
54.6127731,383
54.62590338,418
54.63903366,416
54.65216394,434
54.66529423,413
54.67842451,393
54.69155479,393
54.70468507,398
54.71781536,388
54.73094564,398
54.74407592,365
54.7572062,391
54.77033649,440
54.78346677,402
54.79659705,399
54.80972734,382
54.82285762,387
54.8359879,384
54.84911818,382
54.86224847,384
54.87537875,407
54.88850903,383
54.90163931,378
54.9147696,390
54.92789988,387
54.94103016,373
54.95416044,366
54.96729073,417
54.98042101,430
54.99355129,385
55.00668158,398
55.01981186,411
55.03294214,370
55.04607242,400
55.05920271,353
55.07233299,393
55.08546327,413
55.09859355,401
55.11172384,395
55.12485412,380
55.1379844,364
55.15111469,364
55.16424497,357
55.17737525,379
55.19050553,367
55.20363582,379
55.2167661,403
55.22989638,397
55.24302666,406
55.25615695,368
55.26928723,396
55.28241751,367
55.29554779,379
55.30867808,378
55.32180836,363
55.33493864,398
55.34806893,400
55.36119921,373
55.37432949,376
55.38745977,372
55.40059006,383
55.41372034,407
55.42685062,394
55.4399809,412
55.45311119,394
55.46624147,420
55.47937175,401
55.49250203,398
55.50563232,370
55.5187626,433
55.53189288,413
55.54502317,415
55.55815345,410
55.57128373,392
55.58441401,411
55.5975443,413
55.61067458,417
55.62380486,378
55.63693514,389
55.65006543,404
55.66319571,438
55.67632599,427
55.68945627,385
55.70258656,412
55.71571684,420
55.72884712,411
55.74197741,438
55.75510769,405
55.76823797,389
55.78136825,419
55.79449854,418
55.80762882,425
55.8207591,409
55.83388938,419
55.84701967,386
55.86014995,424
55.87328023,414
55.88641051,436
55.8995408,397
55.91267108,447
55.92580136,436
55.93893165,395
55.95206193,403
55.96519221,393
55.97832249,407
55.99145278,398
56.00458306,434
56.01771334,402
56.03084362,403
56.04397391,360
56.05710419,403
56.07023447,402
56.08336476,378
56.09649504,375
56.10962532,368
56.1227556,400
56.13588589,417
56.14901617,401
56.16214645,427
56.17527673,431
56.18840702,402
56.2015373,427
56.21466758,368
56.22779786,386
56.24092815,388
56.25405843,424
56.26718871,430
56.280319,421
56.29344928,421
56.30657956,420
56.31970984,397
56.33284013,416
56.34597041,418
56.35910069,427
56.37223097,369
56.38536126,395
56.39849154,407
56.41162182,379
56.4247521,408
56.43788239,388
56.45101267,404
56.46414295,390
56.47727324,394
56.49040352,360
56.5035338,395
56.51666408,399
56.52979437,395
56.54292465,368
56.55605493,357
56.56918521,413
56.5823155,371
56.59544578,407
56.60857606,378
56.62170634,413
56.63483663,397
56.64796691,396
56.66109719,384
56.67422748,413
56.68735776,387
56.70048804,411
56.71361832,392
56.72674861,434
56.73987889,413
56.75300917,373
56.76613945,374
56.77926974,418
56.79240002,385
56.8055303,382
56.81866059,416
56.83179087,435
56.84492115,418
56.85805143,383
56.87118172,385
56.884312,370
56.89744228,393
56.91057256,440
56.92370285,377
56.93683313,366
56.94996341,412
56.96309369,442
56.97622398,421
56.98935426,405
57.00248454,390
57.01561483,400
57.02874511,407
57.04187539,405
57.05500567,406
57.06813596,390
57.08126624,397
57.09439652,406
57.1075268,419
57.12065709,373
57.13378737,385
57.14691765,421
57.16004793,404
57.17317822,392
57.1863085,425
57.19943878,398
57.21256907,430
57.22569935,402
57.23882963,413
57.25195991,407
57.2650902,385
57.27822048,394
57.29135076,398
57.30448104,365
57.31761133,392
57.33074161,363
57.34387189,359
57.35700217,409
57.37013246,405
57.38326274,412
57.39639302,407
57.40952331,452
57.42265359,394
57.43578387,363
57.44891415,415
57.46204444,353
57.47517472,422
57.488305,414
57.50143528,338
57.51456557,359
57.52769585,366
57.54082613,402
57.55395642,396
57.5670867,411
57.58021698,414
57.59334726,361
57.60647755,397
57.61960783,388
57.63273811,337
57.64586839,392
57.65899868,403
57.67212896,416
57.68525924,386
57.69838952,347
57.71151981,350
57.72465009,408
57.73778037,398
57.75091066,379
57.76404094,390
57.77717122,383
57.7903015,383
57.80343179,351
57.81656207,391
57.82969235,356
57.84282263,351
57.85595292,401
57.8690832,360
57.88221348,384
57.89534376,353
57.90847405,405
57.92160433,398
57.93473461,385
57.9478649,369
57.96099518,389
57.97412546,385
57.98725574,432
58.00038603,385
58.01351631,375
58.02664659,391
58.03977687,387
58.05290716,371
58.06603744,386
58.07916772,362
58.092298,362
58.10542829,369
58.11855857,374
58.13168885,367
58.14481914,401
58.15794942,387
58.1710797,364
58.18420998,376
58.19734027,379
58.21047055,395
58.22360083,378
58.23673111,401
58.2498614,377
58.26299168,380
58.27612196,353
58.28925224,377
58.30238253,410
58.31551281,390
58.32864309,375
58.34177338,367
58.35490366,371
58.36803394,350
58.38116422,357
58.39429451,369
58.40742479,380
58.42055507,396
58.43368535,389
58.44681564,371
58.45994592,376
58.4730762,344
58.48620649,382
58.49933677,346
58.51246705,358
58.52559733,369
58.53872762,336
58.5518579,386
58.56498818,384
58.57811846,397
58.59124875,386
58.60437903,374
58.61750931,372
58.63063959,382
58.64376988,370
58.65690016,417
58.67003044,390
58.68316073,331
58.69629101,396
58.70942129,394
58.72255157,391
58.73568186,371
58.74881214,370
58.76194242,382
58.7750727,383
58.78820299,363
58.80133327,428
58.81446355,362
58.82759383,359
58.84072412,336
58.8538544,381
58.86698468,366
58.88011497,331
58.89324525,395
58.90637553,379
58.91950581,392
58.9326361,360
58.94576638,390
58.95889666,405
58.97202694,376
58.98515723,393
58.99828751,397
59.01141779,350
59.02454807,400
59.03767836,342
59.05080864,366
59.06393892,368
59.07706921,333
59.09019949,371
59.10332977,385
59.11646005,362
59.12959034,352
59.14272062,320
59.1558509,374
59.16898118,366
59.18211147,374
59.19524175,372
59.20837203,362
59.22150232,348
59.2346326,374
59.24776288,327
59.26089316,345
59.27402345,342
59.28715373,357
59.30028401,410
59.31341429,381
59.32654458,405
59.33967486,360
59.35280514,386
59.36593542,353
59.37906571,361
59.39219599,335
59.40532627,371
59.41845656,361
59.43158684,350
59.44471712,327
59.4578474,379
59.47097769,361
59.48410797,389
59.49723825,353
59.51036853,407
59.52349882,368
59.5366291,356
59.54975938,394
59.56288966,347
59.57601995,371
59.58915023,371
59.60228051,365
59.6154108,341
59.62854108,374
59.64167136,391
59.65480164,392
59.66793193,377
59.68106221,364
59.69419249,385
59.70732277,396
59.72045306,387
59.73358334,382
59.74671362,397
59.7598439,345
59.77297419,344
59.78610447,377
59.79923475,345
59.81236504,390
59.82549532,388
59.8386256,391
59.85175588,347
59.86488617,365
59.87801645,389
59.89114673,394
59.90427701,393
59.9174073,350
59.93053758,380
59.94366786,375
59.95679814,388
59.96992843,429
59.98305871,431
59.99618899,392
60.00931928,409
60.02244956,398
60.03557984,379
60.04871012,396
60.06184041,376
60.07497069,405
60.08810097,397
60.10123125,351
60.11436154,380
60.12749182,369
60.1406221,395
60.15375239,432
60.16688267,418
60.18001295,373
60.19314323,380
60.20627352,403
60.2194038,416
60.23253408,363
60.24566436,357
60.25879465,347
60.27192493,410
60.28505521,409
60.29818549,392
60.31131578,379
60.32444606,386
60.33757634,390
60.35070663,376
60.36383691,365
60.37696719,333
60.39009747,376
60.40322776,382
60.41635804,412
60.42948832,381
60.4426186,381
60.45574889,375
60.46887917,427
60.48200945,398
60.49513973,387
60.50827002,395
60.5214003,380
60.53453058,383
60.54766087,389
60.56079115,408
60.57392143,387
60.58705171,411
60.600182,417
60.61331228,409
60.62644256,376
60.63957284,372
60.65270313,386
60.66583341,418
60.67896369,348
60.69209397,401
60.70522426,376
60.71835454,366
60.73148482,386
60.74461511,391
60.75774539,396
60.77087567,357
60.78400595,377
60.79713624,373
60.81026652,406
60.8233968,394
60.83652708,378
60.84965737,376
60.86278765,410
60.87591793,358
60.88904822,375
60.9021785,420
60.91530878,387
60.92843906,396
60.94156935,415
60.95469963,391
60.96782991,413
60.98096019,428
60.99409048,357
61.00722076,389
61.02035104,366
61.03348132,393
61.04661161,365
61.05974189,376
61.07287217,403
61.08600246,405
61.09913274,330
61.11226302,402
61.1253933,358
61.13852359,413
61.15165387,388
61.16478415,373
61.17791443,386
61.19104472,399
61.204175,403
61.21730528,375
61.23043556,358
61.24356585,417
61.25669613,361
61.26982641,442
61.2829567,369
61.29608698,414
61.30921726,432
61.32234754,410
61.33547783,398
61.34860811,429
61.36173839,411
61.37486867,424
61.38799896,377
61.40112924,414
61.41425952,393
61.4273898,416
61.44052009,428
61.45365037,390
61.46678065,403
61.47991094,407
61.49304122,400
61.5061715,391
61.51930178,439
61.53243207,413
61.54556235,437
61.55869263,385
61.57182291,411
61.5849532,408
61.59808348,377
61.61121376,395
61.62434404,439
61.63747433,421
61.65060461,416
61.66373489,409
61.67686518,419
61.68999546,422
61.70312574,401
61.71625602,429
61.72938631,430
61.74251659,415
61.75564687,415
61.76877715,403
61.78190744,419
61.79503772,405
61.808168,400
61.82129829,437
61.83442857,447
61.84755885,430
61.86068913,408
61.87381942,428
61.8869497,409
61.90007998,447
61.91321026,456
61.92634055,378
61.93947083,461
61.95260111,426
61.96573139,380
61.97886168,446
61.99199196,450
62.00512224,437
62.01825253,418
62.03138281,393
62.04451309,416
62.05764337,409
62.07077366,451
62.08390394,442
62.09703422,387
62.1101645,397
62.12329479,400
62.13642507,425
62.14955535,423
62.16268563,418
62.17581592,347
62.1889462,406
62.20207648,387
62.21520677,390
62.22833705,370
62.24146733,411
62.25459761,438
62.2677279,411
62.28085818,401
62.29398846,418
62.30711874,429
62.32024903,373
62.33337931,430
62.34650959,378
62.35963987,400
62.37277016,396
62.38590044,395
62.39903072,359
62.41216101,419
62.42529129,435
62.43842157,374
62.45155185,406
62.46468214,420
62.47781242,415
62.4909427,402
62.50407298,394
62.51720327,409
62.53033355,399
62.54346383,374
62.55659412,396
62.5697244,393
62.58285468,390
62.59598496,425
62.60911525,412
62.62224553,371
62.63537581,441
62.64850609,372
62.66163638,366
62.67476666,358
62.68789694,401
62.70102722,458
62.71415751,389
62.72728779,402
62.74041807,374
62.75354836,439
62.76667864,388
62.77980892,402
62.7929392,381
62.80606949,417
62.81919977,388
62.83233005,412
62.84546033,425
62.85859062,443
62.8717209,424
62.88485118,442
62.89798146,433
62.91111175,415
62.92424203,416
62.93737231,425
62.9505026,401
62.96363288,446
62.97676316,421
62.98989344,447
63.00302373,452
63.01615401,439
63.02928429,430
63.04241457,407
63.05554486,404
63.06867514,439
63.08180542,480
63.0949357,470
63.10806599,421
63.12119627,439
63.13432655,460
63.14745684,415
63.16058712,446
63.1737174,462
63.18684768,420
63.19997797,424
63.21310825,450
63.22623853,481
63.23936881,484
63.2524991,454
63.26562938,434
63.27875966,430
63.29188994,426
63.30502023,466
63.31815051,420
63.33128079,431
63.34441108,472
63.35754136,448
63.37067164,453
63.38380192,492
63.39693221,434
63.41006249,476
63.42319277,437
63.43632305,489
63.44945334,470
63.46258362,456
63.4757139,465
63.48884419,481
63.50197447,468
63.51510475,433
63.52823503,485
63.54136532,485
63.5544956,472
63.56762588,467
63.58075616,500
63.59388645,493
63.60701673,468
63.62014701,437
63.63327729,498
63.64640758,458
63.65953786,477
63.67266814,443
63.68579843,480
63.69892871,500
63.71205899,508
63.72518927,478
63.73831956,438
63.75144984,450
63.76458012,479
63.7777104,480
63.79084069,491
63.80397097,470
63.81710125,523
63.83023153,464
63.84336182,456
63.8564921,435
63.86962238,455
63.88275267,488
63.89588295,485
63.90901323,488
63.92214351,514
63.9352738,435
63.94840408,489
63.96153436,468
63.97466464,495
63.98779493,456
64.00092521,479
64.01405549,504
64.02718577,521
64.04031606,584
64.05344634,505
64.06657662,467
64.07970691,539
64.09283719,513
64.10596747,464
64.11909775,520
64.13222804,498
64.14535832,506
64.1584886,491
64.17161888,489
64.18474917,489
64.19787945,475
64.21100973,424
64.22414002,456
64.2372703,532
64.25040058,494
64.26353086,496
64.27666115,424
64.28979143,466
64.30292171,495
64.31605199,446
64.32918228,494
64.34231256,467
64.35544284,460
64.36857312,461
64.38170341,478
64.39483369,471
64.40796397,463
64.42109426,484
64.43422454,504
64.44735482,488
64.4604851,492
64.47361539,456
64.48674567,411
64.49987595,426
64.51300623,446
64.52613652,387
64.5392668,440
64.55239708,444
64.56552736,456
64.57865765,467
64.59178793,430
64.60491821,430
64.6180485,464
64.63117878,435
64.64430906,403
64.65743934,470
64.67056963,461
64.68369991,471
64.69683019,432
64.70996047,444
64.72309076,466
64.73622104,463
64.74935132,478
64.7624816,442
64.77561189,430
64.78874217,475
64.80187245,448
64.81500274,466
64.82813302,410
64.8412633,452
64.85439358,440
64.86752387,423
64.88065415,446
64.89378443,420
64.90691471,428
64.920045,421
64.93317528,437
64.94630556,419
64.95943585,408
64.97256613,447
64.98569641,397
64.99882669,413
65.01195698,414
65.02508726,396
65.03821754,438
65.05134782,430
65.06447811,415
65.07760839,436
65.09073867,383
65.10386895,449
65.11699924,449
65.13012952,397
65.1432598,397
65.15639009,423
65.16952037,400
65.18265065,420
65.19578093,395
65.20891122,402
65.2220415,365
65.23517178,406
65.24830206,405
65.26143235,408
65.27456263,389
65.28769291,420
65.30082319,444
65.31395348,452
65.32708376,390
65.34021404,402
65.35334433,389
65.36647461,388
65.37960489,391
65.39273517,406
65.40586546,393
65.41899574,346
65.43212602,364
65.4452563,394
65.45838659,385
65.47151687,381
65.48464715,356
65.49777743,391
65.51090772,367
65.524038,363
65.53716828,372
65.55029857,423
65.56342885,436
65.57655913,392
65.58968941,421
65.6028197,367
65.61594998,404
65.62908026,365
65.64221054,372
65.65534083,368
65.66847111,356
65.68160139,410
65.69473167,435
65.70786196,369
65.72099224,330
65.73412252,388
65.74725281,395
65.76038309,374
65.77351337,341
65.78664365,361
65.79977394,352
65.81290422,343
65.8260345,360
65.83916478,356
65.85229507,345
65.86542535,319
65.87855563,335
65.89168592,331
65.9048162,375
65.91794648,341
65.93107676,358
65.94420705,341
65.95733733,349
65.97046761,347
65.98359789,316
65.99672818,360
66.00985846,356
66.02298874,357
66.03611902,369
66.04924931,371
66.06237959,331
66.07550987,321
66.08864016,349
66.10177044,360
66.11490072,371
66.128031,343
66.14116129,336
66.15429157,368
66.16742185,323
66.18055213,347
66.19368242,339
66.2068127,319
66.21994298,357
66.23307326,356
66.24620355,328
66.25933383,314
66.27246411,316
66.2855944,348
66.29872468,367
66.31185496,325
66.32498524,312
66.33811553,331
66.35124581,361
66.36437609,317
66.37750637,354
66.39063666,349
66.40376694,307
66.41689722,349
66.4300275,359
66.44315779,333
66.45628807,300
66.46941835,354
66.48254864,332
66.49567892,340
66.5088092,302
66.52193948,325
66.53506977,332
66.54820005,301
66.56133033,346
66.57446061,288
66.5875909,321
66.60072118,331
66.61385146,312
66.62698175,355
66.64011203,347
66.65324231,312
66.66637259,321
66.67950288,329
66.69263316,342
66.70576344,322
66.71889372,304
66.73202401,314
66.74515429,299
66.75828457,328
66.77141485,323
66.78454514,322
66.79767542,309
66.8108057,303
66.82393599,314
66.83706627,339
66.85019655,271
66.86332683,308
66.87645712,316
66.8895874,340
66.90271768,316
66.91584796,286
66.92897825,324
66.94210853,316
66.95523881,289
66.96836909,310
66.98149938,299
66.99462966,310
67.00775994,300
67.02089023,291
67.03402051,312
67.04715079,295
67.06028107,306
67.07341136,316
67.08654164,296
67.09967192,309
67.1128022,325
67.12593249,338
67.13906277,310
67.15219305,309
67.16532333,285
67.17845362,284
67.1915839,302
67.20471418,293
67.21784447,304
67.23097475,296
67.24410503,289
67.25723531,295
67.2703656,316
67.28349588,288
67.29662616,303
67.30975644,302
67.32288673,268
67.33601701,295
67.34914729,310
67.36227757,296
67.37540786,300
67.38853814,294
67.40166842,321
67.41479871,305
67.42792899,302
67.44105927,299
67.45418955,283
67.46731984,352
67.48045012,305
67.4935804,295
67.50671068,301
67.51984097,276
67.53297125,281
67.54610153,312
67.55923182,304
67.5723621,303
67.58549238,318
67.59862266,289
67.61175295,295
67.62488323,299
67.63801351,308
67.65114379,287
67.66427408,281
67.67740436,302
67.69053464,305
67.70366492,307
67.71679521,259
67.72992549,325
67.74305577,274
67.75618606,282
67.76931634,276
67.78244662,262
67.7955769,296
67.80870719,306
67.82183747,325
67.83496775,298
67.84809803,287
67.86122832,284
67.8743586,312
67.88748888,299
67.90061916,306
67.91374945,282
67.92687973,319
67.94001001,320
67.9531403,313
67.96627058,294
67.97940086,303
67.99253114,303
68.00566143,289
68.01879171,300
68.03192199,287
68.04505227,311
68.05818256,298
68.07131284,299
68.08444312,296
68.0975734,304
68.11070369,283
68.12383397,285
68.13696425,280
68.15009454,270
68.16322482,265
68.1763551,288
68.18948538,242
68.20261567,296
68.21574595,300
68.22887623,291
68.24200651,269
68.2551368,308
68.26826708,281
68.28139736,284
68.29452765,282
68.30765793,266
68.32078821,301
68.33391849,272
68.34704878,288
68.36017906,286
68.37330934,302
68.38643962,282
68.39956991,281
68.41270019,303
68.42583047,282
68.43896075,290
68.45209104,280
68.46522132,293
68.4783516,289
68.49148189,267
68.50461217,294
68.51774245,244
68.53087273,273
68.54400302,284
68.5571333,250
68.57026358,235
68.58339386,281
68.59652415,262
68.60965443,272
68.62278471,262
68.63591499,290
68.64904528,265
68.66217556,286
68.67530584,305
68.68843613,293
68.70156641,292
68.71469669,277
68.72782697,246
68.74095726,277
68.75408754,283
68.76721782,282
68.7803481,272
68.79347839,316
68.80660867,292
68.81973895,262
68.83286923,272
68.84599952,306
68.8591298,284
68.87226008,293
68.88539037,281
68.89852065,269
68.91165093,302
68.92478121,301
68.9379115,305
68.95104178,291
68.96417206,312
68.97730234,310
68.99043263,282
69.00356291,316
69.01669319,293
69.02982347,280
69.04295376,271
69.05608404,296
69.06921432,287
69.08234461,282
69.09547489,269
69.10860517,276
69.12173545,301
69.13486574,274
69.14799602,317
69.1611263,286
69.17425658,308
69.18738687,281
69.20051715,261
69.21364743,313
69.22677772,325
69.239908,278
69.25303828,277
69.26616856,286
69.27929885,273
69.29242913,276
69.30555941,289
69.31868969,285
69.33181998,304
69.34495026,280
69.35808054,319
69.37121082,274
69.38434111,258
69.39747139,244
69.41060167,277
69.42373196,291
69.43686224,297
69.44999252,277
69.4631228,285
69.47625309,270
69.48938337,301
69.50251365,281
69.51564393,277
69.52877422,296
69.5419045,267
69.55503478,288
69.56816506,285
69.58129535,272
69.59442563,293
69.60755591,295
69.6206862,304
69.63381648,297
69.64694676,297
69.66007704,269
69.67320733,292
69.68633761,294
69.69946789,296
69.71259817,302
69.72572846,263
69.73885874,261
69.75198902,290
69.7651193,280
69.77824959,302
69.79137987,289
69.80451015,291
69.81764044,293
69.83077072,299
69.843901,274
69.85703128,293
69.87016157,331
69.88329185,281
69.89642213,287
69.90955241,302
69.9226827,302
69.93581298,280
69.94894326,284
69.96207355,286
69.97520383,306
69.98833411,297
70.00146439,290
70.01459468,294
70.02772496,291
70.04085524,261
70.05398552,248
70.06711581,296
70.08024609,287
70.09337637,310
70.10650665,270
70.11963694,301
70.13276722,275
70.1458975,285
70.15902779,260
70.17215807,295
70.18528835,291
70.19841863,289
70.21154892,284
70.2246792,270
70.23780948,261
70.25093976,301
70.26407005,284
70.27720033,250
70.29033061,286
70.30346089,269
70.31659118,283
70.32972146,291
70.34285174,295
70.35598203,281
70.36911231,263
70.38224259,288
70.39537287,312
70.40850316,239
70.42163344,274
70.43476372,300
70.447894,259
70.46102429,270
70.47415457,277
70.48728485,257
70.50041513,293
70.51354542,242
70.5266757,245
70.53980598,278
70.55293627,307
70.56606655,280
70.57919683,268
70.59232711,282
70.6054574,271
70.61858768,294
70.63171796,305
70.64484824,287
70.65797853,302
70.67110881,265
70.68423909,302
70.69736937,273
70.71049966,275
70.72362994,266
70.73676022,312
70.74989051,300
70.76302079,288
70.77615107,303
70.78928135,262
70.80241164,276
70.81554192,286
70.8286722,274
70.84180248,276
70.85493277,274
70.86806305,272
70.88119333,281
70.89432362,290
70.9074539,298
70.92058418,272
70.93371446,282
70.94684475,275
70.95997503,290
70.97310531,269
70.98623559,317
70.99936588,297
71.01249616,275
71.02562644,273
71.03875672,330
71.05188701,310
71.06501729,301
71.07814757,272
71.09127786,288
71.10440814,278
71.11753842,274
71.1306687,295
71.14379899,315
71.15692927,283
71.17005955,318
71.18318983,274
71.19632012,269
71.2094504,308
71.22258068,295
71.23571096,321
71.24884125,299
71.26197153,288
71.27510181,244
71.2882321,321
71.30136238,318
71.31449266,312
71.32762294,300
71.34075323,297
71.35388351,303
71.36701379,277
71.38014407,260
71.39327436,273
71.40640464,310
71.41953492,337
71.4326652,304
71.44579549,294
71.45892577,275
71.47205605,298
71.48518634,240
71.49831662,284
71.5114469,344
71.52457718,311
71.53770747,320
71.55083775,294
71.56396803,282
71.57709831,319
71.5902286,307
71.60335888,338
71.61648916,320
71.62961945,347
71.64274973,293
71.65588001,301
71.66901029,298
71.68214058,342
71.69527086,282
71.70840114,298
71.72153142,292
71.73466171,316
71.74779199,296
71.76092227,324
71.77405255,332
71.78718284,299
71.80031312,334
71.8134434,293
71.82657369,283
71.83970397,307
71.85283425,305
71.86596453,309
71.87909482,324
71.8922251,326
71.90535538,317
71.91848566,330
71.93161595,330
71.94474623,324
71.95787651,306
71.97100679,321
71.98413708,320
71.99726736,350
72.01039764,352
72.02352793,317
72.03665821,290
72.04978849,270
72.06291877,301
72.07604906,330
72.08917934,337
72.10230962,304
72.1154399,319
72.12857019,328
72.14170047,304
72.15483075,320
72.16796103,308
72.18109132,303
72.1942216,311
72.20735188,315
72.22048217,320
72.23361245,330
72.24674273,315
72.25987301,331
72.2730033,333
72.28613358,312
72.29926386,316
72.31239414,301
72.32552443,323
72.33865471,315
72.35178499,286
72.36491527,344
72.37804556,330
72.39117584,310
72.40430612,323
72.41743641,314
72.43056669,301
72.44369697,345
72.45682725,324
72.46995754,331
72.48308782,325
72.4962181,289
72.50934838,346
72.52247867,317
72.53560895,313
72.54873923,350
72.56186952,331
72.5749998,304
72.58813008,308
72.60126036,320
72.61439065,305
72.62752093,316
72.64065121,306
72.65378149,324
72.66691178,305
72.68004206,310
72.69317234,335
72.70630262,278
72.71943291,306
72.73256319,317
72.74569347,311
72.75882376,325
72.77195404,312
72.78508432,324
72.7982146,294
72.81134489,291
72.82447517,295
72.83760545,316
72.85073573,312
72.86386602,306
72.8769963,284
72.89012658,298
72.90325686,308
72.91638715,282
72.92951743,294
72.94264771,316
72.955778,330
72.96890828,364
72.98203856,319
72.99516884,302
73.00829913,327
73.02142941,293
73.03455969,311
73.04768997,316
73.06082026,297
73.07395054,317
73.08708082,319
73.1002111,303
73.11334139,298
73.12647167,292
73.13960195,326
73.15273224,292
73.16586252,296
73.1789928,309
73.19212308,328
73.20525337,303
73.21838365,296
73.23151393,280
73.24464421,301
73.2577745,344
73.27090478,326
73.28403506,329
73.29716535,304
73.31029563,311
73.32342591,257
73.33655619,278
73.34968648,329
73.36281676,305
73.37594704,315
73.38907732,322
73.40220761,315
73.41533789,320
73.42846817,300
73.44159845,270
73.45472874,339
73.46785902,288
73.4809893,317
73.49411959,291
73.50724987,282
73.52038015,324
73.53351043,299
73.54664072,301
73.559771,298
73.57290128,293
73.58603156,298
73.59916185,344
73.61229213,289
73.62542241,305
73.63855269,320
73.65168298,317
73.66481326,297
73.67794354,314
73.69107383,353
73.70420411,346
73.71733439,314
73.73046467,341
73.74359496,340
73.75672524,298
73.76985552,317
73.7829858,334
73.79611609,311
73.80924637,339
73.82237665,355
73.83550693,338
73.84863722,312
73.8617675,332
73.87489778,321
73.88802807,303
73.90115835,319
73.91428863,326
73.92741891,314
73.9405492,343
73.95367948,309
73.96680976,303
73.97994004,316
73.99307033,332
74.00620061,283
74.01933089,320
74.03246118,312
74.04559146,324
74.05872174,342
74.07185202,299
74.08498231,325
74.09811259,316
74.11124287,304
74.12437315,323
74.13750344,366
74.15063372,325
74.163764,291
74.17689428,335
74.19002457,332
74.20315485,347
74.21628513,314
74.22941542,306
74.2425457,316
74.25567598,310
74.26880626,334
74.28193655,321
74.29506683,317
74.30819711,318
74.32132739,322
74.33445768,306
74.34758796,322
74.36071824,316
74.37384852,369
74.38697881,329
74.40010909,341
74.41323937,292
74.42636966,309
74.43949994,335
74.45263022,305
74.4657605,316
74.47889079,338
74.49202107,322
74.50515135,314
74.51828163,338
74.53141192,337
74.5445422,325
74.55767248,318
74.57080276,339
74.58393305,310
74.59706333,318
74.61019361,292
74.6233239,322
74.63645418,328
74.64958446,326
74.66271474,298
74.67584503,324
74.68897531,347
74.70210559,345
74.71523587,307
74.72836616,349
74.74149644,322
74.75462672,321
74.767757,346
74.78088729,337
74.79401757,313
74.80714785,325
74.82027814,344
74.83340842,333
74.8465387,344
74.85966898,342
74.87279927,335
74.88592955,330
74.89905983,321
74.91219011,316
74.9253204,332
74.93845068,341
74.95158096,385
74.96471125,319
74.97784153,342
74.99097181,335
75.00410209,321
75.01723238,363
75.03036266,356
75.04349294,334
75.05662322,316
75.06975351,368
75.08288379,337
75.09601407,350
75.10914435,333
75.12227464,317
75.13540492,349
75.1485352,363
75.16166549,386
75.17479577,332
75.18792605,362
75.20105633,322
75.21418662,351
75.2273169,336
75.24044718,350
75.25357746,347
75.26670775,350
75.27983803,379
75.29296831,384
75.30609859,361
75.31922888,333
75.33235916,393
75.34548944,330
75.35861973,344
75.37175001,346
75.38488029,363
75.39801057,357
75.41114086,357
75.42427114,350
75.43740142,354
75.4505317,352
75.46366199,373
75.47679227,352
75.48992255,318
75.50305283,324
75.51618312,341
75.5293134,384
75.54244368,381
75.55557397,371
75.56870425,377
75.58183453,366
75.59496481,377
75.6080951,352
75.62122538,334
75.63435566,341
75.64748594,315
75.66061623,372
75.67374651,345
75.68687679,358
75.70000708,385
75.71313736,334
75.72626764,330
75.73939792,351
75.75252821,314
75.76565849,349
75.77878877,320
75.79191905,364
75.80504934,350
75.81817962,337
75.8313099,351
75.84444018,377
75.85757047,349
75.87070075,367
75.88383103,346
75.89696132,342
75.9100916,340
75.92322188,348
75.93635216,331
75.94948245,358
75.96261273,343
75.97574301,340
75.98887329,332
76.00200358,333
76.01513386,354
76.02826414,330
76.04139442,364
76.05452471,352
76.06765499,322
76.08078527,368
76.09391556,348
76.10704584,363
76.12017612,338
76.1333064,316
76.14643669,352
76.15956697,309
76.17269725,334
76.18582753,324
76.19895782,301
76.2120881,362
76.22521838,379
76.23834866,343
76.25147895,365
76.26460923,401
76.27773951,333
76.2908698,320
76.30400008,356
76.31713036,385
76.33026064,390
76.34339093,336
76.35652121,311
76.36965149,368
76.38278177,342
76.39591206,352
76.40904234,332
76.42217262,349
76.4353029,348
76.44843319,355
76.46156347,342
76.47469375,371
76.48782404,361
76.50095432,333
76.5140846,355
76.52721488,345
76.54034517,355
76.55347545,391
76.56660573,407
76.57973601,387
76.5928663,327
76.60599658,354
76.61912686,314
76.63225715,347
76.64538743,347
76.65851771,316
76.67164799,325
76.68477828,365
76.69790856,370
76.71103884,374
76.72416912,354
76.73729941,334
76.75042969,375
76.76355997,360
76.77669025,348
76.78982054,383
76.80295082,382
76.8160811,380
76.82921139,339
76.84234167,357
76.85547195,359
76.86860223,353
76.88173252,344
76.8948628,341
76.90799308,342
76.92112336,379
76.93425365,335
76.94738393,368
76.96051421,322
76.97364449,312
76.98677478,376
76.99990506,373
77.01303534,354
77.02616563,341
77.03929591,318
77.05242619,349
77.06555647,371
77.07868676,391
77.09181704,359
77.10494732,387
77.1180776,375
77.13120789,380
77.14433817,387
77.15746845,345
77.17059873,338
77.18372902,363
77.1968593,351
77.20998958,377
77.22311987,359
77.23625015,341
77.24938043,334
77.26251071,325
77.275641,400
77.28877128,372
77.30190156,337
77.31503184,345
77.32816213,367
77.34129241,345
77.35442269,330
77.36755298,290
77.38068326,329
77.39381354,372
77.40694382,312
77.42007411,341
77.43320439,382
77.44633467,362
77.45946495,354
77.47259524,347
77.48572552,319
77.4988558,353
77.51198608,364
77.52511637,309
77.53824665,323
77.55137693,324
77.56450722,329
77.5776375,324
77.59076778,331
77.60389806,327
77.61702835,314
77.63015863,323
77.64328891,343
77.65641919,315
77.66954948,336
77.68267976,337
77.69581004,317
77.70894032,334
77.72207061,365
77.73520089,329
77.74833117,333
77.76146146,299
77.77459174,328
77.78772202,311
77.8008523,306
77.81398259,332
77.82711287,316
77.84024315,368
77.85337343,339
77.86650372,310
77.879634,320
77.89276428,335
77.90589456,358
77.91902485,319
77.93215513,280
77.94528541,310
77.9584157,344
77.97154598,329
77.98467626,303
77.99780654,340
78.01093683,324
78.02406711,298
78.03719739,318
78.05032767,344
78.06345796,342
78.07658824,328
78.08971852,329
78.1028488,279
78.11597909,313
78.12910937,320
78.14223965,296
78.15536994,285
78.16850022,300
78.1816305,312
78.19476078,294
78.20789107,300
78.22102135,300
78.23415163,292
78.24728191,332
78.2604122,310
78.27354248,294
78.28667276,351
78.29980305,299
78.31293333,305
78.32606361,349
78.33919389,310
78.35232418,308
78.36545446,304
78.37858474,292
78.39171502,288
78.40484531,307
78.41797559,289
78.43110587,306
78.44423615,304
78.45736644,327
78.47049672,313
78.483627,279
78.49675729,286
78.50988757,316
78.52301785,316
78.53614813,280
78.54927842,244
78.5624087,298
78.57553898,287
78.58866926,286
78.60179955,302
78.61492983,283
78.62806011,317
78.64119039,276
78.65432068,307
78.66745096,270
78.68058124,289
78.69371153,296
78.70684181,311
78.71997209,282
78.73310237,301
78.74623266,265
78.75936294,244
78.77249322,289
78.7856235,327
78.79875379,292
78.81188407,305
78.82501435,261
78.83814463,284
78.85127492,277
78.8644052,284
78.87753548,284
78.89066577,255
78.90379605,299
78.91692633,249
78.93005661,236
78.9431869,281
78.95631718,300
78.96944746,274
78.98257774,276
78.99570803,286
79.00883831,270
79.02196859,278
79.03509888,286
79.04822916,289
79.06135944,277
79.07448972,248
79.08762001,236
79.10075029,244
79.11388057,303
79.12701085,291
79.14014114,325
79.15327142,242
79.1664017,308
79.17953198,292
79.19266227,296
79.20579255,263
79.21892283,269
79.23205312,285
79.2451834,266
79.25831368,268
79.27144396,247
79.28457425,292
79.29770453,271
79.31083481,262
79.32396509,278
79.33709538,227
79.35022566,232
79.36335594,268
79.37648622,288
79.38961651,282
79.40274679,256
79.41587707,241
79.42900736,283
79.44213764,233
79.45526792,215
79.4683982,257
79.48152849,247
79.49465877,244
79.50778905,274
79.52091933,238
79.53404962,276
79.5471799,229
79.56031018,265
79.57344046,230
79.58657075,280
79.59970103,245
79.61283131,297
79.6259616,242
79.63909188,226
79.65222216,226
79.66535244,255
79.67848273,247
79.69161301,259
79.70474329,261
79.71787357,249
79.73100386,233
79.74413414,270
79.75726442,244
79.7703947,236
79.78352499,233
79.79665527,225
79.80978555,244
79.82291584,248
79.83604612,225
79.8491764,207
79.86230668,256
79.87543697,239
79.88856725,282
79.90169753,272
79.91482781,243
79.9279581,256
79.94108838,212
79.95421866,226
79.96734895,249
79.98047923,256
79.99360951,233
