角度(2θ),强度
5.00656514,3338
5.019695423,3309
5.032825705,3219
5.045955988,3322
5.059086271,3271
5.072216553,3222
5.085346836,3215
5.098477119,3289
5.111607401,3307
5.124737684,3287
5.137867967,3377
5.150998249,3365
5.164128532,3268
5.177258815,3345
5.190389097,3241
5.20351938,3277
5.216649663,3343
5.229779946,3369
5.242910228,3296
5.256040511,3364
5.269170794,3251
5.282301076,3296
5.295431359,3319
5.308561642,3266
5.321691924,3292
5.334822207,3333
5.34795249,3254
5.361082772,3376
5.374213055,3246
5.387343338,3283
5.40047362,3257
5.413603903,3286
5.426734186,3200
5.439864468,3227
5.452994751,3249
5.466125034,3152
5.479255316,3255
5.492385599,3344
5.505515882,3374
5.518646164,3232
5.531776447,3213
5.54490673,3274
5.558037012,3297
5.571167295,3224
5.584297578,3301
5.59742786,3244
5.610558143,3236
5.623688426,3185
5.636818709,3281
5.649948991,3274
5.663079274,3256
5.676209557,3314
5.689339839,3254
5.702470122,3247
5.715600405,3195
5.728730687,3284
5.74186097,3323
5.754991253,3211
5.768121535,3367
5.781251818,3350
5.794382101,3190
5.807512383,3246
5.820642666,3310
5.833772949,3123
5.846903231,3212
5.860033514,3273
5.873163797,3330
5.886294079,3293
5.899424362,3229
5.912554645,3157
5.925684927,3227
5.93881521,3278
5.951945493,3330
5.965075775,3327
5.978206058,3242
5.991336341,3365
6.004466623,3208
6.017596906,3238
6.030727189,3184
6.043857472,3297
6.056987754,3289
6.070118037,3173
6.08324832,3228
6.096378602,3187
6.109508885,3083
6.122639168,3118
6.13576945,3250
6.148899733,3246
6.162030016,3214
6.175160298,3179
6.188290581,3176
6.201420864,3112
6.214551146,3171
6.227681429,3266
6.240811712,3169
6.253941994,3159
6.267072277,3201
6.28020256,3378
6.293332842,3270
6.306463125,3192
6.319593408,3224
6.33272369,3198
6.345853973,3255
6.358984256,3174
6.372114538,3217
6.385244821,3234
6.398375104,3293
6.411505386,3241
6.424635669,3376
6.437765952,3225
6.450896235,3200
6.464026517,3100
6.4771568,3175
6.490287083,3210
6.503417365,3141
6.516547648,3302
6.529677931,3218
6.542808213,3203
6.555938496,3157
6.569068779,3202
6.582199061,3265
6.595329344,3177
6.608459627,3204
6.621589909,3216
6.634720192,3187
6.647850475,3183
6.660980757,3206
6.67411104,3205
6.687241323,3206
6.700371605,3152
6.713501888,3218
6.726632171,3262
6.739762453,3261
6.752892736,3159
6.766023019,3150
6.779153301,3319
6.792283584,3145
6.805413867,3246
6.818544149,3100
6.831674432,3231
6.844804715,3208
6.857934997,3150
6.87106528,3251
6.884195563,3217
6.897325846,3217
6.910456128,3164
6.923586411,3268
6.936716694,3169
6.949846976,3121
6.962977259,3145
6.976107542,3204
6.989237824,3267
7.002368107,3271
7.01549839,3265
7.028628672,3254
7.041758955,3161
7.054889238,3253
7.06801952,3278
7.081149803,3155
7.094280086,3171
7.107410368,3186
7.120540651,3244
7.133670934,3214
7.146801216,3252
7.159931499,3111
7.173061782,3250
7.186192064,3042
7.199322347,3167
7.21245263,3201
7.225582912,3217
7.238713195,3153
7.251843478,3248
7.26497376,3228
7.278104043,3135
7.291234326,3177
7.304364609,3257
7.317494891,3137
7.330625174,3165
7.343755457,3084
7.356885739,3223
7.370016022,3169
7.383146305,3189
7.396276587,3227
7.40940687,3030
7.422537153,3133
7.435667435,3125
7.448797718,3185
7.461928001,3216
7.475058283,3075
7.488188566,3166
7.501318849,3178
7.514449131,3071
7.527579414,3129
7.540709697,3234
7.553839979,3266
7.566970262,3069
7.580100545,3250
7.593230827,3129
7.60636111,3122
7.619491393,3166
7.632621675,3216
7.645751958,3038
7.658882241,3085
7.672012523,3151
7.685142806,3304
7.698273089,3176
7.711403372,3168
7.724533654,3244
7.737663937,3126
7.75079422,3138
7.763924502,3043
7.777054785,3080
7.790185068,3141
7.80331535,3165
7.816445633,3109
7.829575916,3041
7.842706198,3060
7.855836481,3091
7.868966764,3090
7.882097046,3207
7.895227329,3018
7.908357612,3133
7.921487894,3142
7.934618177,3089
7.94774846,3077
7.960878742,3069
7.974009025,3172
7.987139308,3066
8.00026959,3002
8.013399873,3099
8.026530156,3127
8.039660438,3058
8.052790721,3025
8.065921004,3027
8.079051286,3054
8.092181569,3105
8.105311852,3024
8.118442135,3188
8.131572417,3068
8.1447027,3148
8.157832983,3111
8.170963265,3055
8.184093548,3107
8.197223831,3087
8.210354113,3042
8.223484396,3017
8.236614679,3095
8.249744961,3023
8.262875244,3065
8.276005527,3028
8.289135809,3037
8.302266092,3094
8.315396375,3006
8.328526657,3001
8.34165694,2977
8.354787223,3009
8.367917505,2945
8.381047788,3072
8.394178071,3052
8.407308353,2962
8.420438636,3002
8.433568919,3118
8.446699201,3087
8.459829484,3048
8.472959767,2997
8.486090049,3039
8.499220332,3062
8.512350615,2988
8.525480898,2974
8.53861118,2972
8.551741463,2993
8.564871746,3026
8.578002028,2938
8.591132311,2990
8.604262594,3019
8.617392876,2939
8.630523159,3093
8.643653442,3058
8.656783724,2969
8.669914007,2947
8.68304429,2987
8.696174572,2968
8.709304855,2937
8.722435138,2872
8.73556542,3018
8.748695703,2942
8.761825986,2911
8.774956268,2968
8.788086551,3002
8.801216834,2903
8.814347116,2959
8.827477399,2954
8.840607682,3008
8.853737964,2910
8.866868247,2865
8.87999853,2972
8.893128812,2872
8.906259095,2929
8.919389378,2857
8.932519661,2960
8.945649943,2909
8.958780226,2915
8.971910509,2869
8.985040791,2856
8.998171074,2953
9.011301357,2925
9.024431639,2859
9.037561922,2844
9.050692205,2882
9.063822487,2851
9.07695277,2930
9.090083053,2920
9.103213335,2893
9.116343618,2923
9.129473901,2899
9.142604183,2927
9.155734466,2855
9.168864749,2867
9.181995031,2875
9.195125314,2908
9.208255597,2748
9.221385879,2818
9.234516162,2782
9.247646445,2835
9.260776727,2848
9.27390701,2833
9.287037293,2834
9.300167575,2879
9.313297858,2845
9.326428141,2859
9.339558424,2853
9.352688706,2820
9.365818989,2815
9.378949272,2828
9.392079554,2803
9.405209837,2793
9.41834012,2731
9.431470402,2899
9.444600685,2858
9.457730968,2769
9.47086125,2749
9.483991533,2859
9.497121816,2832
9.510252098,2908
9.523382381,2828
9.536512664,2779
9.549642946,2756
9.562773229,2740
9.575903512,2791
9.589033794,2651
9.602164077,2931
9.61529436,2775
9.628424642,2775
9.641554925,2737
9.654685208,2776
9.66781549,2845
9.680945773,2685
9.694076056,2778
9.707206338,2808
9.720336621,2779
9.733466904,2754
9.746597187,2700
9.759727469,2752
9.772857752,2744
9.785988035,2705
9.799118317,2756
9.8122486,2790
9.825378883,2674
9.838509165,2717
9.851639448,2722
9.864769731,2840
9.877900013,2738
9.891030296,2670
9.904160579,2819
9.917290861,2710
9.930421144,2704
9.943551427,2707
9.956681709,2716
9.969811992,2747
9.982942275,2794
9.996072557,2740
10.00920284,2615
10.02233312,2564
10.03546341,2758
10.04859369,2767
10.06172397,2665
10.07485425,2683
10.08798454,2639
10.10111482,2574
10.1142451,2766
10.12737538,2690
10.14050567,2656
10.15363595,2636
10.16676623,2717
10.17989652,2691
10.1930268,2654
10.20615708,2649
10.21928736,2614
10.23241765,2670
10.24554793,2719
10.25867821,2569
10.27180849,2726
10.28493878,2744
10.29806906,2733
10.31119934,2717
10.32432962,2606
10.33745991,2625
10.35059019,2671
10.36372047,2682
10.37685076,2671
10.38998104,2608
10.40311132,2633
10.4162416,2671
10.42937189,2695
10.44250217,2562
10.45563245,2506
10.46876273,2696
10.48189302,2691
10.4950233,2649
10.50815358,2601
10.52128386,2566
10.53441415,2723
10.54754443,2789
10.56067471,2695
10.573805,2620
10.58693528,2672
10.60006556,2599
10.61319584,2624
10.62632613,2584
10.63945641,2604
10.65258669,2688
10.66571697,2611
10.67884726,2484
10.69197754,2594
10.70510782,2584
10.71823811,2587
10.73136839,2563
10.74449867,2596
10.75762895,2554
10.77075924,2585
10.78388952,2657
10.7970198,2600
10.81015008,2530
10.82328037,2621
10.83641065,2605
10.84954093,2619
10.86267121,2612
10.8758015,2521
10.88893178,2517
10.90206206,2509
10.91519235,2480
10.92832263,2499
10.94145291,2561
10.95458319,2578
10.96771348,2544
10.98084376,2478
10.99397404,2468
11.00710432,2499
11.02023461,2501
11.03336489,2583
11.04649517,2540
11.05962545,2569
11.07275574,2440
11.08588602,2490
11.0990163,2542
11.11214659,2544
11.12527687,2590
11.13840715,2496
11.15153743,2399
11.16466772,2446
11.177798,2388
11.19092828,2499
11.20405856,2439
11.21718885,2414
11.23031913,2431
11.24344941,2432
11.25657969,2429
11.26970998,2449
11.28284026,2484
11.29597054,2398
11.30910083,2394
11.32223111,2374
11.33536139,2467
11.34849167,2513
11.36162196,2434
11.37475224,2466
11.38788252,2464
11.4010128,2491
11.41414309,2466
11.42727337,2396
11.44040365,2401
11.45353394,2440
11.46666422,2456
11.4797945,2359
11.49292478,2463
11.50605507,2447
11.51918535,2397
11.53231563,2530
11.54544591,2345
11.5585762,2404
11.57170648,2342
11.58483676,2373
11.59796704,2385
11.61109733,2375
11.62422761,2354
11.63735789,2358
11.65048818,2423
11.66361846,2331
11.67674874,2392
11.68987902,2286
11.70300931,2361
11.71613959,2326
11.72926987,2409
11.74240015,2339
11.75553044,2299
11.76866072,2362
11.781791,2307
11.79492128,2333
11.80805157,2282
11.82118185,2338
11.83431213,2288
11.84744242,2234
11.8605727,2343
11.87370298,2343
11.88683326,2312
11.89996355,2257
11.91309383,2335
11.92622411,2300
11.93935439,2307
11.95248468,2289
11.96561496,2293
11.97874524,2349
11.99187552,2242
12.00500581,2289
12.01813609,2414
12.03126637,2297
12.04439666,2295
12.05752694,2324
12.07065722,2343
12.0837875,2263
12.09691779,2334
12.11004807,2180
12.12317835,2292
12.13630863,2310
12.14943892,2289
12.1625692,2256
12.17569948,2285
12.18882976,2317
12.20196005,2222
12.21509033,2305
12.22822061,2316
12.2413509,2325
12.25448118,2354
12.26761146,2267
12.28074174,2321
12.29387203,2239
12.30700231,2305
12.32013259,2193
12.33326287,2279
12.34639316,2279
12.35952344,2253
12.37265372,2312
12.38578401,2329
12.39891429,2255
12.41204457,2224
12.42517485,2238
12.43830514,2321
12.45143542,2225
12.4645657,2227
12.47769598,2238
12.49082627,2262
12.50395655,2207
12.51708683,2210
12.53021711,2156
12.5433474,2178
12.55647768,2293
12.56960796,2344
12.58273825,2215
12.59586853,2262
12.60899881,2237
12.62212909,2278
12.63525938,2226
12.64838966,2243
12.66151994,2296
12.67465022,2135
12.68778051,2283
12.70091079,2305
12.71404107,2187
12.72717135,2226
12.74030164,2095
12.75343192,2238
12.7665622,2227
12.77969249,2257
12.79282277,2232
12.80595305,2234
12.81908333,2172
12.83221362,2183
12.8453439,2195
12.85847418,2300
12.87160446,2186
12.88473475,2173
12.89786503,2305
12.91099531,2186
12.92412559,2213
12.93725588,2117
12.95038616,2240
12.96351644,2242
12.97664673,2236
12.98977701,2090
13.00290729,2213
13.01603757,2171
13.02916786,2136
13.04229814,2144
13.05542842,2199
13.0685587,2203
13.08168899,2162
13.09481927,2224
13.10794955,2176
13.12107984,2141
13.13421012,2072
13.1473404,2120
13.16047068,2105
13.17360097,2192
13.18673125,2163
13.19986153,2124
13.21299181,2166
13.2261221,2195
13.23925238,2055
13.25238266,2219
13.26551294,2149
13.27864323,2054
13.29177351,2093
13.30490379,2223
13.31803408,2189
13.33116436,2103
13.34429464,2129
13.35742492,2060
13.37055521,2094
13.38368549,2096
13.39681577,2099
13.40994605,2115
13.42307634,2155
13.43620662,2089
13.4493369,2175
13.46246718,2128
13.47559747,2133
13.48872775,2162
13.50185803,2223
13.51498832,2136
13.5281186,2131
13.54124888,2103
13.55437916,2081
13.56750945,2212
13.58063973,2118
13.59377001,2152
13.60690029,2073
13.62003058,2152
13.63316086,2124
13.64629114,2033
13.65942142,2089
13.67255171,2130
13.68568199,2231
13.69881227,2220
13.71194256,2109
13.72507284,2118
13.73820312,2102
13.7513334,2049
13.76446369,2125
13.77759397,2074
13.79072425,2160
13.80385453,2020
13.81698482,2051
13.8301151,2021
13.84324538,2098
13.85637566,2070
13.86950595,2074
13.88263623,2047
13.89576651,2048
13.9088968,1985
13.92202708,2060
13.93515736,2108
13.94828764,2087
13.96141793,2175
13.97454821,2142
13.98767849,2084
14.00080877,2047
14.01393906,1977
14.02706934,2058
14.04019962,2042
14.05332991,2054
14.06646019,1971
14.07959047,2065
14.09272075,2088
14.10585104,2083
14.11898132,2114
14.1321116,2134
14.14524188,2082
14.15837217,2089
14.17150245,2106
14.18463273,2032
14.19776301,2034
14.2108933,2065
14.22402358,2017
14.23715386,2088
14.25028415,2029
14.26341443,2032
14.27654471,2042
14.28967499,2076
14.30280528,1981
14.31593556,2121
14.32906584,2027
14.34219612,2020
14.35532641,2010
14.36845669,2130
14.38158697,1980
14.39471725,2002
14.40784754,2054
14.42097782,2104
14.4341081,2004
14.44723839,1963
14.46036867,2006
14.47349895,2025
14.48662923,2062
14.49975952,2016
14.5128898,1990
14.52602008,1998
14.53915036,2013
14.55228065,1983
14.56541093,1971
14.57854121,1923
14.59167149,2007
14.60480178,1952
14.61793206,2004
14.63106234,1878
14.64419263,2098
14.65732291,2036
14.67045319,2095
14.68358347,2023
14.69671376,2075
14.70984404,2051
14.72297432,2032
14.7361046,1963
14.74923489,2035
14.76236517,1979
14.77549545,1989
14.78862574,1994
14.80175602,2100
14.8148863,2096
14.82801658,2080
14.84114687,1961
14.85427715,1996
14.86740743,2070
14.88053771,1979
14.893668,1963
14.90679828,1956
14.91992856,1893
14.93305884,1976
14.94618913,1971
14.95931941,1980
14.97244969,1947
14.98557998,1872
14.99871026,1952
15.01184054,1937
15.02497082,1986
15.03810111,2007
15.05123139,1993
15.06436167,1936
15.07749195,1997
15.09062224,1922
15.10375252,1944
15.1168828,1980
15.13001308,1908
15.14314337,1968
15.15627365,1976
15.16940393,1996
15.18253422,2031
15.1956645,1968
15.20879478,2008
15.22192506,2011
15.23505535,1986
15.24818563,1962
15.26131591,1961
15.27444619,2011
15.28757648,1935
15.30070676,1936
15.31383704,1966
15.32696732,1907
15.34009761,1909
15.35322789,1965
15.36635817,1966
15.37948846,1965
15.39261874,1957
15.40574902,1960
15.4188793,1925
15.43200959,1958
15.44513987,1952
15.45827015,2004
15.47140043,1963
15.48453072,2000
15.497661,1891
15.51079128,1966
15.52392157,2012
15.53705185,1861
15.55018213,2029
15.56331241,1955
15.5764427,1935
15.58957298,1821
15.60270326,1909
15.61583354,1923
15.62896383,1885
15.64209411,1919
15.65522439,1880
15.66835467,1958
15.68148496,1932
15.69461524,1933
15.70774552,1875
15.72087581,1909
15.73400609,1995
15.74713637,1918
15.76026665,1907
15.77339694,1864
15.78652722,1868
15.7996575,1906
15.81278778,1891
15.82591807,1884
15.83904835,1829
15.85217863,1908
15.86530891,1921
15.8784392,1901
15.89156948,1851
15.90469976,1915
15.91783005,1954
15.93096033,1942
15.94409061,1973
15.95722089,1924
15.97035118,1930
15.98348146,1843
15.99661174,1799
16.00974202,1931
16.02287231,1958
16.03600259,1952
16.04913287,1892
16.06226315,1951
16.07539344,1896
16.08852372,1940
16.101654,1870
16.11478429,1877
16.12791457,1905
16.14104485,1813
16.15417513,1948
16.16730542,1865
16.1804357,1888
16.19356598,1866
16.20669626,1857
16.21982655,1940
16.23295683,1879
16.24608711,1890
16.25921739,1915
16.27234768,1863
16.28547796,1897
16.29860824,1985
16.31173853,1903
16.32486881,1916
16.33799909,1924
16.35112937,1920
16.36425966,1889
16.37738994,1827
16.39052022,1919
16.4036505,1793
16.41678079,1967
16.42991107,1924
16.44304135,1912
16.45617164,1973
16.46930192,1899
16.4824322,1863
16.49556248,1904
16.50869277,1974
16.52182305,1876
16.53495333,1883
16.54808361,1865
16.5612139,1844
16.57434418,1848
16.58747446,1802
16.60060474,1869
16.61373503,1857
16.62686531,1895
16.63999559,1871
16.65312588,1872
16.66625616,1757
16.67938644,1912
16.69251672,1881
16.70564701,1880
16.71877729,1867
16.73190757,1882
16.74503785,1813
16.75816814,1813
16.77129842,1792
16.7844287,1880
16.79755898,1811
16.81068927,1963
16.82381955,1820
16.83694983,1824
16.85008012,1869
16.8632104,1866
16.87634068,1864
16.88947096,1804
16.90260125,1871
16.91573153,1804
16.92886181,1816
16.94199209,1876
16.95512238,1815
16.96825266,1846
16.98138294,1771
16.99451322,1785
17.00764351,1850
17.02077379,1834
17.03390407,1800
17.04703436,1810
17.06016464,1817
17.07329492,1799
17.0864252,1783
17.09955549,1788
17.11268577,1831
17.12581605,1826
17.13894633,1921
17.15207662,1817
17.1652069,1844
17.17833718,1873
17.19146747,1868
17.20459775,1887
17.21772803,1732
17.23085831,1737
17.2439886,1770
17.25711888,1813
17.27024916,1793
17.28337944,1811
17.29650973,1809
17.30964001,1788
17.32277029,1733
17.33590057,1702
17.34903086,1754
17.36216114,1796
17.37529142,1819
17.38842171,1857
17.40155199,1796
17.41468227,1787
17.42781255,1801
17.44094284,1813
17.45407312,1847
17.4672034,1842
17.48033368,1783
17.49346397,1741
17.50659425,1762
17.51972453,1795
17.53285481,1717
17.5459851,1765
17.55911538,1817
17.57224566,1763
17.58537595,1728
17.59850623,1833
17.61163651,1721
17.62476679,1784
17.63789708,1789
17.65102736,1727
17.66415764,1795
17.67728792,1739
17.69041821,1732
17.70354849,1794
17.71667877,1836
17.72980905,1741
17.74293934,1740
17.75606962,1793
17.7691999,1796
17.78233019,1757
17.79546047,1783
17.80859075,1779
17.82172103,1760
17.83485132,1712
17.8479816,1783
17.86111188,1731
17.87424216,1828
17.88737245,1728
17.90050273,1760
17.91363301,1667
17.92676329,1799
17.93989358,1775
17.95302386,1736
17.96615414,1713
17.97928443,1674
17.99241471,1751
18.00554499,1819
18.01867527,1820
18.03180556,1760
18.04493584,1798
18.05806612,1717
18.0711964,1667
18.08432669,1704
18.09745697,1776
18.11058725,1802
18.12371754,1752
18.13684782,1748
18.1499781,1751
18.16310838,1759
18.17623867,1706
18.18936895,1742
18.20249923,1694
18.21562951,1704
18.2287598,1834
18.24189008,1699
18.25502036,1740
18.26815064,1784
18.28128093,1821
18.29441121,1682
18.30754149,1693
18.32067178,1662
18.33380206,1694
18.34693234,1833
18.36006262,1745
18.37319291,1761
18.38632319,1733
18.39945347,1722
18.41258375,1715
18.42571404,1769
18.43884432,1746
18.4519746,1708
18.46510488,1721
18.47823517,1774
18.49136545,1658
18.50449573,1691
18.51762602,1727
18.5307563,1689
18.54388658,1666
18.55701686,1732
18.57014715,1821
18.58327743,1787
18.59640771,1686
18.60953799,1708
18.62266828,1748
18.63579856,1773
18.64892884,1707
18.66205912,1767
18.67518941,1684
18.68831969,1721
18.70144997,1680
18.71458026,1737
18.72771054,1789
18.74084082,1686
18.7539711,1725
18.76710139,1701
18.78023167,1747
18.79336195,1765
18.80649223,1754
18.81962252,1748
18.8327528,1632
18.84588308,1763
18.85901337,1605
18.87214365,1670
18.88527393,1692
18.89840421,1730
18.9115345,1721
18.92466478,1714
18.93779506,1725
18.95092534,1745
18.96405563,1701
18.97718591,1681
18.99031619,1656
19.00344647,1626
19.01657676,1647
19.02970704,1707
19.04283732,1700
19.05596761,1677
19.06909789,1717
19.08222817,1686
19.09535845,1646
19.10848874,1645
19.12161902,1784
19.1347493,1681
19.14787958,1738
19.16100987,1686
19.17414015,1585
19.18727043,1632
19.20040071,1665
19.213531,1719
19.22666128,1737
19.23979156,1633
19.25292185,1750
19.26605213,1638
19.27918241,1650
19.29231269,1672
19.30544298,1674
19.31857326,1715
19.33170354,1594
19.34483382,1622
19.35796411,1579
19.37109439,1657
19.38422467,1707
19.39735495,1669
19.41048524,1679
19.42361552,1612
19.4367458,1650
19.44987609,1655
19.46300637,1661
19.47613665,1734
19.48926693,1750
19.50239722,1749
19.5155275,1624
19.52865778,1663
19.54178806,1573
19.55491835,1681
19.56804863,1631
19.58117891,1644
19.59430919,1554
19.60743948,1563
19.62056976,1591
19.63370004,1579
19.64683033,1668
19.65996061,1643
19.67309089,1560
19.68622117,1650
19.69935146,1649
19.71248174,1637
19.72561202,1670
19.7387423,1650
19.75187259,1599
19.76500287,1605
19.77813315,1696
19.79126344,1645
19.80439372,1584
19.817524,1613
19.83065428,1605
19.84378457,1592
19.85691485,1616
19.87004513,1644
19.88317541,1662
19.8963057,1647
19.90943598,1546
19.92256626,1580
19.93569654,1676
19.94882683,1615
19.96195711,1615
19.97508739,1582
19.98821768,1615
20.00134796,1649
20.01447824,1585
20.02760852,1626
20.04073881,1663
20.05386909,1678
20.06699937,1649
20.08012965,1632
20.09325994,1617
20.10639022,1708
20.1195205,1646
20.13265078,1660
20.14578107,1637
20.15891135,1607
20.17204163,1601
20.18517192,1593
20.1983022,1552
20.21143248,1678
20.22456276,1629
20.23769305,1646
20.25082333,1515
20.26395361,1588
20.27708389,1532
20.29021418,1555
20.30334446,1679
20.31647474,1592
20.32960502,1532
20.34273531,1586
20.35586559,1568
20.36899587,1630
20.38212616,1538
20.39525644,1662
20.40838672,1640
20.421517,1605
20.43464729,1562
20.44777757,1594
20.46090785,1661
20.47403813,1556
20.48716842,1524
20.5002987,1551
20.51342898,1631
20.52655927,1579
20.53968955,1613
20.55281983,1560
20.56595011,1572
20.5790804,1523
20.59221068,1596
20.60534096,1553
20.61847124,1587
20.63160153,1530
20.64473181,1601
20.65786209,1642
20.67099237,1549
20.68412266,1571
20.69725294,1603
20.71038322,1511
20.72351351,1605
20.73664379,1581
20.74977407,1556
20.76290435,1577
20.77603464,1629
20.78916492,1632
20.8022952,1579
20.81542548,1580
20.82855577,1568
20.84168605,1506
20.85481633,1496
20.86794661,1517
20.8810769,1495
20.89420718,1588
20.90733746,1576
20.92046775,1500
20.93359803,1536
20.94672831,1573
20.95985859,1513
20.97298888,1615
20.98611916,1564
20.99924944,1511
21.01237972,1498
21.02551001,1488
21.03864029,1509
21.05177057,1520
21.06490085,1522
21.07803114,1528
21.09116142,1607
21.1042917,1574
21.11742199,1542
21.13055227,1572
21.14368255,1480
21.15681283,1551
21.16994312,1514
21.1830734,1516
21.19620368,1507
21.20933396,1539
21.22246425,1594
21.23559453,1474
21.24872481,1507
21.26185509,1551
21.27498538,1607
21.28811566,1518
21.30124594,1555
21.31437623,1490
21.32750651,1539
21.34063679,1607
21.35376707,1541
21.36689736,1601
21.38002764,1517
21.39315792,1506
21.4062882,1551
21.41941849,1562
21.43254877,1531
21.44567905,1544
21.45880934,1496
21.47193962,1495
21.4850699,1514
21.49820018,1540
21.51133047,1587
21.52446075,1598
21.53759103,1532
21.55072131,1580
21.5638516,1555
21.57698188,1592
21.59011216,1512
21.60324244,1526
21.61637273,1511
21.62950301,1554
21.64263329,1528
21.65576358,1549
21.66889386,1610
21.68202414,1568
21.69515442,1572
21.70828471,1523
21.72141499,1594
21.73454527,1563
21.74767555,1440
21.76080584,1575
21.77393612,1498
21.7870664,1523
21.80019668,1509
21.81332697,1516
21.82645725,1578
21.83958753,1553
21.85271782,1580
21.8658481,1579
21.87897838,1544
21.89210866,1540
21.90523895,1494
21.91836923,1493
21.93149951,1582
21.94462979,1489
21.95776008,1499
21.97089036,1491
21.98402064,1545
21.99715092,1504
22.01028121,1569
22.02341149,1521
22.03654177,1594
22.04967206,1540
22.06280234,1528
22.07593262,1527
22.0890629,1554
22.10219319,1508
22.11532347,1484
22.12845375,1429
22.14158403,1503
22.15471432,1524
22.1678446,1542
22.18097488,1552
22.19410517,1524
22.20723545,1430
22.22036573,1536
22.23349601,1488
22.2466263,1436
22.25975658,1524
22.27288686,1549
22.28601714,1505
22.29914743,1540
22.31227771,1507
22.32540799,1555
22.33853827,1501
22.35166856,1482
22.36479884,1507
22.37792912,1475
22.39105941,1565
22.40418969,1541
22.41731997,1495
22.43045025,1511
22.44358054,1532
22.45671082,1505
22.4698411,1502
22.48297138,1525
22.49610167,1493
22.50923195,1571
22.52236223,1467
22.53549251,1519
22.5486228,1494
22.56175308,1510
22.57488336,1472
22.58801365,1469
22.60114393,1536
22.61427421,1548
22.62740449,1500
22.64053478,1532
22.65366506,1489
22.66679534,1571
22.67992562,1439
22.69305591,1437
22.70618619,1505
22.71931647,1551
22.73244675,1609
22.74557704,1571
22.75870732,1585
22.7718376,1518
22.78496789,1577
22.79809817,1549
22.81122845,1420
22.82435873,1526
22.83748902,1476
22.8506193,1437
22.86374958,1429
22.87687986,1475
22.89001015,1518
22.90314043,1442
22.91627071,1560
22.929401,1552
22.94253128,1531
22.95566156,1533
22.96879184,1493
22.98192213,1506
22.99505241,1503
23.00818269,1470
23.02131297,1453
23.03444326,1474
23.04757354,1550
23.06070382,1488
23.0738341,1474
23.08696439,1458
23.10009467,1501
23.11322495,1525
23.12635524,1412
23.13948552,1385
23.1526158,1499
23.16574608,1489
23.17887637,1434
23.19200665,1408
23.20513693,1462
23.21826721,1570
23.2313975,1444
23.24452778,1375
23.25765806,1448
23.27078834,1461
23.28391863,1482
23.29704891,1478
23.31017919,1382
23.32330948,1441
23.33643976,1441
23.34957004,1423
23.36270032,1429
23.37583061,1469
23.38896089,1441
23.40209117,1448
23.41522145,1477
23.42835174,1438
23.44148202,1433
23.4546123,1439
23.46774258,1443
23.48087287,1480
23.49400315,1448
23.50713343,1377
23.52026372,1306
23.533394,1437
23.54652428,1418
23.55965456,1423
23.57278485,1444
23.58591513,1429
23.59904541,1481
23.61217569,1452
23.62530598,1458
23.63843626,1377
23.65156654,1437
23.66469682,1448
23.67782711,1415
23.69095739,1445
23.70408767,1357
23.71721796,1356
23.73034824,1481
23.74347852,1467
23.7566088,1477
23.76973909,1387
23.78286937,1455
23.79599965,1451
23.80912993,1400
23.82226022,1417
23.8353905,1428
23.84852078,1497
23.86165107,1384
23.87478135,1361
23.88791163,1400
23.90104191,1403
23.9141722,1484
23.92730248,1313
23.94043276,1354
23.95356304,1422
23.96669333,1397
23.97982361,1416
23.99295389,1404
24.00608417,1367
24.01921446,1402
24.03234474,1389
24.04547502,1352
24.05860531,1343
24.07173559,1336
24.08486587,1362
24.09799615,1424
24.11112644,1382
24.12425672,1416
24.137387,1360
24.15051728,1367
24.16364757,1310
24.17677785,1432
24.18990813,1407
24.20303841,1344
24.2161687,1351
24.22929898,1453
24.24242926,1401
24.25555955,1427
24.26868983,1344
24.28182011,1349
24.29495039,1388
24.30808068,1351
24.32121096,1370
24.33434124,1357
24.34747152,1325
24.36060181,1366
24.37373209,1427
24.38686237,1336
24.39999265,1293
24.41312294,1341
24.42625322,1310
24.4393835,1344
24.45251379,1365
24.46564407,1303
24.47877435,1363
24.49190463,1353
24.50503492,1354
24.5181652,1397
24.53129548,1345
24.54442576,1363
24.55755605,1372
24.57068633,1357
24.58381661,1329
24.5969469,1366
24.61007718,1389
24.62320746,1362
24.63633774,1344
24.64946803,1314
24.66259831,1368
24.67572859,1324
24.68885887,1346
24.70198916,1289
24.71511944,1394
24.72824972,1316
24.74138,1318
24.75451029,1413
24.76764057,1357
24.78077085,1435
24.79390114,1409
24.80703142,1291
24.8201617,1420
24.83329198,1379
24.84642227,1284
24.85955255,1369
24.87268283,1286
24.88581311,1302
24.8989434,1376
24.91207368,1373
24.92520396,1391
24.93833424,1302
24.95146453,1316
24.96459481,1319
24.97772509,1327
24.99085538,1350
25.00398566,1353
25.01711594,1387
25.03024622,1311
25.04337651,1349
25.05650679,1381
25.06963707,1292
25.08276735,1353
25.09589764,1353
25.10902792,1297
25.1221582,1293
25.13528848,1398
25.14841877,1378
25.16154905,1331
25.17467933,1337
25.18780962,1360
25.2009399,1397
25.21407018,1389
25.22720046,1322
25.24033075,1292
25.25346103,1350
25.26659131,1344
25.27972159,1301
25.29285188,1429
25.30598216,1460
25.31911244,1375
25.33224272,1432
25.34537301,1404
25.35850329,1403
25.37163357,1358
25.38476386,1415
25.39789414,1419
25.41102442,1426
25.4241547,1429
25.43728499,1501
25.45041527,1505
25.46354555,1436
25.47667583,1463
25.48980612,1490
25.5029364,1457
25.51606668,1472
25.52919697,1463
25.54232725,1561
25.55545753,1514
25.56858781,1548
25.5817181,1612
25.59484838,1575
25.60797866,1639
25.62110894,1625
25.63423923,1569
25.64736951,1625
25.66049979,1575
25.67363007,1608
25.68676036,1762
25.69989064,1722
25.71302092,1779
25.72615121,1757
25.73928149,1840
25.75241177,1817
25.76554205,1820
25.77867234,1852
25.79180262,1840
25.8049329,1857
25.81806318,1846
25.83119347,1840
25.84432375,1839
25.85745403,1858
25.87058431,1871
25.8837146,1967
25.89684488,1919
25.90997516,1900
25.92310545,1900
25.93623573,1764
25.94936601,1828
25.96249629,1782
25.97562658,1769
25.98875686,1740
26.00188714,1758
26.01501742,1707
26.02814771,1654
26.04127799,1710
26.05440827,1636
26.06753855,1611
26.08066884,1625
26.09379912,1592
26.1069294,1526
26.12005969,1453
26.13318997,1594
26.14632025,1548
26.15945053,1484
26.17258082,1441
26.1857111,1428
26.19884138,1513
26.21197166,1477
26.22510195,1478
26.23823223,1440
26.25136251,1400
26.2644928,1379
26.27762308,1379
26.29075336,1434
26.30388364,1497
26.31701393,1406
26.33014421,1433
26.34327449,1358
26.35640477,1338
26.36953506,1349
26.38266534,1363
26.39579562,1345
26.4089259,1312
26.42205619,1400
26.43518647,1362
26.44831675,1249
26.46144704,1329
26.47457732,1288
26.4877076,1313
26.50083788,1401
26.51396817,1324
26.52709845,1346
26.54022873,1261
26.55335901,1371
26.5664893,1404
26.57961958,1264
26.59274986,1295
26.60588014,1283
26.61901043,1330
26.63214071,1303
26.64527099,1247
26.65840128,1293
26.67153156,1251
26.68466184,1253
26.69779212,1281
26.71092241,1369
26.72405269,1368
26.73718297,1268
26.75031325,1298
26.76344354,1254
26.77657382,1344
26.7897041,1240
26.80283438,1327
26.81596467,1268
26.82909495,1291
26.84222523,1276
26.85535552,1191
26.8684858,1235
26.88161608,1263
26.89474636,1218
26.90787665,1238
26.92100693,1244
26.93413721,1316
26.94726749,1234
26.96039778,1247
26.97352806,1134
26.98665834,1313
26.99978862,1194
27.01291891,1283
27.02604919,1221
27.03917947,1247
27.05230976,1256
27.06544004,1268
27.07857032,1277
27.0917006,1308
27.10483089,1277
27.11796117,1256
27.13109145,1270
27.14422173,1265
27.15735202,1269
27.1704823,1227
27.18361258,1215
27.19674287,1291
27.20987315,1228
27.22300343,1307
27.23613371,1252
27.249264,1170
27.26239428,1148
27.27552456,1210
27.28865484,1214
27.30178513,1164
27.31491541,1301
27.32804569,1152
27.34117597,1188
27.35430626,1250
27.36743654,1256
27.38056682,1281
27.39369711,1230
27.40682739,1174
27.41995767,1191
27.43308795,1176
27.44621824,1229
27.45934852,1248
27.4724788,1262
27.48560908,1247
27.49873937,1189
27.51186965,1245
27.52499993,1239
27.53813021,1232
27.5512605,1214
27.56439078,1212
27.57752106,1244
27.59065135,1271
27.60378163,1292
27.61691191,1125
27.63004219,1206
27.64317248,1199
27.65630276,1265
27.66943304,1289
27.68256332,1232
27.69569361,1235
27.70882389,1270
27.72195417,1241
27.73508445,1207
27.74821474,1242
27.76134502,1236
27.7744753,1301
27.78760559,1214
27.80073587,1211
27.81386615,1288
27.82699643,1211
27.84012672,1312
27.853257,1312
27.86638728,1295
27.87951756,1259
27.89264785,1247
27.90577813,1242
27.91890841,1239
27.9320387,1213
27.94516898,1269
27.95829926,1306
27.97142954,1283
27.98455983,1290
27.99769011,1261
28.01082039,1296
28.02395067,1395
28.03708096,1328
28.05021124,1339
28.06334152,1297
28.0764718,1342
28.08960209,1376
28.10273237,1346
28.11586265,1348
28.12899294,1275
28.14212322,1350
28.1552535,1322
28.16838378,1303
28.18151407,1336
28.19464435,1348
28.20777463,1326
28.22090491,1231
28.2340352,1342
28.24716548,1311
28.26029576,1324
28.27342604,1298
28.28655633,1327
28.29968661,1256
28.31281689,1361
28.32594718,1312
28.33907746,1287
28.35220774,1321
28.36533802,1298
28.37846831,1229
28.39159859,1292
28.40472887,1389
28.41785915,1333
28.43098944,1312
28.44411972,1243
28.45725,1275
28.47038028,1263
28.48351057,1296
28.49664085,1319
28.50977113,1287
28.52290142,1327
28.5360317,1351
28.54916198,1336
28.56229226,1275
28.57542255,1291
28.58855283,1260
28.60168311,1327
28.61481339,1367
28.62794368,1299
28.64107396,1366
28.65420424,1358
28.66733452,1334
28.68046481,1289
28.69359509,1310
28.70672537,1343
28.71985566,1348
28.73298594,1330
28.74611622,1402
28.7592465,1323
28.77237679,1352
28.78550707,1371
28.79863735,1327
28.81176763,1346
28.82489792,1340
28.8380282,1300
28.85115848,1428
28.86428877,1364
28.87741905,1377
28.89054933,1403
28.90367961,1338
28.9168099,1378
28.92994018,1357
28.94307046,1365
28.95620074,1361
28.96933103,1357
28.98246131,1345
28.99559159,1404
29.00872187,1370
29.02185216,1391
29.03498244,1332
29.04811272,1378
29.06124301,1277
29.07437329,1347
29.08750357,1342
29.10063385,1351
29.11376414,1345
29.12689442,1337
29.1400247,1336
29.15315498,1326
29.16628527,1340
29.17941555,1286
29.19254583,1313
29.20567611,1361
29.2188064,1361
29.23193668,1337
29.24506696,1345
29.25819725,1353
29.27132753,1289
29.28445781,1262
29.29758809,1343
29.31071838,1315
29.32384866,1279
29.33697894,1225
29.35010922,1318
29.36323951,1248
29.37636979,1329
29.38950007,1266
29.40263035,1278
29.41576064,1294
29.42889092,1365
29.4420212,1283
29.45515149,1252
29.46828177,1332
29.48141205,1290
29.49454233,1282
29.50767262,1265
29.5208029,1307
29.53393318,1340
29.54706346,1269
29.56019375,1222
29.57332403,1266
29.58645431,1270
29.5995846,1230
29.61271488,1236
29.62584516,1339
29.63897544,1229
29.65210573,1227
29.66523601,1184
29.67836629,1291
29.69149657,1255
29.70462686,1190
29.71775714,1235
29.73088742,1205
29.7440177,1255
29.75714799,1247
29.77027827,1289
29.78340855,1319
29.79653884,1299
29.80966912,1262
29.8227994,1308
29.83592968,1237
29.84905997,1205
29.86219025,1221
29.87532053,1297
29.88845081,1212
29.9015811,1243
29.91471138,1276
29.92784166,1236
29.94097194,1252
29.95410223,1289
29.96723251,1299
29.98036279,1278
29.99349308,1236
30.00662336,1238
30.01975364,1232
30.03288392,1220
30.04601421,1272
30.05914449,1245
30.07227477,1219
30.08540505,1233
30.09853534,1190
30.11166562,1250
30.1247959,1261
30.13792618,1276
30.15105647,1259
30.16418675,1218
30.17731703,1308
30.19044732,1293
30.2035776,1280
30.21670788,1325
30.22983816,1310
30.24296845,1270
30.25609873,1260
30.26922901,1251
30.28235929,1276
30.29548958,1234
30.30861986,1261
30.32175014,1236
30.33488042,1298
30.34801071,1283
30.36114099,1246
30.37427127,1289
30.38740156,1360
30.40053184,1353
30.41366212,1299
30.4267924,1307
30.43992269,1373
30.45305297,1295
30.46618325,1264
30.47931353,1394
30.49244382,1342
30.5055741,1473
30.51870438,1347
30.53183467,1304
30.54496495,1356
30.55809523,1360
30.57122551,1337
30.5843558,1409
30.59748608,1360
30.61061636,1404
30.62374664,1380
30.63687693,1435
30.65000721,1339
30.66313749,1401
30.67626777,1393
30.68939806,1431
30.70252834,1472
30.71565862,1398
30.72878891,1446
30.74191919,1494
30.75504947,1524
30.76817975,1516
30.78131004,1415
30.79444032,1405
30.8075706,1478
30.82070088,1414
30.83383117,1520
30.84696145,1457
30.86009173,1442
30.87322201,1492
30.8863523,1591
30.89948258,1513
30.91261286,1548
30.92574315,1529
30.93887343,1503
30.95200371,1521
30.96513399,1628
30.97826428,1577
30.99139456,1581
31.00452484,1594
31.01765512,1632
31.03078541,1686
31.04391569,1636
31.05704597,1691
31.07017625,1657
31.08330654,1640
31.09643682,1697
31.1095671,1695
31.12269739,1799
31.13582767,1752
31.14895795,1703
31.16208823,1748
31.17521852,1760
31.1883488,1735
31.20147908,1817
31.21460936,1891
31.22773965,1845
31.24086993,1829
31.25400021,1786
31.2671305,1827
31.28026078,1961
31.29339106,1920
31.30652134,1828
31.31965163,1958
31.33278191,1967
31.34591219,1934
31.35904247,2006
31.37217276,2049
31.38530304,1978
31.39843332,2038
31.4115636,1940
31.42469389,2108
31.43782417,2133
31.45095445,2098
31.46408474,2145
31.47721502,2069
31.4903453,2140
31.50347558,2182
31.51660587,2176
31.52973615,2217
31.54286643,2249
31.55599671,2230
31.569127,2230
31.58225728,2346
31.59538756,2429
31.60851784,2346
31.62164813,2469
31.63477841,2403
31.64790869,2574
31.66103898,2502
31.67416926,2509
31.68729954,2584
31.70042982,2473
31.71356011,2678
31.72669039,2500
31.73982067,2528
31.75295095,2599
31.76608124,2625
31.77921152,2633
31.7923418,2691
31.80547208,2741
31.81860237,2747
31.83173265,2643
31.84486293,2635
31.85799322,2695
31.8711235,2724
31.88425378,2725
31.89738406,2773
31.91051435,2747
31.92364463,2680
31.93677491,2827
31.94990519,2765
31.96303548,2840
31.97616576,2816
31.98929604,2770
32.00242633,2826
32.01555661,2833
32.02868689,2770
32.04181717,2763
32.05494746,2815
32.06807774,2748
32.08120802,2752
32.0943383,2816
32.10746859,2709
32.12059887,2716
32.13372915,2771
32.14685943,2793
32.15998972,2751
32.17312,2849
32.18625028,2722
32.19938057,2771
32.21251085,2767
32.22564113,2711
32.23877141,2797
32.2519017,2575
32.26503198,2697
32.27816226,2602
32.29129254,2566
32.30442283,2674
32.31755311,2524
32.33068339,2539
32.34381367,2539
32.35694396,2488
32.37007424,2490
32.38320452,2468
32.39633481,2389
32.40946509,2413
32.42259537,2376
32.43572565,2384
32.44885594,2418
32.46198622,2425
32.4751165,2381
32.48824678,2332
32.50137707,2361
32.51450735,2375
32.52763763,2267
32.54076791,2255
32.5538982,2229
32.56702848,2237
32.58015876,2180
32.59328905,2318
32.60641933,2230
32.61954961,2165
32.63267989,2177
32.64581018,2222
32.65894046,2155
32.67207074,2186
32.68520102,2163
32.69833131,2112
32.71146159,2098
32.72459187,2131
32.73772215,1994
32.75085244,2121
32.76398272,2107
32.777113,2135
32.79024329,2132
32.80337357,2041
32.81650385,2025
32.82963413,2077
32.84276442,2087
32.8558947,1958
32.86902498,1984
32.88215526,2021
32.89528555,1999
32.90841583,2058
32.92154611,1982
32.9346764,1970
32.94780668,1926
32.96093696,1899
32.97406724,1936
32.98719753,1865
33.00032781,1930
33.01345809,1850
33.02658837,1964
33.03971866,1820
33.05284894,1850
33.06597922,1888
33.0791095,1870
33.09223979,1843
33.10537007,1785
33.11850035,1756
33.13163064,1794
33.14476092,1789
33.1578912,1776
33.17102148,1804
33.18415177,1813
33.19728205,1712
33.21041233,1778
33.22354261,1752
33.2366729,1745
33.24980318,1646
33.26293346,1714
33.27606374,1732
33.28919403,1728
33.30232431,1741
33.31545459,1697
33.32858488,1625
33.34171516,1684
33.35484544,1648
33.36797572,1611
33.38110601,1629
33.39423629,1568
33.40736657,1534
33.42049685,1650
33.43362714,1552
33.44675742,1565
33.4598877,1556
33.47301798,1509
33.48614827,1582
33.49927855,1564
33.51240883,1501
33.52553912,1519
33.5386694,1573
33.55179968,1587
33.56492996,1558
33.57806025,1512
33.59119053,1482
33.60432081,1558
33.61745109,1535
33.63058138,1524
33.64371166,1503
33.65684194,1443
33.66997223,1512
33.68310251,1431
33.69623279,1566
33.70936307,1489
33.72249336,1402
33.73562364,1400
33.74875392,1428
33.7618842,1454
33.77501449,1413
33.78814477,1480
33.80127505,1439
33.81440533,1378
33.82753562,1485
33.8406659,1362
33.85379618,1400
33.86692647,1496
33.88005675,1429
33.89318703,1441
33.90631731,1477
33.9194476,1396
33.93257788,1477
33.94570816,1363
33.95883844,1366
33.97196873,1329
33.98509901,1418
33.99822929,1317
34.01135957,1353
34.02448986,1357
34.03762014,1398
34.05075042,1337
34.06388071,1312
34.07701099,1333
34.09014127,1377
34.10327155,1397
34.11640184,1267
34.12953212,1336
34.1426624,1336
34.15579268,1333
34.16892297,1311
34.18205325,1340
34.19518353,1331
34.20831381,1269
34.2214441,1308
34.23457438,1253
34.24770466,1197
34.26083495,1263
34.27396523,1289
34.28709551,1243
34.30022579,1251
34.31335608,1228
34.32648636,1300
34.33961664,1275
34.35274692,1164
34.36587721,1201
34.37900749,1219
34.39213777,1162
34.40526805,1184
34.41839834,1217
34.43152862,1138
34.4446589,1190
34.45778919,1191
34.47091947,1204
34.48404975,1173
34.49718003,1160
34.51031032,1098
34.5234406,1117
34.53657088,1079
34.54970116,1129
34.56283145,1157
34.57596173,1091
34.58909201,1147
34.6022223,1119
34.61535258,1136
34.62848286,1070
34.64161314,1073
34.65474343,1047
34.66787371,1088
34.68100399,1085
34.69413427,1128
34.70726456,1075
34.72039484,1081
34.73352512,1096
34.7466554,1030
34.75978569,1039
34.77291597,1027
34.78604625,1059
34.79917654,1011
34.81230682,1038
34.8254371,1003
34.83856738,1020
34.85169767,1073
34.86482795,1018
34.87795823,1013
34.89108851,981
34.9042188,1024
34.91734908,974
34.93047936,1045
34.94360964,1049
34.95673993,1028
34.96987021,989
34.98300049,1008
34.99613078,962
35.00926106,1035
35.02239134,1021
35.03552162,1018
35.04865191,980
35.06178219,971
35.07491247,1102
35.08804275,997
35.10117304,1000
35.11430332,982
35.1274336,980
35.14056388,976
35.15369417,883
35.16682445,994
35.17995473,994
35.19308502,970
35.2062153,977
35.21934558,980
35.23247586,994
35.24560615,980
35.25873643,998
35.27186671,926
35.28499699,1012
35.29812728,1009
35.31125756,933
35.32438784,917
35.33751813,957
35.35064841,994
35.36377869,934
35.37690897,975
35.39003926,988
35.40316954,999
35.41629982,902
35.4294301,1025
35.44256039,1003
35.45569067,926
35.46882095,928
35.48195123,919
35.49508152,954
35.5082118,989
35.52134208,982
35.53447237,975
35.54760265,966
35.56073293,934
35.57386321,907
35.5869935,959
35.60012378,972
35.61325406,925
35.62638434,987
35.63951463,967
35.65264491,964
35.66577519,960
35.67890547,894
35.69203576,900
35.70516604,963
35.71829632,896
35.73142661,937
35.74455689,900
35.75768717,939
35.77081745,923
35.78394774,920
35.79707802,907
35.8102083,919
35.82333858,999
35.83646887,973
35.84959915,899
35.86272943,917
35.87585971,883
35.88899,827
35.90212028,892
35.91525056,930
35.92838085,893
35.94151113,963
35.95464141,866
35.96777169,921
35.98090198,936
35.99403226,900
36.00716254,860
36.02029282,903
36.03342311,951
36.04655339,905
36.05968367,894
36.07281395,945
36.08594424,909
36.09907452,882
36.1122048,836
36.12533509,849
36.13846537,933
36.15159565,817
36.16472593,843
36.17785622,817
36.1909865,877
36.20411678,913
36.21724706,901
36.23037735,865
36.24350763,864
36.25663791,851
36.2697682,883
36.28289848,840
36.29602876,873
36.30915904,832
36.32228933,808
36.33541961,875
36.34854989,822
36.36168017,885
36.37481046,866
36.38794074,838
36.40107102,805
36.4142013,803
36.42733159,913
36.44046187,895
36.45359215,922
36.46672244,900
36.47985272,868
36.492983,869
36.50611328,795
36.51924357,851
36.53237385,842
36.54550413,836
36.55863441,833
36.5717647,838
36.58489498,825
36.59802526,903
36.61115554,840
36.62428583,858
36.63741611,821
36.65054639,797
36.66367668,899
36.67680696,895
36.68993724,822
36.70306752,892
36.71619781,872
36.72932809,830
36.74245837,843
36.75558865,831
36.76871894,798
36.78184922,801
36.7949795,850
36.80810978,847
36.82124007,824
36.83437035,814
36.84750063,801
36.86063092,844
36.8737612,825
36.88689148,881
36.90002176,848
36.91315205,859
36.92628233,828
36.93941261,831
36.95254289,804
36.96567318,822
36.97880346,816
36.99193374,823
37.00506403,800
37.01819431,842
37.03132459,816
37.04445487,769
37.05758516,825
37.07071544,792
37.08384572,822
37.096976,836
37.11010629,864
37.12323657,798
37.13636685,865
37.14949713,884
37.16262742,815
37.1757577,821
37.18888798,799
37.20201827,785
37.21514855,846
37.22827883,810
37.24140911,723
37.2545394,793
37.26766968,808
37.28079996,810
37.29393024,809
37.30706053,855
37.32019081,820
37.33332109,864
37.34645137,829
37.35958166,801
37.37271194,818
37.38584222,791
37.39897251,817
37.41210279,872
37.42523307,789
37.43836335,839
37.45149364,831
37.46462392,785
37.4777542,806
37.49088448,853
37.50401477,806
37.51714505,791
37.53027533,834
37.54340561,866
37.5565359,815
37.56966618,862
37.58279646,819
37.59592675,837
37.60905703,801
37.62218731,845
37.63531759,821
37.64844788,855
37.66157816,845
37.67470844,825
37.68783872,819
37.70096901,785
37.71409929,837
37.72722957,813
37.74035985,793
37.75349014,799
37.76662042,785
37.7797507,804
37.79288099,739
37.80601127,800
37.81914155,782
37.83227183,825
37.84540212,814
37.8585324,866
37.87166268,824
37.88479296,775
37.89792325,845
37.91105353,843
37.92418381,804
37.9373141,761
37.95044438,764
37.96357466,796
37.97670494,746
37.98983523,819
38.00296551,832
38.01609579,809
38.02922607,865
38.04235636,814
38.05548664,803
38.06861692,826
38.0817472,809
38.09487749,796
38.10800777,820
38.12113805,829
38.13426834,814
38.14739862,837
38.1605289,815
38.17365918,874
38.18678947,769
38.19991975,839
38.21305003,801
38.22618031,848
38.2393106,853
38.25244088,909
38.26557116,838
38.27870144,812
38.29183173,817
38.30496201,775
38.31809229,824
38.33122258,806
38.34435286,889
38.35748314,836
38.37061342,789
38.38374371,812
38.39687399,828
38.41000427,865
38.42313455,876
38.43626484,849
38.44939512,834
38.4625254,829
38.47565568,851
38.48878597,828
38.50191625,842
38.51504653,769
38.52817682,881
38.5413071,817
38.55443738,826
38.56756766,870
38.58069795,842
38.59382823,830
38.60695851,905
38.62008879,859
38.63321908,841
38.64634936,856
38.65947964,878
38.67260993,813
38.68574021,907
38.69887049,875
38.71200077,915
38.72513106,897
38.73826134,919
38.75139162,837
38.7645219,912
38.77765219,877
38.79078247,952
38.80391275,855
38.81704303,877
38.83017332,867
38.8433036,916
38.85643388,935
38.86956417,883
38.88269445,871
38.89582473,914
38.90895501,862
38.9220853,923
38.93521558,903
38.94834586,881
38.96147614,869
38.97460643,889
38.98773671,974
39.00086699,874
39.01399727,935
39.02712756,950
39.04025784,931
39.05338812,928
39.06651841,968
39.07964869,945
39.09277897,899
39.10590925,936
39.11903954,906
39.13216982,901
39.1453001,939
39.15843038,957
39.17156067,1067
39.18469095,1004
39.19782123,950
39.21095151,987
39.2240818,976
39.23721208,911
39.25034236,952
39.26347265,967
39.27660293,1030
39.28973321,964
39.30286349,967
39.31599378,1011
39.32912406,971
39.34225434,987
39.35538462,1023
39.36851491,972
39.38164519,943
39.39477547,929
39.40790575,982
39.42103604,956
39.43416632,960
39.4472966,1022
39.46042689,1001
39.47355717,1003
39.48668745,1024
39.49981773,1031
39.51294802,925
39.5260783,990
39.53920858,1026
39.55233886,1054
39.56546915,1018
39.57859943,987
39.59172971,1016
39.60486,1004
39.61799028,1049
39.63112056,1006
39.64425084,969
39.65738113,989
39.67051141,958
39.68364169,998
39.69677197,1037
39.70990226,1008
39.72303254,1093
39.73616282,1056
39.7492931,1008
39.76242339,1088
39.77555367,1030
39.78868395,1029
39.80181424,1050
39.81494452,1079
39.8280748,1057
39.84120508,1013
39.85433537,922
39.86746565,1052
39.88059593,1043
39.89372621,975
39.9068565,1002
39.91998678,1023
39.93311706,985
39.94624734,1022
39.95937763,977
39.97250791,1013
39.98563819,1009
39.99876848,960
40.01189876,1013
40.02502904,1009
40.03815932,964
40.05128961,1004
40.06441989,1036
40.07755017,950
40.09068045,975
40.10381074,1004
40.11694102,967
40.1300713,1000
40.14320158,979
40.15633187,950
40.16946215,981
40.18259243,937
40.19572272,980
40.208853,974
40.22198328,972
40.23511356,946
40.24824385,949
40.26137413,963
40.27450441,941
40.28763469,932
40.30076498,892
40.31389526,966
40.32702554,904
40.34015583,888
40.35328611,849
40.36641639,859
40.37954667,906
40.39267696,876
40.40580724,854
40.41893752,903
40.4320678,891
40.44519809,920
40.45832837,878
40.47145865,871
40.48458893,893
40.49771922,932
40.5108495,864
40.52397978,853
40.53711007,854
40.55024035,811
40.56337063,917
40.57650091,826
40.5896312,932
40.60276148,891
40.61589176,868
40.62902204,798
40.64215233,867
40.65528261,861
40.66841289,865
40.68154317,856
40.69467346,907
40.70780374,821
40.72093402,775
40.73406431,818
40.74719459,803
40.76032487,789
40.77345515,863
40.78658544,877
40.79971572,836
40.812846,865
40.82597628,836
40.83910657,840
40.85223685,837
40.86536713,869
40.87849741,797
40.8916277,820
40.90475798,795
40.91788826,820
40.93101855,871
40.94414883,761
40.95727911,790
40.97040939,765
40.98353968,833
40.99666996,769
41.00980024,789
41.02293052,741
41.03606081,762
41.04919109,815
41.06232137,817
41.07545166,744
41.08858194,797
41.10171222,791
41.1148425,796
41.12797279,802
41.14110307,818
41.15423335,804
41.16736363,761
41.18049392,737
41.1936242,773
41.20675448,794
41.21988476,777
41.23301505,769
41.24614533,771
41.25927561,762
41.2724059,818
41.28553618,757
41.29866646,728
41.31179674,733
41.32492703,788
41.33805731,807
41.35118759,776
41.36431787,796
41.37744816,751
41.39057844,791
41.40370872,805
41.416839,738
41.42996929,797
41.44309957,766
41.45622985,798
41.46936014,776
41.48249042,775
41.4956207,821
41.50875098,780
41.52188127,789
41.53501155,782
41.54814183,797
41.56127211,754
41.5744024,797
41.58753268,757
41.60066296,793
41.61379324,789
41.62692353,755
41.64005381,813
41.65318409,804
41.66631438,775
41.67944466,760
41.69257494,761
41.70570522,756
41.71883551,789
41.73196579,712
41.74509607,752
41.75822635,672
41.77135664,784
41.78448692,716
41.7976172,773
41.81074748,763
41.82387777,744
41.83700805,772
41.85013833,746
41.86326862,797
41.8763989,759
41.88952918,829
41.90265946,821
41.91578975,802
41.92892003,773
41.94205031,756
41.95518059,744
41.96831088,752
41.98144116,717
41.99457144,779
42.00770173,775
42.02083201,756
42.03396229,761
42.04709257,774
42.06022286,788
42.07335314,772
42.08648342,774
42.0996137,754
42.11274399,732
42.12587427,770
42.13900455,733
42.15213483,720
42.16526512,728
42.1783954,821
42.19152568,763
42.20465597,686
42.21778625,812
42.23091653,767
42.24404681,801
42.2571771,719
42.27030738,761
42.28343766,782
42.29656794,737
42.30969823,724
42.32282851,728
42.33595879,697
42.34908907,760
42.36221936,766
42.37534964,738
42.38847992,757
42.40161021,762
42.41474049,759
42.42787077,715
42.44100105,724
42.45413134,778
42.46726162,714
42.4803919,744
42.49352218,774
42.50665247,818
42.51978275,741
42.53291303,686
42.54604331,742
42.5591736,722
42.57230388,682
42.58543416,739
42.59856445,697
42.61169473,751
42.62482501,780
42.63795529,801
42.65108558,688
42.66421586,781
42.67734614,726
42.69047642,748
42.70360671,739
42.71673699,745
42.72986727,725
42.74299756,673
42.75612784,719
42.76925812,721
42.7823884,696
42.79551869,704
42.80864897,723
42.82177925,726
42.83490953,677
42.84803982,671
42.8611701,693
42.87430038,746
42.88743066,776
42.90056095,739
42.91369123,669
42.92682151,759
42.9399518,742
42.95308208,681
42.96621236,718
42.97934264,723
42.99247293,745
43.00560321,747
43.01873349,755
43.03186377,732
43.04499406,720
43.05812434,736
43.07125462,689
43.0843849,721
43.09751519,693
43.11064547,734
43.12377575,686
43.13690604,763
43.15003632,756
43.1631666,693
43.17629688,691
43.18942717,766
43.20255745,707
43.21568773,745
43.22881801,680
43.2419483,733
43.25507858,747
43.26820886,715
43.28133914,718
43.29446943,750
43.30759971,714
43.32072999,693
43.33386028,740
43.34699056,696
43.36012084,690
43.37325112,693
43.38638141,719
43.39951169,772
43.41264197,705
43.42577225,712
43.43890254,735
43.45203282,694
43.4651631,714
43.47829338,727
43.49142367,684
43.50455395,752
43.51768423,729
43.53081452,740
43.5439448,705
43.55707508,762
43.57020536,773
43.58333565,764
43.59646593,724
43.60959621,747
43.62272649,768
43.63585678,751
43.64898706,722
43.66211734,780
43.67524763,774
43.68837791,770
43.70150819,737
43.71463847,778
43.72776876,729
43.74089904,731
43.75402932,700
43.7671596,777
43.78028989,789
43.79342017,775
43.80655045,757
43.81968073,694
43.83281102,751
43.8459413,760
43.85907158,736
43.87220187,767
43.88533215,753
43.89846243,683
43.91159271,734
43.924723,758
43.93785328,747
43.95098356,741
43.96411384,713
43.97724413,720
43.99037441,771
44.00350469,728
44.01663497,725
44.02976526,757
44.04289554,764
44.05602582,758
44.06915611,741
44.08228639,717
44.09541667,757
44.10854695,720
44.12167724,736
44.13480752,796
44.1479378,734
44.16106808,756
44.17419837,750
44.18732865,702
44.20045893,718
44.21358921,707
44.2267195,712
44.23984978,714
44.25298006,722
44.26611035,689
44.27924063,703
44.29237091,729
44.30550119,685
44.31863148,719
44.33176176,697
44.34489204,737
44.35802232,700
44.37115261,697
44.38428289,742
44.39741317,695
44.41054346,734
44.42367374,726
44.43680402,723
44.4499343,773
44.46306459,662
44.47619487,687
44.48932515,709
44.50245543,701
44.51558572,759
44.528716,701
44.54184628,720
44.55497656,683
44.56810685,643
44.58123713,664
44.59436741,699
44.6074977,698
44.62062798,729
44.63375826,736
44.64688854,687
44.66001883,735
44.67314911,705
44.68627939,722
44.69940967,728
44.71253996,688
44.72567024,674
44.73880052,709
44.7519308,706
44.76506109,694
44.77819137,733
44.79132165,733
44.80445194,670
44.81758222,698
44.8307125,720
44.84384278,718
44.85697307,696
44.87010335,734
44.88323363,717
44.89636391,752
44.9094942,762
44.92262448,695
44.93575476,718
44.94888504,750
44.96201533,654
44.97514561,745
44.98827589,707
45.00140618,654
45.01453646,708
45.02766674,692
45.04079702,695
45.05392731,737
45.06705759,683
45.08018787,721
45.09331815,698
45.10644844,736
45.11957872,769
45.132709,743
45.14583928,700
45.15896957,750
45.17209985,734
45.18523013,765
45.19836042,719
45.2114907,745
45.22462098,701
45.23775126,720
45.25088155,745
45.26401183,688
45.27714211,738
45.29027239,718
45.30340268,715
45.31653296,771
45.32966324,735
45.34279353,717
45.35592381,691
45.36905409,722
45.38218437,733
45.39531466,749
45.40844494,750
45.42157522,793
45.4347055,755
45.44783579,716
45.46096607,741
45.47409635,783
45.48722663,730
45.50035692,765
45.5134872,753
45.52661748,728
45.53974777,771
45.55287805,769
45.56600833,755
45.57913861,763
45.5922689,788
45.60539918,805
45.61852946,723
45.63165974,737
45.64479003,752
45.65792031,720
45.67105059,749
45.68418087,754
45.69731116,715
45.71044144,743
45.72357172,750
45.73670201,719
45.74983229,753
45.76296257,709
45.77609285,750
45.78922314,779
45.80235342,770
45.8154837,782
45.82861398,756
45.84174427,719
45.85487455,761
45.86800483,791
45.88113511,754
45.8942654,732
45.90739568,750
45.92052596,761
45.93365625,778
45.94678653,766
45.95991681,789
45.97304709,792
45.98617738,805
45.99930766,785
46.01243794,804
46.02556822,765
46.03869851,780
46.05182879,784
46.06495907,806
46.07808936,789
46.09121964,778
46.10434992,772
46.1174802,821
46.13061049,811
46.14374077,861
46.15687105,826
46.17000133,806
46.18313162,831
46.1962619,848
46.20939218,837
46.22252246,869
46.23565275,838
46.24878303,871
46.26191331,820
46.2750436,875
46.28817388,811
46.30130416,832
46.31443444,814
46.32756473,868
46.34069501,830
46.35382529,844
46.36695557,837
46.38008586,861
46.39321614,857
46.40634642,892
46.4194767,888
46.43260699,933
46.44573727,863
46.45886755,931
46.47199784,887
46.48512812,895
46.4982584,914
46.51138868,930
46.52451897,951
46.53764925,948
46.55077953,948
46.56390981,902
46.5770401,926
46.59017038,941
46.60330066,915
46.61643094,989
46.62956123,999
46.64269151,913
46.65582179,956
46.66895208,947
46.68208236,926
46.69521264,1023
46.70834292,972
46.72147321,981
46.73460349,979
46.74773377,936
46.76086405,1012
46.77399434,922
46.78712462,1013
46.8002549,970
46.81338518,961
46.82651547,960
46.83964575,927
46.85277603,960
46.86590632,964
46.8790366,983
46.89216688,939
46.90529716,931
46.91842745,969
46.93155773,947
46.94468801,913
46.95781829,924
46.97094858,922
46.98407886,988
46.99720914,871
47.01033943,932
47.02346971,916
47.03659999,850
47.04973027,906
47.06286056,951
47.07599084,917
47.08912112,945
47.1022514,920
47.11538169,910
47.12851197,878
47.14164225,860
47.15477253,927
47.16790282,906
47.1810331,858
47.19416338,830
47.20729367,832
47.22042395,881
47.23355423,876
47.24668451,881
47.2598148,918
47.27294508,844
47.28607536,825
47.29920564,866
47.31233593,836
47.32546621,835
47.33859649,879
47.35172677,828
47.36485706,828
47.37798734,881
47.39111762,815
47.40424791,816
47.41737819,838
47.43050847,844
47.44363875,848
47.45676904,915
47.46989932,843
47.4830296,856
47.49615988,869
47.50929017,823
47.52242045,803
47.53555073,821
47.54868101,845
47.5618113,878
47.57494158,777
47.58807186,826
47.60120215,825
47.61433243,866
47.62746271,861
47.64059299,884
47.65372328,875
47.66685356,813
47.67998384,862
47.69311412,832
47.70624441,846
47.71937469,865
47.73250497,846
47.74563526,856
47.75876554,880
47.77189582,855
47.7850261,840
47.79815639,816
47.81128667,929
47.82441695,874
47.83754723,876
47.85067752,877
47.8638078,864
47.87693808,861
47.89006836,844
47.90319865,846
47.91632893,892
47.92945921,854
47.9425895,886
47.95571978,889
47.96885006,797
47.98198034,872
47.99511063,847
48.00824091,872
48.02137119,904
48.03450147,908
48.04763176,846
48.06076204,911
48.07389232,920
48.0870226,890
48.10015289,854
48.11328317,854
48.12641345,871
48.13954374,846
48.15267402,858
48.1658043,889
48.17893458,831
48.19206487,873
48.20519515,820
48.21832543,852
48.23145571,847
48.244586,819
48.25771628,821
48.27084656,834
48.28397684,823
48.29710713,858
48.31023741,810
48.32336769,827
48.33649798,827
48.34962826,844
48.36275854,908
48.37588882,854
48.38901911,818
48.40214939,886
48.41527967,884
48.42840995,851
48.44154024,813
48.45467052,844
48.4678008,855
48.48093109,882
48.49406137,868
48.50719165,768
48.52032193,854
48.53345222,796
48.5465825,816
48.55971278,823
48.57284306,847
48.58597335,819
48.59910363,782
48.61223391,772
48.62536419,819
48.63849448,841
48.65162476,816
48.66475504,757
48.67788533,819
48.69101561,806
48.70414589,809
48.71727617,828
48.73040646,794
48.74353674,831
48.75666702,821
48.7697973,786
48.78292759,854
48.79605787,832
48.80918815,807
48.82231843,815
48.83544872,832
48.848579,869
48.86170928,863
48.87483957,824
48.88796985,881
48.90110013,886
48.91423041,887
48.9273607,825
48.94049098,912
48.95362126,844
48.96675154,859
48.97988183,850
48.99301211,925
49.00614239,860
49.01927267,887
49.03240296,925
49.04553324,877
49.05866352,873
49.07179381,889
49.08492409,900
49.09805437,887
49.11118465,964
49.12431494,914
49.13744522,934
49.1505755,935
49.16370578,887
49.17683607,912
49.18996635,890
49.20309663,949
49.21622691,950
49.2293572,938
49.24248748,948
49.25561776,920
49.26874805,939
49.28187833,983
49.29500861,939
49.30813889,958
49.32126918,986
49.33439946,944
49.34752974,995
49.36066002,1037
49.37379031,923
49.38692059,991
49.40005087,992
49.41318116,983
49.42631144,1036
49.43944172,1056
49.452572,918
49.46570229,912
49.47883257,952
49.49196285,1035
49.50509313,1037
49.51822342,1028
49.5313537,1029
49.54448398,1016
49.55761426,993
49.57074455,997
49.58387483,1099
49.59700511,1023
49.6101354,977
49.62326568,967
49.63639596,1015
49.64952624,1013
49.66265653,1013
49.67578681,958
49.68891709,1001
49.70204737,948
49.71517766,992
49.72830794,951
49.74143822,940
49.7545685,899
49.76769879,960
49.78082907,917
49.79395935,913
49.80708964,879
49.82021992,910
49.8333502,900
49.84648048,907
49.85961077,860
49.87274105,922
49.88587133,870
49.89900161,901
49.9121319,910
49.92526218,867
49.93839246,887
49.95152274,913
49.96465303,873
49.97778331,873
49.99091359,848
50.00404388,912
50.01717416,916
50.03030444,881
50.04343472,857
50.05656501,891
50.06969529,824
50.08282557,858
50.09595585,896
50.10908614,897
50.12221642,899
50.1353467,861
50.14847699,889
50.16160727,857
50.17473755,906
50.18786783,859
50.20099812,875
50.2141284,876
50.22725868,874
50.24038896,845
50.25351925,890
50.26664953,810
50.27977981,853
50.29291009,805
50.30604038,894
50.31917066,848
50.33230094,838
50.34543123,876
50.35856151,829
50.37169179,876
50.38482207,833
50.39795236,855
50.41108264,866
50.42421292,813
50.4373432,847
50.45047349,855
50.46360377,861
50.47673405,830
50.48986433,821
50.50299462,841
50.5161249,840
50.52925518,849
50.54238547,782
50.55551575,790
50.56864603,800
50.58177631,864
50.5949066,867
50.60803688,843
50.62116716,874
50.63429744,798
50.64742773,860
50.66055801,890
50.67368829,837
50.68681857,822
50.69994886,865
50.71307914,829
50.72620942,844
50.73933971,804
50.75246999,849
50.76560027,833
50.77873055,846
50.79186084,839
50.80499112,840
50.8181214,816
50.83125168,791
50.84438197,829
50.85751225,811
50.87064253,814
50.88377281,828
50.8969031,779
50.91003338,788
50.92316366,796
50.93629395,782
50.94942423,851
50.96255451,790
50.97568479,783
50.98881508,800
51.00194536,861
51.01507564,864
51.02820592,774
51.04133621,801
51.05446649,765
51.06759677,838
51.08072706,793
51.09385734,764
51.10698762,743
51.1201179,806
51.13324819,789
51.14637847,751
51.15950875,834
51.17263903,835
51.18576932,759
51.1988996,803
51.21202988,806
51.22516016,783
51.23829045,823
51.25142073,738
51.26455101,829
51.2776813,764
51.29081158,759
51.30394186,735
51.31707214,794
51.33020243,768
51.34333271,766
51.35646299,848
51.36959327,821
51.38272356,789
51.39585384,790
51.40898412,759
51.4221144,785
51.43524469,724
51.44837497,699
51.46150525,752
51.47463554,735
51.48776582,720
51.5008961,770
51.51402638,816
51.52715667,744
51.54028695,753
51.55341723,761
51.56654751,779
51.5796778,748
51.59280808,758
51.60593836,793
51.61906864,797
51.63219893,783
51.64532921,802
51.65845949,750
51.67158978,762
51.68472006,764
51.69785034,744
51.71098062,689
51.72411091,774
51.73724119,794
51.75037147,732
51.76350175,756
51.77663204,694
51.78976232,760
51.8028926,795
51.81602289,724
51.82915317,771
51.84228345,801
51.85541373,807
51.86854402,744
51.8816743,730
51.89480458,756
51.90793486,762
51.92106515,734
51.93419543,778
51.94732571,747
51.96045599,711
51.97358628,743
51.98671656,719
51.99984684,755
52.01297713,771
52.02610741,730
52.03923769,744
52.05236797,714
52.06549826,717
52.07862854,742
52.09175882,692
52.1048891,716
52.11801939,727
52.13114967,730
52.14427995,739
52.15741023,713
52.17054052,733
52.1836708,740
52.19680108,719
52.20993137,662
52.22306165,663
52.23619193,707
52.24932221,715
52.2624525,716
52.27558278,749
52.28871306,715
52.30184334,725
52.31497363,683
52.32810391,728
52.34123419,677
52.35436447,644
52.36749476,697
52.38062504,687
52.39375532,664
52.40688561,713
52.42001589,699
52.43314617,709
52.44627645,663
52.45940674,671
52.47253702,698
52.4856673,727
52.49879758,650
52.51192787,646
52.52505815,642
52.53818843,684
52.55131871,707
52.564449,640
52.57757928,696
52.59070956,658
52.60383985,664
52.61697013,678
52.63010041,726
52.64323069,705
52.65636098,651
52.66949126,657
52.68262154,679
52.69575182,715
52.70888211,729
52.72201239,689
52.73514267,687
52.74827296,707
52.76140324,663
52.77453352,739
52.7876638,709
52.80079409,743
52.81392437,694
52.82705465,704
52.84018493,705
52.85331522,707
52.8664455,728
52.87957578,694
52.89270606,782
52.90583635,724
52.91896663,749
52.93209691,735
52.9452272,796
52.95835748,681
52.97148776,782
52.98461804,767
52.99774833,741
53.01087861,668
53.02400889,747
53.03713917,748
53.05026946,726
53.06339974,716
53.07653002,727
53.0896603,811
53.10279059,697
53.11592087,770
53.12905115,774
53.14218144,766
53.15531172,763
53.168442,805
53.18157228,768
53.19470257,761
53.20783285,760
53.22096313,776
53.23409341,705
53.2472237,719
53.26035398,785
53.27348426,693
53.28661454,738
53.29974483,719
53.31287511,705
53.32600539,673
53.33913568,744
53.35226596,663
53.36539624,681
53.37852652,663
53.39165681,674
53.40478709,676
53.41791737,670
53.43104765,667
53.44417794,654
53.45730822,624
53.4704385,613
53.48356879,649
53.49669907,648
53.50982935,655
53.52295963,642
53.53608992,624
53.5492202,608
53.56235048,634
53.57548076,580
53.58861105,592
53.60174133,620
53.61487161,556
53.62800189,618
53.64113218,591
53.65426246,588
53.66739274,615
53.68052303,570
53.69365331,557
53.70678359,600
53.71991387,562
53.73304416,593
53.74617444,604
53.75930472,527
53.772435,556
53.78556529,603
53.79869557,525
53.81182585,544
53.82495613,548
53.83808642,531
53.8512167,510
53.86434698,557
53.87747727,543
53.89060755,585
53.90373783,518
53.91686811,538
53.9299984,561
53.94312868,586
53.95625896,554
53.96938924,550
53.98251953,546
53.99564981,560
54.00878009,534
54.02191037,556
54.03504066,520
54.04817094,561
54.06130122,552
54.07443151,568
54.08756179,542
54.10069207,538
54.11382235,527
54.12695264,566
54.14008292,527
54.1532132,504
54.16634348,510
54.17947377,514
54.19260405,506
54.20573433,539
54.21886461,497
54.2319949,551
54.24512518,550
54.25825546,532
54.27138575,534
54.28451603,514
54.29764631,532
54.31077659,526
54.32390688,525
54.33703716,523
54.35016744,501
54.36329772,534
54.37642801,506
54.38955829,517
54.40268857,530
54.41581886,534
54.42894914,521
54.44207942,516
54.4552097,514
54.46833999,518
54.48147027,511
54.49460055,549
54.50773083,572
54.52086112,548
54.5339914,522
54.54712168,538
54.56025196,539
54.57338225,565
54.58651253,518
54.59964281,519
54.6127731,556
54.62590338,519
54.63903366,485
54.65216394,502
54.66529423,530
54.67842451,502
54.69155479,517
54.70468507,571
54.71781536,588
54.73094564,528
54.74407592,529
54.7572062,506
54.77033649,516
54.78346677,497
54.79659705,467
54.80972734,534
54.82285762,540
54.8359879,560
54.84911818,487
54.86224847,554
54.87537875,503
54.88850903,499
54.90163931,493
54.9147696,499
54.92789988,483
54.94103016,470
54.95416044,499
54.96729073,494
54.98042101,505
54.99355129,484
55.00668158,515
55.01981186,512
55.03294214,489
55.04607242,478
55.05920271,495
55.07233299,540
55.08546327,482
55.09859355,466
55.11172384,512
55.12485412,473
55.1379844,497
55.15111469,484
55.16424497,466
55.17737525,530
55.19050553,515
55.20363582,514
55.2167661,538
55.22989638,506
55.24302666,488
55.25615695,500
55.26928723,515
55.28241751,532
55.29554779,503
55.30867808,531
55.32180836,497
55.33493864,503
55.34806893,480
55.36119921,539
55.37432949,531
55.38745977,482
55.40059006,515
55.41372034,507
55.42685062,520
55.4399809,495
55.45311119,532
55.46624147,489
55.47937175,481
55.49250203,526
55.50563232,518
55.5187626,531
55.53189288,498
55.54502317,547
55.55815345,518
55.57128373,518
55.58441401,495
55.5975443,512
55.61067458,526
55.62380486,553
55.63693514,529
55.65006543,520
55.66319571,518
55.67632599,514
55.68945627,507
55.70258656,527
55.71571684,541
55.72884712,484
55.74197741,545
55.75510769,555
55.76823797,511
55.78136825,551
55.79449854,515
55.80762882,491
55.8207591,545
55.83388938,518
55.84701967,568
55.86014995,490
55.87328023,508
55.88641051,542
55.8995408,494
55.91267108,515
55.92580136,500
55.93893165,514
55.95206193,517
55.96519221,536
55.97832249,503
55.99145278,547
56.00458306,558
56.01771334,536
56.03084362,498
56.04397391,550
56.05710419,509
56.07023447,529
56.08336476,558
56.09649504,515
56.10962532,508
56.1227556,525
56.13588589,565
56.14901617,514
56.16214645,505
56.17527673,520
56.18840702,548
56.2015373,511
56.21466758,509
56.22779786,487
56.24092815,521
56.25405843,487
56.26718871,478
56.280319,523
56.29344928,542
56.30657956,523
56.31970984,512
56.33284013,510
56.34597041,541
56.35910069,514
56.37223097,473
56.38536126,512
56.39849154,507
56.41162182,527
56.4247521,493
56.43788239,498
56.45101267,501
56.46414295,565
56.47727324,488
56.49040352,505
56.5035338,512
56.51666408,477
56.52979437,537
56.54292465,503
56.55605493,511
56.56918521,482
56.5823155,500
56.59544578,488
56.60857606,502
56.62170634,505
56.63483663,497
56.64796691,498
56.66109719,514
56.67422748,508
56.68735776,512
56.70048804,508
56.71361832,530
56.72674861,514
56.73987889,504
56.75300917,464
56.76613945,515
56.77926974,505
56.79240002,514
56.8055303,531
56.81866059,486
56.83179087,466
56.84492115,518
56.85805143,547
56.87118172,458
56.884312,510
56.89744228,502
56.91057256,546
56.92370285,464
56.93683313,511
56.94996341,462
56.96309369,469
56.97622398,461
56.98935426,503
57.00248454,471
57.01561483,524
57.02874511,486
57.04187539,535
57.05500567,524
57.06813596,518
57.08126624,496
57.09439652,492
57.1075268,482
57.12065709,476
57.13378737,511
57.14691765,484
57.16004793,526
57.17317822,514
57.1863085,530
57.19943878,531
57.21256907,479
57.22569935,517
57.23882963,480
57.25195991,472
57.2650902,488
57.27822048,511
57.29135076,482
57.30448104,518
57.31761133,486
57.33074161,496
57.34387189,511
57.35700217,482
57.37013246,517
57.38326274,507
57.39639302,505
57.40952331,512
57.42265359,496
57.43578387,512
57.44891415,458
57.46204444,493
57.47517472,493
57.488305,509
57.50143528,478
57.51456557,482
57.52769585,525
57.54082613,461
57.55395642,501
57.5670867,479
57.58021698,478
57.59334726,484
57.60647755,478
57.61960783,486
57.63273811,456
57.64586839,496
57.65899868,454
57.67212896,446
57.68525924,474
57.69838952,465
57.71151981,475
57.72465009,465
57.73778037,448
57.75091066,437
57.76404094,441
57.77717122,494
57.7903015,475
57.80343179,499
57.81656207,455
57.82969235,471
57.84282263,465
57.85595292,459
57.8690832,505
57.88221348,494
57.89534376,492
57.90847405,470
57.92160433,487
57.93473461,483
57.9478649,461
57.96099518,481
57.97412546,476
57.98725574,520
58.00038603,468
58.01351631,500
58.02664659,462
58.03977687,476
58.05290716,479
58.06603744,433
58.07916772,485
58.092298,552
58.10542829,449
58.11855857,459
58.13168885,502
58.14481914,480
58.15794942,478
58.1710797,493
58.18420998,491
58.19734027,457
58.21047055,463
58.22360083,482
58.23673111,467
58.2498614,491
58.26299168,468
58.27612196,492
58.28925224,476
58.30238253,516
58.31551281,440
58.32864309,490
58.34177338,433
58.35490366,489
58.36803394,457
58.38116422,430
58.39429451,459
58.40742479,451
58.42055507,468
58.43368535,500
58.44681564,435
58.45994592,462
58.4730762,507
58.48620649,471
58.49933677,526
58.51246705,492
58.52559733,462
58.53872762,491
58.5518579,492
58.56498818,477
58.57811846,472
58.59124875,430
58.60437903,472
58.61750931,472
58.63063959,452
58.64376988,437
58.65690016,456
58.67003044,468
58.68316073,486
58.69629101,508
58.70942129,507
58.72255157,480
58.73568186,479
58.74881214,448
58.76194242,461
58.7750727,487
58.78820299,475
58.80133327,449
58.81446355,411
58.82759383,474
58.84072412,442
58.8538544,450
58.86698468,481
58.88011497,489
58.89324525,457
58.90637553,481
58.91950581,414
58.9326361,486
58.94576638,456
58.95889666,445
58.97202694,479
58.98515723,490
58.99828751,475
59.01141779,444
59.02454807,478
59.03767836,478
59.05080864,453
59.06393892,451
59.07706921,418
59.09019949,446
59.10332977,486
59.11646005,432
59.12959034,465
59.14272062,429
59.1558509,469
59.16898118,453
59.18211147,471
59.19524175,436
59.20837203,457
59.22150232,412
59.2346326,491
59.24776288,493
59.26089316,506
59.27402345,465
59.28715373,407
59.30028401,444
59.31341429,541
59.32654458,470
59.33967486,498
59.35280514,438
59.36593542,505
59.37906571,440
59.39219599,445
59.40532627,477
59.41845656,484
59.43158684,425
59.44471712,451
59.4578474,502
59.47097769,495
59.48410797,475
59.49723825,427
59.51036853,493
59.52349882,494
59.5366291,506
59.54975938,468
59.56288966,471
59.57601995,441
59.58915023,465
59.60228051,456
59.6154108,432
59.62854108,456
59.64167136,483
59.65480164,499
59.66793193,470
59.68106221,445
59.69419249,494
59.70732277,481
59.72045306,457
59.73358334,426
59.74671362,469
59.7598439,464
59.77297419,456
59.78610447,457
59.79923475,485
59.81236504,501
59.82549532,497
59.8386256,471
59.85175588,486
59.86488617,452
59.87801645,445
59.89114673,454
59.90427701,459
59.9174073,484
59.93053758,480
59.94366786,492
59.95679814,503
59.96992843,448
59.98305871,486
59.99618899,493
60.00931928,514
60.02244956,491
60.03557984,478
60.04871012,509
60.06184041,457
60.07497069,504
60.08810097,506
60.10123125,454
60.11436154,500
60.12749182,499
60.1406221,492
60.15375239,475
60.16688267,466
60.18001295,462
60.19314323,469
60.20627352,477
60.2194038,471
60.23253408,474
60.24566436,510
60.25879465,476
60.27192493,500
60.28505521,497
60.29818549,470
60.31131578,471
60.32444606,471
60.33757634,468
60.35070663,460
60.36383691,493
60.37696719,489
60.39009747,511
60.40322776,484
60.41635804,475
60.42948832,467
60.4426186,491
60.45574889,466
60.46887917,460
60.48200945,477
60.49513973,429
60.50827002,492
60.5214003,495
60.53453058,459
60.54766087,457
60.56079115,519
60.57392143,508
60.58705171,503
60.600182,427
60.61331228,475
60.62644256,471
60.63957284,460
60.65270313,497
60.66583341,447
60.67896369,448
60.69209397,473
60.70522426,464
60.71835454,523
60.73148482,470
60.74461511,464
60.75774539,436
60.77087567,482
60.78400595,458
60.79713624,466
60.81026652,431
60.8233968,438
60.83652708,490
60.84965737,475
60.86278765,498
60.87591793,473
60.88904822,511
60.9021785,456
60.91530878,477
60.92843906,444
60.94156935,476
60.95469963,473
60.96782991,441
60.98096019,456
60.99409048,466
61.00722076,443
61.02035104,476
61.03348132,476
61.04661161,475
61.05974189,454
61.07287217,484
61.08600246,488
61.09913274,493
61.11226302,463
61.1253933,509
61.13852359,450
61.15165387,465
61.16478415,478
61.17791443,493
61.19104472,485
61.204175,551
61.21730528,480
61.23043556,488
61.24356585,511
61.25669613,541
61.26982641,477
61.2829567,486
61.29608698,501
61.30921726,477
61.32234754,480
61.33547783,500
61.34860811,528
61.36173839,467
61.37486867,463
61.38799896,503
61.40112924,490
61.41425952,510
61.4273898,495
61.44052009,528
61.45365037,527
61.46678065,465
61.47991094,475
61.49304122,447
61.5061715,535
61.51930178,534
61.53243207,521
61.54556235,475
61.55869263,479
61.57182291,507
61.5849532,472
61.59808348,484
61.61121376,489
61.62434404,514
61.63747433,525
61.65060461,520
61.66373489,504
61.67686518,489
61.68999546,479
61.70312574,487
61.71625602,499
61.72938631,490
61.74251659,491
61.75564687,502
61.76877715,461
61.78190744,502
61.79503772,518
61.808168,481
61.82129829,459
61.83442857,541
61.84755885,532
61.86068913,476
61.87381942,479
61.8869497,475
61.90007998,533
61.91321026,529
61.92634055,495
61.93947083,540
61.95260111,493
61.96573139,470
61.97886168,522
61.99199196,524
62.00512224,488
62.01825253,460
62.03138281,510
62.04451309,509
62.05764337,492
62.07077366,502
62.08390394,497
62.09703422,538
62.1101645,455
62.12329479,471
62.13642507,457
62.14955535,469
62.16268563,512
62.17581592,498
62.1889462,535
62.20207648,475
62.21520677,501
62.22833705,482
62.24146733,519
62.25459761,445
62.2677279,454
62.28085818,471
62.29398846,464
62.30711874,450
62.32024903,447
62.33337931,470
62.34650959,483
62.35963987,466
62.37277016,485
62.38590044,465
62.39903072,456
62.41216101,468
62.42529129,498
62.43842157,473
62.45155185,519
62.46468214,523
62.47781242,427
62.4909427,482
62.50407298,452
62.51720327,519
62.53033355,496
62.54346383,482
62.55659412,531
62.5697244,476
62.58285468,470
62.59598496,491
62.60911525,523
62.62224553,459
62.63537581,428
62.64850609,485
62.66163638,462
62.67476666,496
62.68789694,476
62.70102722,486
62.71415751,514
62.72728779,483
62.74041807,481
62.75354836,511
62.76667864,494
62.77980892,483
62.7929392,504
62.80606949,525
62.81919977,514
62.83233005,505
62.84546033,502
62.85859062,506
62.8717209,512
62.88485118,433
62.89798146,497
62.91111175,540
62.92424203,496
62.93737231,490
62.9505026,490
62.96363288,507
62.97676316,510
62.98989344,508
63.00302373,527
63.01615401,520
63.02928429,510
63.04241457,534
63.05554486,492
63.06867514,479
63.08180542,522
63.0949357,509
63.10806599,520
63.12119627,507
63.13432655,540
63.14745684,535
63.16058712,528
63.1737174,544
63.18684768,549
63.19997797,542
63.21310825,511
63.22623853,521
63.23936881,519
63.2524991,524
63.26562938,598
63.27875966,515
63.29188994,505
63.30502023,450
63.31815051,529
63.33128079,517
63.34441108,544
63.35754136,485
63.37067164,500
63.38380192,534
63.39693221,486
63.41006249,521
63.42319277,527
63.43632305,503
63.44945334,545
63.46258362,526
63.4757139,531
63.48884419,540
63.50197447,551
63.51510475,552
63.52823503,560
63.54136532,614
63.5544956,518
63.56762588,563
63.58075616,513
63.59388645,541
63.60701673,527
63.62014701,568
63.63327729,559
63.64640758,495
63.65953786,534
63.67266814,501
63.68579843,552
63.69892871,520
63.71205899,585
63.72518927,577
63.73831956,556
63.75144984,535
63.76458012,556
63.7777104,583
63.79084069,530
63.80397097,576
63.81710125,560
63.83023153,523
63.84336182,575
63.8564921,530
63.86962238,545
63.88275267,572
63.89588295,550
63.90901323,599
63.92214351,571
63.9352738,552
63.94840408,623
63.96153436,588
63.97466464,565
63.98779493,560
64.00092521,501
64.01405549,630
64.02718577,574
64.04031606,556
64.05344634,534
64.06657662,516
64.07970691,572
64.09283719,563
64.10596747,551
64.11909775,565
64.13222804,596
64.14535832,545
64.1584886,540
64.17161888,579
64.18474917,575
64.19787945,567
64.21100973,545
64.22414002,568
64.2372703,548
64.25040058,552
64.26353086,550
64.27666115,548
64.28979143,537
64.30292171,544
64.31605199,544
64.32918228,507
64.34231256,571
64.35544284,497
64.36857312,533
64.38170341,532
64.39483369,521
64.40796397,528
64.42109426,577
64.43422454,540
64.44735482,543
64.4604851,542
64.47361539,539
64.48674567,509
64.49987595,550
64.51300623,499
64.52613652,559
64.5392668,486
64.55239708,515
64.56552736,494
64.57865765,511
64.59178793,553
64.60491821,512
64.6180485,535
64.63117878,526
64.64430906,530
64.65743934,488
64.67056963,529
64.68369991,502
64.69683019,542
64.70996047,526
64.72309076,533
64.73622104,516
64.74935132,487
64.7624816,504
64.77561189,487
64.78874217,490
64.80187245,515
64.81500274,488
64.82813302,493
64.8412633,500
64.85439358,492
64.86752387,507
64.88065415,581
64.89378443,477
64.90691471,497
64.920045,427
64.93317528,512
64.94630556,487
64.95943585,481
64.97256613,502
64.98569641,474
64.99882669,486
65.01195698,494
65.02508726,470
65.03821754,470
65.05134782,488
65.06447811,464
65.07760839,430
65.09073867,468
65.10386895,486
65.11699924,517
65.13012952,483
65.1432598,491
65.15639009,512
65.16952037,461
65.18265065,447
65.19578093,480
65.20891122,488
65.2220415,456
65.23517178,473
65.24830206,436
65.26143235,509
65.27456263,500
65.28769291,448
65.30082319,479
65.31395348,491
65.32708376,464
65.34021404,519
65.35334433,452
65.36647461,454
65.37960489,472
65.39273517,493
65.40586546,429
65.41899574,465
65.43212602,444
65.4452563,460
65.45838659,463
65.47151687,469
65.48464715,458
65.49777743,480
65.51090772,502
65.524038,480
65.53716828,446
65.55029857,459
65.56342885,445
65.57655913,477
65.58968941,429
65.6028197,436
65.61594998,449
65.62908026,478
65.64221054,463
65.65534083,453
65.66847111,423
65.68160139,462
65.69473167,434
65.70786196,429
65.72099224,433
65.73412252,426
65.74725281,426
65.76038309,434
65.77351337,419
65.78664365,429
65.79977394,454
65.81290422,464
65.8260345,411
65.83916478,400
65.85229507,428
65.86542535,424
65.87855563,431
65.89168592,405
65.9048162,415
65.91794648,373
65.93107676,438
65.94420705,432
65.95733733,389
65.97046761,406
65.98359789,446
65.99672818,406
66.00985846,428
66.02298874,428
66.03611902,451
66.04924931,354
66.06237959,429
66.07550987,425
66.08864016,397
66.10177044,432
66.11490072,432
66.128031,396
66.14116129,417
66.15429157,431
66.16742185,432
66.18055213,408
66.19368242,404
66.2068127,410
66.21994298,424
66.23307326,412
66.24620355,410
66.25933383,386
66.27246411,396
66.2855944,384
66.29872468,381
66.31185496,387
66.32498524,379
66.33811553,402
66.35124581,441
66.36437609,399
66.37750637,400
66.39063666,398
66.40376694,401
66.41689722,400
66.4300275,380
66.44315779,410
66.45628807,452
66.46941835,356
66.48254864,397
66.49567892,446
66.5088092,413
66.52193948,379
66.53506977,378
66.54820005,417
66.56133033,357
66.57446061,379
66.5875909,412
66.60072118,393
66.61385146,357
66.62698175,397
66.64011203,351
66.65324231,377
66.66637259,383
66.67950288,402
66.69263316,395
66.70576344,398
66.71889372,365
66.73202401,390
66.74515429,401
66.75828457,402
66.77141485,405
66.78454514,383
66.79767542,402
66.8108057,389
66.82393599,379
66.83706627,390
66.85019655,399
66.86332683,393
66.87645712,364
66.8895874,350
66.90271768,356
66.91584796,369
66.92897825,348
66.94210853,375
66.95523881,395
66.96836909,392
66.98149938,393
66.99462966,399
67.00775994,410
67.02089023,366
67.03402051,379
67.04715079,390
67.06028107,354
67.07341136,391
67.08654164,353
67.09967192,370
67.1128022,403
67.12593249,367
67.13906277,369
67.15219305,389
67.16532333,377
67.17845362,379
67.1915839,385
67.20471418,402
67.21784447,379
67.23097475,385
67.24410503,429
67.25723531,381
67.2703656,363
67.28349588,368
67.29662616,332
67.30975644,392
67.32288673,326
67.33601701,331
67.34914729,372
67.36227757,361
67.37540786,395
67.38853814,328
67.40166842,341
67.41479871,369
67.42792899,384
67.44105927,363
67.45418955,396
67.46731984,381
67.48045012,373
67.4935804,362
67.50671068,389
67.51984097,407
67.53297125,360
67.54610153,385
67.55923182,366
67.5723621,377
67.58549238,371
67.59862266,374
67.61175295,368
67.62488323,359
67.63801351,367
67.65114379,351
67.66427408,372
67.67740436,373
67.69053464,363
67.70366492,400
67.71679521,376
67.72992549,387
67.74305577,375
67.75618606,367
67.76931634,353
67.78244662,370
67.7955769,362
67.80870719,347
67.82183747,378
67.83496775,338
67.84809803,411
67.86122832,395
67.8743586,392
67.88748888,364
67.90061916,375
67.91374945,347
67.92687973,383
67.94001001,368
67.9531403,392
67.96627058,382
67.97940086,359
67.99253114,351
68.00566143,393
68.01879171,369
68.03192199,346
68.04505227,370
68.05818256,347
68.07131284,362
68.08444312,371
68.0975734,321
68.11070369,362
68.12383397,330
68.13696425,351
68.15009454,363
68.16322482,372
68.1763551,383
68.18948538,350
68.20261567,363
68.21574595,345
68.22887623,380
68.24200651,355
68.2551368,351
68.26826708,376
68.28139736,344
68.29452765,381
68.30765793,354
68.32078821,400
68.33391849,376
68.34704878,347
68.36017906,389
68.37330934,344
68.38643962,412
68.39956991,389
68.41270019,408
68.42583047,385
68.43896075,402
68.45209104,383
68.46522132,378
68.4783516,340
68.49148189,353
68.50461217,372
68.51774245,352
68.53087273,339
68.54400302,362
68.5571333,363
68.57026358,372
68.58339386,368
68.59652415,353
68.60965443,375
68.62278471,372
68.63591499,382
68.64904528,384
68.66217556,347
68.67530584,349
68.68843613,385
68.70156641,359
68.71469669,392
68.72782697,392
68.74095726,349
68.75408754,342
68.76721782,338
68.7803481,395
68.79347839,404
68.80660867,362
68.81973895,371
68.83286923,376
68.84599952,356
68.8591298,383
68.87226008,361
68.88539037,348
68.89852065,409
68.91165093,342
68.92478121,366
68.9379115,359
68.95104178,367
68.96417206,338
68.97730234,381
68.99043263,365
69.00356291,318
69.01669319,364
69.02982347,394
69.04295376,366
69.05608404,345
69.06921432,368
69.08234461,362
69.09547489,355
69.10860517,365
69.12173545,375
69.13486574,399
69.14799602,389
69.1611263,365
69.17425658,367
69.18738687,362
69.20051715,377
69.21364743,399
69.22677772,351
69.239908,349
69.25303828,371
69.26616856,392
69.27929885,365
69.29242913,350
69.30555941,355
69.31868969,375
69.33181998,360
69.34495026,372
69.35808054,365
69.37121082,380
69.38434111,356
69.39747139,384
69.41060167,423
69.42373196,412
69.43686224,370
69.44999252,381
69.4631228,398
69.47625309,365
69.48938337,370
69.50251365,382
69.51564393,357
69.52877422,353
69.5419045,398
69.55503478,356
69.56816506,382
69.58129535,392
69.59442563,385
69.60755591,391
69.6206862,369
69.63381648,394
69.64694676,386
69.66007704,375
69.67320733,367
69.68633761,363
69.69946789,370
69.71259817,370
69.72572846,403
69.73885874,372
69.75198902,369
69.7651193,348
69.77824959,353
69.79137987,382
69.80451015,342
69.81764044,338
69.83077072,367
69.843901,393
69.85703128,366
69.87016157,352
69.88329185,381
69.89642213,366
69.90955241,347
69.9226827,367
69.93581298,363
69.94894326,347
69.96207355,367
69.97520383,373
69.98833411,377
70.00146439,383
70.01459468,363
70.02772496,375
70.04085524,383
70.05398552,419
70.06711581,371
70.08024609,375
70.09337637,381
70.10650665,395
70.11963694,366
70.13276722,370
70.1458975,393
70.15902779,428
70.17215807,393
70.18528835,398
70.19841863,359
70.21154892,395
70.2246792,374
70.23780948,352
70.25093976,399
70.26407005,344
70.27720033,353
70.29033061,382
70.30346089,387
70.31659118,404
70.32972146,363
70.34285174,333
70.35598203,327
70.36911231,366
70.38224259,362
70.39537287,383
70.40850316,400
70.42163344,332
70.43476372,356
70.447894,363
70.46102429,388
70.47415457,385
70.48728485,361
70.50041513,351
70.51354542,362
70.5266757,368
70.53980598,344
70.55293627,357
70.56606655,362
70.57919683,359
70.59232711,388
70.6054574,365
70.61858768,363
70.63171796,366
70.64484824,385
70.65797853,380
70.67110881,391
70.68423909,384
70.69736937,379
70.71049966,359
70.72362994,370
70.73676022,428
70.74989051,352
70.76302079,332
70.77615107,366
70.78928135,374
70.80241164,397
70.81554192,400
70.8286722,405
70.84180248,400
70.85493277,340
70.86806305,394
70.88119333,398
70.89432362,369
70.9074539,335
70.92058418,361
70.93371446,371
70.94684475,400
70.95997503,376
70.97310531,375
70.98623559,389
70.99936588,388
71.01249616,367
71.02562644,374
71.03875672,376
71.05188701,372
71.06501729,351
71.07814757,422
71.09127786,365
71.10440814,366
71.11753842,355
71.1306687,392
71.14379899,349
71.15692927,352
71.17005955,370
71.18318983,409
71.19632012,367
71.2094504,364
71.22258068,429
71.23571096,387
71.24884125,387
71.26197153,368
71.27510181,378
71.2882321,388
71.30136238,421
71.31449266,361
71.32762294,393
71.34075323,411
71.35388351,360
71.36701379,387
71.38014407,369
71.39327436,393
71.40640464,377
71.41953492,383
71.4326652,377
71.44579549,397
71.45892577,397
71.47205605,385
71.48518634,409
71.49831662,364
71.5114469,377
71.52457718,361
71.53770747,376
71.55083775,389
71.56396803,386
71.57709831,369
71.5902286,414
71.60335888,386
71.61648916,400
71.62961945,392
71.64274973,365
71.65588001,418
71.66901029,381
71.68214058,393
71.69527086,386
71.70840114,393
71.72153142,408
71.73466171,382
71.74779199,413
71.76092227,378
71.77405255,323
71.78718284,374
71.80031312,393
71.8134434,367
71.82657369,392
71.83970397,404
71.85283425,360
71.86596453,399
71.87909482,376
71.8922251,373
71.90535538,388
71.91848566,354
71.93161595,382
71.94474623,417
71.95787651,413
71.97100679,376
71.98413708,409
71.99726736,392
72.01039764,419
72.02352793,396
72.03665821,396
72.04978849,368
72.06291877,407
72.07604906,419
72.08917934,385
72.10230962,339
72.1154399,373
72.12857019,407
72.14170047,392
72.15483075,415
72.16796103,393
72.18109132,372
72.1942216,375
72.20735188,369
72.22048217,383
72.23361245,390
72.24674273,380
72.25987301,389
72.2730033,416
72.28613358,402
72.29926386,401
72.31239414,410
72.32552443,381
72.33865471,397
72.35178499,398
72.36491527,389
72.37804556,388
72.39117584,402
72.40430612,412
72.41743641,429
72.43056669,361
72.44369697,405
72.45682725,431
72.46995754,378
72.48308782,420
72.4962181,351
72.50934838,389
72.52247867,368
72.53560895,344
72.54873923,417
72.56186952,377
72.5749998,382
72.58813008,370
72.60126036,394
72.61439065,382
72.62752093,376
72.64065121,368
72.65378149,417
72.66691178,375
72.68004206,335
72.69317234,368
72.70630262,423
72.71943291,409
72.73256319,405
72.74569347,394
72.75882376,347
72.77195404,353
72.78508432,389
72.7982146,375
72.81134489,397
72.82447517,352
72.83760545,368
72.85073573,407
72.86386602,354
72.8769963,370
72.89012658,364
72.90325686,363
72.91638715,396
72.92951743,357
72.94264771,387
72.955778,377
72.96890828,396
72.98203856,397
72.99516884,379
73.00829913,382
73.02142941,379
73.03455969,393
73.04768997,373
73.06082026,385
73.07395054,393
73.08708082,372
73.1002111,376
73.11334139,382
73.12647167,383
73.13960195,372
73.15273224,382
73.16586252,356
73.1789928,357
73.19212308,376
73.20525337,393
73.21838365,377
73.23151393,368
73.24464421,405
73.2577745,380
73.27090478,415
73.28403506,385
73.29716535,366
73.31029563,374
73.32342591,376
73.33655619,379
73.34968648,392
73.36281676,365
73.37594704,373
73.38907732,411
73.40220761,398
73.41533789,356
73.42846817,367
73.44159845,395
73.45472874,389
73.46785902,391
73.4809893,407
73.49411959,373
73.50724987,393
73.52038015,377
73.53351043,380
73.54664072,379
73.559771,355
73.57290128,358
73.58603156,359
73.59916185,374
73.61229213,359
73.62542241,379
73.63855269,365
73.65168298,373
73.66481326,373
73.67794354,398
73.69107383,372
73.70420411,394
73.71733439,398
73.73046467,372
73.74359496,365
73.75672524,365
73.76985552,398
73.7829858,357
73.79611609,396
73.80924637,399
73.82237665,353
73.83550693,376
73.84863722,353
73.8617675,413
73.87489778,420
73.88802807,412
73.90115835,385
73.91428863,407
73.92741891,373
73.9405492,402
73.95367948,392
73.96680976,380
73.97994004,393
73.99307033,393
74.00620061,411
74.01933089,385
74.03246118,392
74.04559146,394
74.05872174,411
74.07185202,389
74.08498231,400
74.09811259,373
74.11124287,383
74.12437315,408
74.13750344,416
74.15063372,411
74.163764,393
74.17689428,403
74.19002457,388
74.20315485,391
74.21628513,400
74.22941542,417
74.2425457,372
74.25567598,429
74.26880626,394
74.28193655,381
74.29506683,366
74.30819711,385
74.32132739,391
74.33445768,397
74.34758796,408
74.36071824,399
74.37384852,430
74.38697881,363
74.40010909,377
74.41323937,422
74.42636966,382
74.43949994,428
74.45263022,431
74.4657605,358
74.47889079,374
74.49202107,394
74.50515135,374
74.51828163,432
74.53141192,431
74.5445422,374
74.55767248,440
74.57080276,405
74.58393305,380
74.59706333,399
74.61019361,390
74.6233239,377
74.63645418,396
74.64958446,373
74.66271474,397
74.67584503,428
74.68897531,405
74.70210559,399
74.71523587,360
74.72836616,393
74.74149644,393
74.75462672,408
74.767757,379
74.78088729,408
74.79401757,414
74.80714785,387
74.82027814,373
74.83340842,367
74.8465387,377
74.85966898,408
74.87279927,411
74.88592955,371
74.89905983,374
74.91219011,425
74.9253204,401
74.93845068,411
74.95158096,423
74.96471125,408
74.97784153,426
74.99097181,431
75.00410209,383
75.01723238,366
75.03036266,396
75.04349294,392
75.05662322,411
75.06975351,396
75.08288379,415
75.09601407,423
75.10914435,381
75.12227464,400
75.13540492,403
75.1485352,405
75.16166549,390
75.17479577,399
75.18792605,457
75.20105633,372
75.21418662,399
75.2273169,416
75.24044718,417
75.25357746,391
75.26670775,436
75.27983803,393
75.29296831,416
75.30609859,407
75.31922888,406
75.33235916,399
75.34548944,407
75.35861973,372
75.37175001,394
75.38488029,402
75.39801057,397
75.41114086,415
75.42427114,405
75.43740142,392
75.4505317,407
75.46366199,410
75.47679227,410
75.48992255,407
75.50305283,416
75.51618312,392
75.5293134,431
75.54244368,430
75.55557397,431
75.56870425,424
75.58183453,432
75.59496481,451
75.6080951,365
75.62122538,417
75.63435566,414
75.64748594,427
75.66061623,410
75.67374651,425
75.68687679,428
75.70000708,449
75.71313736,379
75.72626764,433
75.73939792,404
75.75252821,390
75.76565849,390
75.77878877,428
75.79191905,427
75.80504934,407
75.81817962,384
75.8313099,407
75.84444018,421
75.85757047,407
75.87070075,405
75.88383103,413
75.89696132,415
75.9100916,467
75.92322188,385
75.93635216,392
75.94948245,414
75.96261273,382
75.97574301,360
75.98887329,436
76.00200358,425
76.01513386,367
76.02826414,412
76.04139442,418
76.05452471,380
76.06765499,400
76.08078527,396
76.09391556,417
76.10704584,440
76.12017612,405
76.1333064,447
76.14643669,393
76.15956697,386
76.17269725,416
76.18582753,432
76.19895782,387
76.2120881,400
76.22521838,406
76.23834866,399
76.25147895,401
76.26460923,461
76.27773951,433
76.2908698,392
76.30400008,367
76.31713036,431
76.33026064,370
76.34339093,420
76.35652121,425
76.36965149,391
76.38278177,381
76.39591206,413
76.40904234,412
76.42217262,379
76.4353029,402
76.44843319,393
76.46156347,384
76.47469375,435
76.48782404,389
76.50095432,400
76.5140846,427
76.52721488,381
76.54034517,426
76.55347545,423
76.56660573,391
76.57973601,367
76.5928663,410
76.60599658,394
76.61912686,386
76.63225715,366
76.64538743,446
76.65851771,402
76.67164799,430
76.68477828,397
76.69790856,415
76.71103884,448
76.72416912,398
76.73729941,400
76.75042969,424
76.76355997,389
76.77669025,432
76.78982054,424
76.80295082,398
76.8160811,360
76.82921139,420
76.84234167,418
76.85547195,410
76.86860223,374
76.88173252,424
76.8948628,415
76.90799308,370
76.92112336,401
76.93425365,391
76.94738393,394
76.96051421,441
76.97364449,413
76.98677478,399
76.99990506,443
77.01303534,408
77.02616563,373
77.03929591,405
77.05242619,442
77.06555647,457
77.07868676,443
77.09181704,425
77.10494732,441
77.1180776,436
77.13120789,419
77.14433817,411
77.15746845,418
77.17059873,446
77.18372902,439
77.1968593,432
77.20998958,399
77.22311987,365
77.23625015,390
77.24938043,426
77.26251071,432
77.275641,405
77.28877128,381
77.30190156,395
77.31503184,400
77.32816213,398
77.34129241,395
77.35442269,403
77.36755298,383
77.38068326,390
77.39381354,418
77.40694382,397
77.42007411,405
77.43320439,352
77.44633467,393
77.45946495,425
77.47259524,412
77.48572552,390
77.4988558,389
77.51198608,402
77.52511637,415
77.53824665,392
77.55137693,423
77.56450722,424
77.5776375,398
77.59076778,392
77.60389806,385
77.61702835,400
77.63015863,387
77.64328891,380
77.65641919,415
77.66954948,406
77.68267976,413
77.69581004,415
77.70894032,376
77.72207061,399
77.73520089,368
77.74833117,416
77.76146146,385
77.77459174,387
77.78772202,399
77.8008523,412
77.81398259,398
77.82711287,362
77.84024315,417
77.85337343,361
77.86650372,368
77.879634,374
77.89276428,349
77.90589456,391
77.91902485,370
77.93215513,393
77.94528541,383
77.9584157,397
77.97154598,374
77.98467626,374
77.99780654,383
78.01093683,365
78.02406711,398
78.03719739,367
78.05032767,389
78.06345796,407
78.07658824,396
78.08971852,403
78.1028488,381
78.11597909,390
78.12910937,402
78.14223965,355
78.15536994,356
78.16850022,374
78.1816305,391
78.19476078,329
78.20789107,403
78.22102135,368
78.23415163,382
78.24728191,328
78.2604122,377
78.27354248,354
78.28667276,373
78.29980305,376
78.31293333,332
78.32606361,358
78.33919389,394
78.35232418,404
78.36545446,388
78.37858474,351
78.39171502,379
78.40484531,336
78.41797559,375
78.43110587,384
78.44423615,364
78.45736644,386
78.47049672,362
78.483627,344
78.49675729,386
78.50988757,398
78.52301785,359
78.53614813,340
78.54927842,347
78.5624087,343
78.57553898,356
78.58866926,405
78.60179955,349
78.61492983,323
78.62806011,369
78.64119039,364
78.65432068,349
78.66745096,335
78.68058124,376
78.69371153,327
78.70684181,353
78.71997209,341
78.73310237,341
78.74623266,359
78.75936294,329
78.77249322,332
78.7856235,335
78.79875379,333
78.81188407,387
78.82501435,353
78.83814463,319
78.85127492,316
78.8644052,349
78.87753548,345
78.89066577,314
78.90379605,329
78.91692633,338
78.93005661,332
78.9431869,361
78.95631718,316
78.96944746,364
78.98257774,330
78.99570803,356
79.00883831,349
79.02196859,314
79.03509888,310
79.04822916,340
79.06135944,342
79.07448972,320
79.08762001,308
79.10075029,354
79.11388057,306
79.12701085,343
79.14014114,339
79.15327142,338
79.1664017,316
79.17953198,335
79.19266227,333
79.20579255,329
79.21892283,326
79.23205312,319
79.2451834,335
79.25831368,325
79.27144396,320
79.28457425,312
79.29770453,318
79.31083481,334
79.32396509,300
79.33709538,297
79.35022566,349
79.36335594,347
79.37648622,335
79.38961651,318
79.40274679,368
79.41587707,318
79.42900736,320
79.44213764,298
79.45526792,311
79.4683982,317
79.48152849,310
79.49465877,308
79.50778905,332
79.52091933,347
79.53404962,323
79.5471799,317
79.56031018,347
79.57344046,335
79.58657075,355
79.59970103,320
79.61283131,342
79.6259616,310
79.63909188,301
79.65222216,314
79.66535244,313
79.67848273,316
79.69161301,332
79.70474329,330
79.71787357,316
79.73100386,315
79.74413414,359
79.75726442,317
79.7703947,302
79.78352499,335
79.79665527,333
79.80978555,356
79.82291584,292
79.83604612,301
79.8491764,318
79.86230668,326
79.87543697,324
79.88856725,331
79.90169753,315
79.91482781,374
79.9279581,335
79.94108838,329
79.95421866,329
79.96734895,310
79.98047923,331
79.99360951,342
