角度(2θ),强度
5.00656514,3342
5.019695423,3198
5.032825705,3278
5.045955988,3264
5.059086271,3160
5.072216553,3228
5.085346836,3326
5.098477119,3272
5.111607401,3180
5.124737684,3250
5.137867967,3314
5.150998249,3104
5.164128532,3247
5.177258815,3283
5.190389097,3239
5.20351938,3246
5.216649663,3196
5.229779946,3151
5.242910228,3257
5.256040511,3246
5.269170794,3199
5.282301076,3226
5.295431359,3215
5.308561642,3147
5.321691924,3199
5.334822207,3187
5.34795249,3156
5.361082772,3132
5.374213055,3250
5.387343338,3269
5.40047362,3196
5.413603903,3290
5.426734186,3262
5.439864468,3221
5.452994751,3249
5.466125034,3256
5.479255316,3140
5.492385599,3186
5.505515882,3176
5.518646164,3216
5.531776447,3198
5.54490673,3233
5.558037012,3151
5.571167295,3152
5.584297578,3207
5.59742786,3277
5.610558143,3180
5.623688426,3129
5.636818709,3027
5.649948991,3130
5.663079274,3216
5.676209557,3194
5.689339839,3217
5.702470122,3258
5.715600405,3077
5.728730687,3170
5.74186097,3111
5.754991253,3091
5.768121535,3302
5.781251818,3139
5.794382101,3117
5.807512383,3219
5.820642666,3170
5.833772949,3208
5.846903231,3156
5.860033514,3167
5.873163797,3175
5.886294079,3277
5.899424362,3157
5.912554645,3197
5.925684927,3205
5.93881521,3217
5.951945493,3141
5.965075775,3247
5.978206058,3166
5.991336341,3115
6.004466623,3183
6.017596906,3123
6.030727189,3370
6.043857472,3163
6.056987754,3149
6.070118037,3125
6.08324832,3090
6.096378602,3154
6.109508885,3196
6.122639168,3219
6.13576945,3185
6.148899733,3054
6.162030016,3250
6.175160298,3154
6.188290581,3201
6.201420864,3196
6.214551146,3140
6.227681429,3115
6.240811712,3060
6.253941994,3221
6.267072277,3085
6.28020256,3203
6.293332842,3252
6.306463125,3165
6.319593408,3157
6.33272369,3174
6.345853973,3052
6.358984256,3115
6.372114538,3141
6.385244821,3151
6.398375104,3098
6.411505386,3232
6.424635669,3143
6.437765952,3223
6.450896235,3074
6.464026517,3215
6.4771568,3151
6.490287083,3162
6.503417365,3087
6.516547648,3181
6.529677931,3154
6.542808213,3100
6.555938496,3050
6.569068779,3076
6.582199061,3114
6.595329344,3139
6.608459627,3246
6.621589909,3080
6.634720192,3119
6.647850475,3098
6.660980757,3112
6.67411104,3107
6.687241323,3135
6.700371605,3077
6.713501888,3128
6.726632171,3172
6.739762453,3101
6.752892736,3211
6.766023019,3148
6.779153301,3142
6.792283584,3183
6.805413867,3193
6.818544149,3135
6.831674432,3081
6.844804715,3150
6.857934997,3187
6.87106528,3062
6.884195563,3113
6.897325846,3008
6.910456128,3050
6.923586411,3192
6.936716694,3205
6.949846976,3093
6.962977259,3162
6.976107542,3043
6.989237824,3100
7.002368107,3121
7.01549839,3049
7.028628672,3097
7.041758955,3202
7.054889238,3094
7.06801952,3147
7.081149803,3210
7.094280086,3079
7.107410368,3087
7.120540651,3003
7.133670934,3044
7.146801216,3191
7.159931499,3288
7.173061782,3105
7.186192064,3153
7.199322347,3229
7.21245263,3098
7.225582912,3108
7.238713195,3107
7.251843478,3079
7.26497376,3196
7.278104043,3082
7.291234326,3023
7.304364609,3131
7.317494891,3043
7.330625174,3219
7.343755457,3139
7.356885739,3077
7.370016022,3123
7.383146305,3108
7.396276587,3162
7.40940687,3077
7.422537153,3113
7.435667435,3031
7.448797718,3117
7.461928001,3146
7.475058283,3159
7.488188566,3143
7.501318849,3158
7.514449131,3149
7.527579414,2944
7.540709697,3098
7.553839979,3026
7.566970262,3040
7.580100545,3088
7.593230827,3079
7.60636111,3095
7.619491393,3094
7.632621675,3081
7.645751958,2976
7.658882241,3004
7.672012523,3045
7.685142806,3109
7.698273089,3009
7.711403372,3052
7.724533654,2995
7.737663937,3109
7.75079422,3136
7.763924502,3221
7.777054785,3120
7.790185068,2998
7.80331535,3032
7.816445633,3065
7.829575916,3018
7.842706198,3063
7.855836481,3074
7.868966764,3105
7.882097046,3142
7.895227329,3057
7.908357612,3177
7.921487894,3040
7.934618177,3060
7.94774846,3051
7.960878742,3027
7.974009025,3177
7.987139308,2974
8.00026959,2965
8.013399873,3045
8.026530156,2991
8.039660438,3166
8.052790721,3119
8.065921004,3070
8.079051286,3007
8.092181569,3139
8.105311852,2990
8.118442135,3008
8.131572417,3034
8.1447027,2956
8.157832983,2985
8.170963265,2974
8.184093548,3004
8.197223831,2989
8.210354113,2957
8.223484396,2967
8.236614679,2946
8.249744961,2973
8.262875244,2973
8.276005527,3007
8.289135809,2965
8.302266092,2800
8.315396375,2905
8.328526657,2964
8.34165694,2981
8.354787223,3009
8.367917505,2963
8.381047788,2857
8.394178071,2972
8.407308353,2927
8.420438636,2990
8.433568919,2878
8.446699201,2925
8.459829484,2992
8.472959767,3090
8.486090049,2878
8.499220332,2871
8.512350615,2959
8.525480898,2972
8.53861118,2892
8.551741463,2842
8.564871746,2911
8.578002028,2932
8.591132311,2980
8.604262594,2838
8.617392876,2943
8.630523159,2855
8.643653442,2930
8.656783724,2849
8.669914007,2937
8.68304429,2805
8.696174572,2899
8.709304855,2819
8.722435138,2852
8.73556542,3008
8.748695703,2828
8.761825986,2824
8.774956268,2820
8.788086551,2802
8.801216834,2876
8.814347116,2870
8.827477399,2831
8.840607682,2952
8.853737964,2880
8.866868247,2844
8.87999853,2864
8.893128812,2889
8.906259095,2828
8.919389378,2859
8.932519661,2946
8.945649943,2943
8.958780226,2877
8.971910509,2800
8.985040791,2763
8.998171074,2829
9.011301357,2848
9.024431639,2971
9.037561922,2861
9.050692205,2850
9.063822487,2861
9.07695277,2784
9.090083053,2828
9.103213335,2732
9.116343618,2791
9.129473901,2773
9.142604183,2837
9.155734466,2757
9.168864749,2861
9.181995031,2807
9.195125314,2824
9.208255597,2880
9.221385879,2778
9.234516162,2842
9.247646445,2856
9.260776727,2866
9.27390701,2845
9.287037293,2665
9.300167575,2770
9.313297858,2764
9.326428141,2752
9.339558424,2738
9.352688706,2885
9.365818989,2762
9.378949272,2785
9.392079554,2751
9.405209837,2807
9.41834012,2736
9.431470402,2790
9.444600685,2853
9.457730968,2801
9.47086125,2821
9.483991533,2706
9.497121816,2803
9.510252098,2788
9.523382381,2834
9.536512664,2719
9.549642946,2714
9.562773229,2740
9.575903512,2760
9.589033794,2643
9.602164077,2700
9.61529436,2749
9.628424642,2773
9.641554925,2754
9.654685208,2731
9.66781549,2761
9.680945773,2762
9.694076056,2736
9.707206338,2728
9.720336621,2805
9.733466904,2732
9.746597187,2740
9.759727469,2626
9.772857752,2697
9.785988035,2561
9.799118317,2573
9.8122486,2741
9.825378883,2717
9.838509165,2644
9.851639448,2601
9.864769731,2670
9.877900013,2663
9.891030296,2615
9.904160579,2676
9.917290861,2619
9.930421144,2666
9.943551427,2577
9.956681709,2638
9.969811992,2724
9.982942275,2563
9.996072557,2632
10.00920284,2630
10.02233312,2666
10.03546341,2730
10.04859369,2638
10.06172397,2539
10.07485425,2601
10.08798454,2539
10.10111482,2727
10.1142451,2713
10.12737538,2614
10.14050567,2509
10.15363595,2571
10.16676623,2571
10.17989652,2630
10.1930268,2640
10.20615708,2633
10.21928736,2571
10.23241765,2665
10.24554793,2576
10.25867821,2588
10.27180849,2607
10.28493878,2531
10.29806906,2592
10.31119934,2542
10.32432962,2614
10.33745991,2690
10.35059019,2673
10.36372047,2580
10.37685076,2596
10.38998104,2554
10.40311132,2583
10.4162416,2596
10.42937189,2486
10.44250217,2621
10.45563245,2554
10.46876273,2447
10.48189302,2677
10.4950233,2645
10.50815358,2599
10.52128386,2487
10.53441415,2626
10.54754443,2525
10.56067471,2627
10.573805,2423
10.58693528,2440
10.60006556,2566
10.61319584,2543
10.62632613,2524
10.63945641,2470
10.65258669,2617
10.66571697,2534
10.67884726,2510
10.69197754,2468
10.70510782,2528
10.71823811,2526
10.73136839,2431
10.74449867,2538
10.75762895,2544
10.77075924,2600
10.78388952,2501
10.7970198,2538
10.81015008,2436
10.82328037,2428
10.83641065,2472
10.84954093,2484
10.86267121,2490
10.8758015,2423
10.88893178,2462
10.90206206,2476
10.91519235,2532
10.92832263,2446
10.94145291,2383
10.95458319,2377
10.96771348,2449
10.98084376,2436
10.99397404,2492
11.00710432,2367
11.02023461,2423
11.03336489,2502
11.04649517,2382
11.05962545,2335
11.07275574,2368
11.08588602,2338
11.0990163,2420
11.11214659,2360
11.12527687,2308
11.13840715,2429
11.15153743,2465
11.16466772,2386
11.177798,2453
11.19092828,2305
11.20405856,2423
11.21718885,2410
11.23031913,2402
11.24344941,2335
11.25657969,2398
11.26970998,2405
11.28284026,2443
11.29597054,2397
11.30910083,2398
11.32223111,2296
11.33536139,2357
11.34849167,2353
11.36162196,2317
11.37475224,2205
11.38788252,2425
11.4010128,2367
11.41414309,2346
11.42727337,2343
11.44040365,2369
11.45353394,2367
11.46666422,2379
11.4797945,2346
11.49292478,2473
11.50605507,2342
11.51918535,2383
11.53231563,2454
11.54544591,2361
11.5585762,2379
11.57170648,2295
11.58483676,2312
11.59796704,2312
11.61109733,2282
11.62422761,2261
11.63735789,2350
11.65048818,2261
11.66361846,2200
11.67674874,2309
11.68987902,2341
11.70300931,2269
11.71613959,2258
11.72926987,2270
11.74240015,2283
11.75553044,2294
11.76866072,2297
11.781791,2252
11.79492128,2215
11.80805157,2237
11.82118185,2244
11.83431213,2289
11.84744242,2245
11.8605727,2189
11.87370298,2231
11.88683326,2246
11.89996355,2197
11.91309383,2291
11.92622411,2273
11.93935439,2310
11.95248468,2253
11.96561496,2198
11.97874524,2297
11.99187552,2279
12.00500581,2183
12.01813609,2287
12.03126637,2304
12.04439666,2280
12.05752694,2257
12.07065722,2179
12.0837875,2301
12.09691779,2263
12.11004807,2295
12.12317835,2264
12.13630863,2314
12.14943892,2268
12.1625692,2239
12.17569948,2230
12.18882976,2229
12.20196005,2215
12.21509033,2176
12.22822061,2213
12.2413509,2254
12.25448118,2231
12.26761146,2275
12.28074174,2212
12.29387203,2177
12.30700231,2138
12.32013259,2222
12.33326287,2111
12.34639316,2172
12.35952344,2237
12.37265372,2272
12.38578401,2202
12.39891429,2157
12.41204457,2170
12.42517485,2153
12.43830514,2233
12.45143542,2273
12.4645657,2110
12.47769598,2168
12.49082627,2113
12.50395655,2219
12.51708683,2267
12.53021711,2222
12.5433474,2192
12.55647768,2226
12.56960796,2087
12.58273825,2210
12.59586853,2231
12.60899881,2170
12.62212909,2212
12.63525938,2090
12.64838966,2215
12.66151994,2083
12.67465022,2082
12.68778051,2086
12.70091079,2156
12.71404107,2146
12.72717135,2187
12.74030164,2202
12.75343192,2181
12.7665622,2154
12.77969249,2120
12.79282277,2082
12.80595305,2148
12.81908333,2134
12.83221362,2174
12.8453439,2190
12.85847418,2092
12.87160446,2133
12.88473475,2150
12.89786503,2127
12.91099531,2176
12.92412559,2087
12.93725588,2052
12.95038616,2052
12.96351644,2060
12.97664673,2084
12.98977701,2102
13.00290729,2108
13.01603757,2147
13.02916786,2113
13.04229814,2145
13.05542842,2145
13.0685587,2167
13.08168899,2044
13.09481927,2122
13.10794955,2105
13.12107984,2144
13.13421012,2046
13.1473404,2049
13.16047068,2102
13.17360097,2067
13.18673125,2030
13.19986153,2071
13.21299181,2075
13.2261221,2054
13.23925238,2086
13.25238266,2105
13.26551294,2037
13.27864323,2128
13.29177351,2111
13.30490379,2117
13.31803408,2122
13.33116436,2115
13.34429464,2090
13.35742492,2057
13.37055521,2007
13.38368549,2048
13.39681577,2167
13.40994605,2005
13.42307634,2081
13.43620662,2175
13.4493369,2101
13.46246718,2125
13.47559747,2049
13.48872775,1984
13.50185803,2040
13.51498832,2156
13.5281186,2020
13.54124888,2078
13.55437916,2040
13.56750945,2000
13.58063973,2065
13.59377001,2047
13.60690029,1968
13.62003058,1957
13.63316086,2065
13.64629114,2096
13.65942142,2158
13.67255171,2037
13.68568199,2023
13.69881227,2077
13.71194256,2063
13.72507284,1953
13.73820312,1905
13.7513334,2036
13.76446369,2075
13.77759397,2032
13.79072425,2051
13.80385453,2081
13.81698482,1985
13.8301151,2024
13.84324538,2113
13.85637566,2023
13.86950595,1991
13.88263623,1961
13.89576651,2030
13.9088968,2010
13.92202708,1973
13.93515736,1958
13.94828764,1899
13.96141793,1961
13.97454821,1962
13.98767849,2043
14.00080877,1983
14.01393906,1923
14.02706934,1995
14.04019962,2039
14.05332991,1994
14.06646019,1917
14.07959047,2043
14.09272075,1951
14.10585104,2043
14.11898132,1961
14.1321116,1922
14.14524188,2083
14.15837217,2022
14.17150245,2003
14.18463273,1902
14.19776301,1962
14.2108933,2014
14.22402358,1979
14.23715386,2042
14.25028415,1993
14.26341443,1962
14.27654471,2085
14.28967499,1998
14.30280528,1941
14.31593556,1975
14.32906584,1922
14.34219612,2003
14.35532641,2015
14.36845669,1978
14.38158697,2020
14.39471725,1946
14.40784754,1970
14.42097782,1982
14.4341081,1954
14.44723839,1990
14.46036867,1950
14.47349895,1993
14.48662923,1930
14.49975952,1944
14.5128898,1921
14.52602008,1841
14.53915036,1886
14.55228065,1976
14.56541093,1971
14.57854121,1970
14.59167149,1915
14.60480178,1837
14.61793206,1921
14.63106234,2041
14.64419263,1954
14.65732291,1933
14.67045319,1990
14.68358347,1924
14.69671376,1936
14.70984404,1919
14.72297432,1942
14.7361046,1909
14.74923489,2006
14.76236517,1916
14.77549545,1918
14.78862574,1925
14.80175602,1924
14.8148863,1934
14.82801658,1894
14.84114687,1917
14.85427715,1928
14.86740743,1892
14.88053771,1794
14.893668,1851
14.90679828,1904
14.91992856,1923
14.93305884,1871
14.94618913,1846
14.95931941,1890
14.97244969,1909
14.98557998,1883
14.99871026,1842
15.01184054,1874
15.02497082,1996
15.03810111,1802
15.05123139,1894
15.06436167,1918
15.07749195,1904
15.09062224,1835
15.10375252,1881
15.1168828,1929
15.13001308,1845
15.14314337,1957
15.15627365,1907
15.16940393,1937
15.18253422,1943
15.1956645,1882
15.20879478,1860
15.22192506,1903
15.23505535,1947
15.24818563,1926
15.26131591,1941
15.27444619,1933
15.28757648,1877
15.30070676,1901
15.31383704,1861
15.32696732,1889
15.34009761,1846
15.35322789,1960
15.36635817,1905
15.37948846,1850
15.39261874,1859
15.40574902,1899
15.4188793,1941
15.43200959,1839
15.44513987,1898
15.45827015,1783
15.47140043,1844
15.48453072,1876
15.497661,1804
15.51079128,1937
15.52392157,1929
15.53705185,1935
15.55018213,1906
15.56331241,1880
15.5764427,1802
15.58957298,1834
15.60270326,1744
15.61583354,1869
15.62896383,1832
15.64209411,1879
15.65522439,1893
15.66835467,1841
15.68148496,1792
15.69461524,1894
15.70774552,1852
15.72087581,1998
15.73400609,1871
15.74713637,1925
15.76026665,1902
15.77339694,1863
15.78652722,1934
15.7996575,1802
15.81278778,1736
15.82591807,1870
15.83904835,1764
15.85217863,1789
15.86530891,1777
15.8784392,1844
15.89156948,1838
15.90469976,1857
15.91783005,1859
15.93096033,1851
15.94409061,1860
15.95722089,1807
15.97035118,1823
15.98348146,1794
15.99661174,1853
16.00974202,1812
16.02287231,1852
16.03600259,1879
16.04913287,1830
16.06226315,1789
16.07539344,1785
16.08852372,1781
16.101654,1817
16.11478429,1853
16.12791457,1911
16.14104485,1865
16.15417513,1849
16.16730542,1787
16.1804357,1884
16.19356598,1865
16.20669626,1837
16.21982655,1827
16.23295683,1906
16.24608711,1927
16.25921739,1826
16.27234768,1783
16.28547796,1828
16.29860824,1885
16.31173853,1862
16.32486881,1868
16.33799909,1856
16.35112937,1825
16.36425966,1760
16.37738994,1757
16.39052022,1775
16.4036505,1862
16.41678079,1874
16.42991107,1836
16.44304135,1853
16.45617164,1842
16.46930192,1799
16.4824322,1811
16.49556248,1808
16.50869277,1821
16.52182305,1785
16.53495333,1895
16.54808361,1863
16.5612139,1805
16.57434418,1766
16.58747446,1883
16.60060474,1832
16.61373503,1848
16.62686531,1815
16.63999559,1812
16.65312588,1715
16.66625616,1734
16.67938644,1819
16.69251672,1763
16.70564701,1831
16.71877729,1814
16.73190757,1850
16.74503785,1835
16.75816814,1781
16.77129842,1747
16.7844287,1745
16.79755898,1842
16.81068927,1878
16.82381955,1871
16.83694983,1799
16.85008012,1927
16.8632104,1823
16.87634068,1826
16.88947096,1892
16.90260125,1792
16.91573153,1875
16.92886181,1774
16.94199209,1741
16.95512238,1808
16.96825266,1832
16.98138294,1811
16.99451322,1745
17.00764351,1742
17.02077379,1751
17.03390407,1767
17.04703436,1776
17.06016464,1767
17.07329492,1774
17.0864252,1817
17.09955549,1705
17.11268577,1732
17.12581605,1718
17.13894633,1752
17.15207662,1765
17.1652069,1825
17.17833718,1827
17.19146747,1843
17.20459775,1681
17.21772803,1765
17.23085831,1733
17.2439886,1816
17.25711888,1771
17.27024916,1817
17.28337944,1862
17.29650973,1746
17.30964001,1771
17.32277029,1765
17.33590057,1733
17.34903086,1754
17.36216114,1722
17.37529142,1690
17.38842171,1740
17.40155199,1723
17.41468227,1703
17.42781255,1663
17.44094284,1717
17.45407312,1774
17.4672034,1769
17.48033368,1715
17.49346397,1731
17.50659425,1740
17.51972453,1789
17.53285481,1695
17.5459851,1728
17.55911538,1761
17.57224566,1714
17.58537595,1696
17.59850623,1713
17.61163651,1716
17.62476679,1772
17.63789708,1683
17.65102736,1604
17.66415764,1723
17.67728792,1703
17.69041821,1778
17.70354849,1669
17.71667877,1664
17.72980905,1741
17.74293934,1676
17.75606962,1765
17.7691999,1719
17.78233019,1680
17.79546047,1695
17.80859075,1676
17.82172103,1697
17.83485132,1706
17.8479816,1721
17.86111188,1657
17.87424216,1676
17.88737245,1779
17.90050273,1766
17.91363301,1732
17.92676329,1684
17.93989358,1789
17.95302386,1791
17.96615414,1715
17.97928443,1619
17.99241471,1702
18.00554499,1711
18.01867527,1663
18.03180556,1690
18.04493584,1691
18.05806612,1670
18.0711964,1657
18.08432669,1773
18.09745697,1722
18.11058725,1693
18.12371754,1747
18.13684782,1645
18.1499781,1651
18.16310838,1757
18.17623867,1714
18.18936895,1708
18.20249923,1720
18.21562951,1663
18.2287598,1712
18.24189008,1702
18.25502036,1655
18.26815064,1741
18.28128093,1709
18.29441121,1696
18.30754149,1695
18.32067178,1732
18.33380206,1684
18.34693234,1723
18.36006262,1729
18.37319291,1663
18.38632319,1706
18.39945347,1646
18.41258375,1623
18.42571404,1705
18.43884432,1738
18.4519746,1721
18.46510488,1714
18.47823517,1674
18.49136545,1669
18.50449573,1696
18.51762602,1664
18.5307563,1671
18.54388658,1743
18.55701686,1664
18.57014715,1754
18.58327743,1717
18.59640771,1696
18.60953799,1764
18.62266828,1613
18.63579856,1703
18.64892884,1613
18.66205912,1674
18.67518941,1720
18.68831969,1775
18.70144997,1678
18.71458026,1702
18.72771054,1666
18.74084082,1620
18.7539711,1659
18.76710139,1723
18.78023167,1600
18.79336195,1644
18.80649223,1634
18.81962252,1620
18.8327528,1720
18.84588308,1698
18.85901337,1671
18.87214365,1719
18.88527393,1618
18.89840421,1674
18.9115345,1649
18.92466478,1662
18.93779506,1586
18.95092534,1653
18.96405563,1740
18.97718591,1646
18.99031619,1675
19.00344647,1692
19.01657676,1652
19.02970704,1653
19.04283732,1657
19.05596761,1714
19.06909789,1727
19.08222817,1670
19.09535845,1627
19.10848874,1611
19.12161902,1600
19.1347493,1558
19.14787958,1560
19.16100987,1687
19.17414015,1692
19.18727043,1625
19.20040071,1654
19.213531,1720
19.22666128,1722
19.23979156,1594
19.25292185,1572
19.26605213,1680
19.27918241,1628
19.29231269,1623
19.30544298,1618
19.31857326,1673
19.33170354,1659
19.34483382,1554
19.35796411,1663
19.37109439,1679
19.38422467,1648
19.39735495,1699
19.41048524,1588
19.42361552,1563
19.4367458,1622
19.44987609,1545
19.46300637,1629
19.47613665,1628
19.48926693,1546
19.50239722,1639
19.5155275,1595
19.52865778,1585
19.54178806,1594
19.55491835,1595
19.56804863,1595
19.58117891,1658
19.59430919,1651
19.60743948,1593
19.62056976,1579
19.63370004,1623
19.64683033,1581
19.65996061,1609
19.67309089,1598
19.68622117,1656
19.69935146,1564
19.71248174,1643
19.72561202,1686
19.7387423,1630
19.75187259,1673
19.76500287,1639
19.77813315,1614
19.79126344,1576
19.80439372,1613
19.817524,1580
19.83065428,1643
19.84378457,1662
19.85691485,1707
19.87004513,1674
19.88317541,1594
19.8963057,1551
19.90943598,1694
19.92256626,1520
19.93569654,1706
19.94882683,1652
19.96195711,1718
19.97508739,1611
19.98821768,1579
20.00134796,1590
20.01447824,1620
20.02760852,1603
20.04073881,1584
20.05386909,1576
20.06699937,1642
20.08012965,1593
20.09325994,1516
20.10639022,1545
20.1195205,1554
20.13265078,1533
20.14578107,1678
20.15891135,1625
20.17204163,1570
20.18517192,1551
20.1983022,1507
20.21143248,1620
20.22456276,1598
20.23769305,1695
20.25082333,1602
20.26395361,1565
20.27708389,1614
20.29021418,1637
20.30334446,1633
20.31647474,1572
20.32960502,1579
20.34273531,1643
20.35586559,1559
20.36899587,1579
20.38212616,1613
20.39525644,1637
20.40838672,1539
20.421517,1554
20.43464729,1574
20.44777757,1549
20.46090785,1565
20.47403813,1568
20.48716842,1571
20.5002987,1593
20.51342898,1564
20.52655927,1519
20.53968955,1574
20.55281983,1483
20.56595011,1530
20.5790804,1467
20.59221068,1558
20.60534096,1537
20.61847124,1507
20.63160153,1524
20.64473181,1550
20.65786209,1469
20.67099237,1593
20.68412266,1535
20.69725294,1524
20.71038322,1606
20.72351351,1573
20.73664379,1571
20.74977407,1596
20.76290435,1579
20.77603464,1609
20.78916492,1624
20.8022952,1614
20.81542548,1517
20.82855577,1486
20.84168605,1565
20.85481633,1574
20.86794661,1542
20.8810769,1613
20.89420718,1536
20.90733746,1481
20.92046775,1588
20.93359803,1570
20.94672831,1524
20.95985859,1531
20.97298888,1621
20.98611916,1562
20.99924944,1454
21.01237972,1539
21.02551001,1599
21.03864029,1599
21.05177057,1529
21.06490085,1438
21.07803114,1670
21.09116142,1587
21.1042917,1583
21.11742199,1562
21.13055227,1527
21.14368255,1597
21.15681283,1555
21.16994312,1588
21.1830734,1544
21.19620368,1548
21.20933396,1457
21.22246425,1471
21.23559453,1564
21.24872481,1574
21.26185509,1521
21.27498538,1545
21.28811566,1557
21.30124594,1533
21.31437623,1527
21.32750651,1528
21.34063679,1541
21.35376707,1567
21.36689736,1517
21.38002764,1601
21.39315792,1539
21.4062882,1524
21.41941849,1450
21.43254877,1468
21.44567905,1615
21.45880934,1509
21.47193962,1489
21.4850699,1498
21.49820018,1527
21.51133047,1544
21.52446075,1516
21.53759103,1608
21.55072131,1545
21.5638516,1485
21.57698188,1386
21.59011216,1492
21.60324244,1581
21.61637273,1511
21.62950301,1533
21.64263329,1525
21.65576358,1544
21.66889386,1559
21.68202414,1543
21.69515442,1634
21.70828471,1605
21.72141499,1495
21.73454527,1471
21.74767555,1535
21.76080584,1497
21.77393612,1523
21.7870664,1545
21.80019668,1483
21.81332697,1459
21.82645725,1532
21.83958753,1478
21.85271782,1537
21.8658481,1473
21.87897838,1557
21.89210866,1544
21.90523895,1524
21.91836923,1468
21.93149951,1532
21.94462979,1502
21.95776008,1526
21.97089036,1511
21.98402064,1499
21.99715092,1489
22.01028121,1535
22.02341149,1577
22.03654177,1524
22.04967206,1514
22.06280234,1454
22.07593262,1512
22.0890629,1501
22.10219319,1547
22.11532347,1477
22.12845375,1501
22.14158403,1461
22.15471432,1537
22.1678446,1546
22.18097488,1542
22.19410517,1473
22.20723545,1536
22.22036573,1528
22.23349601,1490
22.2466263,1540
22.25975658,1529
22.27288686,1499
22.28601714,1537
22.29914743,1504
22.31227771,1503
22.32540799,1498
22.33853827,1488
22.35166856,1522
22.36479884,1530
22.37792912,1475
22.39105941,1484
22.40418969,1547
22.41731997,1446
22.43045025,1548
22.44358054,1442
22.45671082,1513
22.4698411,1521
22.48297138,1523
22.49610167,1518
22.50923195,1519
22.52236223,1419
22.53549251,1438
22.5486228,1509
22.56175308,1557
22.57488336,1496
22.58801365,1506
22.60114393,1465
22.61427421,1520
22.62740449,1494
22.64053478,1537
22.65366506,1473
22.66679534,1455
22.67992562,1462
22.69305591,1493
22.70618619,1397
22.71931647,1496
22.73244675,1545
22.74557704,1512
22.75870732,1487
22.7718376,1482
22.78496789,1493
22.79809817,1486
22.81122845,1495
22.82435873,1494
22.83748902,1545
22.8506193,1499
22.86374958,1474
22.87687986,1436
22.89001015,1428
22.90314043,1440
22.91627071,1538
22.929401,1488
22.94253128,1521
22.95566156,1518
22.96879184,1479
22.98192213,1580
22.99505241,1504
23.00818269,1434
23.02131297,1469
23.03444326,1496
23.04757354,1489
23.06070382,1471
23.0738341,1493
23.08696439,1482
23.10009467,1465
23.11322495,1488
23.12635524,1480
23.13948552,1421
23.1526158,1466
23.16574608,1524
23.17887637,1480
23.19200665,1512
23.20513693,1478
23.21826721,1466
23.2313975,1476
23.24452778,1436
23.25765806,1443
23.27078834,1465
23.28391863,1386
23.29704891,1461
23.31017919,1449
23.32330948,1492
23.33643976,1484
23.34957004,1488
23.36270032,1422
23.37583061,1495
23.38896089,1460
23.40209117,1445
23.41522145,1438
23.42835174,1427
23.44148202,1473
23.4546123,1464
23.46774258,1415
23.48087287,1461
23.49400315,1472
23.50713343,1410
23.52026372,1440
23.533394,1409
23.54652428,1440
23.55965456,1352
23.57278485,1439
23.58591513,1446
23.59904541,1391
23.61217569,1412
23.62530598,1422
23.63843626,1472
23.65156654,1439
23.66469682,1385
23.67782711,1462
23.69095739,1412
23.70408767,1439
23.71721796,1365
23.73034824,1422
23.74347852,1408
23.7566088,1444
23.76973909,1431
23.78286937,1398
23.79599965,1440
23.80912993,1414
23.82226022,1427
23.8353905,1374
23.84852078,1442
23.86165107,1415
23.87478135,1366
23.88791163,1391
23.90104191,1390
23.9141722,1393
23.92730248,1435
23.94043276,1358
23.95356304,1411
23.96669333,1384
23.97982361,1384
23.99295389,1378
24.00608417,1296
24.01921446,1376
24.03234474,1378
24.04547502,1408
24.05860531,1436
24.07173559,1408
24.08486587,1423
24.09799615,1424
24.11112644,1354
24.12425672,1397
24.137387,1377
24.15051728,1344
24.16364757,1372
24.17677785,1365
24.18990813,1416
24.20303841,1362
24.2161687,1395
24.22929898,1408
24.24242926,1397
24.25555955,1338
24.26868983,1382
24.28182011,1398
24.29495039,1382
24.30808068,1362
24.32121096,1390
24.33434124,1412
24.34747152,1351
24.36060181,1371
24.37373209,1368
24.38686237,1297
24.39999265,1279
24.41312294,1335
24.42625322,1370
24.4393835,1372
24.45251379,1371
24.46564407,1454
24.47877435,1295
24.49190463,1356
24.50503492,1366
24.5181652,1390
24.53129548,1402
24.54442576,1398
24.55755605,1387
24.57068633,1378
24.58381661,1376
24.5969469,1370
24.61007718,1348
24.62320746,1337
24.63633774,1320
24.64946803,1285
24.66259831,1370
24.67572859,1338
24.68885887,1341
24.70198916,1395
24.71511944,1394
24.72824972,1337
24.74138,1436
24.75451029,1388
24.76764057,1368
24.78077085,1328
24.79390114,1365
24.80703142,1350
24.8201617,1356
24.83329198,1381
24.84642227,1356
24.85955255,1344
24.87268283,1289
24.88581311,1343
24.8989434,1342
24.91207368,1371
24.92520396,1356
24.93833424,1366
24.95146453,1330
24.96459481,1374
24.97772509,1396
24.99085538,1336
25.00398566,1346
25.01711594,1353
25.03024622,1360
25.04337651,1309
25.05650679,1439
25.06963707,1334
25.08276735,1340
25.09589764,1379
25.10902792,1304
25.1221582,1361
25.13528848,1386
25.14841877,1363
25.16154905,1319
25.17467933,1316
25.18780962,1389
25.2009399,1390
25.21407018,1347
25.22720046,1407
25.24033075,1462
25.25346103,1349
25.26659131,1399
25.27972159,1419
25.29285188,1385
25.30598216,1378
25.31911244,1423
25.33224272,1390
25.34537301,1478
25.35850329,1476
25.37163357,1370
25.38476386,1376
25.39789414,1462
25.41102442,1510
25.4241547,1441
25.43728499,1465
25.45041527,1484
25.46354555,1368
25.47667583,1421
25.48980612,1513
25.5029364,1483
25.51606668,1480
25.52919697,1498
25.54232725,1545
25.55545753,1570
25.56858781,1595
25.5817181,1499
25.59484838,1459
25.60797866,1585
25.62110894,1633
25.63423923,1620
25.64736951,1610
25.66049979,1624
25.67363007,1724
25.68676036,1631
25.69989064,1673
25.71302092,1690
25.72615121,1729
25.73928149,1765
25.75241177,1827
25.76554205,1855
25.77867234,1708
25.79180262,1804
25.8049329,1916
25.81806318,1820
25.83119347,1947
25.84432375,1847
25.85745403,1850
25.87058431,1826
25.8837146,1893
25.89684488,1860
25.90997516,1823
25.92310545,1771
25.93623573,1839
25.94936601,1752
25.96249629,1796
25.97562658,1829
25.98875686,1754
26.00188714,1736
26.01501742,1717
26.02814771,1662
26.04127799,1668
26.05440827,1662
26.06753855,1672
26.08066884,1593
26.09379912,1552
26.1069294,1611
26.12005969,1581
26.13318997,1450
26.14632025,1657
26.15945053,1593
26.17258082,1453
26.1857111,1562
26.19884138,1527
26.21197166,1508
26.22510195,1477
26.23823223,1502
26.25136251,1397
26.2644928,1412
26.27762308,1419
26.29075336,1391
26.30388364,1397
26.31701393,1448
26.33014421,1438
26.34327449,1389
26.35640477,1398
26.36953506,1408
26.38266534,1373
26.39579562,1389
26.4089259,1349
26.42205619,1302
26.43518647,1326
26.44831675,1304
26.46144704,1283
26.47457732,1339
26.4877076,1338
26.50083788,1349
26.51396817,1330
26.52709845,1322
26.54022873,1297
26.55335901,1308
26.5664893,1343
26.57961958,1322
26.59274986,1276
26.60588014,1336
26.61901043,1376
26.63214071,1319
26.64527099,1318
26.65840128,1243
26.67153156,1237
26.68466184,1280
26.69779212,1298
26.71092241,1265
26.72405269,1312
26.73718297,1303
26.75031325,1284
26.76344354,1308
26.77657382,1244
26.7897041,1208
26.80283438,1272
26.81596467,1283
26.82909495,1223
26.84222523,1228
26.85535552,1306
26.8684858,1266
26.88161608,1280
26.89474636,1236
26.90787665,1267
26.92100693,1268
26.93413721,1269
26.94726749,1150
26.96039778,1235
26.97352806,1298
26.98665834,1242
26.99978862,1205
27.01291891,1267
27.02604919,1248
27.03917947,1236
27.05230976,1232
27.06544004,1235
27.07857032,1229
27.0917006,1259
27.10483089,1272
27.11796117,1229
27.13109145,1259
27.14422173,1202
27.15735202,1250
27.1704823,1327
27.18361258,1203
27.19674287,1311
27.20987315,1291
27.22300343,1203
27.23613371,1243
27.249264,1225
27.26239428,1237
27.27552456,1254
27.28865484,1208
27.30178513,1181
27.31491541,1218
27.32804569,1182
27.34117597,1240
27.35430626,1256
27.36743654,1235
27.38056682,1266
27.39369711,1210
27.40682739,1251
27.41995767,1194
27.43308795,1287
27.44621824,1175
27.45934852,1158
27.4724788,1220
27.48560908,1312
27.49873937,1224
27.51186965,1233
27.52499993,1267
27.53813021,1204
27.5512605,1250
27.56439078,1254
27.57752106,1269
27.59065135,1220
27.60378163,1150
27.61691191,1230
27.63004219,1253
27.64317248,1240
27.65630276,1269
27.66943304,1236
27.68256332,1226
27.69569361,1203
27.70882389,1245
27.72195417,1279
27.73508445,1286
27.74821474,1233
27.76134502,1249
27.7744753,1252
27.78760559,1251
27.80073587,1297
27.81386615,1209
27.82699643,1299
27.84012672,1289
27.853257,1189
27.86638728,1220
27.87951756,1164
27.89264785,1240
27.90577813,1295
27.91890841,1275
27.9320387,1292
27.94516898,1316
27.95829926,1216
27.97142954,1333
27.98455983,1256
27.99769011,1231
28.01082039,1316
28.02395067,1247
28.03708096,1288
28.05021124,1247
28.06334152,1364
28.0764718,1304
28.08960209,1344
28.10273237,1263
28.11586265,1270
28.12899294,1275
28.14212322,1320
28.1552535,1356
28.16838378,1273
28.18151407,1385
28.19464435,1301
28.20777463,1302
28.22090491,1289
28.2340352,1273
28.24716548,1275
28.26029576,1366
28.27342604,1346
28.28655633,1369
28.29968661,1296
28.31281689,1304
28.32594718,1332
28.33907746,1343
28.35220774,1277
28.36533802,1393
28.37846831,1313
28.39159859,1260
28.40472887,1336
28.41785915,1257
28.43098944,1251
28.44411972,1330
28.45725,1252
28.47038028,1293
28.48351057,1307
28.49664085,1319
28.50977113,1261
28.52290142,1359
28.5360317,1281
28.54916198,1368
28.56229226,1330
28.57542255,1264
28.58855283,1280
28.60168311,1278
28.61481339,1356
28.62794368,1305
28.64107396,1263
28.65420424,1276
28.66733452,1281
28.68046481,1368
28.69359509,1325
28.70672537,1293
28.71985566,1339
28.73298594,1253
28.74611622,1299
28.7592465,1316
28.77237679,1257
28.78550707,1315
28.79863735,1307
28.81176763,1297
28.82489792,1332
28.8380282,1302
28.85115848,1279
28.86428877,1319
28.87741905,1264
28.89054933,1275
28.90367961,1328
28.9168099,1284
28.92994018,1309
28.94307046,1299
28.95620074,1308
28.96933103,1355
28.98246131,1313
28.99559159,1351
29.00872187,1312
29.02185216,1344
29.03498244,1315
29.04811272,1299
29.06124301,1290
29.07437329,1264
29.08750357,1312
29.10063385,1348
29.11376414,1350
29.12689442,1320
29.1400247,1302
29.15315498,1326
29.16628527,1297
29.17941555,1308
29.19254583,1326
29.20567611,1321
29.2188064,1406
29.23193668,1315
29.24506696,1296
29.25819725,1277
29.27132753,1403
29.28445781,1344
29.29758809,1301
29.31071838,1275
29.32384866,1235
29.33697894,1241
29.35010922,1285
29.36323951,1295
29.37636979,1282
29.38950007,1328
29.40263035,1243
29.41576064,1307
29.42889092,1272
29.4420212,1318
29.45515149,1307
29.46828177,1307
29.48141205,1355
29.49454233,1303
29.50767262,1287
29.5208029,1303
29.53393318,1300
29.54706346,1277
29.56019375,1337
29.57332403,1321
29.58645431,1319
29.5995846,1299
29.61271488,1256
29.62584516,1367
29.63897544,1276
29.65210573,1270
29.66523601,1213
29.67836629,1308
29.69149657,1256
29.70462686,1240
29.71775714,1204
29.73088742,1325
29.7440177,1278
29.75714799,1297
29.77027827,1299
29.78340855,1253
29.79653884,1230
29.80966912,1276
29.8227994,1257
29.83592968,1247
29.84905997,1254
29.86219025,1301
29.87532053,1307
29.88845081,1233
29.9015811,1237
29.91471138,1287
29.92784166,1295
29.94097194,1319
29.95410223,1278
29.96723251,1293
29.98036279,1319
29.99349308,1217
30.00662336,1203
30.01975364,1222
30.03288392,1230
30.04601421,1191
30.05914449,1340
30.07227477,1277
30.08540505,1229
30.09853534,1236
30.11166562,1218
30.1247959,1256
30.13792618,1283
30.15105647,1290
30.16418675,1265
30.17731703,1198
30.19044732,1299
30.2035776,1268
30.21670788,1224
30.22983816,1271
30.24296845,1282
30.25609873,1318
30.26922901,1310
30.28235929,1339
30.29548958,1328
30.30861986,1279
30.32175014,1316
30.33488042,1281
30.34801071,1287
30.36114099,1214
30.37427127,1302
30.38740156,1265
30.40053184,1318
30.41366212,1319
30.4267924,1343
30.43992269,1355
30.45305297,1386
30.46618325,1310
30.47931353,1385
30.49244382,1305
30.5055741,1416
30.51870438,1361
30.53183467,1355
30.54496495,1323
30.55809523,1359
30.57122551,1314
30.5843558,1398
30.59748608,1304
30.61061636,1398
30.62374664,1366
30.63687693,1327
30.65000721,1339
30.66313749,1390
30.67626777,1442
30.68939806,1421
30.70252834,1389
30.71565862,1309
30.72878891,1462
30.74191919,1408
30.75504947,1427
30.76817975,1409
30.78131004,1446
30.79444032,1491
30.8075706,1489
30.82070088,1467
30.83383117,1545
30.84696145,1546
30.86009173,1500
30.87322201,1502
30.8863523,1461
30.89948258,1567
30.91261286,1534
30.92574315,1560
30.93887343,1552
30.95200371,1516
30.96513399,1527
30.97826428,1527
30.99139456,1520
31.00452484,1583
31.01765512,1641
31.03078541,1560
31.04391569,1554
31.05704597,1604
31.07017625,1631
31.08330654,1581
31.09643682,1646
31.1095671,1641
31.12269739,1694
31.13582767,1718
31.14895795,1751
31.16208823,1733
31.17521852,1736
31.1883488,1754
31.20147908,1727
31.21460936,1727
31.22773965,1789
31.24086993,1739
31.25400021,1809
31.2671305,1834
31.28026078,1785
31.29339106,1837
31.30652134,1800
31.31965163,1907
31.33278191,1834
31.34591219,2008
31.35904247,2056
31.37217276,1919
31.38530304,1901
31.39843332,2011
31.4115636,1996
31.42469389,1953
31.43782417,1989
31.45095445,1999
31.46408474,2050
31.47721502,2048
31.4903453,2154
31.50347558,2155
31.51660587,2239
31.52973615,2129
31.54286643,2137
31.55599671,2177
31.569127,2148
31.58225728,2212
31.59538756,2230
31.60851784,2260
31.62164813,2199
31.63477841,2371
31.64790869,2287
31.66103898,2353
31.67416926,2388
31.68729954,2338
31.70042982,2333
31.71356011,2432
31.72669039,2459
31.73982067,2329
31.75295095,2481
31.76608124,2453
31.77921152,2523
31.7923418,2479
31.80547208,2591
31.81860237,2532
31.83173265,2593
31.84486293,2659
31.85799322,2550
31.8711235,2509
31.88425378,2553
31.89738406,2576
31.91051435,2619
31.92364463,2587
31.93677491,2611
31.94990519,2639
31.96303548,2604
31.97616576,2583
31.98929604,2666
32.00242633,2538
32.01555661,2592
32.02868689,2607
32.04181717,2695
32.05494746,2630
32.06807774,2612
32.08120802,2637
32.0943383,2570
32.10746859,2586
32.12059887,2675
32.13372915,2601
32.14685943,2547
32.15998972,2523
32.17312,2571
32.18625028,2610
32.19938057,2626
32.21251085,2583
32.22564113,2507
32.23877141,2554
32.2519017,2569
32.26503198,2439
32.27816226,2371
32.29129254,2454
32.30442283,2517
32.31755311,2409
32.33068339,2368
32.34381367,2415
32.35694396,2308
32.37007424,2326
32.38320452,2295
32.39633481,2298
32.40946509,2341
32.42259537,2325
32.43572565,2243
32.44885594,2276
32.46198622,2283
32.4751165,2254
32.48824678,2231
32.50137707,2214
32.51450735,2190
32.52763763,2227
32.54076791,2156
32.5538982,2125
32.56702848,2087
32.58015876,2108
32.59328905,2162
32.60641933,2094
32.61954961,2121
32.63267989,2080
32.64581018,2013
32.65894046,2117
32.67207074,2026
32.68520102,1956
32.69833131,2056
32.71146159,1968
32.72459187,1986
32.73772215,2045
32.75085244,1953
32.76398272,2024
32.777113,1881
32.79024329,1970
32.80337357,1925
32.81650385,1850
32.82963413,1916
32.84276442,1818
32.8558947,1825
32.86902498,1983
32.88215526,1860
32.89528555,1820
32.90841583,1800
32.92154611,1849
32.9346764,1849
32.94780668,1778
32.96093696,1797
32.97406724,1844
32.98719753,1779
33.00032781,1824
33.01345809,1824
33.02658837,1719
33.03971866,1784
33.05284894,1716
33.06597922,1793
33.0791095,1766
33.09223979,1795
33.10537007,1771
33.11850035,1695
33.13163064,1694
33.14476092,1650
33.1578912,1655
33.17102148,1695
33.18415177,1707
33.19728205,1648
33.21041233,1637
33.22354261,1619
33.2366729,1604
33.24980318,1610
33.26293346,1604
33.27606374,1644
33.28919403,1569
33.30232431,1622
33.31545459,1505
33.32858488,1647
33.34171516,1601
33.35484544,1604
33.36797572,1568
33.38110601,1574
33.39423629,1507
33.40736657,1525
33.42049685,1515
33.43362714,1497
33.44675742,1549
33.4598877,1467
33.47301798,1432
33.48614827,1543
33.49927855,1469
33.51240883,1525
33.52553912,1474
33.5386694,1465
33.55179968,1473
33.56492996,1417
33.57806025,1517
33.59119053,1442
33.60432081,1472
33.61745109,1354
33.63058138,1462
33.64371166,1464
33.65684194,1384
33.66997223,1443
33.68310251,1327
33.69623279,1438
33.70936307,1400
33.72249336,1431
33.73562364,1389
33.74875392,1374
33.7618842,1425
33.77501449,1472
33.78814477,1462
33.80127505,1387
33.81440533,1413
33.82753562,1389
33.8406659,1366
33.85379618,1381
33.86692647,1303
33.88005675,1351
33.89318703,1331
33.90631731,1349
33.9194476,1360
33.93257788,1315
33.94570816,1378
33.95883844,1323
33.97196873,1354
33.98509901,1405
33.99822929,1361
34.01135957,1308
34.02448986,1329
34.03762014,1313
34.05075042,1330
34.06388071,1346
34.07701099,1333
34.09014127,1239
34.10327155,1262
34.11640184,1325
34.12953212,1308
34.1426624,1342
34.15579268,1288
34.16892297,1265
34.18205325,1227
34.19518353,1334
34.20831381,1245
34.2214441,1209
34.23457438,1277
34.24770466,1293
34.26083495,1200
34.27396523,1185
34.28709551,1214
34.30022579,1182
34.31335608,1279
34.32648636,1228
34.33961664,1221
34.35274692,1173
34.36587721,1166
34.37900749,1177
34.39213777,1178
34.40526805,1184
34.41839834,1161
34.43152862,1169
34.4446589,1140
34.45778919,1190
34.47091947,1144
34.48404975,1096
34.49718003,1207
34.51031032,1122
34.5234406,1125
34.53657088,1158
34.54970116,1089
34.56283145,1119
34.57596173,1126
34.58909201,1082
34.6022223,1096
34.61535258,1080
34.62848286,1104
34.64161314,1092
34.65474343,1068
34.66787371,1012
34.68100399,1063
34.69413427,1096
34.70726456,997
34.72039484,1080
34.73352512,1089
34.7466554,1028
34.75978569,998
34.77291597,1052
34.78604625,1045
34.79917654,1052
34.81230682,1009
34.8254371,1030
34.83856738,1069
34.85169767,985
34.86482795,1062
34.87795823,965
34.89108851,927
34.9042188,984
34.91734908,987
34.93047936,993
34.94360964,1063
34.95673993,1055
34.96987021,1001
34.98300049,1039
34.99613078,1010
35.00926106,1007
35.02239134,1018
35.03552162,1064
35.04865191,961
35.06178219,978
35.07491247,1017
35.08804275,942
35.10117304,1056
35.11430332,1001
35.1274336,973
35.14056388,960
35.15369417,977
35.16682445,976
35.17995473,946
35.19308502,960
35.2062153,961
35.21934558,942
35.23247586,948
35.24560615,954
35.25873643,1006
35.27186671,961
35.28499699,926
35.29812728,969
35.31125756,989
35.32438784,1025
35.33751813,989
35.35064841,964
35.36377869,951
35.37690897,981
35.39003926,952
35.40316954,1007
35.41629982,896
35.4294301,916
35.44256039,944
35.45569067,940
35.46882095,925
35.48195123,983
35.49508152,866
35.5082118,958
35.52134208,945
35.53447237,953
35.54760265,982
35.56073293,936
35.57386321,889
35.5869935,946
35.60012378,982
35.61325406,987
35.62638434,928
35.63951463,905
35.65264491,880
35.66577519,896
35.67890547,885
35.69203576,883
35.70516604,901
35.71829632,971
35.73142661,958
35.74455689,938
35.75768717,905
35.77081745,949
35.78394774,930
35.79707802,935
35.8102083,905
35.82333858,931
35.83646887,908
35.84959915,913
35.86272943,950
35.87585971,944
35.88899,971
35.90212028,922
35.91525056,886
35.92838085,948
35.94151113,917
35.95464141,945
35.96777169,894
35.98090198,877
35.99403226,923
36.00716254,865
36.02029282,890
36.03342311,950
36.04655339,911
36.05968367,861
36.07281395,880
36.08594424,958
36.09907452,904
36.1122048,892
36.12533509,823
36.13846537,930
36.15159565,897
36.16472593,932
36.17785622,893
36.1909865,919
36.20411678,867
36.21724706,846
36.23037735,858
36.24350763,869
36.25663791,857
36.2697682,813
36.28289848,846
36.29602876,916
36.30915904,906
36.32228933,847
36.33541961,918
36.34854989,857
36.36168017,827
36.37481046,842
36.38794074,838
36.40107102,794
36.4142013,866
36.42733159,897
36.44046187,836
36.45359215,849
36.46672244,862
36.47985272,873
36.492983,840
36.50611328,881
36.51924357,810
36.53237385,908
36.54550413,810
36.55863441,841
36.5717647,858
36.58489498,853
36.59802526,870
36.61115554,809
36.62428583,805
36.63741611,894
36.65054639,803
36.66367668,806
36.67680696,876
36.68993724,860
36.70306752,858
36.71619781,825
36.72932809,799
36.74245837,825
36.75558865,860
36.76871894,879
36.78184922,856
36.7949795,847
36.80810978,812
36.82124007,812
36.83437035,866
36.84750063,856
36.86063092,838
36.8737612,829
36.88689148,814
36.90002176,841
36.91315205,802
36.92628233,824
36.93941261,833
36.95254289,835
36.96567318,809
36.97880346,879
36.99193374,861
37.00506403,771
37.01819431,844
37.03132459,816
37.04445487,856
37.05758516,836
37.07071544,861
37.08384572,870
37.096976,772
37.11010629,816
37.12323657,809
37.13636685,822
37.14949713,840
37.16262742,806
37.1757577,769
37.18888798,806
37.20201827,817
37.21514855,791
37.22827883,793
37.24140911,852
37.2545394,823
37.26766968,856
37.28079996,844
37.29393024,786
37.30706053,805
37.32019081,829
37.33332109,836
37.34645137,790
37.35958166,769
37.37271194,792
37.38584222,801
37.39897251,855
37.41210279,767
37.42523307,828
37.43836335,828
37.45149364,837
37.46462392,779
37.4777542,835
37.49088448,788
37.50401477,796
37.51714505,827
37.53027533,793
37.54340561,757
37.5565359,829
37.56966618,877
37.58279646,827
37.59592675,775
37.60905703,788
37.62218731,823
37.63531759,814
37.64844788,809
37.66157816,772
37.67470844,848
37.68783872,840
37.70096901,800
37.71409929,784
37.72722957,763
37.74035985,812
37.75349014,793
37.76662042,809
37.7797507,879
37.79288099,791
37.80601127,796
37.81914155,793
37.83227183,855
37.84540212,784
37.8585324,779
37.87166268,731
37.88479296,829
37.89792325,793
37.91105353,802
37.92418381,802
37.9373141,777
37.95044438,773
37.96357466,837
37.97670494,783
37.98983523,816
38.00296551,814
38.01609579,865
38.02922607,870
38.04235636,814
38.05548664,764
38.06861692,798
38.0817472,790
38.09487749,824
38.10800777,785
38.12113805,768
38.13426834,807
38.14739862,771
38.1605289,813
38.17365918,780
38.18678947,810
38.19991975,782
38.21305003,818
38.22618031,852
38.2393106,796
38.25244088,813
38.26557116,815
38.27870144,822
38.29183173,802
38.30496201,800
38.31809229,832
38.33122258,808
38.34435286,793
38.35748314,803
38.37061342,855
38.38374371,826
38.39687399,816
38.41000427,793
38.42313455,831
38.43626484,803
38.44939512,834
38.4625254,848
38.47565568,808
38.48878597,835
38.50191625,830
38.51504653,809
38.52817682,779
38.5413071,791
38.55443738,848
38.56756766,800
38.58069795,782
38.59382823,840
38.60695851,854
38.62008879,853
38.63321908,821
38.64634936,857
38.65947964,850
38.67260993,796
38.68574021,831
38.69887049,821
38.71200077,887
38.72513106,827
38.73826134,826
38.75139162,887
38.7645219,934
38.77765219,854
38.79078247,835
38.80391275,868
38.81704303,873
38.83017332,894
38.8433036,885
38.85643388,878
38.86956417,855
38.88269445,904
38.89582473,903
38.90895501,885
38.9220853,864
38.93521558,941
38.94834586,930
38.96147614,929
38.97460643,890
38.98773671,861
39.00086699,893
39.01399727,894
39.02712756,893
39.04025784,957
39.05338812,893
39.06651841,864
39.07964869,882
39.09277897,891
39.10590925,937
39.11903954,852
39.13216982,904
39.1453001,956
39.15843038,868
39.17156067,923
39.18469095,922
39.19782123,959
39.21095151,933
39.2240818,954
39.23721208,925
39.25034236,956
39.26347265,956
39.27660293,909
39.28973321,924
39.30286349,933
39.31599378,911
39.32912406,896
39.34225434,936
39.35538462,945
39.36851491,1045
39.38164519,909
39.39477547,975
39.40790575,927
39.42103604,946
39.43416632,910
39.4472966,985
39.46042689,971
39.47355717,931
39.48668745,923
39.49981773,946
39.51294802,970
39.5260783,990
39.53920858,897
39.55233886,953
39.56546915,969
39.57859943,919
39.59172971,969
39.60486,916
39.61799028,981
39.63112056,938
39.64425084,965
39.65738113,969
39.67051141,946
39.68364169,1019
39.69677197,1065
39.70990226,1004
39.72303254,993
39.73616282,1015
39.7492931,988
39.76242339,951
39.77555367,936
39.78868395,998
39.80181424,1009
39.81494452,1037
39.8280748,947
39.84120508,1011
39.85433537,914
39.86746565,981
39.88059593,1020
39.89372621,954
39.9068565,1025
39.91998678,1031
39.93311706,1032
39.94624734,1007
39.95937763,964
39.97250791,993
39.98563819,968
39.99876848,937
40.01189876,976
40.02502904,975
40.03815932,950
40.05128961,971
40.06441989,930
40.07755017,987
40.09068045,945
40.10381074,954
40.11694102,964
40.1300713,951
40.14320158,922
40.15633187,919
40.16946215,912
40.18259243,909
40.19572272,902
40.208853,866
40.22198328,963
40.23511356,904
40.24824385,916
40.26137413,883
40.27450441,921
40.28763469,936
40.30076498,888
40.31389526,951
40.32702554,893
40.34015583,917
40.35328611,945
40.36641639,893
40.37954667,882
40.39267696,908
40.40580724,899
40.41893752,943
40.4320678,932
40.44519809,909
40.45832837,867
40.47145865,886
40.48458893,908
40.49771922,852
40.5108495,866
40.52397978,839
40.53711007,861
40.55024035,912
40.56337063,900
40.57650091,814
40.5896312,906
40.60276148,896
40.61589176,853
40.62902204,851
40.64215233,874
40.65528261,901
40.66841289,864
40.68154317,880
40.69467346,840
40.70780374,795
40.72093402,812
40.73406431,824
40.74719459,845
40.76032487,786
40.77345515,809
40.78658544,823
40.79971572,850
40.812846,838
40.82597628,801
40.83910657,803
40.85223685,831
40.86536713,847
40.87849741,771
40.8916277,841
40.90475798,788
40.91788826,874
40.93101855,821
40.94414883,846
40.95727911,740
40.97040939,821
40.98353968,800
40.99666996,813
41.00980024,821
41.02293052,775
41.03606081,786
41.04919109,838
41.06232137,852
41.07545166,757
41.08858194,811
41.10171222,777
41.1148425,766
41.12797279,769
41.14110307,820
41.15423335,764
41.16736363,788
41.18049392,778
41.1936242,807
41.20675448,807
41.21988476,763
41.23301505,808
41.24614533,760
41.25927561,762
41.2724059,816
41.28553618,793
41.29866646,752
41.31179674,769
41.32492703,745
41.33805731,780
41.35118759,791
41.36431787,810
41.37744816,784
41.39057844,767
41.40370872,752
41.416839,775
41.42996929,759
41.44309957,738
41.45622985,801
41.46936014,764
41.48249042,761
41.4956207,757
41.50875098,742
41.52188127,734
41.53501155,716
41.54814183,762
41.56127211,845
41.5744024,790
41.58753268,760
41.60066296,797
41.61379324,785
41.62692353,774
41.64005381,792
41.65318409,786
41.66631438,745
41.67944466,764
41.69257494,743
41.70570522,782
41.71883551,738
41.73196579,795
41.74509607,746
41.75822635,732
41.77135664,745
41.78448692,838
41.7976172,757
41.81074748,738
41.82387777,795
41.83700805,796
41.85013833,736
41.86326862,767
41.8763989,795
41.88952918,786
41.90265946,786
41.91578975,747
41.92892003,783
41.94205031,771
41.95518059,704
41.96831088,775
41.98144116,734
41.99457144,787
42.00770173,751
42.02083201,743
42.03396229,761
42.04709257,741
42.06022286,750
42.07335314,699
42.08648342,755
42.0996137,754
42.11274399,817
42.12587427,770
42.13900455,746
42.15213483,762
42.16526512,737
42.1783954,791
42.19152568,741
42.20465597,763
42.21778625,776
42.23091653,841
42.24404681,769
42.2571771,829
42.27030738,762
42.28343766,762
42.29656794,733
42.30969823,756
42.32282851,765
42.33595879,733
42.34908907,749
42.36221936,753
42.37534964,771
42.38847992,774
42.40161021,800
42.41474049,723
42.42787077,752
42.44100105,735
42.45413134,707
42.46726162,750
42.4803919,750
42.49352218,718
42.50665247,713
42.51978275,729
42.53291303,678
42.54604331,689
42.5591736,724
42.57230388,748
42.58543416,709
42.59856445,743
42.61169473,760
42.62482501,673
42.63795529,780
42.65108558,740
42.66421586,753
42.67734614,717
42.69047642,755
42.70360671,753
42.71673699,709
42.72986727,689
42.74299756,743
42.75612784,718
42.76925812,753
42.7823884,752
42.79551869,761
42.80864897,779
42.82177925,730
42.83490953,683
42.84803982,669
42.8611701,687
42.87430038,702
42.88743066,724
42.90056095,698
42.91369123,750
42.92682151,736
42.9399518,706
42.95308208,713
42.96621236,729
42.97934264,706
42.99247293,706
43.00560321,726
43.01873349,783
43.03186377,720
43.04499406,711
43.05812434,734
43.07125462,670
43.0843849,700
43.09751519,732
43.11064547,760
43.12377575,690
43.13690604,694
43.15003632,719
43.1631666,697
43.17629688,720
43.18942717,692
43.20255745,690
43.21568773,725
43.22881801,687
43.2419483,702
43.25507858,699
43.26820886,740
43.28133914,720
43.29446943,695
43.30759971,739
43.32072999,741
43.33386028,766
43.34699056,749
43.36012084,737
43.37325112,734
43.38638141,742
43.39951169,717
43.41264197,740
43.42577225,735
43.43890254,735
43.45203282,733
43.4651631,741
43.47829338,731
43.49142367,745
43.50455395,727
43.51768423,728
43.53081452,754
43.5439448,785
43.55707508,723
43.57020536,679
43.58333565,756
43.59646593,735
43.60959621,719
43.62272649,694
43.63585678,759
43.64898706,774
43.66211734,705
43.67524763,745
43.68837791,818
43.70150819,758
43.71463847,748
43.72776876,779
43.74089904,755
43.75402932,759
43.7671596,733
43.78028989,695
43.79342017,729
43.80655045,762
43.81968073,732
43.83281102,693
43.8459413,747
43.85907158,743
43.87220187,750
43.88533215,818
43.89846243,719
43.91159271,777
43.924723,759
43.93785328,747
43.95098356,658
43.96411384,758
43.97724413,765
43.99037441,712
44.00350469,708
44.01663497,731
44.02976526,736
44.04289554,791
44.05602582,756
44.06915611,750
44.08228639,705
44.09541667,665
44.10854695,720
44.12167724,646
44.13480752,742
44.1479378,721
44.16106808,698
44.17419837,737
44.18732865,681
44.20045893,726
44.21358921,779
44.2267195,713
44.23984978,747
44.25298006,733
44.26611035,706
44.27924063,712
44.29237091,708
44.30550119,714
44.31863148,763
44.33176176,706
44.34489204,718
44.35802232,749
44.37115261,712
44.38428289,643
44.39741317,777
44.41054346,702
44.42367374,673
44.43680402,702
44.4499343,702
44.46306459,741
44.47619487,762
44.48932515,737
44.50245543,739
44.51558572,684
44.528716,693
44.54184628,728
44.55497656,710
44.56810685,735
44.58123713,712
44.59436741,739
44.6074977,682
44.62062798,708
44.63375826,749
44.64688854,715
44.66001883,736
44.67314911,738
44.68627939,719
44.69940967,712
44.71253996,637
44.72567024,661
44.73880052,733
44.7519308,757
44.76506109,692
44.77819137,707
44.79132165,735
44.80445194,695
44.81758222,672
44.8307125,725
44.84384278,724
44.85697307,687
44.87010335,656
44.88323363,684
44.89636391,694
44.9094942,759
44.92262448,732
44.93575476,724
44.94888504,674
44.96201533,680
44.97514561,722
44.98827589,730
45.00140618,724
45.01453646,734
45.02766674,755
45.04079702,727
45.05392731,706
45.06705759,726
45.08018787,699
45.09331815,749
45.10644844,666
45.11957872,768
45.132709,720
45.14583928,737
45.15896957,755
45.17209985,673
45.18523013,721
45.19836042,704
45.2114907,764
45.22462098,707
45.23775126,723
45.25088155,727
45.26401183,723
45.27714211,717
45.29027239,778
45.30340268,714
45.31653296,779
45.32966324,777
45.34279353,733
45.35592381,752
45.36905409,724
45.38218437,710
45.39531466,749
45.40844494,746
45.42157522,731
45.4347055,740
45.44783579,708
45.46096607,711
45.47409635,762
45.48722663,717
45.50035692,699
45.5134872,771
45.52661748,728
45.53974777,775
45.55287805,724
45.56600833,727
45.57913861,758
45.5922689,796
45.60539918,709
45.61852946,742
45.63165974,761
45.64479003,692
45.65792031,784
45.67105059,749
45.68418087,772
45.69731116,744
45.71044144,784
45.72357172,767
45.73670201,720
45.74983229,742
45.76296257,653
45.77609285,753
45.78922314,743
45.80235342,756
45.8154837,789
45.82861398,764
45.84174427,728
45.85487455,760
45.86800483,748
45.88113511,765
45.8942654,748
45.90739568,805
45.92052596,749
45.93365625,778
45.94678653,755
45.95991681,782
45.97304709,757
45.98617738,806
45.99930766,771
46.01243794,768
46.02556822,737
46.03869851,791
46.05182879,777
46.06495907,791
46.07808936,747
46.09121964,749
46.10434992,778
46.1174802,785
46.13061049,760
46.14374077,791
46.15687105,809
46.17000133,764
46.18313162,812
46.1962619,844
46.20939218,792
46.22252246,835
46.23565275,811
46.24878303,832
46.26191331,820
46.2750436,829
46.28817388,819
46.30130416,822
46.31443444,851
46.32756473,828
46.34069501,819
46.35382529,822
46.36695557,854
46.38008586,870
46.39321614,858
46.40634642,895
46.4194767,921
46.43260699,823
46.44573727,835
46.45886755,890
46.47199784,843
46.48512812,895
46.4982584,936
46.51138868,862
46.52451897,901
46.53764925,901
46.55077953,881
46.56390981,889
46.5770401,897
46.59017038,877
46.60330066,887
46.61643094,943
46.62956123,923
46.64269151,869
46.65582179,857
46.66895208,899
46.68208236,974
46.69521264,874
46.70834292,938
46.72147321,912
46.73460349,974
46.74773377,949
46.76086405,936
46.77399434,872
46.78712462,888
46.8002549,970
46.81338518,929
46.82651547,886
46.83964575,947
46.85277603,924
46.86590632,893
46.8790366,912
46.89216688,904
46.90529716,902
46.91842745,909
46.93155773,952
46.94468801,943
46.95781829,943
46.97094858,860
46.98407886,893
46.99720914,915
47.01033943,931
47.02346971,904
47.03659999,890
47.04973027,906
47.06286056,922
47.07599084,931
47.08912112,877
47.1022514,895
47.11538169,820
47.12851197,845
47.14164225,870
47.15477253,899
47.16790282,865
47.1810331,809
47.19416338,846
47.20729367,850
47.22042395,820
47.23355423,841
47.24668451,836
47.2598148,867
47.27294508,890
47.28607536,904
47.29920564,805
47.31233593,848
47.32546621,842
47.33859649,814
47.35172677,814
47.36485706,840
47.37798734,820
47.39111762,862
47.40424791,775
47.41737819,807
47.43050847,873
47.44363875,788
47.45676904,784
47.46989932,823
47.4830296,818
47.49615988,790
47.50929017,800
47.52242045,802
47.53555073,807
47.54868101,862
47.5618113,796
47.57494158,778
47.58807186,793
47.60120215,869
47.61433243,808
47.62746271,829
47.64059299,828
47.65372328,827
47.66685356,812
47.67998384,821
47.69311412,866
47.70624441,786
47.71937469,857
47.73250497,869
47.74563526,852
47.75876554,843
47.77189582,843
47.7850261,871
47.79815639,891
47.81128667,833
47.82441695,827
47.83754723,843
47.85067752,808
47.8638078,803
47.87693808,841
47.89006836,874
47.90319865,798
47.91632893,787
47.92945921,849
47.9425895,849
47.95571978,813
47.96885006,832
47.98198034,822
47.99511063,827
48.00824091,800
48.02137119,893
48.03450147,869
48.04763176,831
48.06076204,859
48.07389232,796
48.0870226,867
48.10015289,839
48.11328317,789
48.12641345,858
48.13954374,812
48.15267402,822
48.1658043,777
48.17893458,928
48.19206487,780
48.20519515,835
48.21832543,783
48.23145571,806
48.244586,791
48.25771628,829
48.27084656,881
48.28397684,899
48.29710713,838
48.31023741,753
48.32336769,791
48.33649798,797
48.34962826,891
48.36275854,832
48.37588882,816
48.38901911,772
48.40214939,802
48.41527967,822
48.42840995,837
48.44154024,810
48.45467052,837
48.4678008,820
48.48093109,817
48.49406137,802
48.50719165,817
48.52032193,841
48.53345222,864
48.5465825,766
48.55971278,755
48.57284306,835
48.58597335,810
48.59910363,838
48.61223391,790
48.62536419,831
48.63849448,852
48.65162476,795
48.66475504,831
48.67788533,765
48.69101561,800
48.70414589,742
48.71727617,838
48.73040646,767
48.74353674,769
48.75666702,751
48.7697973,815
48.78292759,812
48.79605787,792
48.80918815,808
48.82231843,806
48.83544872,846
48.848579,814
48.86170928,873
48.87483957,885
48.88796985,786
48.90110013,818
48.91423041,867
48.9273607,811
48.94049098,839
48.95362126,820
48.96675154,819
48.97988183,832
48.99301211,850
49.00614239,857
49.01927267,798
49.03240296,855
49.04553324,843
49.05866352,817
49.07179381,859
49.08492409,868
49.09805437,908
49.11118465,948
49.12431494,918
49.13744522,879
49.1505755,834
49.16370578,907
49.17683607,885
49.18996635,957
49.20309663,918
49.21622691,926
49.2293572,884
49.24248748,891
49.25561776,909
49.26874805,913
49.28187833,910
49.29500861,955
49.30813889,915
49.32126918,907
49.33439946,896
49.34752974,945
49.36066002,901
49.37379031,903
49.38692059,920
49.40005087,1004
49.41318116,954
49.42631144,913
49.43944172,961
49.452572,911
49.46570229,923
49.47883257,960
49.49196285,977
49.50509313,963
49.51822342,1020
49.5313537,976
49.54448398,950
49.55761426,986
49.57074455,931
49.58387483,981
49.59700511,928
49.6101354,938
49.62326568,920
49.63639596,945
49.64952624,913
49.66265653,931
49.67578681,937
49.68891709,918
49.70204737,937
49.71517766,916
49.72830794,922
49.74143822,894
49.7545685,895
49.76769879,914
49.78082907,923
49.79395935,870
49.80708964,930
49.82021992,928
49.8333502,841
49.84648048,912
49.85961077,862
49.87274105,891
49.88587133,904
49.89900161,855
49.9121319,835
49.92526218,844
49.93839246,926
49.95152274,848
49.96465303,881
49.97778331,863
49.99091359,898
50.00404388,836
50.01717416,837
50.03030444,884
50.04343472,859
50.05656501,836
50.06969529,851
50.08282557,849
50.09595585,797
50.10908614,803
50.12221642,869
50.1353467,799
50.14847699,826
50.16160727,856
50.17473755,852
50.18786783,813
50.20099812,819
50.2141284,805
50.22725868,840
50.24038896,841
50.25351925,717
50.26664953,839
50.27977981,811
50.29291009,851
50.30604038,794
50.31917066,829
50.33230094,859
50.34543123,877
50.35856151,824
50.37169179,840
50.38482207,814
50.39795236,824
50.41108264,828
50.42421292,792
50.4373432,803
50.45047349,851
50.46360377,750
50.47673405,819
50.48986433,826
50.50299462,828
50.5161249,773
50.52925518,836
50.54238547,794
50.55551575,830
50.56864603,763
50.58177631,813
50.5949066,853
50.60803688,826
50.62116716,844
50.63429744,838
50.64742773,806
50.66055801,838
50.67368829,776
50.68681857,806
50.69994886,784
50.71307914,802
50.72620942,768
50.73933971,847
50.75246999,802
50.76560027,769
50.77873055,751
50.79186084,841
50.80499112,796
50.8181214,816
50.83125168,700
50.84438197,802
50.85751225,749
50.87064253,808
50.88377281,728
50.8969031,872
50.91003338,826
50.92316366,804
50.93629395,731
50.94942423,844
50.96255451,739
50.97568479,789
50.98881508,776
51.00194536,802
51.01507564,812
51.02820592,751
51.04133621,787
51.05446649,760
51.06759677,805
51.08072706,779
51.09385734,747
51.10698762,812
51.1201179,799
51.13324819,729
51.14637847,825
51.15950875,770
51.17263903,745
51.18576932,768
51.1988996,778
51.21202988,751
51.22516016,792
51.23829045,751
51.25142073,751
51.26455101,750
51.2776813,782
51.29081158,809
51.30394186,796
51.31707214,784
51.33020243,734
51.34333271,761
51.35646299,762
51.36959327,732
51.38272356,754
51.39585384,789
51.40898412,745
51.4221144,716
51.43524469,795
51.44837497,734
51.46150525,721
51.47463554,760
51.48776582,772
51.5008961,738
51.51402638,805
51.52715667,764
51.54028695,771
51.55341723,744
51.56654751,725
51.5796778,752
51.59280808,712
51.60593836,775
51.61906864,715
51.63219893,723
51.64532921,767
51.65845949,691
51.67158978,748
51.68472006,776
51.69785034,783
51.71098062,718
51.72411091,816
51.73724119,740
51.75037147,724
51.76350175,738
51.77663204,742
51.78976232,730
51.8028926,791
51.81602289,741
51.82915317,763
51.84228345,736
51.85541373,733
51.86854402,712
51.8816743,720
51.89480458,753
51.90793486,748
51.92106515,737
51.93419543,696
51.94732571,719
51.96045599,742
51.97358628,682
51.98671656,709
51.99984684,763
52.01297713,751
52.02610741,685
52.03923769,719
52.05236797,739
52.06549826,750
52.07862854,763
52.09175882,720
52.1048891,711
52.11801939,717
52.13114967,753
52.14427995,712
52.15741023,735
52.17054052,703
52.1836708,698
52.19680108,667
52.20993137,694
52.22306165,666
52.23619193,674
52.24932221,677
52.2624525,683
52.27558278,709
52.28871306,691
52.30184334,685
52.31497363,753
52.32810391,691
52.34123419,685
52.35436447,676
52.36749476,648
52.38062504,674
52.39375532,697
52.40688561,659
52.42001589,693
52.43314617,627
52.44627645,675
52.45940674,670
52.47253702,690
52.4856673,611
52.49879758,663
52.51192787,652
52.52505815,715
52.53818843,737
52.55131871,651
52.564449,668
52.57757928,679
52.59070956,737
52.60383985,678
52.61697013,633
52.63010041,658
52.64323069,630
52.65636098,635
52.66949126,663
52.68262154,668
52.69575182,668
52.70888211,666
52.72201239,701
52.73514267,662
52.74827296,641
52.76140324,664
52.77453352,666
52.7876638,706
52.80079409,727
52.81392437,735
52.82705465,702
52.84018493,675
52.85331522,680
52.8664455,648
52.87957578,659
52.89270606,673
52.90583635,690
52.91896663,662
52.93209691,722
52.9452272,689
52.95835748,716
52.97148776,682
52.98461804,723
52.99774833,706
53.01087861,766
53.02400889,719
53.03713917,674
53.05026946,674
53.06339974,689
53.07653002,717
53.0896603,725
53.10279059,737
53.11592087,696
53.12905115,783
53.14218144,785
53.15531172,718
53.168442,757
53.18157228,718
53.19470257,764
53.20783285,727
53.22096313,737
53.23409341,758
53.2472237,727
53.26035398,751
53.27348426,696
53.28661454,694
53.29974483,632
53.31287511,716
53.32600539,679
53.33913568,701
53.35226596,676
53.36539624,652
53.37852652,658
53.39165681,659
53.40478709,629
53.41791737,642
53.43104765,654
53.44417794,631
53.45730822,627
53.4704385,600
53.48356879,619
53.49669907,661
53.50982935,643
53.52295963,628
53.53608992,572
53.5492202,605
53.56235048,589
53.57548076,558
53.58861105,599
53.60174133,588
53.61487161,620
53.62800189,562
53.64113218,552
53.65426246,571
53.66739274,549
53.68052303,613
53.69365331,594
53.70678359,582
53.71991387,544
53.73304416,566
53.74617444,533
53.75930472,593
53.772435,566
53.78556529,584
53.79869557,565
53.81182585,574
53.82495613,522
53.83808642,546
53.8512167,522
53.86434698,562
53.87747727,560
53.89060755,546
53.90373783,570
53.91686811,523
53.9299984,500
53.94312868,587
53.95625896,574
53.96938924,550
53.98251953,539
53.99564981,572
54.00878009,538
54.02191037,521
54.03504066,549
54.04817094,566
54.06130122,571
54.07443151,516
54.08756179,502
54.10069207,499
54.11382235,524
54.12695264,537
54.14008292,501
54.1532132,535
54.16634348,540
54.17947377,487
54.19260405,513
54.20573433,504
54.21886461,526
54.2319949,509
54.24512518,482
54.25825546,540
54.27138575,508
54.28451603,492
54.29764631,523
54.31077659,552
54.32390688,547
54.33703716,514
54.35016744,489
54.36329772,524
54.37642801,553
54.38955829,537
54.40268857,553
54.41581886,552
54.42894914,521
54.44207942,526
54.4552097,512
54.46833999,526
54.48147027,535
54.49460055,536
54.50773083,508
54.52086112,538
54.5339914,556
54.54712168,543
54.56025196,477
54.57338225,499
54.58651253,517
54.59964281,499
54.6127731,506
54.62590338,502
54.63903366,483
54.65216394,512
54.66529423,516
54.67842451,512
54.69155479,506
54.70468507,503
54.71781536,460
54.73094564,530
54.74407592,514
54.7572062,532
54.77033649,517
54.78346677,484
54.79659705,494
54.80972734,497
54.82285762,548
54.8359879,520
54.84911818,488
54.86224847,481
54.87537875,455
54.88850903,504
54.90163931,488
54.9147696,498
54.92789988,494
54.94103016,500
54.95416044,526
54.96729073,498
54.98042101,510
54.99355129,518
55.00668158,479
55.01981186,420
55.03294214,522
55.04607242,507
55.05920271,474
55.07233299,485
55.08546327,488
55.09859355,534
55.11172384,448
55.12485412,513
55.1379844,505
55.15111469,444
55.16424497,467
55.17737525,491
55.19050553,520
55.20363582,473
55.2167661,484
55.22989638,510
55.24302666,500
55.25615695,453
55.26928723,475
55.28241751,480
55.29554779,499
55.30867808,461
55.32180836,501
55.33493864,523
55.34806893,502
55.36119921,513
55.37432949,511
55.38745977,477
55.40059006,502
55.41372034,519
55.42685062,520
55.4399809,499
55.45311119,471
55.46624147,501
55.47937175,503
55.49250203,526
55.50563232,480
55.5187626,478
55.53189288,542
55.54502317,523
55.55815345,541
55.57128373,492
55.58441401,514
55.5975443,518
55.61067458,492
55.62380486,509
55.63693514,530
55.65006543,507
55.66319571,517
55.67632599,529
55.68945627,463
55.70258656,494
55.71571684,535
55.72884712,506
55.74197741,512
55.75510769,511
55.76823797,514
55.78136825,502
55.79449854,500
55.80762882,559
55.8207591,499
55.83388938,492
55.84701967,510
55.86014995,503
55.87328023,495
55.88641051,509
55.8995408,511
55.91267108,495
55.92580136,509
55.93893165,472
55.95206193,508
55.96519221,499
55.97832249,470
55.99145278,445
56.00458306,497
56.01771334,498
56.03084362,491
56.04397391,514
56.05710419,529
56.07023447,529
56.08336476,516
56.09649504,479
56.10962532,454
56.1227556,509
56.13588589,482
56.14901617,502
56.16214645,475
56.17527673,503
56.18840702,549
56.2015373,507
56.21466758,459
56.22779786,547
56.24092815,549
56.25405843,532
56.26718871,473
56.280319,459
56.29344928,505
56.30657956,521
56.31970984,477
56.33284013,516
56.34597041,488
56.35910069,521
56.37223097,469
56.38536126,557
56.39849154,490
56.41162182,468
56.4247521,478
56.43788239,536
56.45101267,537
56.46414295,516
56.47727324,540
56.49040352,530
56.5035338,495
56.51666408,514
56.52979437,525
56.54292465,485
56.55605493,451
56.56918521,486
56.5823155,466
56.59544578,476
56.60857606,503
56.62170634,536
56.63483663,479
56.64796691,501
56.66109719,481
56.67422748,501
56.68735776,515
56.70048804,515
56.71361832,519
56.72674861,503
56.73987889,512
56.75300917,477
56.76613945,462
56.77926974,498
56.79240002,522
56.8055303,471
56.81866059,473
56.83179087,492
56.84492115,481
56.85805143,521
56.87118172,506
56.884312,498
56.89744228,494
56.91057256,490
56.92370285,484
56.93683313,473
56.94996341,485
56.96309369,521
56.97622398,488
56.98935426,497
57.00248454,555
57.01561483,498
57.02874511,483
57.04187539,493
57.05500567,503
57.06813596,454
57.08126624,477
57.09439652,508
57.1075268,490
57.12065709,503
57.13378737,505
57.14691765,462
57.16004793,488
57.17317822,519
57.1863085,510
57.19943878,494
57.21256907,536
57.22569935,465
57.23882963,499
57.25195991,531
57.2650902,509
57.27822048,507
57.29135076,488
57.30448104,531
57.31761133,515
57.33074161,476
57.34387189,496
57.35700217,575
57.37013246,525
57.38326274,506
57.39639302,457
57.40952331,505
57.42265359,496
57.43578387,503
57.44891415,499
57.46204444,506
57.47517472,460
57.488305,500
57.50143528,507
57.51456557,478
57.52769585,537
57.54082613,469
57.55395642,461
57.5670867,492
57.58021698,494
57.59334726,453
57.60647755,495
57.61960783,477
57.63273811,454
57.64586839,469
57.65899868,483
57.67212896,499
57.68525924,456
57.69838952,460
57.71151981,465
57.72465009,490
57.73778037,507
57.75091066,462
57.76404094,466
57.77717122,516
57.7903015,489
57.80343179,472
57.81656207,513
57.82969235,469
57.84282263,493
57.85595292,488
57.8690832,472
57.88221348,432
57.89534376,441
57.90847405,460
57.92160433,450
57.93473461,478
57.9478649,453
57.96099518,473
57.97412546,471
57.98725574,484
58.00038603,483
58.01351631,502
58.02664659,487
58.03977687,467
58.05290716,505
58.06603744,455
58.07916772,509
58.092298,494
58.10542829,494
58.11855857,473
58.13168885,442
58.14481914,448
58.15794942,475
58.1710797,472
58.18420998,504
58.19734027,503
58.21047055,450
58.22360083,447
58.23673111,481
58.2498614,485
58.26299168,492
58.27612196,496
58.28925224,492
58.30238253,493
58.31551281,466
58.32864309,450
58.34177338,484
58.35490366,489
58.36803394,448
58.38116422,478
58.39429451,460
58.40742479,498
58.42055507,487
58.43368535,461
58.44681564,474
58.45994592,460
58.4730762,484
58.48620649,495
58.49933677,457
58.51246705,462
58.52559733,408
58.53872762,439
58.5518579,490
58.56498818,491
58.57811846,495
58.59124875,492
58.60437903,465
58.61750931,469
58.63063959,495
58.64376988,471
58.65690016,456
58.67003044,482
58.68316073,494
58.69629101,468
58.70942129,434
58.72255157,477
58.73568186,463
58.74881214,497
58.76194242,470
58.7750727,448
58.78820299,483
58.80133327,512
58.81446355,473
58.82759383,441
58.84072412,418
58.8538544,492
58.86698468,453
58.88011497,471
58.89324525,436
58.90637553,444
58.91950581,482
58.9326361,464
58.94576638,452
58.95889666,491
58.97202694,482
58.98515723,470
58.99828751,504
59.01141779,484
59.02454807,464
59.03767836,489
59.05080864,466
59.06393892,492
59.07706921,493
59.09019949,498
59.10332977,488
59.11646005,505
59.12959034,453
59.14272062,451
59.1558509,466
59.16898118,478
59.18211147,463
59.19524175,493
59.20837203,492
59.22150232,446
59.2346326,428
59.24776288,466
59.26089316,464
59.27402345,438
59.28715373,444
59.30028401,475
59.31341429,472
59.32654458,448
59.33967486,479
59.35280514,455
59.36593542,493
59.37906571,445
59.39219599,436
59.40532627,480
59.41845656,465
59.43158684,481
59.44471712,456
59.4578474,480
59.47097769,464
59.48410797,462
59.49723825,474
59.51036853,463
59.52349882,460
59.5366291,474
59.54975938,492
59.56288966,477
59.57601995,483
59.58915023,481
59.60228051,445
59.6154108,478
59.62854108,453
59.64167136,442
59.65480164,481
59.66793193,440
59.68106221,467
59.69419249,508
59.70732277,456
59.72045306,481
59.73358334,485
59.74671362,440
59.7598439,491
59.77297419,471
59.78610447,451
59.79923475,470
59.81236504,476
59.82549532,491
59.8386256,441
59.85175588,500
59.86488617,470
59.87801645,456
59.89114673,491
59.90427701,506
59.9174073,474
59.93053758,467
59.94366786,484
59.95679814,463
59.96992843,473
59.98305871,482
59.99618899,479
60.00931928,473
60.02244956,476
60.03557984,472
60.04871012,484
60.06184041,473
60.07497069,526
60.08810097,477
60.10123125,484
60.11436154,500
60.12749182,493
60.1406221,448
60.15375239,478
60.16688267,464
60.18001295,471
60.19314323,448
60.20627352,469
60.2194038,481
60.23253408,445
60.24566436,435
60.25879465,469
60.27192493,450
60.28505521,455
60.29818549,494
60.31131578,511
60.32444606,438
60.33757634,458
60.35070663,501
60.36383691,517
60.37696719,458
60.39009747,443
60.40322776,462
60.41635804,465
60.42948832,489
60.4426186,466
60.45574889,506
60.46887917,459
60.48200945,418
60.49513973,472
60.50827002,470
60.5214003,474
60.53453058,458
60.54766087,493
60.56079115,525
60.57392143,438
60.58705171,492
60.600182,449
60.61331228,496
60.62644256,464
60.63957284,465
60.65270313,455
60.66583341,459
60.67896369,492
60.69209397,500
60.70522426,476
60.71835454,469
60.73148482,475
60.74461511,516
60.75774539,478
60.77087567,474
60.78400595,468
60.79713624,481
60.81026652,490
60.8233968,449
60.83652708,447
60.84965737,419
60.86278765,443
60.87591793,462
60.88904822,477
60.9021785,489
60.91530878,482
60.92843906,459
60.94156935,479
60.95469963,473
60.96782991,470
60.98096019,478
60.99409048,493
61.00722076,477
61.02035104,477
61.03348132,478
61.04661161,480
61.05974189,475
61.07287217,487
61.08600246,508
61.09913274,520
61.11226302,472
61.1253933,460
61.13852359,488
61.15165387,429
61.16478415,435
61.17791443,477
61.19104472,511
61.204175,471
61.21730528,502
61.23043556,479
61.24356585,440
61.25669613,457
61.26982641,495
61.2829567,481
61.29608698,495
61.30921726,480
61.32234754,500
61.33547783,477
61.34860811,506
61.36173839,494
61.37486867,486
61.38799896,452
61.40112924,464
61.41425952,495
61.4273898,504
61.44052009,511
61.45365037,538
61.46678065,508
61.47991094,517
61.49304122,491
61.5061715,509
61.51930178,501
61.53243207,497
61.54556235,498
61.55869263,477
61.57182291,519
61.5849532,477
61.59808348,468
61.61121376,471
61.62434404,514
61.63747433,503
61.65060461,495
61.66373489,502
61.67686518,512
61.68999546,527
61.70312574,450
61.71625602,504
61.72938631,473
61.74251659,476
61.75564687,490
61.76877715,477
61.78190744,508
61.79503772,514
61.808168,504
61.82129829,483
61.83442857,533
61.84755885,511
61.86068913,495
61.87381942,504
61.8869497,486
61.90007998,440
61.91321026,485
61.92634055,503
61.93947083,479
61.95260111,485
61.96573139,494
61.97886168,488
61.99199196,451
62.00512224,490
62.01825253,499
62.03138281,487
62.04451309,474
62.05764337,485
62.07077366,492
62.08390394,503
62.09703422,505
62.1101645,493
62.12329479,483
62.13642507,483
62.14955535,470
62.16268563,432
62.17581592,479
62.1889462,484
62.20207648,516
62.21520677,511
62.22833705,513
62.24146733,521
62.25459761,462
62.2677279,488
62.28085818,479
62.29398846,502
62.30711874,452
62.32024903,467
62.33337931,513
62.34650959,464
62.35963987,475
62.37277016,421
62.38590044,462
62.39903072,524
62.41216101,476
62.42529129,515
62.43842157,530
62.45155185,477
62.46468214,485
62.47781242,473
62.4909427,472
62.50407298,490
62.51720327,481
62.53033355,454
62.54346383,457
62.55659412,452
62.5697244,523
62.58285468,497
62.59598496,527
62.60911525,471
62.62224553,467
62.63537581,491
62.64850609,490
62.66163638,461
62.67476666,465
62.68789694,487
62.70102722,524
62.71415751,460
62.72728779,492
62.74041807,487
62.75354836,506
62.76667864,492
62.77980892,467
62.7929392,467
62.80606949,463
62.81919977,457
62.83233005,464
62.84546033,454
62.85859062,477
62.8717209,505
62.88485118,504
62.89798146,456
62.91111175,487
62.92424203,484
62.93737231,507
62.9505026,460
62.96363288,480
62.97676316,467
62.98989344,498
63.00302373,507
63.01615401,506
63.02928429,512
63.04241457,489
63.05554486,482
63.06867514,488
63.08180542,526
63.0949357,488
63.10806599,472
63.12119627,429
63.13432655,480
63.14745684,498
63.16058712,504
63.1737174,498
63.18684768,482
63.19997797,487
63.21310825,561
63.22623853,486
63.23936881,523
63.2524991,476
63.26562938,473
63.27875966,523
63.29188994,449
63.30502023,520
63.31815051,531
63.33128079,512
63.34441108,500
63.35754136,491
63.37067164,493
63.38380192,510
63.39693221,493
63.41006249,521
63.42319277,486
63.43632305,522
63.44945334,466
63.46258362,506
63.4757139,534
63.48884419,522
63.50197447,520
63.51510475,511
63.52823503,507
63.54136532,512
63.5544956,499
63.56762588,517
63.58075616,534
63.59388645,520
63.60701673,511
63.62014701,545
63.63327729,519
63.64640758,544
63.65953786,487
63.67266814,488
63.68579843,551
63.69892871,491
63.71205899,528
63.72518927,528
63.73831956,535
63.75144984,593
63.76458012,622
63.7777104,546
63.79084069,484
63.80397097,550
63.81710125,529
63.83023153,501
63.84336182,529
63.8564921,525
63.86962238,526
63.88275267,520
63.89588295,512
63.90901323,548
63.92214351,561
63.9352738,519
63.94840408,548
63.96153436,548
63.97466464,553
63.98779493,519
64.00092521,509
64.01405549,542
64.02718577,546
64.04031606,502
64.05344634,510
64.06657662,584
64.07970691,586
64.09283719,611
64.10596747,551
64.11909775,555
64.13222804,531
64.14535832,525
64.1584886,551
64.17161888,500
64.18474917,569
64.19787945,528
64.21100973,510
64.22414002,542
64.2372703,520
64.25040058,515
64.26353086,535
64.27666115,525
64.28979143,504
64.30292171,522
64.31605199,501
64.32918228,523
64.34231256,518
64.35544284,535
64.36857312,569
64.38170341,536
64.39483369,526
64.40796397,571
64.42109426,477
64.43422454,486
64.44735482,511
64.4604851,530
64.47361539,503
64.48674567,511
64.49987595,496
64.51300623,482
64.52613652,507
64.5392668,479
64.55239708,524
64.56552736,499
64.57865765,493
64.59178793,469
64.60491821,487
64.6180485,497
64.63117878,491
64.64430906,513
64.65743934,463
64.67056963,482
64.68369991,455
64.69683019,505
64.70996047,529
64.72309076,445
64.73622104,488
64.74935132,494
64.7624816,446
64.77561189,481
64.78874217,488
64.80187245,481
64.81500274,467
64.82813302,465
64.8412633,508
64.85439358,492
64.86752387,478
64.88065415,459
64.89378443,446
64.90691471,485
64.920045,445
64.93317528,477
64.94630556,469
64.95943585,471
64.97256613,480
64.98569641,483
64.99882669,492
65.01195698,488
65.02508726,445
65.03821754,476
65.05134782,443
65.06447811,511
65.07760839,449
65.09073867,495
65.10386895,489
65.11699924,438
65.13012952,444
65.1432598,476
65.15639009,452
65.16952037,449
65.18265065,447
65.19578093,464
65.20891122,427
65.2220415,450
65.23517178,450
65.24830206,471
65.26143235,446
65.27456263,444
65.28769291,419
65.30082319,463
65.31395348,438
65.32708376,452
65.34021404,454
65.35334433,463
65.36647461,464
65.37960489,461
65.39273517,429
65.40586546,416
65.41899574,428
65.43212602,445
65.4452563,446
65.45838659,443
65.47151687,457
65.48464715,425
65.49777743,458
65.51090772,428
65.524038,442
65.53716828,449
65.55029857,430
65.56342885,412
65.57655913,460
65.58968941,426
65.6028197,458
65.61594998,448
65.62908026,450
65.64221054,438
65.65534083,468
65.66847111,467
65.68160139,407
65.69473167,418
65.70786196,455
65.72099224,392
65.73412252,429
65.74725281,386
65.76038309,424
65.77351337,377
65.78664365,432
65.79977394,426
65.81290422,441
65.8260345,411
65.83916478,410
65.85229507,431
65.86542535,392
65.87855563,417
65.89168592,422
65.9048162,407
65.91794648,392
65.93107676,447
65.94420705,440
65.95733733,393
65.97046761,383
65.98359789,403
65.99672818,425
66.00985846,398
66.02298874,444
66.03611902,420
66.04924931,445
66.06237959,403
66.07550987,391
66.08864016,396
66.10177044,419
66.11490072,387
66.128031,417
66.14116129,390
66.15429157,365
66.16742185,408
66.18055213,381
66.19368242,398
66.2068127,409
66.21994298,392
66.23307326,375
66.24620355,361
66.25933383,402
66.27246411,412
66.2855944,412
66.29872468,409
66.31185496,447
66.32498524,389
66.33811553,387
66.35124581,395
66.36437609,430
66.37750637,402
66.39063666,400
66.40376694,406
66.41689722,386
66.4300275,417
66.44315779,426
66.45628807,378
66.46941835,395
66.48254864,370
66.49567892,358
66.5088092,410
66.52193948,385
66.53506977,383
66.54820005,418
66.56133033,396
66.57446061,395
66.5875909,410
66.60072118,370
66.61385146,419
66.62698175,391
66.64011203,396
66.65324231,372
66.66637259,397
66.67950288,394
66.69263316,420
66.70576344,404
66.71889372,398
66.73202401,389
66.74515429,409
66.75828457,410
66.77141485,360
66.78454514,379
66.79767542,418
66.8108057,409
66.82393599,362
66.83706627,380
66.85019655,398
66.86332683,401
66.87645712,389
66.8895874,399
66.90271768,404
66.91584796,388
66.92897825,389
66.94210853,354
66.95523881,390
66.96836909,384
66.98149938,391
66.99462966,370
67.00775994,377
67.02089023,376
67.03402051,356
67.04715079,353
67.06028107,419
67.07341136,375
67.08654164,355
67.09967192,384
67.1128022,386
67.12593249,328
67.13906277,393
67.15219305,390
67.16532333,344
67.17845362,392
67.1915839,393
67.20471418,372
67.21784447,345
67.23097475,382
67.24410503,389
67.25723531,366
67.2703656,346
67.28349588,401
67.29662616,362
67.30975644,355
67.32288673,366
67.33601701,374
67.34914729,361
67.36227757,397
67.37540786,343
67.38853814,355
67.40166842,345
67.41479871,369
67.42792899,401
67.44105927,335
67.45418955,360
67.46731984,385
67.48045012,353
67.4935804,351
67.50671068,371
67.51984097,353
67.53297125,380
67.54610153,377
67.55923182,367
67.5723621,359
67.58549238,353
67.59862266,398
67.61175295,344
67.62488323,357
67.63801351,372
67.65114379,365
67.66427408,393
67.67740436,368
67.69053464,387
67.70366492,361
67.71679521,394
67.72992549,406
67.74305577,391
67.75618606,392
67.76931634,394
67.78244662,356
67.7955769,365
67.80870719,364
67.82183747,367
67.83496775,370
67.84809803,385
67.86122832,350
67.8743586,374
67.88748888,370
67.90061916,377
67.91374945,384
67.92687973,369
67.94001001,367
67.9531403,390
67.96627058,366
67.97940086,349
67.99253114,380
68.00566143,368
68.01879171,363
68.03192199,388
68.04505227,354
68.05818256,373
68.07131284,356
68.08444312,325
68.0975734,372
68.11070369,355
68.12383397,375
68.13696425,337
68.15009454,361
68.16322482,373
68.1763551,359
68.18948538,353
68.20261567,391
68.21574595,374
68.22887623,362
68.24200651,376
68.2551368,377
68.26826708,353
68.28139736,373
68.29452765,355
68.30765793,350
68.32078821,324
68.33391849,369
68.34704878,378
68.36017906,349
68.37330934,357
68.38643962,363
68.39956991,363
68.41270019,339
68.42583047,354
68.43896075,347
68.45209104,368
68.46522132,330
68.4783516,351
68.49148189,367
68.50461217,370
68.51774245,351
68.53087273,368
68.54400302,364
68.5571333,367
68.57026358,394
68.58339386,369
68.59652415,362
68.60965443,351
68.62278471,350
68.63591499,327
68.64904528,345
68.66217556,376
68.67530584,337
68.68843613,325
68.70156641,352
68.71469669,350
68.72782697,356
68.74095726,356
68.75408754,335
68.76721782,355
68.7803481,391
68.79347839,408
68.80660867,341
68.81973895,341
68.83286923,368
68.84599952,333
68.8591298,366
68.87226008,383
68.88539037,337
68.89852065,342
68.91165093,323
68.92478121,367
68.9379115,369
68.95104178,360
68.96417206,345
68.97730234,359
68.99043263,361
69.00356291,348
69.01669319,326
69.02982347,335
69.04295376,367
69.05608404,356
69.06921432,363
69.08234461,381
69.09547489,353
69.10860517,360
69.12173545,337
69.13486574,358
69.14799602,333
69.1611263,358
69.17425658,315
69.18738687,335
69.20051715,379
69.21364743,338
69.22677772,388
69.239908,345
69.25303828,376
69.26616856,372
69.27929885,377
69.29242913,332
69.30555941,346
69.31868969,400
69.33181998,343
69.34495026,387
69.35808054,376
69.37121082,354
69.38434111,372
69.39747139,355
69.41060167,370
69.42373196,325
69.43686224,365
69.44999252,391
69.4631228,342
69.47625309,360
69.48938337,354
69.50251365,391
69.51564393,349
69.52877422,361
69.5419045,367
69.55503478,381
69.56816506,366
69.58129535,349
69.59442563,369
69.60755591,347
69.6206862,348
69.63381648,321
69.64694676,340
69.66007704,341
69.67320733,345
69.68633761,376
69.69946789,325
69.71259817,405
69.72572846,351
69.73885874,347
69.75198902,414
69.7651193,347
69.77824959,355
69.79137987,347
69.80451015,332
69.81764044,397
69.83077072,372
69.843901,383
69.85703128,369
69.87016157,336
69.88329185,360
69.89642213,374
69.90955241,336
69.9226827,367
69.93581298,342
69.94894326,343
69.96207355,333
69.97520383,357
69.98833411,337
70.00146439,379
70.01459468,366
70.02772496,379
70.04085524,355
70.05398552,373
70.06711581,357
70.08024609,346
70.09337637,360
70.10650665,359
70.11963694,362
70.13276722,379
70.1458975,371
70.15902779,376
70.17215807,356
70.18528835,358
70.19841863,327
70.21154892,361
70.2246792,340
70.23780948,352
70.25093976,346
70.26407005,359
70.27720033,314
70.29033061,348
70.30346089,345
70.31659118,399
70.32972146,390
70.34285174,341
70.35598203,341
70.36911231,324
70.38224259,320
70.39537287,355
70.40850316,334
70.42163344,321
70.43476372,376
70.447894,355
70.46102429,341
70.47415457,330
70.48728485,323
70.50041513,297
70.51354542,365
70.5266757,353
70.53980598,367
70.55293627,329
70.56606655,381
70.57919683,350
70.59232711,328
70.6054574,325
70.61858768,333
70.63171796,372
70.64484824,376
70.65797853,358
70.67110881,350
70.68423909,327
70.69736937,355
70.71049966,348
70.72362994,325
70.73676022,325
70.74989051,342
70.76302079,343
70.77615107,349
70.78928135,327
70.80241164,345
70.81554192,326
70.8286722,350
70.84180248,340
70.85493277,357
70.86806305,358
70.88119333,321
70.89432362,346
70.9074539,357
70.92058418,343
70.93371446,342
70.94684475,346
70.95997503,320
70.97310531,376
70.98623559,335
70.99936588,326
71.01249616,350
71.02562644,352
71.03875672,391
71.05188701,359
71.06501729,340
71.07814757,344
71.09127786,344
71.10440814,354
71.11753842,344
71.1306687,366
71.14379899,315
71.15692927,406
71.17005955,316
71.18318983,374
71.19632012,317
71.2094504,346
71.22258068,330
71.23571096,385
71.24884125,389
71.26197153,357
71.27510181,373
71.2882321,362
71.30136238,337
71.31449266,344
71.32762294,345
71.34075323,379
71.35388351,364
71.36701379,358
71.38014407,380
71.39327436,341
71.40640464,376
71.41953492,376
71.4326652,350
71.44579549,347
71.45892577,406
71.47205605,355
71.48518634,395
71.49831662,375
71.5114469,338
71.52457718,364
71.53770747,374
71.55083775,363
71.56396803,378
71.57709831,375
71.5902286,371
71.60335888,363
71.61648916,329
71.62961945,392
71.64274973,386
71.65588001,345
71.66901029,381
71.68214058,369
71.69527086,391
71.70840114,372
71.72153142,340
71.73466171,345
71.74779199,396
71.76092227,343
71.77405255,331
71.78718284,390
71.80031312,372
71.8134434,394
71.82657369,361
71.83970397,366
71.85283425,365
71.86596453,386
71.87909482,346
71.8922251,371
71.90535538,336
71.91848566,355
71.93161595,383
71.94474623,313
71.95787651,350
71.97100679,389
71.98413708,358
71.99726736,359
72.01039764,395
72.02352793,365
72.03665821,364
72.04978849,362
72.06291877,345
72.07604906,343
72.08917934,348
72.10230962,389
72.1154399,394
72.12857019,348
72.14170047,364
72.15483075,401
72.16796103,351
72.18109132,340
72.1942216,321
72.20735188,354
72.22048217,375
72.23361245,347
72.24674273,361
72.25987301,409
72.2730033,324
72.28613358,366
72.29926386,356
72.31239414,352
72.32552443,370
72.33865471,417
72.35178499,381
72.36491527,380
72.37804556,363
72.39117584,352
72.40430612,371
72.41743641,324
72.43056669,363
72.44369697,395
72.45682725,356
72.46995754,347
72.48308782,327
72.4962181,352
72.50934838,378
72.52247867,348
72.53560895,373
72.54873923,363
72.56186952,357
72.5749998,358
72.58813008,345
72.60126036,346
72.61439065,399
72.62752093,349
72.64065121,388
72.65378149,371
72.66691178,363
72.68004206,383
72.69317234,370
72.70630262,379
72.71943291,357
72.73256319,375
72.74569347,334
72.75882376,345
72.77195404,380
72.78508432,366
72.7982146,346
72.81134489,358
72.82447517,353
72.83760545,354
72.85073573,339
72.86386602,332
72.8769963,342
72.89012658,339
72.90325686,360
72.91638715,394
72.92951743,364
72.94264771,360
72.955778,347
72.96890828,366
72.98203856,356
72.99516884,352
73.00829913,332
73.02142941,377
73.03455969,330
73.04768997,336
73.06082026,346
73.07395054,343
73.08708082,364
73.1002111,364
73.11334139,411
73.12647167,359
73.13960195,363
73.15273224,351
73.16586252,372
73.1789928,387
73.19212308,378
73.20525337,358
73.21838365,347
73.23151393,370
73.24464421,384
73.2577745,366
73.27090478,378
73.28403506,358
73.29716535,375
73.31029563,337
73.32342591,349
73.33655619,419
73.34968648,364
73.36281676,367
73.37594704,371
73.38907732,331
73.40220761,368
73.41533789,353
73.42846817,382
73.44159845,331
73.45472874,403
73.46785902,335
73.4809893,363
73.49411959,338
73.50724987,358
73.52038015,356
73.53351043,350
73.54664072,380
73.559771,352
73.57290128,373
73.58603156,337
73.59916185,370
73.61229213,358
73.62542241,389
73.63855269,342
73.65168298,364
73.66481326,347
73.67794354,363
73.69107383,370
73.70420411,342
73.71733439,346
73.73046467,370
73.74359496,373
73.75672524,386
73.76985552,382
73.7829858,346
73.79611609,365
73.80924637,361
73.82237665,387
73.83550693,382
73.84863722,379
73.8617675,361
73.87489778,352
73.88802807,366
73.90115835,408
73.91428863,383
73.92741891,349
73.9405492,372
73.95367948,384
73.96680976,379
73.97994004,370
73.99307033,374
74.00620061,372
74.01933089,355
74.03246118,355
74.04559146,334
74.05872174,360
74.07185202,354
74.08498231,373
74.09811259,420
74.11124287,365
74.12437315,384
74.13750344,366
74.15063372,378
74.163764,384
74.17689428,365
74.19002457,351
74.20315485,367
74.21628513,358
74.22941542,380
74.2425457,367
74.25567598,370
74.26880626,423
74.28193655,347
74.29506683,385
74.30819711,392
74.32132739,329
74.33445768,346
74.34758796,358
74.36071824,354
74.37384852,353
74.38697881,361
74.40010909,378
74.41323937,360
74.42636966,373
74.43949994,328
74.45263022,390
74.4657605,419
74.47889079,360
74.49202107,406
74.50515135,378
74.51828163,387
74.53141192,413
74.5445422,384
74.55767248,377
74.57080276,329
74.58393305,371
74.59706333,381
74.61019361,418
74.6233239,380
74.63645418,415
74.64958446,408
74.66271474,374
74.67584503,397
74.68897531,371
74.70210559,371
74.71523587,406
74.72836616,391
74.74149644,364
74.75462672,370
74.767757,380
74.78088729,390
74.79401757,387
74.80714785,365
74.82027814,342
74.83340842,379
74.8465387,351
74.85966898,368
74.87279927,391
74.88592955,401
74.89905983,365
74.91219011,355
74.9253204,394
74.93845068,381
74.95158096,422
74.96471125,381
74.97784153,391
74.99097181,398
75.00410209,408
75.01723238,379
75.03036266,360
75.04349294,372
75.05662322,373
75.06975351,344
75.08288379,378
75.09601407,349
75.10914435,373
75.12227464,367
75.13540492,393
75.1485352,399
75.16166549,386
75.17479577,385
75.18792605,399
75.20105633,345
75.21418662,402
75.2273169,422
75.24044718,383
75.25357746,384
75.26670775,406
75.27983803,428
75.29296831,378
75.30609859,379
75.31922888,401
75.33235916,410
75.34548944,365
75.35861973,388
75.37175001,409
75.38488029,399
75.39801057,417
75.41114086,390
75.42427114,403
75.43740142,405
75.4505317,407
75.46366199,392
75.47679227,427
75.48992255,429
75.50305283,397
75.51618312,378
75.5293134,419
75.54244368,394
75.55557397,378
75.56870425,384
75.58183453,382
75.59496481,414
75.6080951,395
75.62122538,377
75.63435566,420
75.64748594,355
75.66061623,379
75.67374651,405
75.68687679,383
75.70000708,370
75.71313736,359
75.72626764,411
75.73939792,366
75.75252821,418
75.76565849,413
75.77878877,406
75.79191905,396
75.80504934,396
75.81817962,374
75.8313099,379
75.84444018,374
75.85757047,418
75.87070075,383
75.88383103,414
75.89696132,378
75.9100916,427
75.92322188,402
75.93635216,406
75.94948245,414
75.96261273,379
75.97574301,370
75.98887329,389
76.00200358,402
76.01513386,403
76.02826414,374
76.04139442,412
76.05452471,402
76.06765499,411
76.08078527,412
76.09391556,367
76.10704584,365
76.12017612,376
76.1333064,403
76.14643669,370
76.15956697,396
76.17269725,414
76.18582753,385
76.19895782,361
76.2120881,406
76.22521838,351
76.23834866,385
76.25147895,395
76.26460923,407
76.27773951,418
76.2908698,408
76.30400008,382
76.31713036,397
76.33026064,391
76.34339093,410
76.35652121,424
76.36965149,405
76.38278177,364
76.39591206,383
76.40904234,403
76.42217262,461
76.4353029,401
76.44843319,425
76.46156347,368
76.47469375,445
76.48782404,395
76.50095432,379
76.5140846,346
76.52721488,376
76.54034517,395
76.55347545,418
76.56660573,430
76.57973601,431
76.5928663,380
76.60599658,382
76.61912686,394
76.63225715,392
76.64538743,413
76.65851771,403
76.67164799,381
76.68477828,408
76.69790856,386
76.71103884,358
76.72416912,420
76.73729941,372
76.75042969,353
76.76355997,408
76.77669025,369
76.78982054,402
76.80295082,408
76.8160811,406
76.82921139,414
76.84234167,376
76.85547195,405
76.86860223,374
76.88173252,397
76.8948628,418
76.90799308,382
76.92112336,399
76.93425365,402
76.94738393,418
76.96051421,399
76.97364449,398
76.98677478,379
76.99990506,407
77.01303534,397
77.02616563,392
77.03929591,372
77.05242619,399
77.06555647,405
77.07868676,411
77.09181704,382
77.10494732,415
77.1180776,403
77.13120789,392
77.14433817,435
77.15746845,375
77.17059873,413
77.18372902,387
77.1968593,369
77.20998958,390
77.22311987,371
77.23625015,371
77.24938043,406
77.26251071,386
77.275641,371
77.28877128,394
77.30190156,395
77.31503184,392
77.32816213,383
77.34129241,384
77.35442269,379
77.36755298,424
77.38068326,394
77.39381354,364
77.40694382,420
77.42007411,403
77.43320439,354
77.44633467,405
77.45946495,429
77.47259524,408
77.48572552,395
77.4988558,418
77.51198608,409
77.52511637,392
77.53824665,393
77.55137693,400
77.56450722,383
77.5776375,376
77.59076778,374
77.60389806,379
77.61702835,359
77.63015863,340
77.64328891,379
77.65641919,365
77.66954948,388
77.68267976,342
77.69581004,380
77.70894032,380
77.72207061,419
77.73520089,392
77.74833117,397
77.76146146,375
77.77459174,349
77.78772202,358
77.8008523,356
77.81398259,357
77.82711287,403
77.84024315,410
77.85337343,360
77.86650372,378
77.879634,362
77.89276428,358
77.90589456,349
77.91902485,379
77.93215513,360
77.94528541,409
77.9584157,357
77.97154598,355
77.98467626,387
77.99780654,368
78.01093683,351
78.02406711,376
78.03719739,315
78.05032767,364
78.06345796,356
78.07658824,346
78.08971852,318
78.1028488,401
78.11597909,374
78.12910937,384
78.14223965,378
78.15536994,305
78.16850022,318
78.1816305,381
78.19476078,397
78.20789107,403
78.22102135,361
78.23415163,341
78.24728191,345
78.2604122,358
78.27354248,376
78.28667276,360
78.29980305,368
78.31293333,358
78.32606361,345
78.33919389,358
78.35232418,346
78.36545446,360
78.37858474,347
78.39171502,356
78.40484531,367
78.41797559,356
78.43110587,356
78.44423615,341
78.45736644,332
78.47049672,364
78.483627,339
78.49675729,358
78.50988757,347
78.52301785,348
78.53614813,369
78.54927842,369
78.5624087,343
78.57553898,299
78.58866926,355
78.60179955,340
78.61492983,368
78.62806011,329
78.64119039,363
78.65432068,349
78.66745096,342
78.68058124,327
78.69371153,350
78.70684181,316
78.71997209,360
78.73310237,364
78.74623266,344
78.75936294,324
78.77249322,307
78.7856235,325
78.79875379,307
78.81188407,336
78.82501435,315
78.83814463,325
78.85127492,312
78.8644052,321
78.87753548,338
78.89066577,338
78.90379605,309
78.91692633,326
78.93005661,360
78.9431869,335
78.95631718,318
78.96944746,353
78.98257774,314
78.99570803,329
79.00883831,301
79.02196859,289
79.03509888,330
79.04822916,315
79.06135944,346
79.07448972,313
79.08762001,293
79.10075029,307
79.11388057,319
79.12701085,320
79.14014114,292
79.15327142,334
79.1664017,324
79.17953198,345
79.19266227,315
79.20579255,317
79.21892283,282
79.23205312,288
79.2451834,320
79.25831368,295
79.27144396,325
79.28457425,334
79.29770453,335
79.31083481,294
79.32396509,369
79.33709538,315
79.35022566,292
79.36335594,290
79.37648622,340
79.38961651,300
79.40274679,317
79.41587707,321
79.42900736,302
79.44213764,323
79.45526792,268
79.4683982,299
79.48152849,312
79.49465877,304
79.50778905,313
79.52091933,280
79.53404962,321
79.5471799,315
79.56031018,313
79.57344046,311
79.58657075,299
79.59970103,318
79.61283131,320
79.6259616,292
79.63909188,297
79.65222216,297
79.66535244,304
79.67848273,287
79.69161301,301
79.70474329,318
79.71787357,355
79.73100386,293
79.74413414,304
79.75726442,313
79.7703947,342
79.78352499,283
79.79665527,283
79.80978555,335
79.82291584,280
79.83604612,275
79.8491764,317
79.86230668,290
79.87543697,295
79.88856725,294
79.90169753,293
79.91482781,331
79.9279581,293
79.94108838,300
79.95421866,283
79.96734895,283
79.98047923,299
79.99360951,337
