角度(2θ),强度
5.00656514,3178
5.019695423,3203
5.032825705,3224
5.045955988,3141
5.059086271,3297
5.072216553,3194
5.085346836,3113
5.098477119,3215
5.111607401,3194
5.124737684,3187
5.137867967,3152
5.150998249,3170
5.164128532,3220
5.177258815,3191
5.190389097,3148
5.20351938,3135
5.216649663,3184
5.229779946,3206
5.242910228,3053
5.256040511,3170
5.269170794,3147
5.282301076,3038
5.295431359,3165
5.308561642,3150
5.321691924,3103
5.334822207,3095
5.34795249,3265
5.361082772,3101
5.374213055,3154
5.387343338,3173
5.40047362,3156
5.413603903,3183
5.426734186,3132
5.439864468,3185
5.452994751,3154
5.466125034,3099
5.479255316,3195
5.492385599,3127
5.505515882,3206
5.518646164,3094
5.531776447,3078
5.54490673,3145
5.558037012,3098
5.571167295,3115
5.584297578,3143
5.59742786,3160
5.610558143,3177
5.623688426,3129
5.636818709,3109
5.649948991,3234
5.663079274,3135
5.676209557,3062
5.689339839,3108
5.702470122,3259
5.715600405,3178
5.728730687,3141
5.74186097,3142
5.754991253,3099
5.768121535,3168
5.781251818,3103
5.794382101,3162
5.807512383,3076
5.820642666,3020
5.833772949,3087
5.846903231,3103
5.860033514,3151
5.873163797,3223
5.886294079,3171
5.899424362,3148
5.912554645,3123
5.925684927,3044
5.93881521,3136
5.951945493,3164
5.965075775,3067
5.978206058,3016
5.991336341,3088
6.004466623,3185
6.017596906,3182
6.030727189,3014
6.043857472,3025
6.056987754,3091
6.070118037,3091
6.08324832,3158
6.096378602,2994
6.109508885,2994
6.122639168,3043
6.13576945,3105
6.148899733,3067
6.162030016,3081
6.175160298,3116
6.188290581,2986
6.201420864,3211
6.214551146,3041
6.227681429,3166
6.240811712,3073
6.253941994,3068
6.267072277,3024
6.28020256,2971
6.293332842,2974
6.306463125,2956
6.319593408,2967
6.33272369,3000
6.345853973,3093
6.358984256,2981
6.372114538,3004
6.385244821,3128
6.398375104,3119
6.411505386,2963
6.424635669,2933
6.437765952,3004
6.450896235,3056
6.464026517,2952
6.4771568,3043
6.490287083,3067
6.503417365,3052
6.516547648,3018
6.529677931,3062
6.542808213,3112
6.555938496,3044
6.569068779,2983
6.582199061,2994
6.595329344,3033
6.608459627,3092
6.621589909,3025
6.634720192,3101
6.647850475,3106
6.660980757,2913
6.67411104,3063
6.687241323,3076
6.700371605,2963
6.713501888,3047
6.726632171,2966
6.739762453,2920
6.752892736,3015
6.766023019,3080
6.779153301,3061
6.792283584,2911
6.805413867,2932
6.818544149,2989
6.831674432,3068
6.844804715,2988
6.857934997,3009
6.87106528,2948
6.884195563,3017
6.897325846,2918
6.910456128,3104
6.923586411,2970
6.936716694,2979
6.949846976,3027
6.962977259,3057
6.976107542,3079
6.989237824,2953
7.002368107,2889
7.01549839,3077
7.028628672,2935
7.041758955,3072
7.054889238,2940
7.06801952,3076
7.081149803,3050
7.094280086,2981
7.107410368,2884
7.120540651,3044
7.133670934,2960
7.146801216,3035
7.159931499,2991
7.173061782,3064
7.186192064,2960
7.199322347,2916
7.21245263,2901
7.225582912,2948
7.238713195,2993
7.251843478,3047
7.26497376,3011
7.278104043,2918
7.291234326,2982
7.304364609,2987
7.317494891,2991
7.330625174,2948
7.343755457,2935
7.356885739,2986
7.370016022,3031
7.383146305,2963
7.396276587,2941
7.40940687,2993
7.422537153,2980
7.435667435,2908
7.448797718,2919
7.461928001,2921
7.475058283,2960
7.488188566,3068
7.501318849,2960
7.514449131,2990
7.527579414,3011
7.540709697,2872
7.553839979,2856
7.566970262,3033
7.580100545,2966
7.593230827,2978
7.60636111,3007
7.619491393,2907
7.632621675,2998
7.645751958,2866
7.658882241,3036
7.672012523,2881
7.685142806,2933
7.698273089,2908
7.711403372,2927
7.724533654,2920
7.737663937,2888
7.75079422,2939
7.763924502,2912
7.777054785,2983
7.790185068,2966
7.80331535,3013
7.816445633,2887
7.829575916,2946
7.842706198,3020
7.855836481,2840
7.868966764,3001
7.882097046,2951
7.895227329,2995
7.908357612,3000
7.921487894,2890
7.934618177,2948
7.94774846,2940
7.960878742,2892
7.974009025,2850
7.987139308,2910
8.00026959,2887
8.013399873,2901
8.026530156,2925
8.039660438,2828
8.052790721,3008
8.065921004,2816
8.079051286,2857
8.092181569,2960
8.105311852,2882
8.118442135,2895
8.131572417,2817
8.1447027,2986
8.157832983,2944
8.170963265,2935
8.184093548,2948
8.197223831,2811
8.210354113,2875
8.223484396,2919
8.236614679,2804
8.249744961,2917
8.262875244,2953
8.276005527,2913
8.289135809,3010
8.302266092,3003
8.315396375,2873
8.328526657,2912
8.34165694,2844
8.354787223,2906
8.367917505,2940
8.381047788,2868
8.394178071,2799
8.407308353,2807
8.420438636,2947
8.433568919,2871
8.446699201,2907
8.459829484,2771
8.472959767,2825
8.486090049,2777
8.499220332,2932
8.512350615,2900
8.525480898,2839
8.53861118,2822
8.551741463,2967
8.564871746,2845
8.578002028,2916
8.591132311,2843
8.604262594,2920
8.617392876,2767
8.630523159,2746
8.643653442,2859
8.656783724,2749
8.669914007,2803
8.68304429,2800
8.696174572,2849
8.709304855,2912
8.722435138,2808
8.73556542,2877
8.748695703,2826
8.761825986,2787
8.774956268,2871
8.788086551,2790
8.801216834,2846
8.814347116,2797
8.827477399,2848
8.840607682,2758
8.853737964,2819
8.866868247,2807
8.87999853,2780
8.893128812,2802
8.906259095,2762
8.919389378,2781
8.932519661,2835
8.945649943,2772
8.958780226,2863
8.971910509,2777
8.985040791,2718
8.998171074,2762
9.011301357,2787
9.024431639,2787
9.037561922,2829
9.050692205,2773
9.063822487,2831
9.07695277,2850
9.090083053,2691
9.103213335,2809
9.116343618,2712
9.129473901,2802
9.142604183,2783
9.155734466,2689
9.168864749,2760
9.181995031,2825
9.195125314,2760
9.208255597,2890
9.221385879,2628
9.234516162,2785
9.247646445,2809
9.260776727,2779
9.27390701,2765
9.287037293,2802
9.300167575,2682
9.313297858,2889
9.326428141,2861
9.339558424,2702
9.352688706,2703
9.365818989,2755
9.378949272,2775
9.392079554,2807
9.405209837,2858
9.41834012,2750
9.431470402,2725
9.444600685,2762
9.457730968,2863
9.47086125,2735
9.483991533,2785
9.497121816,2700
9.510252098,2759
9.523382381,2827
9.536512664,2737
9.549642946,2783
9.562773229,2682
9.575903512,2829
9.589033794,2755
9.602164077,2806
9.61529436,2729
9.628424642,2735
9.641554925,2695
9.654685208,2653
9.66781549,2696
9.680945773,2714
9.694076056,2734
9.707206338,2739
9.720336621,2710
9.733466904,2777
9.746597187,2719
9.759727469,2764
9.772857752,2681
9.785988035,2699
9.799118317,2625
9.8122486,2669
9.825378883,2734
9.838509165,2751
9.851639448,2747
9.864769731,2713
9.877900013,2640
9.891030296,2709
9.904160579,2679
9.917290861,2709
9.930421144,2687
9.943551427,2600
9.956681709,2686
9.969811992,2691
9.982942275,2722
9.996072557,2656
10.00920284,2682
10.02233312,2647
10.03546341,2653
10.04859369,2798
10.06172397,2670
10.07485425,2687
10.08798454,2642
10.10111482,2629
10.1142451,2651
10.12737538,2605
10.14050567,2676
10.15363595,2543
10.16676623,2676
10.17989652,2633
10.1930268,2731
10.20615708,2723
10.21928736,2609
10.23241765,2614
10.24554793,2611
10.25867821,2623
10.27180849,2652
10.28493878,2619
10.29806906,2573
10.31119934,2637
10.32432962,2641
10.33745991,2668
10.35059019,2599
10.36372047,2675
10.37685076,2627
10.38998104,2560
10.40311132,2663
10.4162416,2708
10.42937189,2654
10.44250217,2623
10.45563245,2725
10.46876273,2726
10.48189302,2590
10.4950233,2602
10.50815358,2589
10.52128386,2522
10.53441415,2543
10.54754443,2597
10.56067471,2705
10.573805,2626
10.58693528,2560
10.60006556,2541
10.61319584,2499
10.62632613,2506
10.63945641,2733
10.65258669,2572
10.66571697,2617
10.67884726,2528
10.69197754,2500
10.70510782,2598
10.71823811,2656
10.73136839,2571
10.74449867,2515
10.75762895,2510
10.77075924,2540
10.78388952,2518
10.7970198,2514
10.81015008,2599
10.82328037,2506
10.83641065,2505
10.84954093,2584
10.86267121,2533
10.8758015,2604
10.88893178,2544
10.90206206,2496
10.91519235,2591
10.92832263,2522
10.94145291,2627
10.95458319,2607
10.96771348,2501
10.98084376,2452
10.99397404,2407
11.00710432,2538
11.02023461,2512
11.03336489,2682
11.04649517,2580
11.05962545,2535
11.07275574,2427
11.08588602,2475
11.0990163,2475
11.11214659,2556
11.12527687,2495
11.13840715,2492
11.15153743,2439
11.16466772,2524
11.177798,2564
11.19092828,2439
11.20405856,2427
11.21718885,2460
11.23031913,2386
11.24344941,2470
11.25657969,2438
11.26970998,2538
11.28284026,2506
11.29597054,2429
11.30910083,2337
11.32223111,2449
11.33536139,2427
11.34849167,2388
11.36162196,2440
11.37475224,2388
11.38788252,2447
11.4010128,2396
11.41414309,2465
11.42727337,2335
11.44040365,2376
11.45353394,2410
11.46666422,2360
11.4797945,2456
11.49292478,2385
11.50605507,2367
11.51918535,2466
11.53231563,2410
11.54544591,2397
11.5585762,2379
11.57170648,2467
11.58483676,2416
11.59796704,2349
11.61109733,2373
11.62422761,2444
11.63735789,2421
11.65048818,2363
11.66361846,2429
11.67674874,2303
11.68987902,2289
11.70300931,2262
11.71613959,2273
11.72926987,2368
11.74240015,2410
11.75553044,2399
11.76866072,2317
11.781791,2367
11.79492128,2312
11.80805157,2261
11.82118185,2318
11.83431213,2277
11.84744242,2278
11.8605727,2194
11.87370298,2260
11.88683326,2359
11.89996355,2362
11.91309383,2373
11.92622411,2328
11.93935439,2325
11.95248468,2318
11.96561496,2324
11.97874524,2307
11.99187552,2253
12.00500581,2307
12.01813609,2397
12.03126637,2364
12.04439666,2185
12.05752694,2235
12.07065722,2354
12.0837875,2372
12.09691779,2350
12.11004807,2286
12.12317835,2223
12.13630863,2208
12.14943892,2356
12.1625692,2334
12.17569948,2286
12.18882976,2247
12.20196005,2276
12.21509033,2274
12.22822061,2192
12.2413509,2324
12.25448118,2328
12.26761146,2263
12.28074174,2319
12.29387203,2310
12.30700231,2341
12.32013259,2293
12.33326287,2291
12.34639316,2223
12.35952344,2241
12.37265372,2222
12.38578401,2218
12.39891429,2285
12.41204457,2248
12.42517485,2326
12.43830514,2332
12.45143542,2250
12.4645657,2266
12.47769598,2368
12.49082627,2263
12.50395655,2384
12.51708683,2306
12.53021711,2263
12.5433474,2263
12.55647768,2326
12.56960796,2317
12.58273825,2296
12.59586853,2295
12.60899881,2247
12.62212909,2286
12.63525938,2225
12.64838966,2198
12.66151994,2229
12.67465022,2230
12.68778051,2208
12.70091079,2266
12.71404107,2170
12.72717135,2234
12.74030164,2314
12.75343192,2243
12.7665622,2262
12.77969249,2228
12.79282277,2279
12.80595305,2167
12.81908333,2085
12.83221362,2153
12.8453439,2275
12.85847418,2164
12.87160446,2304
12.88473475,2249
12.89786503,2312
12.91099531,2239
12.92412559,2244
12.93725588,2227
12.95038616,2177
12.96351644,2095
12.97664673,2228
12.98977701,2246
13.00290729,2243
13.01603757,2139
13.02916786,2258
13.04229814,2206
13.05542842,2113
13.0685587,2185
13.08168899,2127
13.09481927,2157
13.10794955,2087
13.12107984,2190
13.13421012,2061
13.1473404,2136
13.16047068,2110
13.17360097,2089
13.18673125,2128
13.19986153,2158
13.21299181,2208
13.2261221,2140
13.23925238,2130
13.25238266,2065
13.26551294,2147
13.27864323,2228
13.29177351,2235
13.30490379,2169
13.31803408,2220
13.33116436,2132
13.34429464,2200
13.35742492,2172
13.37055521,2168
13.38368549,2172
13.39681577,2158
13.40994605,2115
13.42307634,2175
13.43620662,2037
13.4493369,2083
13.46246718,2080
13.47559747,2128
13.48872775,2160
13.50185803,2139
13.51498832,2147
13.5281186,2113
13.54124888,2117
13.55437916,2110
13.56750945,2178
13.58063973,2167
13.59377001,2117
13.60690029,2122
13.62003058,2035
13.63316086,2076
13.64629114,2174
13.65942142,2156
13.67255171,2084
13.68568199,2119
13.69881227,2053
13.71194256,2075
13.72507284,2042
13.73820312,2095
13.7513334,2094
13.76446369,2069
13.77759397,2040
13.79072425,2039
13.80385453,2154
13.81698482,2100
13.8301151,2064
13.84324538,2108
13.85637566,2134
13.86950595,2051
13.88263623,2037
13.89576651,2043
13.9088968,2041
13.92202708,1998
13.93515736,2034
13.94828764,2077
13.96141793,2061
13.97454821,2056
13.98767849,1979
14.00080877,2110
14.01393906,2028
14.02706934,1986
14.04019962,2050
14.05332991,2024
14.06646019,2087
14.07959047,2071
14.09272075,2047
14.10585104,2046
14.11898132,2043
14.1321116,2103
14.14524188,2019
14.15837217,2001
14.17150245,2028
14.18463273,2062
14.19776301,2091
14.2108933,2143
14.22402358,2048
14.23715386,2035
14.25028415,2030
14.26341443,2112
14.27654471,2066
14.28967499,2030
14.30280528,2053
14.31593556,2059
14.32906584,2041
14.34219612,1975
14.35532641,2005
14.36845669,1993
14.38158697,1967
14.39471725,2054
14.40784754,2009
14.42097782,2082
14.4341081,2025
14.44723839,2081
14.46036867,2001
14.47349895,2057
14.48662923,2063
14.49975952,2040
14.5128898,1970
14.52602008,2005
14.53915036,2069
14.55228065,2067
14.56541093,1980
14.57854121,2039
14.59167149,2020
14.60480178,2036
14.61793206,2037
14.63106234,2062
14.64419263,2001
14.65732291,1998
14.67045319,1959
14.68358347,1930
14.69671376,2029
14.70984404,2015
14.72297432,1970
14.7361046,1999
14.74923489,1978
14.76236517,1990
14.77549545,2037
14.78862574,2035
14.80175602,1988
14.8148863,2011
14.82801658,1946
14.84114687,1966
14.85427715,2000
14.86740743,1993
14.88053771,2000
14.893668,1991
14.90679828,1885
14.91992856,1937
14.93305884,1945
14.94618913,1937
14.95931941,1981
14.97244969,2016
14.98557998,2030
14.99871026,1936
15.01184054,1973
15.02497082,1934
15.03810111,2029
15.05123139,2011
15.06436167,1987
15.07749195,1978
15.09062224,2033
15.10375252,2010
15.1168828,1995
15.13001308,1934
15.14314337,1925
15.15627365,1927
15.16940393,1989
15.18253422,1994
15.1956645,1924
15.20879478,1991
15.22192506,1995
15.23505535,1883
15.24818563,1941
15.26131591,1952
15.27444619,1972
15.28757648,1985
15.30070676,1927
15.31383704,1974
15.32696732,1985
15.34009761,1933
15.35322789,1932
15.36635817,1868
15.37948846,1920
15.39261874,1990
15.40574902,1947
15.4188793,1962
15.43200959,1947
15.44513987,1928
15.45827015,1896
15.47140043,1905
15.48453072,1931
15.497661,1899
15.51079128,2017
15.52392157,2015
15.53705185,1939
15.55018213,1910
15.56331241,1893
15.5764427,2034
15.58957298,1974
15.60270326,1959
15.61583354,1900
15.62896383,1891
15.64209411,1987
15.65522439,1882
15.66835467,1957
15.68148496,1898
15.69461524,1912
15.70774552,1979
15.72087581,1940
15.73400609,1926
15.74713637,1908
15.76026665,1901
15.77339694,1962
15.78652722,1880
15.7996575,1869
15.81278778,1965
15.82591807,1867
15.83904835,1819
15.85217863,1933
15.86530891,1925
15.8784392,1917
15.89156948,1857
15.90469976,1851
15.91783005,1906
15.93096033,1823
15.94409061,1973
15.95722089,1852
15.97035118,1906
15.98348146,1932
15.99661174,1845
16.00974202,1861
16.02287231,1848
16.03600259,1880
16.04913287,1893
16.06226315,1897
16.07539344,1852
16.08852372,1850
16.101654,1843
16.11478429,1913
16.12791457,1941
16.14104485,1901
16.15417513,1929
16.16730542,1886
16.1804357,1897
16.19356598,1894
16.20669626,1845
16.21982655,1867
16.23295683,1889
16.24608711,1914
16.25921739,1924
16.27234768,1881
16.28547796,1821
16.29860824,1805
16.31173853,1841
16.32486881,1819
16.33799909,1851
16.35112937,1878
16.36425966,1875
16.37738994,1836
16.39052022,1911
16.4036505,1963
16.41678079,1842
16.42991107,1962
16.44304135,1871
16.45617164,2040
16.46930192,1812
16.4824322,1810
16.49556248,1871
16.50869277,1879
16.52182305,1910
16.53495333,1874
16.54808361,1851
16.5612139,1900
16.57434418,1887
16.58747446,1840
16.60060474,1818
16.61373503,1909
16.62686531,1853
16.63999559,1809
16.65312588,1840
16.66625616,1869
16.67938644,1798
16.69251672,1910
16.70564701,1830
16.71877729,1877
16.73190757,1816
16.74503785,1874
16.75816814,1860
16.77129842,1882
16.7844287,1793
16.79755898,1762
16.81068927,1907
16.82381955,1836
16.83694983,1831
16.85008012,1830
16.8632104,1881
16.87634068,1806
16.88947096,1835
16.90260125,1733
16.91573153,1774
16.92886181,1842
16.94199209,1803
16.95512238,1789
16.96825266,1825
16.98138294,1826
16.99451322,1756
17.00764351,1891
17.02077379,1796
17.03390407,1856
17.04703436,1820
17.06016464,1774
17.07329492,1888
17.0864252,1810
17.09955549,1833
17.11268577,1802
17.12581605,1814
17.13894633,1804
17.15207662,1770
17.1652069,1788
17.17833718,1836
17.19146747,1829
17.20459775,1889
17.21772803,1924
17.23085831,1848
17.2439886,1834
17.25711888,1811
17.27024916,1836
17.28337944,1784
17.29650973,1775
17.30964001,1784
17.32277029,1704
17.33590057,1911
17.34903086,1761
17.36216114,1777
17.37529142,1775
17.38842171,1794
17.40155199,1727
17.41468227,1724
17.42781255,1756
17.44094284,1785
17.45407312,1739
17.4672034,1760
17.48033368,1741
17.49346397,1746
17.50659425,1788
17.51972453,1803
17.53285481,1667
17.5459851,1836
17.55911538,1773
17.57224566,1815
17.58537595,1794
17.59850623,1745
17.61163651,1769
17.62476679,1785
17.63789708,1722
17.65102736,1770
17.66415764,1757
17.67728792,1853
17.69041821,1768
17.70354849,1711
17.71667877,1706
17.72980905,1805
17.74293934,1767
17.75606962,1747
17.7691999,1726
17.78233019,1824
17.79546047,1723
17.80859075,1738
17.82172103,1791
17.83485132,1738
17.8479816,1754
17.86111188,1724
17.87424216,1776
17.88737245,1750
17.90050273,1775
17.91363301,1753
17.92676329,1734
17.93989358,1844
17.95302386,1786
17.96615414,1748
17.97928443,1699
17.99241471,1759
18.00554499,1753
18.01867527,1755
18.03180556,1703
18.04493584,1683
18.05806612,1700
18.0711964,1783
18.08432669,1709
18.09745697,1758
18.11058725,1695
18.12371754,1701
18.13684782,1697
18.1499781,1749
18.16310838,1742
18.17623867,1714
18.18936895,1726
18.20249923,1792
18.21562951,1734
18.2287598,1673
18.24189008,1695
18.25502036,1793
18.26815064,1721
18.28128093,1717
18.29441121,1717
18.30754149,1691
18.32067178,1793
18.33380206,1749
18.34693234,1725
18.36006262,1657
18.37319291,1759
18.38632319,1662
18.39945347,1673
18.41258375,1627
18.42571404,1658
18.43884432,1736
18.4519746,1743
18.46510488,1722
18.47823517,1671
18.49136545,1807
18.50449573,1655
18.51762602,1694
18.5307563,1779
18.54388658,1664
18.55701686,1749
18.57014715,1688
18.58327743,1690
18.59640771,1724
18.60953799,1766
18.62266828,1722
18.63579856,1742
18.64892884,1682
18.66205912,1671
18.67518941,1737
18.68831969,1688
18.70144997,1668
18.71458026,1751
18.72771054,1804
18.74084082,1651
18.7539711,1680
18.76710139,1782
18.78023167,1722
18.79336195,1673
18.80649223,1694
18.81962252,1709
18.8327528,1679
18.84588308,1664
18.85901337,1652
18.87214365,1692
18.88527393,1645
18.89840421,1722
18.9115345,1701
18.92466478,1672
18.93779506,1695
18.95092534,1670
18.96405563,1710
18.97718591,1667
18.99031619,1673
19.00344647,1754
19.01657676,1695
19.02970704,1718
19.04283732,1704
19.05596761,1589
19.06909789,1706
19.08222817,1711
19.09535845,1704
19.10848874,1653
19.12161902,1689
19.1347493,1675
19.14787958,1647
19.16100987,1645
19.17414015,1670
19.18727043,1609
19.20040071,1684
19.213531,1647
19.22666128,1722
19.23979156,1711
19.25292185,1625
19.26605213,1672
19.27918241,1656
19.29231269,1618
19.30544298,1693
19.31857326,1790
19.33170354,1649
19.34483382,1662
19.35796411,1646
19.37109439,1686
19.38422467,1698
19.39735495,1672
19.41048524,1729
19.42361552,1687
19.4367458,1683
19.44987609,1730
19.46300637,1727
19.47613665,1651
19.48926693,1739
19.50239722,1667
19.5155275,1728
19.52865778,1720
19.54178806,1701
19.55491835,1732
19.56804863,1713
19.58117891,1720
19.59430919,1691
19.60743948,1639
19.62056976,1589
19.63370004,1592
19.64683033,1748
19.65996061,1656
19.67309089,1695
19.68622117,1691
19.69935146,1670
19.71248174,1729
19.72561202,1690
19.7387423,1744
19.75187259,1644
19.76500287,1801
19.77813315,1720
19.79126344,1621
19.80439372,1695
19.817524,1654
19.83065428,1612
19.84378457,1694
19.85691485,1741
19.87004513,1702
19.88317541,1714
19.8963057,1697
19.90943598,1690
19.92256626,1800
19.93569654,1731
19.94882683,1668
19.96195711,1673
19.97508739,1658
19.98821768,1736
20.00134796,1732
20.01447824,1722
20.02760852,1675
20.04073881,1684
20.05386909,1741
20.06699937,1701
20.08012965,1628
20.09325994,1742
20.10639022,1758
20.1195205,1711
20.13265078,1650
20.14578107,1716
20.15891135,1682
20.17204163,1681
20.18517192,1720
20.1983022,1747
20.21143248,1776
20.22456276,1771
20.23769305,1668
20.25082333,1687
20.26395361,1770
20.27708389,1753
20.29021418,1715
20.30334446,1715
20.31647474,1661
20.32960502,1578
20.34273531,1639
20.35586559,1718
20.36899587,1684
20.38212616,1713
20.39525644,1704
20.40838672,1720
20.421517,1754
20.43464729,1799
20.44777757,1653
20.46090785,1709
20.47403813,1726
20.48716842,1626
20.5002987,1587
20.51342898,1665
20.52655927,1642
20.53968955,1674
20.55281983,1689
20.56595011,1696
20.5790804,1637
20.59221068,1712
20.60534096,1660
20.61847124,1671
20.63160153,1645
20.64473181,1613
20.65786209,1551
20.67099237,1680
20.68412266,1722
20.69725294,1681
20.71038322,1672
20.72351351,1616
20.73664379,1674
20.74977407,1647
20.76290435,1596
20.77603464,1625
20.78916492,1627
20.8022952,1626
20.81542548,1629
20.82855577,1635
20.84168605,1652
20.85481633,1665
20.86794661,1670
20.8810769,1607
20.89420718,1575
20.90733746,1566
20.92046775,1579
20.93359803,1600
20.94672831,1570
20.95985859,1643
20.97298888,1576
20.98611916,1583
20.99924944,1608
21.01237972,1606
21.02551001,1675
21.03864029,1566
21.05177057,1638
21.06490085,1606
21.07803114,1630
21.09116142,1653
21.1042917,1626
21.11742199,1578
21.13055227,1548
21.14368255,1567
21.15681283,1604
21.16994312,1562
21.1830734,1620
21.19620368,1576
21.20933396,1659
21.22246425,1552
21.23559453,1580
21.24872481,1596
21.26185509,1597
21.27498538,1564
21.28811566,1587
21.30124594,1567
21.31437623,1593
21.32750651,1574
21.34063679,1476
21.35376707,1512
21.36689736,1625
21.38002764,1593
21.39315792,1549
21.4062882,1604
21.41941849,1535
21.43254877,1571
21.44567905,1646
21.45880934,1637
21.47193962,1525
21.4850699,1579
21.49820018,1584
21.51133047,1542
21.52446075,1552
21.53759103,1559
21.55072131,1526
21.5638516,1654
21.57698188,1648
21.59011216,1641
21.60324244,1582
21.61637273,1546
21.62950301,1505
21.64263329,1501
21.65576358,1563
21.66889386,1566
21.68202414,1559
21.69515442,1586
21.70828471,1613
21.72141499,1542
21.73454527,1550
21.74767555,1645
21.76080584,1554
21.77393612,1604
21.7870664,1619
21.80019668,1552
21.81332697,1541
21.82645725,1509
21.83958753,1522
21.85271782,1520
21.8658481,1554
21.87897838,1542
21.89210866,1548
21.90523895,1511
21.91836923,1547
21.93149951,1494
21.94462979,1477
21.95776008,1505
21.97089036,1541
21.98402064,1559
21.99715092,1606
22.01028121,1524
22.02341149,1493
22.03654177,1611
22.04967206,1516
22.06280234,1471
22.07593262,1567
22.0890629,1506
22.10219319,1517
22.11532347,1480
22.12845375,1544
22.14158403,1630
22.15471432,1498
22.1678446,1514
22.18097488,1475
22.19410517,1521
22.20723545,1548
22.22036573,1493
22.23349601,1516
22.2466263,1512
22.25975658,1500
22.27288686,1483
22.28601714,1507
22.29914743,1548
22.31227771,1529
22.32540799,1494
22.33853827,1448
22.35166856,1484
22.36479884,1504
22.37792912,1458
22.39105941,1484
22.40418969,1466
22.41731997,1496
22.43045025,1513
22.44358054,1530
22.45671082,1448
22.4698411,1490
22.48297138,1426
22.49610167,1455
22.50923195,1430
22.52236223,1468
22.53549251,1449
22.5486228,1456
22.56175308,1454
22.57488336,1478
22.58801365,1502
22.60114393,1433
22.61427421,1393
22.62740449,1436
22.64053478,1391
22.65366506,1522
22.66679534,1466
22.67992562,1427
22.69305591,1427
22.70618619,1483
22.71931647,1435
22.73244675,1525
22.74557704,1435
22.75870732,1455
22.7718376,1412
22.78496789,1455
22.79809817,1481
22.81122845,1488
22.82435873,1481
22.83748902,1425
22.8506193,1462
22.86374958,1447
22.87687986,1505
22.89001015,1433
22.90314043,1471
22.91627071,1523
22.929401,1498
22.94253128,1405
22.95566156,1462
22.96879184,1394
22.98192213,1505
22.99505241,1451
23.00818269,1498
23.02131297,1389
23.03444326,1432
23.04757354,1455
23.06070382,1451
23.0738341,1454
23.08696439,1381
23.10009467,1426
23.11322495,1433
23.12635524,1476
23.13948552,1445
23.1526158,1433
23.16574608,1465
23.17887637,1361
23.19200665,1445
23.20513693,1385
23.21826721,1426
23.2313975,1359
23.24452778,1484
23.25765806,1376
23.27078834,1361
23.28391863,1422
23.29704891,1381
23.31017919,1442
23.32330948,1321
23.33643976,1345
23.34957004,1268
23.36270032,1426
23.37583061,1353
23.38896089,1354
23.40209117,1355
23.41522145,1409
23.42835174,1413
23.44148202,1438
23.4546123,1458
23.46774258,1455
23.48087287,1378
23.49400315,1315
23.50713343,1388
23.52026372,1364
23.533394,1350
23.54652428,1474
23.55965456,1355
23.57278485,1436
23.58591513,1393
23.59904541,1359
23.61217569,1322
23.62530598,1408
23.63843626,1356
23.65156654,1411
23.66469682,1369
23.67782711,1437
23.69095739,1410
23.70408767,1358
23.71721796,1364
23.73034824,1354
23.74347852,1330
23.7566088,1343
23.76973909,1403
23.78286937,1325
23.79599965,1349
23.80912993,1350
23.82226022,1402
23.8353905,1317
23.84852078,1347
23.86165107,1323
23.87478135,1337
23.88791163,1321
23.90104191,1332
23.9141722,1356
23.92730248,1365
23.94043276,1295
23.95356304,1285
23.96669333,1384
23.97982361,1354
23.99295389,1405
24.00608417,1329
24.01921446,1371
24.03234474,1347
24.04547502,1295
24.05860531,1248
24.07173559,1340
24.08486587,1347
24.09799615,1305
24.11112644,1328
24.12425672,1293
24.137387,1321
24.15051728,1349
24.16364757,1341
24.17677785,1347
24.18990813,1275
24.20303841,1361
24.2161687,1320
24.22929898,1324
24.24242926,1339
24.25555955,1331
24.26868983,1352
24.28182011,1283
24.29495039,1355
24.30808068,1349
24.32121096,1300
24.33434124,1334
24.34747152,1313
24.36060181,1331
24.37373209,1338
24.38686237,1307
24.39999265,1274
24.41312294,1250
24.42625322,1247
24.4393835,1265
24.45251379,1345
24.46564407,1385
24.47877435,1282
24.49190463,1249
24.50503492,1343
24.5181652,1274
24.53129548,1221
24.54442576,1297
24.55755605,1292
24.57068633,1284
24.58381661,1285
24.5969469,1240
24.61007718,1298
24.62320746,1281
24.63633774,1310
24.64946803,1237
24.66259831,1210
24.67572859,1265
24.68885887,1343
24.70198916,1276
24.71511944,1282
24.72824972,1189
24.74138,1261
24.75451029,1248
24.76764057,1316
24.78077085,1245
24.79390114,1261
24.80703142,1253
24.8201617,1355
24.83329198,1292
24.84642227,1329
24.85955255,1300
24.87268283,1291
24.88581311,1312
24.8989434,1348
24.91207368,1236
24.92520396,1231
24.93833424,1281
24.95146453,1283
24.96459481,1273
24.97772509,1221
24.99085538,1297
25.00398566,1270
25.01711594,1190
25.03024622,1258
25.04337651,1270
25.05650679,1270
25.06963707,1260
25.08276735,1280
25.09589764,1233
25.10902792,1225
25.1221582,1190
25.13528848,1253
25.14841877,1276
25.16154905,1250
25.17467933,1204
25.18780962,1232
25.2009399,1241
25.21407018,1260
25.22720046,1221
25.24033075,1275
25.25346103,1248
25.26659131,1224
25.27972159,1218
25.29285188,1291
25.30598216,1307
25.31911244,1257
25.33224272,1290
25.34537301,1261
25.35850329,1266
25.37163357,1351
25.38476386,1283
25.39789414,1281
25.41102442,1276
25.4241547,1241
25.43728499,1340
25.45041527,1218
25.46354555,1268
25.47667583,1259
25.48980612,1278
25.5029364,1281
25.51606668,1269
25.52919697,1343
25.54232725,1316
25.55545753,1268
25.56858781,1331
25.5817181,1332
25.59484838,1338
25.60797866,1385
25.62110894,1397
25.63423923,1392
25.64736951,1366
25.66049979,1340
25.67363007,1391
25.68676036,1384
25.69989064,1422
25.71302092,1476
25.72615121,1376
25.73928149,1379
25.75241177,1430
25.76554205,1437
25.77867234,1382
25.79180262,1411
25.8049329,1486
25.81806318,1520
25.83119347,1593
25.84432375,1502
25.85745403,1649
25.87058431,1592
25.8837146,1558
25.89684488,1535
25.90997516,1645
25.92310545,1624
25.93623573,1537
25.94936601,1622
25.96249629,1630
25.97562658,1594
25.98875686,1636
26.00188714,1586
26.01501742,1579
26.02814771,1471
26.04127799,1541
26.05440827,1644
26.06753855,1594
26.08066884,1540
26.09379912,1471
26.1069294,1572
26.12005969,1609
26.13318997,1456
26.14632025,1410
26.15945053,1453
26.17258082,1440
26.1857111,1462
26.19884138,1425
26.21197166,1423
26.22510195,1362
26.23823223,1369
26.25136251,1360
26.2644928,1377
26.27762308,1342
26.29075336,1388
26.30388364,1356
26.31701393,1312
26.33014421,1359
26.34327449,1293
26.35640477,1379
26.36953506,1333
26.38266534,1316
26.39579562,1276
26.4089259,1285
26.42205619,1268
26.43518647,1284
26.44831675,1313
26.46144704,1301
26.47457732,1294
26.4877076,1314
26.50083788,1271
26.51396817,1357
26.52709845,1288
26.54022873,1263
26.55335901,1239
26.5664893,1198
26.57961958,1219
26.59274986,1259
26.60588014,1213
26.61901043,1290
26.63214071,1296
26.64527099,1256
26.65840128,1196
26.67153156,1234
26.68466184,1297
26.69779212,1246
26.71092241,1290
26.72405269,1225
26.73718297,1266
26.75031325,1241
26.76344354,1186
26.77657382,1196
26.7897041,1248
26.80283438,1218
26.81596467,1148
26.82909495,1259
26.84222523,1125
26.85535552,1151
26.8684858,1193
26.88161608,1143
26.89474636,1236
26.90787665,1168
26.92100693,1213
26.93413721,1251
26.94726749,1158
26.96039778,1144
26.97352806,1181
26.98665834,1149
26.99978862,1194
27.01291891,1209
27.02604919,1233
27.03917947,1147
27.05230976,1146
27.06544004,1134
27.07857032,1135
27.0917006,1158
27.10483089,1151
27.11796117,1130
27.13109145,1217
27.14422173,1155
27.15735202,1181
27.1704823,1124
27.18361258,1134
27.19674287,1222
27.20987315,1153
27.22300343,1186
27.23613371,1170
27.249264,1155
27.26239428,1174
27.27552456,1180
27.28865484,1172
27.30178513,1206
27.31491541,1180
27.32804569,1204
27.34117597,1234
27.35430626,1200
27.36743654,1117
27.38056682,1196
27.39369711,1213
27.40682739,1184
27.41995767,1220
27.43308795,1168
27.44621824,1136
27.45934852,1167
27.4724788,1157
27.48560908,1198
27.49873937,1157
27.51186965,1160
27.52499993,1140
27.53813021,1168
27.5512605,1213
27.56439078,1141
27.57752106,1183
27.59065135,1140
27.60378163,1140
27.61691191,1107
27.63004219,1117
27.64317248,1171
27.65630276,1200
27.66943304,1172
27.68256332,1158
27.69569361,1130
27.70882389,1192
27.72195417,1091
27.73508445,1165
27.74821474,1157
27.76134502,1231
27.7744753,1130
27.78760559,1121
27.80073587,1202
27.81386615,1158
27.82699643,1118
27.84012672,1195
27.853257,1200
27.86638728,1203
27.87951756,1233
27.89264785,1215
27.90577813,1161
27.91890841,1195
27.9320387,1167
27.94516898,1186
27.95829926,1164
27.97142954,1159
27.98455983,1212
27.99769011,1198
28.01082039,1191
28.02395067,1185
28.03708096,1191
28.05021124,1155
28.06334152,1275
28.0764718,1261
28.08960209,1185
28.10273237,1240
28.11586265,1260
28.12899294,1188
28.14212322,1167
28.1552535,1178
28.16838378,1238
28.18151407,1261
28.19464435,1178
28.20777463,1232
28.22090491,1194
28.2340352,1197
28.24716548,1315
28.26029576,1219
28.27342604,1232
28.28655633,1233
28.29968661,1214
28.31281689,1201
28.32594718,1221
28.33907746,1217
28.35220774,1180
28.36533802,1242
28.37846831,1205
28.39159859,1310
28.40472887,1268
28.41785915,1254
28.43098944,1226
28.44411972,1241
28.45725,1166
28.47038028,1220
28.48351057,1228
28.49664085,1186
28.50977113,1166
28.52290142,1245
28.5360317,1210
28.54916198,1193
28.56229226,1198
28.57542255,1239
28.58855283,1238
28.60168311,1246
28.61481339,1179
28.62794368,1175
28.64107396,1198
28.65420424,1253
28.66733452,1242
28.68046481,1229
28.69359509,1288
28.70672537,1245
28.71985566,1235
28.73298594,1217
28.74611622,1240
28.7592465,1232
28.77237679,1220
28.78550707,1222
28.79863735,1208
28.81176763,1271
28.82489792,1204
28.8380282,1185
28.85115848,1202
28.86428877,1209
28.87741905,1167
28.89054933,1228
28.90367961,1197
28.9168099,1195
28.92994018,1220
28.94307046,1282
28.95620074,1291
28.96933103,1208
28.98246131,1234
28.99559159,1257
29.00872187,1251
29.02185216,1278
29.03498244,1252
29.04811272,1309
29.06124301,1210
29.07437329,1323
29.08750357,1218
29.10063385,1205
29.11376414,1213
29.12689442,1281
29.1400247,1249
29.15315498,1290
29.16628527,1248
29.17941555,1238
29.19254583,1167
29.20567611,1239
29.2188064,1280
29.23193668,1230
29.24506696,1158
29.25819725,1198
29.27132753,1234
29.28445781,1223
29.29758809,1231
29.31071838,1200
29.32384866,1223
29.33697894,1287
29.35010922,1259
29.36323951,1279
29.37636979,1156
29.38950007,1190
29.40263035,1235
29.41576064,1251
29.42889092,1193
29.4420212,1237
29.45515149,1244
29.46828177,1197
29.48141205,1239
29.49454233,1223
29.50767262,1194
29.5208029,1257
29.53393318,1216
29.54706346,1166
29.56019375,1135
29.57332403,1219
29.58645431,1207
29.5995846,1202
29.61271488,1203
29.62584516,1173
29.63897544,1223
29.65210573,1202
29.66523601,1206
29.67836629,1113
29.69149657,1247
29.70462686,1202
29.71775714,1223
29.73088742,1199
29.7440177,1173
29.75714799,1235
29.77027827,1124
29.78340855,1165
29.79653884,1193
29.80966912,1170
29.8227994,1138
29.83592968,1158
29.84905997,1168
29.86219025,1190
29.87532053,1283
29.88845081,1120
29.9015811,1213
29.91471138,1224
29.92784166,1170
29.94097194,1177
29.95410223,1184
29.96723251,1169
29.98036279,1192
29.99349308,1224
30.00662336,1196
30.01975364,1128
30.03288392,1239
30.04601421,1178
30.05914449,1210
30.07227477,1140
30.08540505,1165
30.09853534,1172
30.11166562,1170
30.1247959,1235
30.13792618,1224
30.15105647,1174
30.16418675,1209
30.17731703,1249
30.19044732,1206
30.2035776,1193
30.21670788,1215
30.22983816,1253
30.24296845,1180
30.25609873,1142
30.26922901,1199
30.28235929,1199
30.29548958,1205
30.30861986,1263
30.32175014,1184
30.33488042,1166
30.34801071,1223
30.36114099,1284
30.37427127,1185
30.38740156,1265
30.40053184,1311
30.41366212,1214
30.4267924,1208
30.43992269,1220
30.45305297,1297
30.46618325,1247
30.47931353,1245
30.49244382,1157
30.5055741,1239
30.51870438,1232
30.53183467,1221
30.54496495,1236
30.55809523,1253
30.57122551,1234
30.5843558,1281
30.59748608,1272
30.61061636,1351
30.62374664,1270
30.63687693,1273
30.65000721,1212
30.66313749,1297
30.67626777,1355
30.68939806,1313
30.70252834,1279
30.71565862,1248
30.72878891,1325
30.74191919,1326
30.75504947,1258
30.76817975,1296
30.78131004,1388
30.79444032,1367
30.8075706,1329
30.82070088,1366
30.83383117,1296
30.84696145,1386
30.86009173,1324
30.87322201,1472
30.8863523,1398
30.89948258,1336
30.91261286,1399
30.92574315,1389
30.93887343,1336
30.95200371,1417
30.96513399,1389
30.97826428,1347
30.99139456,1362
31.00452484,1372
31.01765512,1381
31.03078541,1471
31.04391569,1440
31.05704597,1471
31.07017625,1459
31.08330654,1468
31.09643682,1545
31.1095671,1492
31.12269739,1483
31.13582767,1473
31.14895795,1524
31.16208823,1460
31.17521852,1508
31.1883488,1544
31.20147908,1542
31.21460936,1516
31.22773965,1514
31.24086993,1527
31.25400021,1645
31.2671305,1544
31.28026078,1578
31.29339106,1617
31.30652134,1665
31.31965163,1618
31.33278191,1715
31.34591219,1719
31.35904247,1649
31.37217276,1693
31.38530304,1796
31.39843332,1760
31.4115636,1742
31.42469389,1679
31.43782417,1742
31.45095445,1698
31.46408474,1735
31.47721502,1846
31.4903453,1788
31.50347558,1809
31.51660587,1829
31.52973615,1883
31.54286643,1943
31.55599671,1929
31.569127,1757
31.58225728,1938
31.59538756,1895
31.60851784,1997
31.62164813,2014
31.63477841,1889
31.64790869,2020
31.66103898,1981
31.67416926,2049
31.68729954,2028
31.70042982,2008
31.71356011,2010
31.72669039,2092
31.73982067,2063
31.75295095,2025
31.76608124,2158
31.77921152,2084
31.7923418,2151
31.80547208,2132
31.81860237,2206
31.83173265,2205
31.84486293,2193
31.85799322,2027
31.8711235,2023
31.88425378,2170
31.89738406,2119
31.91051435,2174
31.92364463,2222
31.93677491,2119
31.94990519,2190
31.96303548,2265
31.97616576,2181
31.98929604,2233
32.00242633,2148
32.01555661,2247
32.02868689,2302
32.04181717,2297
32.05494746,2163
32.06807774,2208
32.08120802,2278
32.0943383,2225
32.10746859,2169
32.12059887,2068
32.13372915,2160
32.14685943,2163
32.15998972,2173
32.17312,2159
32.18625028,2148
32.19938057,2118
32.21251085,2200
32.22564113,2214
32.23877141,2136
32.2519017,2171
32.26503198,2174
32.27816226,2112
32.29129254,2181
32.30442283,2258
32.31755311,2156
32.33068339,2118
32.34381367,2105
32.35694396,2112
32.37007424,2109
32.38320452,2028
32.39633481,2109
32.40946509,2121
32.42259537,2107
32.43572565,2127
32.44885594,1994
32.46198622,1941
32.4751165,1961
32.48824678,1985
32.50137707,1916
32.51450735,1900
32.52763763,1874
32.54076791,1924
32.5538982,1941
32.56702848,1896
32.58015876,2032
32.59328905,1894
32.60641933,1888
32.61954961,1801
32.63267989,1871
32.64581018,1777
32.65894046,1864
32.67207074,1819
32.68520102,1760
32.69833131,1853
32.71146159,1838
32.72459187,1866
32.73772215,1828
32.75085244,1744
32.76398272,1680
32.777113,1835
32.79024329,1813
32.80337357,1785
32.81650385,1782
32.82963413,1763
32.84276442,1739
32.8558947,1703
32.86902498,1677
32.88215526,1803
32.89528555,1797
32.90841583,1714
32.92154611,1634
32.9346764,1650
32.94780668,1629
32.96093696,1629
32.97406724,1638
32.98719753,1665
33.00032781,1715
33.01345809,1663
33.02658837,1699
33.03971866,1635
33.05284894,1688
33.06597922,1651
33.0791095,1631
33.09223979,1640
33.10537007,1616
33.11850035,1553
33.13163064,1571
33.14476092,1581
33.1578912,1533
33.17102148,1541
33.18415177,1576
33.19728205,1526
33.21041233,1553
33.22354261,1505
33.2366729,1466
33.24980318,1531
33.26293346,1519
33.27606374,1494
33.28919403,1473
33.30232431,1482
33.31545459,1566
33.32858488,1515
33.34171516,1403
33.35484544,1436
33.36797572,1448
33.38110601,1476
33.39423629,1443
33.40736657,1437
33.42049685,1439
33.43362714,1363
33.44675742,1493
33.4598877,1345
33.47301798,1399
33.48614827,1398
33.49927855,1372
33.51240883,1358
33.52553912,1314
33.5386694,1320
33.55179968,1392
33.56492996,1352
33.57806025,1371
33.59119053,1362
33.60432081,1426
33.61745109,1355
33.63058138,1307
33.64371166,1342
33.65684194,1271
33.66997223,1238
33.68310251,1229
33.69623279,1281
33.70936307,1291
33.72249336,1253
33.73562364,1330
33.74875392,1240
33.7618842,1278
33.77501449,1305
33.78814477,1339
33.80127505,1317
33.81440533,1349
33.82753562,1212
33.8406659,1295
33.85379618,1238
33.86692647,1240
33.88005675,1245
33.89318703,1277
33.90631731,1274
33.9194476,1273
33.93257788,1215
33.94570816,1231
33.95883844,1291
33.97196873,1207
33.98509901,1306
33.99822929,1219
34.01135957,1262
34.02448986,1234
34.03762014,1237
34.05075042,1263
34.06388071,1254
34.07701099,1209
34.09014127,1226
34.10327155,1265
34.11640184,1199
34.12953212,1297
34.1426624,1204
34.15579268,1162
34.16892297,1165
34.18205325,1168
34.19518353,1206
34.20831381,1160
34.2214441,1151
34.23457438,1137
34.24770466,1124
34.26083495,1197
34.27396523,1172
34.28709551,1152
34.30022579,1184
34.31335608,1212
34.32648636,1104
34.33961664,1114
34.35274692,1096
34.36587721,1160
34.37900749,1092
34.39213777,1086
34.40526805,1102
34.41839834,1071
34.43152862,1123
34.4446589,1046
34.45778919,1148
34.47091947,1049
34.48404975,1042
34.49718003,1112
34.51031032,1026
34.5234406,1030
34.53657088,1003
34.54970116,1045
34.56283145,998
34.57596173,1075
34.58909201,1022
34.6022223,1049
34.61535258,1017
34.62848286,1006
34.64161314,1056
34.65474343,1007
34.66787371,994
34.68100399,993
34.69413427,976
34.70726456,986
34.72039484,994
34.73352512,1035
34.7466554,1005
34.75978569,966
34.77291597,997
34.78604625,987
34.79917654,995
34.81230682,973
34.8254371,989
34.83856738,1008
34.85169767,988
34.86482795,958
34.87795823,898
34.89108851,1001
34.9042188,974
34.91734908,974
34.93047936,998
34.94360964,1000
34.95673993,953
34.96987021,993
34.98300049,972
34.99613078,915
35.00926106,949
35.02239134,940
35.03552162,997
35.04865191,897
35.06178219,917
35.07491247,919
35.08804275,898
35.10117304,940
35.11430332,954
35.1274336,962
35.14056388,953
35.15369417,921
35.16682445,914
35.17995473,981
35.19308502,955
35.2062153,965
35.21934558,957
35.23247586,954
35.24560615,866
35.25873643,913
35.27186671,962
35.28499699,918
35.29812728,884
35.31125756,949
35.32438784,936
35.33751813,944
35.35064841,914
35.36377869,943
35.37690897,883
35.39003926,924
35.40316954,913
35.41629982,929
35.4294301,936
35.44256039,933
35.45569067,907
35.46882095,918
35.48195123,902
35.49508152,865
35.5082118,959
35.52134208,859
35.53447237,882
35.54760265,882
35.56073293,953
35.57386321,948
35.5869935,957
35.60012378,875
35.61325406,903
35.62638434,950
35.63951463,971
35.65264491,892
35.66577519,846
35.67890547,856
35.69203576,862
35.70516604,890
35.71829632,861
35.73142661,892
35.74455689,879
35.75768717,869
35.77081745,882
35.78394774,955
35.79707802,894
35.8102083,900
35.82333858,832
35.83646887,880
35.84959915,917
35.86272943,861
35.87585971,904
35.88899,877
35.90212028,906
35.91525056,877
35.92838085,907
35.94151113,899
35.95464141,865
35.96777169,836
35.98090198,874
35.99403226,841
36.00716254,873
36.02029282,883
36.03342311,937
36.04655339,881
36.05968367,877
36.07281395,882
36.08594424,921
36.09907452,854
36.1122048,868
36.12533509,822
36.13846537,831
36.15159565,833
36.16472593,846
36.17785622,894
36.1909865,845
36.20411678,860
36.21724706,852
36.23037735,833
36.24350763,914
36.25663791,866
36.2697682,895
36.28289848,870
36.29602876,777
36.30915904,828
36.32228933,814
36.33541961,845
36.34854989,898
36.36168017,807
36.37481046,842
36.38794074,794
36.40107102,862
36.4142013,841
36.42733159,830
36.44046187,813
36.45359215,830
36.46672244,857
36.47985272,819
36.492983,794
36.50611328,811
36.51924357,807
36.53237385,825
36.54550413,834
36.55863441,832
36.5717647,826
36.58489498,883
36.59802526,811
36.61115554,821
36.62428583,828
36.63741611,868
36.65054639,817
36.66367668,796
36.67680696,845
36.68993724,855
36.70306752,812
36.71619781,863
36.72932809,843
36.74245837,836
36.75558865,831
36.76871894,813
36.78184922,790
36.7949795,853
36.80810978,783
36.82124007,764
36.83437035,794
36.84750063,756
36.86063092,828
36.8737612,792
36.88689148,856
36.90002176,763
36.91315205,849
36.92628233,759
36.93941261,812
36.95254289,803
36.96567318,832
36.97880346,878
36.99193374,838
37.00506403,768
37.01819431,806
37.03132459,785
37.04445487,801
37.05758516,769
37.07071544,845
37.08384572,830
37.096976,766
37.11010629,808
37.12323657,786
37.13636685,881
37.14949713,811
37.16262742,783
37.1757577,766
37.18888798,817
37.20201827,800
37.21514855,820
37.22827883,805
37.24140911,816
37.2545394,822
37.26766968,817
37.28079996,817
37.29393024,750
37.30706053,766
37.32019081,793
37.33332109,764
37.34645137,802
37.35958166,803
37.37271194,776
37.38584222,746
37.39897251,829
37.41210279,806
37.42523307,845
37.43836335,838
37.45149364,794
37.46462392,798
37.4777542,789
37.49088448,771
37.50401477,745
37.51714505,812
37.53027533,796
37.54340561,830
37.5565359,774
37.56966618,762
37.58279646,810
37.59592675,769
37.60905703,801
37.62218731,750
37.63531759,711
37.64844788,793
37.66157816,751
37.67470844,792
37.68783872,812
37.70096901,794
37.71409929,778
37.72722957,772
37.74035985,753
37.75349014,826
37.76662042,795
37.7797507,805
37.79288099,804
37.80601127,821
37.81914155,814
37.83227183,810
37.84540212,856
37.8585324,792
37.87166268,834
37.88479296,841
37.89792325,758
37.91105353,818
37.92418381,838
37.9373141,795
37.95044438,770
37.96357466,789
37.97670494,819
37.98983523,772
38.00296551,846
38.01609579,800
38.02922607,756
38.04235636,769
38.05548664,780
38.06861692,788
38.0817472,812
38.09487749,808
38.10800777,804
38.12113805,768
38.13426834,772
38.14739862,785
38.1605289,798
38.17365918,808
38.18678947,777
38.19991975,778
38.21305003,820
38.22618031,796
38.2393106,813
38.25244088,824
38.26557116,870
38.27870144,820
38.29183173,825
38.30496201,818
38.31809229,770
38.33122258,815
38.34435286,834
38.35748314,822
38.37061342,778
38.38374371,808
38.39687399,799
38.41000427,832
38.42313455,821
38.43626484,780
38.44939512,781
38.4625254,768
38.47565568,792
38.48878597,769
38.50191625,788
38.51504653,810
38.52817682,838
38.5413071,842
38.55443738,832
38.56756766,844
38.58069795,853
38.59382823,815
38.60695851,792
38.62008879,797
38.63321908,806
38.64634936,842
38.65947964,765
38.67260993,792
38.68574021,751
38.69887049,774
38.71200077,762
38.72513106,865
38.73826134,804
38.75139162,798
38.7645219,900
38.77765219,807
38.79078247,815
38.80391275,862
38.81704303,820
38.83017332,854
38.8433036,826
38.85643388,830
38.86956417,838
38.88269445,798
38.89582473,887
38.90895501,830
38.9220853,834
38.93521558,817
38.94834586,880
38.96147614,861
38.97460643,820
38.98773671,943
39.00086699,855
39.01399727,887
39.02712756,893
39.04025784,902
39.05338812,888
39.06651841,929
39.07964869,947
39.09277897,900
39.10590925,869
39.11903954,956
39.13216982,886
39.1453001,903
39.15843038,861
39.17156067,836
39.18469095,877
39.19782123,852
39.21095151,912
39.2240818,873
39.23721208,915
39.25034236,905
39.26347265,917
39.27660293,887
39.28973321,873
39.30286349,952
39.31599378,877
39.32912406,869
39.34225434,935
39.35538462,967
39.36851491,926
39.38164519,914
39.39477547,937
39.40790575,918
39.42103604,907
39.43416632,1001
39.4472966,994
39.46042689,856
39.47355717,862
39.48668745,873
39.49981773,947
39.51294802,968
39.5260783,872
39.53920858,922
39.55233886,982
39.56546915,925
39.57859943,949
39.59172971,911
39.60486,948
39.61799028,971
39.63112056,907
39.64425084,918
39.65738113,897
39.67051141,950
39.68364169,946
39.69677197,954
39.70990226,972
39.72303254,912
39.73616282,976
39.7492931,969
39.76242339,922
39.77555367,904
39.78868395,949
39.80181424,958
39.81494452,958
39.8280748,910
39.84120508,962
39.85433537,956
39.86746565,931
39.88059593,890
39.89372621,956
39.9068565,947
39.91998678,948
39.93311706,912
39.94624734,874
39.95937763,884
39.97250791,923
39.98563819,909
39.99876848,960
40.01189876,895
40.02502904,914
40.03815932,987
40.05128961,930
40.06441989,963
40.07755017,872
40.09068045,905
40.10381074,893
40.11694102,913
40.1300713,956
40.14320158,881
40.15633187,863
40.16946215,929
40.18259243,827
40.19572272,893
40.208853,864
40.22198328,885
40.23511356,876
40.24824385,925
40.26137413,839
40.27450441,897
40.28763469,916
40.30076498,865
40.31389526,892
40.32702554,901
40.34015583,884
40.35328611,892
40.36641639,908
40.37954667,869
40.39267696,835
40.40580724,823
40.41893752,807
40.4320678,845
40.44519809,919
40.45832837,827
40.47145865,854
40.48458893,829
40.49771922,810
40.5108495,796
40.52397978,850
40.53711007,843
40.55024035,844
40.56337063,839
40.57650091,819
40.5896312,820
40.60276148,849
40.61589176,817
40.62902204,877
40.64215233,804
40.65528261,820
40.66841289,846
40.68154317,805
40.69467346,837
40.70780374,783
40.72093402,853
40.73406431,836
40.74719459,845
40.76032487,826
40.77345515,804
40.78658544,828
40.79971572,763
40.812846,782
40.82597628,860
40.83910657,832
40.85223685,766
40.86536713,828
40.87849741,781
40.8916277,786
40.90475798,829
40.91788826,791
40.93101855,757
40.94414883,809
40.95727911,763
40.97040939,724
40.98353968,792
40.99666996,742
41.00980024,830
41.02293052,795
41.03606081,783
41.04919109,748
41.06232137,747
41.07545166,763
41.08858194,807
41.10171222,814
41.1148425,768
41.12797279,799
41.14110307,816
41.15423335,784
41.16736363,724
41.18049392,804
41.1936242,778
41.20675448,787
41.21988476,778
41.23301505,782
41.24614533,747
41.25927561,723
41.2724059,764
41.28553618,719
41.29866646,747
41.31179674,754
41.32492703,808
41.33805731,750
41.35118759,740
41.36431787,781
41.37744816,781
41.39057844,745
41.40370872,755
41.416839,677
41.42996929,768
41.44309957,767
41.45622985,751
41.46936014,756
41.48249042,801
41.4956207,759
41.50875098,704
41.52188127,736
41.53501155,736
41.54814183,710
41.56127211,757
41.5744024,804
41.58753268,728
41.60066296,790
41.61379324,760
41.62692353,797
41.64005381,786
41.65318409,806
41.66631438,748
41.67944466,765
41.69257494,778
41.70570522,769
41.71883551,708
41.73196579,713
41.74509607,792
41.75822635,724
41.77135664,792
41.78448692,744
41.7976172,718
41.81074748,762
41.82387777,748
41.83700805,788
41.85013833,696
41.86326862,739
41.8763989,684
41.88952918,716
41.90265946,745
41.91578975,726
41.92892003,746
41.94205031,790
41.95518059,790
41.96831088,763
41.98144116,754
41.99457144,737
42.00770173,722
42.02083201,700
42.03396229,806
42.04709257,710
42.06022286,732
42.07335314,755
42.08648342,799
42.0996137,768
42.11274399,746
42.12587427,724
42.13900455,720
42.15213483,738
42.16526512,812
42.1783954,761
42.19152568,744
42.20465597,743
42.21778625,737
42.23091653,783
42.24404681,677
42.2571771,751
42.27030738,795
42.28343766,761
42.29656794,725
42.30969823,673
42.32282851,763
42.33595879,743
42.34908907,712
42.36221936,702
42.37534964,679
42.38847992,733
42.40161021,743
42.41474049,729
42.42787077,740
42.44100105,718
42.45413134,742
42.46726162,740
42.4803919,743
42.49352218,744
42.50665247,693
42.51978275,750
42.53291303,753
42.54604331,707
42.5591736,703
42.57230388,687
42.58543416,666
42.59856445,760
42.61169473,761
42.62482501,736
42.63795529,768
42.65108558,763
42.66421586,725
42.67734614,736
42.69047642,722
42.70360671,750
42.71673699,733
42.72986727,682
42.74299756,688
42.75612784,732
42.76925812,722
42.7823884,686
42.79551869,711
42.80864897,727
42.82177925,699
42.83490953,719
42.84803982,716
42.8611701,727
42.87430038,757
42.88743066,705
42.90056095,728
42.91369123,697
42.92682151,719
42.9399518,658
42.95308208,757
42.96621236,733
42.97934264,673
42.99247293,714
43.00560321,762
43.01873349,720
43.03186377,681
43.04499406,680
43.05812434,746
43.07125462,697
43.0843849,688
43.09751519,716
43.11064547,727
43.12377575,637
43.13690604,724
43.15003632,701
43.1631666,637
43.17629688,687
43.18942717,745
43.20255745,684
43.21568773,676
43.22881801,724
43.2419483,710
43.25507858,648
43.26820886,735
43.28133914,740
43.29446943,731
43.30759971,686
43.32072999,731
43.33386028,719
43.34699056,686
43.36012084,650
43.37325112,678
43.38638141,669
43.39951169,642
43.41264197,705
43.42577225,677
43.43890254,718
43.45203282,661
43.4651631,710
43.47829338,724
43.49142367,688
43.50455395,695
43.51768423,697
43.53081452,723
43.5439448,688
43.55707508,682
43.57020536,706
43.58333565,732
43.59646593,758
43.60959621,688
43.62272649,704
43.63585678,749
43.64898706,740
43.66211734,667
43.67524763,681
43.68837791,717
43.70150819,726
43.71463847,729
43.72776876,743
43.74089904,730
43.75402932,748
43.7671596,672
43.78028989,713
43.79342017,663
43.80655045,712
43.81968073,712
43.83281102,725
43.8459413,739
43.85907158,714
43.87220187,712
43.88533215,664
43.89846243,685
43.91159271,730
43.924723,702
43.93785328,678
43.95098356,691
43.96411384,702
43.97724413,714
43.99037441,754
44.00350469,684
44.01663497,705
44.02976526,723
44.04289554,743
44.05602582,697
44.06915611,767
44.08228639,766
44.09541667,721
44.10854695,715
44.12167724,668
44.13480752,724
44.1479378,667
44.16106808,739
44.17419837,689
44.18732865,682
44.20045893,657
44.21358921,665
44.2267195,731
44.23984978,730
44.25298006,695
44.26611035,681
44.27924063,693
44.29237091,686
44.30550119,711
44.31863148,655
44.33176176,683
44.34489204,693
44.35802232,683
44.37115261,723
44.38428289,674
44.39741317,706
44.41054346,669
44.42367374,712
44.43680402,691
44.4499343,667
44.46306459,741
44.47619487,697
44.48932515,632
44.50245543,684
44.51558572,686
44.528716,638
44.54184628,724
44.55497656,688
44.56810685,636
44.58123713,666
44.59436741,626
44.6074977,654
44.62062798,703
44.63375826,718
44.64688854,665
44.66001883,690
44.67314911,691
44.68627939,676
44.69940967,687
44.71253996,642
44.72567024,642
44.73880052,641
44.7519308,660
44.76506109,711
44.77819137,705
44.79132165,661
44.80445194,702
44.81758222,710
44.8307125,665
44.84384278,632
44.85697307,704
44.87010335,689
44.88323363,688
44.89636391,695
44.9094942,695
44.92262448,680
44.93575476,640
44.94888504,689
44.96201533,659
44.97514561,649
44.98827589,678
45.00140618,682
45.01453646,653
45.02766674,653
45.04079702,695
45.05392731,735
45.06705759,703
45.08018787,709
45.09331815,656
45.10644844,687
45.11957872,703
45.132709,653
45.14583928,677
45.15896957,743
45.17209985,697
45.18523013,711
45.19836042,690
45.2114907,703
45.22462098,666
45.23775126,646
45.25088155,674
45.26401183,685
45.27714211,725
45.29027239,708
45.30340268,647
45.31653296,715
45.32966324,659
45.34279353,717
45.35592381,648
45.36905409,684
45.38218437,610
45.39531466,728
45.40844494,709
45.42157522,664
45.4347055,704
45.44783579,701
45.46096607,707
45.47409635,718
45.48722663,696
45.50035692,712
45.5134872,763
45.52661748,686
45.53974777,658
45.55287805,668
45.56600833,698
45.57913861,666
45.5922689,689
45.60539918,703
45.61852946,672
45.63165974,692
45.64479003,666
45.65792031,717
45.67105059,697
45.68418087,743
45.69731116,729
45.71044144,730
45.72357172,679
45.73670201,691
45.74983229,689
45.76296257,759
45.77609285,737
45.78922314,702
45.80235342,719
45.8154837,730
45.82861398,699
45.84174427,718
45.85487455,735
45.86800483,678
45.88113511,776
45.8942654,730
45.90739568,703
45.92052596,649
45.93365625,680
45.94678653,714
45.95991681,696
45.97304709,691
45.98617738,744
45.99930766,686
46.01243794,711
46.02556822,788
46.03869851,677
46.05182879,699
46.06495907,740
46.07808936,726
46.09121964,694
46.10434992,747
46.1174802,708
46.13061049,782
46.14374077,732
46.15687105,761
46.17000133,731
46.18313162,695
46.1962619,775
46.20939218,760
46.22252246,734
46.23565275,744
46.24878303,779
46.26191331,736
46.2750436,775
46.28817388,774
46.30130416,789
46.31443444,777
46.32756473,792
46.34069501,829
46.35382529,812
46.36695557,739
46.38008586,743
46.39321614,781
46.40634642,771
46.4194767,758
46.43260699,792
46.44573727,778
46.45886755,842
46.47199784,791
46.48512812,755
46.4982584,807
46.51138868,818
46.52451897,767
46.53764925,750
46.55077953,795
46.56390981,843
46.5770401,859
46.59017038,840
46.60330066,828
46.61643094,842
46.62956123,813
46.64269151,843
46.65582179,860
46.66895208,848
46.68208236,847
46.69521264,838
46.70834292,805
46.72147321,903
46.73460349,832
46.74773377,848
46.76086405,808
46.77399434,823
46.78712462,822
46.8002549,849
46.81338518,855
46.82651547,843
46.83964575,857
46.85277603,819
46.86590632,819
46.8790366,848
46.89216688,843
46.90529716,768
46.91842745,845
46.93155773,813
46.94468801,796
46.95781829,829
46.97094858,823
46.98407886,822
46.99720914,835
47.01033943,822
47.02346971,824
47.03659999,770
47.04973027,812
47.06286056,770
47.07599084,751
47.08912112,804
47.1022514,837
47.11538169,817
47.12851197,810
47.14164225,802
47.15477253,720
47.16790282,771
47.1810331,732
47.19416338,751
47.20729367,728
47.22042395,757
47.23355423,732
47.24668451,722
47.2598148,787
47.27294508,753
47.28607536,750
47.29920564,837
47.31233593,773
47.32546621,740
47.33859649,727
47.35172677,709
47.36485706,744
47.37798734,762
47.39111762,691
47.40424791,742
47.41737819,754
47.43050847,755
47.44363875,752
47.45676904,782
47.46989932,755
47.4830296,785
47.49615988,748
47.50929017,730
47.52242045,739
47.53555073,709
47.54868101,779
47.5618113,750
47.57494158,704
47.58807186,788
47.60120215,772
47.61433243,776
47.62746271,730
47.64059299,727
47.65372328,737
47.66685356,782
47.67998384,717
47.69311412,733
47.70624441,770
47.71937469,774
47.73250497,765
47.74563526,775
47.75876554,782
47.77189582,755
47.7850261,740
47.79815639,787
47.81128667,730
47.82441695,763
47.83754723,747
47.85067752,772
47.8638078,745
47.87693808,768
47.89006836,780
47.90319865,767
47.91632893,744
47.92945921,777
47.9425895,744
47.95571978,828
47.96885006,777
47.98198034,774
47.99511063,727
48.00824091,764
48.02137119,759
48.03450147,757
48.04763176,753
48.06076204,728
48.07389232,707
48.0870226,727
48.10015289,774
48.11328317,774
48.12641345,712
48.13954374,767
48.15267402,759
48.1658043,806
48.17893458,736
48.19206487,703
48.20519515,761
48.21832543,791
48.23145571,739
48.244586,742
48.25771628,717
48.27084656,763
48.28397684,771
48.29710713,750
48.31023741,756
48.32336769,741
48.33649798,777
48.34962826,731
48.36275854,680
48.37588882,671
48.38901911,747
48.40214939,726
48.41527967,748
48.42840995,685
48.44154024,745
48.45467052,782
48.4678008,738
48.48093109,727
48.49406137,693
48.50719165,721
48.52032193,698
48.53345222,744
48.5465825,770
48.55971278,731
48.57284306,645
48.58597335,706
48.59910363,702
48.61223391,744
48.62536419,783
48.63849448,706
48.65162476,732
48.66475504,725
48.67788533,680
48.69101561,722
48.70414589,747
48.71727617,770
48.73040646,734
48.74353674,726
48.75666702,753
48.7697973,769
48.78292759,717
48.79605787,736
48.80918815,737
48.82231843,736
48.83544872,693
48.848579,723
48.86170928,741
48.87483957,739
48.88796985,769
48.90110013,740
48.91423041,728
48.9273607,783
48.94049098,778
48.95362126,725
48.96675154,745
48.97988183,718
48.99301211,788
49.00614239,779
49.01927267,775
49.03240296,750
49.04553324,749
49.05866352,797
49.07179381,779
49.08492409,787
49.09805437,781
49.11118465,722
49.12431494,781
49.13744522,781
49.1505755,795
49.16370578,728
49.17683607,773
49.18996635,742
49.20309663,769
49.21622691,728
49.2293572,768
49.24248748,794
49.25561776,804
49.26874805,753
49.28187833,825
49.29500861,749
49.30813889,809
49.32126918,808
49.33439946,846
49.34752974,811
49.36066002,776
49.37379031,801
49.38692059,812
49.40005087,840
49.41318116,845
49.42631144,827
49.43944172,834
49.452572,820
49.46570229,835
49.47883257,864
49.49196285,821
49.50509313,814
49.51822342,808
49.5313537,841
49.54448398,818
49.55761426,814
49.57074455,849
49.58387483,845
49.59700511,804
49.6101354,832
49.62326568,797
49.63639596,790
49.64952624,844
49.66265653,872
49.67578681,773
49.68891709,784
49.70204737,791
49.71517766,799
49.72830794,871
49.74143822,833
49.7545685,786
49.76769879,840
49.78082907,808
49.79395935,785
49.80708964,791
49.82021992,767
49.8333502,785
49.84648048,744
49.85961077,789
49.87274105,813
49.88587133,794
49.89900161,769
49.9121319,720
49.92526218,788
49.93839246,791
49.95152274,870
49.96465303,775
49.97778331,806
49.99091359,742
50.00404388,765
50.01717416,766
50.03030444,745
50.04343472,767
50.05656501,759
50.06969529,800
50.08282557,790
50.09595585,725
50.10908614,758
50.12221642,769
50.1353467,747
50.14847699,730
50.16160727,791
50.17473755,799
50.18786783,784
50.20099812,789
50.2141284,740
50.22725868,765
50.24038896,667
50.25351925,756
50.26664953,700
50.27977981,757
50.29291009,768
50.30604038,760
50.31917066,770
50.33230094,701
50.34543123,726
50.35856151,687
50.37169179,765
50.38482207,756
50.39795236,769
50.41108264,754
50.42421292,775
50.4373432,795
50.45047349,728
50.46360377,751
50.47673405,735
50.48986433,730
50.50299462,742
50.5161249,714
50.52925518,737
50.54238547,751
50.55551575,706
50.56864603,742
50.58177631,709
50.5949066,743
50.60803688,765
50.62116716,775
50.63429744,751
50.64742773,755
50.66055801,762
50.67368829,782
50.68681857,774
50.69994886,714
50.71307914,747
50.72620942,715
50.73933971,755
50.75246999,683
50.76560027,742
50.77873055,749
50.79186084,728
50.80499112,688
50.8181214,753
50.83125168,739
50.84438197,729
50.85751225,726
50.87064253,738
50.88377281,753
50.8969031,721
50.91003338,681
50.92316366,710
50.93629395,683
50.94942423,698
50.96255451,731
50.97568479,737
50.98881508,707
51.00194536,715
51.01507564,716
51.02820592,787
51.04133621,718
51.05446649,722
51.06759677,706
51.08072706,728
51.09385734,725
51.10698762,688
51.1201179,686
51.13324819,722
51.14637847,696
51.15950875,741
51.17263903,739
51.18576932,693
51.1988996,706
51.21202988,741
51.22516016,697
51.23829045,697
51.25142073,665
51.26455101,721
51.2776813,697
51.29081158,711
51.30394186,686
51.31707214,684
51.33020243,733
51.34333271,708
51.35646299,695
51.36959327,683
51.38272356,649
51.39585384,708
51.40898412,671
51.4221144,719
51.43524469,639
51.44837497,658
51.46150525,658
51.47463554,699
51.48776582,712
51.5008961,736
51.51402638,635
51.52715667,693
51.54028695,706
51.55341723,636
51.56654751,650
51.5796778,684
51.59280808,689
51.60593836,670
51.61906864,691
51.63219893,650
51.64532921,699
51.65845949,655
51.67158978,687
51.68472006,669
51.69785034,720
51.71098062,652
51.72411091,713
51.73724119,647
51.75037147,637
51.76350175,656
51.77663204,700
51.78976232,651
51.8028926,647
51.81602289,691
51.82915317,697
51.84228345,729
51.85541373,677
51.86854402,726
51.8816743,638
51.89480458,651
51.90793486,700
51.92106515,643
51.93419543,668
51.94732571,644
51.96045599,679
51.97358628,696
51.98671656,681
51.99984684,690
52.01297713,665
52.02610741,673
52.03923769,649
52.05236797,704
52.06549826,695
52.07862854,705
52.09175882,639
52.1048891,627
52.11801939,640
52.13114967,639
52.14427995,556
52.15741023,707
52.17054052,669
52.1836708,704
52.19680108,629
52.20993137,639
52.22306165,582
52.23619193,620
52.24932221,673
52.2624525,610
52.27558278,602
52.28871306,623
52.30184334,661
52.31497363,607
52.32810391,640
52.34123419,620
52.35436447,622
52.36749476,604
52.38062504,674
52.39375532,612
52.40688561,626
52.42001589,616
52.43314617,594
52.44627645,595
52.45940674,584
52.47253702,600
52.4856673,590
52.49879758,580
52.51192787,623
52.52505815,573
52.53818843,585
52.55131871,609
52.564449,606
52.57757928,593
52.59070956,587
52.60383985,607
52.61697013,609
52.63010041,590
52.64323069,602
52.65636098,561
52.66949126,599
52.68262154,594
52.69575182,622
52.70888211,571
52.72201239,584
52.73514267,584
52.74827296,586
52.76140324,563
52.77453352,628
52.7876638,638
52.80079409,612
52.81392437,559
52.82705465,579
52.84018493,568
52.85331522,577
52.8664455,610
52.87957578,526
52.89270606,604
52.90583635,650
52.91896663,558
52.93209691,634
52.9452272,580
52.95835748,636
52.97148776,616
52.98461804,616
52.99774833,602
53.01087861,603
53.02400889,613
53.03713917,638
53.05026946,620
53.06339974,561
53.07653002,671
53.0896603,661
53.10279059,665
53.11592087,682
53.12905115,645
53.14218144,657
53.15531172,680
53.168442,699
53.18157228,652
53.19470257,644
53.20783285,668
53.22096313,652
53.23409341,638
53.2472237,634
53.26035398,648
53.27348426,654
53.28661454,628
53.29974483,611
53.31287511,606
53.32600539,662
53.33913568,636
53.35226596,623
53.36539624,603
53.37852652,639
53.39165681,619
53.40478709,583
53.41791737,594
53.43104765,595
53.44417794,543
53.45730822,570
53.4704385,562
53.48356879,577
53.49669907,577
53.50982935,587
53.52295963,591
53.53608992,564
53.5492202,590
53.56235048,524
53.57548076,557
53.58861105,500
53.60174133,525
53.61487161,556
53.62800189,551
53.64113218,525
53.65426246,577
53.66739274,533
53.68052303,572
53.69365331,513
53.70678359,494
53.71991387,553
53.73304416,563
53.74617444,539
53.75930472,556
53.772435,498
53.78556529,539
53.79869557,547
53.81182585,496
53.82495613,535
53.83808642,522
53.8512167,514
53.86434698,518
53.87747727,514
53.89060755,520
53.90373783,549
53.91686811,468
53.9299984,527
53.94312868,531
53.95625896,527
53.96938924,553
53.98251953,516
53.99564981,519
54.00878009,494
54.02191037,508
54.03504066,469
54.04817094,456
54.06130122,494
54.07443151,458
54.08756179,507
54.10069207,541
54.11382235,491
54.12695264,503
54.14008292,537
54.1532132,517
54.16634348,475
54.17947377,505
54.19260405,521
54.20573433,521
54.21886461,509
54.2319949,516
54.24512518,540
54.25825546,499
54.27138575,467
54.28451603,494
54.29764631,482
54.31077659,500
54.32390688,512
54.33703716,512
54.35016744,498
54.36329772,459
54.37642801,458
54.38955829,498
54.40268857,530
54.41581886,482
54.42894914,478
54.44207942,454
54.4552097,511
54.46833999,520
54.48147027,451
54.49460055,456
54.50773083,463
54.52086112,466
54.5339914,470
54.54712168,492
54.56025196,487
54.57338225,501
54.58651253,497
54.59964281,464
54.6127731,479
54.62590338,445
54.63903366,474
54.65216394,441
54.66529423,486
54.67842451,467
54.69155479,468
54.70468507,480
54.71781536,463
54.73094564,472
54.74407592,482
54.7572062,504
54.77033649,507
54.78346677,436
54.79659705,489
54.80972734,521
54.82285762,477
54.8359879,469
54.84911818,456
54.86224847,509
54.87537875,479
54.88850903,481
54.90163931,491
54.9147696,479
54.92789988,498
54.94103016,488
54.95416044,493
54.96729073,487
54.98042101,486
54.99355129,472
55.00668158,467
55.01981186,446
55.03294214,433
55.04607242,493
55.05920271,487
55.07233299,487
55.08546327,462
55.09859355,458
55.11172384,478
55.12485412,478
55.1379844,486
55.15111469,447
55.16424497,497
55.17737525,490
55.19050553,481
55.20363582,503
55.2167661,487
55.22989638,500
55.24302666,487
55.25615695,496
55.26928723,462
55.28241751,448
55.29554779,469
55.30867808,489
55.32180836,486
55.33493864,475
55.34806893,474
55.36119921,483
55.37432949,508
55.38745977,473
55.40059006,453
55.41372034,478
55.42685062,497
55.4399809,473
55.45311119,460
55.46624147,451
55.47937175,476
55.49250203,480
55.50563232,470
55.5187626,496
55.53189288,486
55.54502317,487
55.55815345,476
55.57128373,446
55.58441401,481
55.5975443,476
55.61067458,452
55.62380486,482
55.63693514,470
55.65006543,458
55.66319571,490
55.67632599,483
55.68945627,431
55.70258656,434
55.71571684,492
55.72884712,434
55.74197741,502
55.75510769,492
55.76823797,451
55.78136825,455
55.79449854,442
55.80762882,446
55.8207591,488
55.83388938,496
55.84701967,484
55.86014995,466
55.87328023,489
55.88641051,521
55.8995408,515
55.91267108,515
55.92580136,472
55.93893165,452
55.95206193,490
55.96519221,495
55.97832249,483
55.99145278,467
56.00458306,492
56.01771334,474
56.03084362,454
56.04397391,499
56.05710419,479
56.07023447,421
56.08336476,499
56.09649504,490
56.10962532,484
56.1227556,458
56.13588589,502
56.14901617,474
56.16214645,458
56.17527673,498
56.18840702,459
56.2015373,477
56.21466758,452
56.22779786,453
56.24092815,455
56.25405843,462
56.26718871,467
56.280319,491
56.29344928,489
56.30657956,492
56.31970984,447
56.33284013,481
56.34597041,503
56.35910069,495
56.37223097,512
56.38536126,464
56.39849154,392
56.41162182,467
56.4247521,444
56.43788239,456
56.45101267,446
56.46414295,447
56.47727324,440
56.49040352,498
56.5035338,487
56.51666408,470
56.52979437,465
56.54292465,478
56.55605493,504
56.56918521,445
56.5823155,461
56.59544578,485
56.60857606,409
56.62170634,432
56.63483663,442
56.64796691,481
56.66109719,453
56.67422748,458
56.68735776,433
56.70048804,478
56.71361832,437
56.72674861,491
56.73987889,490
56.75300917,438
56.76613945,490
56.77926974,459
56.79240002,474
56.8055303,478
56.81866059,479
56.83179087,460
56.84492115,454
56.85805143,507
56.87118172,444
56.884312,467
56.89744228,456
56.91057256,454
56.92370285,536
56.93683313,480
56.94996341,494
56.96309369,480
56.97622398,446
56.98935426,494
57.00248454,455
57.01561483,481
57.02874511,505
57.04187539,473
57.05500567,433
57.06813596,457
57.08126624,478
57.09439652,439
57.1075268,455
57.12065709,444
57.13378737,449
57.14691765,444
57.16004793,446
57.17317822,481
57.1863085,471
57.19943878,477
57.21256907,498
57.22569935,497
57.23882963,459
57.25195991,495
57.2650902,419
57.27822048,447
57.29135076,442
57.30448104,435
57.31761133,461
57.33074161,454
57.34387189,500
57.35700217,471
57.37013246,465
57.38326274,431
57.39639302,433
57.40952331,431
57.42265359,513
57.43578387,472
57.44891415,448
57.46204444,468
57.47517472,508
57.488305,475
57.50143528,445
57.51456557,431
57.52769585,458
57.54082613,464
57.55395642,442
57.5670867,436
57.58021698,424
57.59334726,443
57.60647755,456
57.61960783,432
57.63273811,484
57.64586839,480
57.65899868,474
57.67212896,466
57.68525924,470
57.69838952,479
57.71151981,431
57.72465009,436
57.73778037,459
57.75091066,495
57.76404094,437
57.77717122,443
57.7903015,472
57.80343179,481
57.81656207,440
57.82969235,475
57.84282263,469
57.85595292,412
57.8690832,463
57.88221348,476
57.89534376,440
57.90847405,458
57.92160433,427
57.93473461,413
57.9478649,456
57.96099518,431
57.97412546,450
57.98725574,470
58.00038603,456
58.01351631,439
58.02664659,463
58.03977687,475
58.05290716,420
58.06603744,459
58.07916772,446
58.092298,457
58.10542829,483
58.11855857,447
58.13168885,460
58.14481914,444
58.15794942,471
58.1710797,403
58.18420998,496
58.19734027,412
58.21047055,455
58.22360083,426
58.23673111,380
58.2498614,468
58.26299168,457
58.27612196,467
58.28925224,401
58.30238253,436
58.31551281,425
58.32864309,502
58.34177338,459
58.35490366,429
58.36803394,467
58.38116422,453
58.39429451,442
58.40742479,419
58.42055507,461
58.43368535,458
58.44681564,454
58.45994592,485
58.4730762,454
58.48620649,442
58.49933677,456
58.51246705,413
58.52559733,468
58.53872762,427
58.5518579,443
58.56498818,413
58.57811846,423
58.59124875,465
58.60437903,475
58.61750931,437
58.63063959,450
58.64376988,429
58.65690016,510
58.67003044,424
58.68316073,454
58.69629101,452
58.70942129,464
58.72255157,427
58.73568186,439
58.74881214,439
58.76194242,399
58.7750727,406
58.78820299,433
58.80133327,428
58.81446355,463
58.82759383,385
58.84072412,445
58.8538544,490
58.86698468,485
58.88011497,456
58.89324525,430
58.90637553,439
58.91950581,401
58.9326361,410
58.94576638,418
58.95889666,438
58.97202694,445
58.98515723,397
58.99828751,439
59.01141779,430
59.02454807,442
59.03767836,403
59.05080864,418
59.06393892,438
59.07706921,399
59.09019949,439
59.10332977,498
59.11646005,457
59.12959034,414
59.14272062,430
59.1558509,485
59.16898118,451
59.18211147,437
59.19524175,444
59.20837203,437
59.22150232,438
59.2346326,419
59.24776288,443
59.26089316,386
59.27402345,415
59.28715373,468
59.30028401,434
59.31341429,435
59.32654458,413
59.33967486,442
59.35280514,459
59.36593542,406
59.37906571,413
59.39219599,451
59.40532627,395
59.41845656,453
59.43158684,438
59.44471712,433
59.4578474,415
59.47097769,448
59.48410797,435
59.49723825,420
59.51036853,382
59.52349882,385
59.5366291,463
59.54975938,442
59.56288966,417
59.57601995,422
59.58915023,431
59.60228051,423
59.6154108,421
59.62854108,437
59.64167136,452
59.65480164,444
59.66793193,409
59.68106221,452
59.69419249,443
59.70732277,458
59.72045306,427
59.73358334,447
59.74671362,436
59.7598439,415
59.77297419,470
59.78610447,425
59.79923475,461
59.81236504,451
59.82549532,455
59.8386256,445
59.85175588,439
59.86488617,431
59.87801645,426
59.89114673,456
59.90427701,434
59.9174073,442
59.93053758,462
59.94366786,436
59.95679814,424
59.96992843,431
59.98305871,406
59.99618899,428
60.00931928,489
60.02244956,465
60.03557984,457
60.04871012,460
60.06184041,417
60.07497069,396
60.08810097,413
60.10123125,436
60.11436154,432
60.12749182,427
60.1406221,432
60.15375239,473
60.16688267,454
60.18001295,485
60.19314323,469
60.20627352,448
60.2194038,478
60.23253408,460
60.24566436,481
60.25879465,453
60.27192493,454
60.28505521,413
60.29818549,438
60.31131578,457
60.32444606,485
60.33757634,474
60.35070663,472
60.36383691,452
60.37696719,456
60.39009747,417
60.40322776,424
60.41635804,445
60.42948832,453
60.4426186,462
60.45574889,424
60.46887917,491
60.48200945,448
60.49513973,456
60.50827002,401
60.5214003,416
60.53453058,432
60.54766087,435
60.56079115,446
60.57392143,395
60.58705171,402
60.600182,441
60.61331228,438
60.62644256,457
60.63957284,383
60.65270313,466
60.66583341,403
60.67896369,403
60.69209397,486
60.70522426,456
60.71835454,467
60.73148482,428
60.74461511,438
60.75774539,413
60.77087567,419
60.78400595,432
60.79713624,438
60.81026652,447
60.8233968,415
60.83652708,466
60.84965737,436
60.86278765,459
60.87591793,451
60.88904822,389
60.9021785,390
60.91530878,423
60.92843906,475
60.94156935,445
60.95469963,436
60.96782991,382
60.98096019,452
60.99409048,397
61.00722076,427
61.02035104,436
61.03348132,455
61.04661161,435
61.05974189,444
61.07287217,433
61.08600246,455
61.09913274,462
61.11226302,466
61.1253933,461
61.13852359,418
61.15165387,449
61.16478415,430
61.17791443,459
61.19104472,416
61.204175,411
61.21730528,430
61.23043556,419
61.24356585,422
61.25669613,437
61.26982641,432
61.2829567,472
61.29608698,497
61.30921726,459
61.32234754,479
61.33547783,448
61.34860811,449
61.36173839,470
61.37486867,458
61.38799896,478
61.40112924,462
61.41425952,493
61.4273898,421
61.44052009,456
61.45365037,464
61.46678065,428
61.47991094,450
61.49304122,434
61.5061715,472
61.51930178,487
61.53243207,444
61.54556235,457
61.55869263,449
61.57182291,465
61.5849532,464
61.59808348,496
61.61121376,440
61.62434404,406
61.63747433,445
61.65060461,464
61.66373489,462
61.67686518,463
61.68999546,438
61.70312574,408
61.71625602,457
61.72938631,454
61.74251659,469
61.75564687,452
61.76877715,457
61.78190744,495
61.79503772,474
61.808168,435
61.82129829,479
61.83442857,466
61.84755885,497
61.86068913,459
61.87381942,471
61.8869497,429
61.90007998,435
61.91321026,437
61.92634055,464
61.93947083,400
61.95260111,467
61.96573139,451
61.97886168,453
61.99199196,465
62.00512224,449
62.01825253,433
62.03138281,413
62.04451309,446
62.05764337,453
62.07077366,441
62.08390394,418
62.09703422,446
62.1101645,471
62.12329479,473
62.13642507,488
62.14955535,445
62.16268563,442
62.17581592,430
62.1889462,419
62.20207648,446
62.21520677,483
62.22833705,419
62.24146733,432
62.25459761,440
62.2677279,446
62.28085818,425
62.29398846,461
62.30711874,459
62.32024903,453
62.33337931,397
62.34650959,442
62.35963987,418
62.37277016,470
62.38590044,446
62.39903072,407
62.41216101,459
62.42529129,490
62.43842157,428
62.45155185,414
62.46468214,402
62.47781242,422
62.4909427,430
62.50407298,468
62.51720327,438
62.53033355,433
62.54346383,433
62.55659412,402
62.5697244,419
62.58285468,451
62.59598496,461
62.60911525,430
62.62224553,426
62.63537581,463
62.64850609,470
62.66163638,483
62.67476666,420
62.68789694,451
62.70102722,431
62.71415751,423
62.72728779,469
62.74041807,477
62.75354836,458
62.76667864,479
62.77980892,429
62.7929392,419
62.80606949,473
62.81919977,410
62.83233005,481
62.84546033,457
62.85859062,473
62.8717209,423
62.88485118,402
62.89798146,461
62.91111175,477
62.92424203,472
62.93737231,439
62.9505026,413
62.96363288,453
62.97676316,459
62.98989344,458
63.00302373,464
63.01615401,417
63.02928429,450
63.04241457,413
63.05554486,467
63.06867514,476
63.08180542,486
63.0949357,442
63.10806599,438
63.12119627,505
63.13432655,431
63.14745684,427
63.16058712,474
63.1737174,472
63.18684768,421
63.19997797,448
63.21310825,472
63.22623853,462
63.23936881,467
63.2524991,501
63.26562938,487
63.27875966,442
63.29188994,437
63.30502023,480
63.31815051,449
63.33128079,455
63.34441108,471
63.35754136,483
63.37067164,469
63.38380192,475
63.39693221,450
63.41006249,471
63.42319277,477
63.43632305,421
63.44945334,450
63.46258362,463
63.4757139,495
63.48884419,460
63.50197447,461
63.51510475,471
63.52823503,521
63.54136532,480
63.5544956,444
63.56762588,456
63.58075616,460
63.59388645,448
63.60701673,464
63.62014701,464
63.63327729,456
63.64640758,460
63.65953786,473
63.67266814,455
63.68579843,447
63.69892871,453
63.71205899,457
63.72518927,470
63.73831956,496
63.75144984,464
63.76458012,459
63.7777104,519
63.79084069,517
63.80397097,477
63.81710125,462
63.83023153,507
63.84336182,467
63.8564921,519
63.86962238,474
63.88275267,477
63.89588295,502
63.90901323,516
63.92214351,446
63.9352738,505
63.94840408,476
63.96153436,523
63.97466464,476
63.98779493,503
64.00092521,486
64.01405549,478
64.02718577,465
64.04031606,494
64.05344634,498
64.06657662,488
64.07970691,500
64.09283719,493
64.10596747,487
64.11909775,483
64.13222804,527
64.14535832,458
64.1584886,495
64.17161888,530
64.18474917,469
64.19787945,496
64.21100973,459
64.22414002,525
64.2372703,485
64.25040058,492
64.26353086,517
64.27666115,445
64.28979143,491
64.30292171,486
64.31605199,478
64.32918228,489
64.34231256,495
64.35544284,480
64.36857312,507
64.38170341,510
64.39483369,472
64.40796397,464
64.42109426,448
64.43422454,488
64.44735482,484
64.4604851,511
64.47361539,483
64.48674567,474
64.49987595,431
64.51300623,451
64.52613652,448
64.5392668,483
64.55239708,430
64.56552736,473
64.57865765,442
64.59178793,453
64.60491821,448
64.6180485,491
64.63117878,458
64.64430906,477
64.65743934,484
64.67056963,444
64.68369991,409
64.69683019,403
64.70996047,472
64.72309076,454
64.73622104,457
64.74935132,439
64.7624816,474
64.77561189,428
64.78874217,453
64.80187245,477
64.81500274,423
64.82813302,450
64.8412633,461
64.85439358,398
64.86752387,377
64.88065415,411
64.89378443,443
64.90691471,484
64.920045,458
64.93317528,461
64.94630556,414
64.95943585,474
64.97256613,469
64.98569641,436
64.99882669,456
65.01195698,442
65.02508726,435
65.03821754,463
65.05134782,436
65.06447811,458
65.07760839,443
65.09073867,429
65.10386895,418
65.11699924,401
65.13012952,419
65.1432598,443
65.15639009,434
65.16952037,408
65.18265065,410
65.19578093,444
65.20891122,436
65.2220415,468
65.23517178,442
65.24830206,422
65.26143235,461
65.27456263,439
65.28769291,392
65.30082319,388
65.31395348,415
65.32708376,397
65.34021404,444
65.35334433,460
65.36647461,408
65.37960489,429
65.39273517,387
65.40586546,398
65.41899574,399
65.43212602,422
65.4452563,404
65.45838659,444
65.47151687,421
65.48464715,383
65.49777743,426
65.51090772,399
65.524038,410
65.53716828,395
65.55029857,410
65.56342885,399
65.57655913,378
65.58968941,429
65.6028197,412
65.61594998,350
65.62908026,441
65.64221054,396
65.65534083,405
65.66847111,386
65.68160139,402
65.69473167,375
65.70786196,417
65.72099224,387
65.73412252,405
65.74725281,382
65.76038309,388
65.77351337,404
65.78664365,379
65.79977394,402
65.81290422,424
65.8260345,389
65.83916478,373
65.85229507,373
65.86542535,383
65.87855563,369
65.89168592,397
65.9048162,323
65.91794648,370
65.93107676,357
65.94420705,369
65.95733733,393
65.97046761,375
65.98359789,397
65.99672818,410
66.00985846,353
66.02298874,331
66.03611902,405
66.04924931,386
66.06237959,396
66.07550987,368
66.08864016,386
66.10177044,397
66.11490072,351
66.128031,366
66.14116129,376
66.15429157,379
66.16742185,384
66.18055213,388
66.19368242,341
66.2068127,365
66.21994298,375
66.23307326,354
66.24620355,347
66.25933383,391
66.27246411,415
66.2855944,333
66.29872468,392
66.31185496,412
66.32498524,366
66.33811553,355
66.35124581,384
66.36437609,380
66.37750637,375
66.39063666,382
66.40376694,365
66.41689722,355
66.4300275,329
66.44315779,359
66.45628807,395
66.46941835,370
66.48254864,364
66.49567892,368
66.5088092,361
66.52193948,350
66.53506977,393
66.54820005,367
66.56133033,387
66.57446061,367
66.5875909,381
66.60072118,363
66.61385146,333
66.62698175,334
66.64011203,427
66.65324231,408
66.66637259,372
66.67950288,374
66.69263316,347
66.70576344,372
66.71889372,329
66.73202401,367
66.74515429,382
66.75828457,361
66.77141485,369
66.78454514,360
66.79767542,349
66.8108057,404
66.82393599,367
66.83706627,387
66.85019655,343
66.86332683,339
66.87645712,358
66.8895874,354
66.90271768,338
66.91584796,389
66.92897825,340
66.94210853,362
66.95523881,342
66.96836909,372
66.98149938,374
66.99462966,375
67.00775994,329
67.02089023,388
67.03402051,361
67.04715079,347
67.06028107,324
67.07341136,352
67.08654164,348
67.09967192,376
67.1128022,385
67.12593249,379
67.13906277,344
67.15219305,345
67.16532333,349
67.17845362,331
67.1915839,369
67.20471418,385
67.21784447,370
67.23097475,355
67.24410503,349
67.25723531,332
67.2703656,343
67.28349588,325
67.29662616,345
67.30975644,332
67.32288673,388
67.33601701,367
67.34914729,353
67.36227757,344
67.37540786,331
67.38853814,338
67.40166842,349
67.41479871,347
67.42792899,377
67.44105927,342
67.45418955,337
67.46731984,362
67.48045012,344
67.4935804,382
67.50671068,340
67.51984097,359
67.53297125,359
67.54610153,346
67.55923182,330
67.5723621,340
67.58549238,359
67.59862266,336
67.61175295,337
67.62488323,344
67.63801351,320
67.65114379,352
67.66427408,330
67.67740436,338
67.69053464,337
67.70366492,347
67.71679521,316
67.72992549,364
67.74305577,355
67.75618606,357
67.76931634,348
67.78244662,359
67.7955769,340
67.80870719,335
67.82183747,334
67.83496775,371
67.84809803,348
67.86122832,360
67.8743586,344
67.88748888,307
67.90061916,340
67.91374945,356
67.92687973,353
67.94001001,354
67.9531403,363
67.96627058,342
67.97940086,347
67.99253114,337
68.00566143,370
68.01879171,358
68.03192199,345
68.04505227,391
68.05818256,357
68.07131284,356
68.08444312,341
68.0975734,363
68.11070369,349
68.12383397,326
68.13696425,356
68.15009454,330
68.16322482,346
68.1763551,319
68.18948538,313
68.20261567,361
68.21574595,333
68.22887623,329
68.24200651,357
68.2551368,358
68.26826708,350
68.28139736,352
68.29452765,364
68.30765793,330
68.32078821,354
68.33391849,331
68.34704878,358
68.36017906,309
68.37330934,348
68.38643962,320
68.39956991,341
68.41270019,319
68.42583047,328
68.43896075,334
68.45209104,341
68.46522132,370
68.4783516,377
68.49148189,356
68.50461217,370
68.51774245,363
68.53087273,327
68.54400302,367
68.5571333,370
68.57026358,381
68.58339386,341
68.59652415,347
68.60965443,384
68.62278471,306
68.63591499,317
68.64904528,301
68.66217556,377
68.67530584,366
68.68843613,317
68.70156641,319
68.71469669,366
68.72782697,387
68.74095726,322
68.75408754,346
68.76721782,322
68.7803481,357
68.79347839,363
68.80660867,326
68.81973895,389
68.83286923,319
68.84599952,318
68.8591298,346
68.87226008,328
68.88539037,337
68.89852065,310
68.91165093,359
68.92478121,328
68.9379115,336
68.95104178,323
68.96417206,305
68.97730234,349
68.99043263,335
69.00356291,350
69.01669319,338
69.02982347,337
69.04295376,358
69.05608404,335
69.06921432,348
69.08234461,328
69.09547489,362
69.10860517,351
69.12173545,354
69.13486574,365
69.14799602,350
69.1611263,326
69.17425658,342
69.18738687,333
69.20051715,347
69.21364743,356
69.22677772,408
69.239908,352
69.25303828,309
69.26616856,348
69.27929885,313
69.29242913,339
69.30555941,343
69.31868969,313
69.33181998,343
69.34495026,388
69.35808054,372
69.37121082,308
69.38434111,342
69.39747139,318
69.41060167,339
69.42373196,348
69.43686224,337
69.44999252,323
69.4631228,302
69.47625309,358
69.48938337,324
69.50251365,338
69.51564393,319
69.52877422,347
69.5419045,335
69.55503478,326
69.56816506,357
69.58129535,319
69.59442563,314
69.60755591,328
69.6206862,341
69.63381648,350
69.64694676,339
69.66007704,345
69.67320733,362
69.68633761,345
69.69946789,362
69.71259817,324
69.72572846,377
69.73885874,327
69.75198902,361
69.7651193,347
69.77824959,337
69.79137987,322
69.80451015,360
69.81764044,331
69.83077072,345
69.843901,362
69.85703128,336
69.87016157,336
69.88329185,366
69.89642213,310
69.90955241,338
69.9226827,325
69.93581298,317
69.94894326,330
69.96207355,317
69.97520383,313
69.98833411,302
70.00146439,373
70.01459468,343
70.02772496,343
70.04085524,336
70.05398552,349
70.06711581,395
70.08024609,335
70.09337637,331
70.10650665,341
70.11963694,371
70.13276722,304
70.1458975,338
70.15902779,359
70.17215807,319
70.18528835,340
70.19841863,317
70.21154892,348
70.2246792,342
70.23780948,383
70.25093976,347
70.26407005,340
70.27720033,310
70.29033061,369
70.30346089,348
70.31659118,356
70.32972146,338
70.34285174,348
70.35598203,309
70.36911231,308
70.38224259,342
70.39537287,350
70.40850316,335
70.42163344,364
70.43476372,347
70.447894,309
70.46102429,334
70.47415457,301
70.48728485,323
70.50041513,348
70.51354542,358
70.5266757,388
70.53980598,352
70.55293627,342
70.56606655,361
70.57919683,334
70.59232711,324
70.6054574,326
70.61858768,337
70.63171796,318
70.64484824,346
70.65797853,356
70.67110881,358
70.68423909,359
70.69736937,354
70.71049966,352
70.72362994,321
70.73676022,341
70.74989051,356
70.76302079,332
70.77615107,329
70.78928135,361
70.80241164,361
70.81554192,375
70.8286722,372
70.84180248,355
70.85493277,321
70.86806305,324
70.88119333,369
70.89432362,343
70.9074539,320
70.92058418,332
70.93371446,339
70.94684475,358
70.95997503,351
70.97310531,389
70.98623559,346
70.99936588,361
71.01249616,338
71.02562644,364
71.03875672,370
71.05188701,342
71.06501729,355
71.07814757,346
71.09127786,359
71.10440814,372
71.11753842,356
71.1306687,359
71.14379899,384
71.15692927,330
71.17005955,329
71.18318983,382
71.19632012,368
71.2094504,332
71.22258068,364
71.23571096,352
71.24884125,333
71.26197153,360
71.27510181,376
71.2882321,342
71.30136238,351
71.31449266,374
71.32762294,386
71.34075323,347
71.35388351,312
71.36701379,355
71.38014407,374
71.39327436,359
71.40640464,384
71.41953492,368
71.4326652,361
71.44579549,354
71.45892577,348
71.47205605,332
71.48518634,339
71.49831662,359
71.5114469,346
71.52457718,365
71.53770747,372
71.55083775,342
71.56396803,382
71.57709831,351
71.5902286,345
71.60335888,378
71.61648916,349
71.62961945,369
71.64274973,337
71.65588001,353
71.66901029,340
71.68214058,358
71.69527086,358
71.70840114,376
71.72153142,370
71.73466171,363
71.74779199,366
71.76092227,357
71.77405255,377
71.78718284,356
71.80031312,359
71.8134434,383
71.82657369,338
71.83970397,324
71.85283425,332
71.86596453,372
71.87909482,384
71.8922251,347
71.90535538,373
71.91848566,327
71.93161595,368
71.94474623,354
71.95787651,372
71.97100679,364
71.98413708,354
71.99726736,340
72.01039764,353
72.02352793,347
72.03665821,337
72.04978849,349
72.06291877,331
72.07604906,373
72.08917934,368
72.10230962,380
72.1154399,346
72.12857019,311
72.14170047,414
72.15483075,374
72.16796103,334
72.18109132,326
72.1942216,375
72.20735188,355
72.22048217,361
72.23361245,317
72.24674273,333
72.25987301,322
72.2730033,341
72.28613358,319
72.29926386,314
72.31239414,369
72.32552443,345
72.33865471,336
72.35178499,309
72.36491527,325
72.37804556,365
72.39117584,347
72.40430612,333
72.41743641,369
72.43056669,334
72.44369697,368
72.45682725,347
72.46995754,366
72.48308782,326
72.4962181,358
72.50934838,344
72.52247867,342
72.53560895,343
72.54873923,370
72.56186952,323
72.5749998,342
72.58813008,330
72.60126036,369
72.61439065,329
72.62752093,347
72.64065121,372
72.65378149,352
72.66691178,350
72.68004206,370
72.69317234,372
72.70630262,362
72.71943291,382
72.73256319,391
72.74569347,348
72.75882376,318
72.77195404,311
72.78508432,333
72.7982146,381
72.81134489,372
72.82447517,341
72.83760545,317
72.85073573,334
72.86386602,345
72.8769963,380
72.89012658,351
72.90325686,371
72.91638715,329
72.92951743,341
72.94264771,399
72.955778,361
72.96890828,345
72.98203856,358
72.99516884,335
73.00829913,323
73.02142941,351
73.03455969,369
73.04768997,348
73.06082026,379
73.07395054,384
73.08708082,345
73.1002111,310
73.11334139,320
73.12647167,301
73.13960195,314
73.15273224,328
73.16586252,317
73.1789928,324
73.19212308,312
73.20525337,334
73.21838365,331
73.23151393,335
73.24464421,376
73.2577745,343
73.27090478,313
73.28403506,360
73.29716535,341
73.31029563,359
73.32342591,382
73.33655619,342
73.34968648,336
73.36281676,319
73.37594704,354
73.38907732,328
73.40220761,380
73.41533789,304
73.42846817,364
73.44159845,340
73.45472874,328
73.46785902,338
73.4809893,338
73.49411959,364
73.50724987,392
73.52038015,370
73.53351043,355
73.54664072,343
73.559771,323
73.57290128,359
73.58603156,348
73.59916185,330
73.61229213,344
73.62542241,369
73.63855269,328
73.65168298,310
73.66481326,321
73.67794354,345
73.69107383,354
73.70420411,341
73.71733439,351
73.73046467,330
73.74359496,383
73.75672524,372
73.76985552,312
73.7829858,361
73.79611609,361
73.80924637,338
73.82237665,355
73.83550693,355
73.84863722,379
73.8617675,332
73.87489778,345
73.88802807,335
73.90115835,347
73.91428863,361
73.92741891,365
73.9405492,371
73.95367948,330
73.96680976,368
73.97994004,320
73.99307033,396
74.00620061,353
74.01933089,347
74.03246118,349
74.04559146,346
74.05872174,321
74.07185202,371
74.08498231,373
74.09811259,376
74.11124287,315
74.12437315,339
74.13750344,349
74.15063372,355
74.163764,373
74.17689428,377
74.19002457,376
74.20315485,350
74.21628513,318
74.22941542,363
74.2425457,367
74.25567598,340
74.26880626,387
74.28193655,376
74.29506683,355
74.30819711,321
74.32132739,336
74.33445768,349
74.34758796,376
74.36071824,336
74.37384852,344
74.38697881,355
74.40010909,349
74.41323937,357
74.42636966,358
74.43949994,347
74.45263022,362
74.4657605,322
74.47889079,340
74.49202107,337
74.50515135,351
74.51828163,369
74.53141192,328
74.5445422,347
74.55767248,362
74.57080276,383
74.58393305,342
74.59706333,337
74.61019361,343
74.6233239,363
74.63645418,384
74.64958446,351
74.66271474,319
74.67584503,400
74.68897531,363
74.70210559,364
74.71523587,354
74.72836616,326
74.74149644,361
74.75462672,368
74.767757,351
74.78088729,323
74.79401757,376
74.80714785,350
74.82027814,356
74.83340842,376
74.8465387,361
74.85966898,371
74.87279927,332
74.88592955,397
74.89905983,347
74.91219011,379
74.9253204,362
74.93845068,383
74.95158096,359
74.96471125,371
74.97784153,361
74.99097181,355
75.00410209,393
75.01723238,393
75.03036266,389
75.04349294,419
75.05662322,363
75.06975351,364
75.08288379,371
75.09601407,355
75.10914435,339
75.12227464,373
75.13540492,365
75.1485352,359
75.16166549,377
75.17479577,361
75.18792605,390
75.20105633,385
75.21418662,388
75.2273169,367
75.24044718,346
75.25357746,361
75.26670775,357
75.27983803,376
75.29296831,351
75.30609859,366
75.31922888,367
75.33235916,383
75.34548944,365
75.35861973,350
75.37175001,374
75.38488029,347
75.39801057,350
75.41114086,405
75.42427114,339
75.43740142,395
75.4505317,402
75.46366199,365
75.47679227,370
75.48992255,390
75.50305283,355
75.51618312,357
75.5293134,414
75.54244368,364
75.55557397,364
75.56870425,335
75.58183453,393
75.59496481,403
75.6080951,346
75.62122538,364
75.63435566,393
75.64748594,372
75.66061623,369
75.67374651,356
75.68687679,402
75.70000708,376
75.71313736,325
75.72626764,364
75.73939792,383
75.75252821,381
75.76565849,361
75.77878877,349
75.79191905,374
75.80504934,412
75.81817962,364
75.8313099,353
75.84444018,379
75.85757047,383
75.87070075,378
75.88383103,395
75.89696132,357
75.9100916,370
75.92322188,369
75.93635216,397
75.94948245,360
75.96261273,383
75.97574301,385
75.98887329,345
76.00200358,366
76.01513386,388
76.02826414,406
76.04139442,379
76.05452471,374
76.06765499,369
76.08078527,332
76.09391556,417
76.10704584,378
76.12017612,384
76.1333064,355
76.14643669,373
76.15956697,324
76.17269725,366
76.18582753,355
76.19895782,379
76.2120881,400
76.22521838,358
76.23834866,400
76.25147895,400
76.26460923,364
76.27773951,394
76.2908698,388
76.30400008,366
76.31713036,353
76.33026064,359
76.34339093,347
76.35652121,340
76.36965149,361
76.38278177,350
76.39591206,364
76.40904234,370
76.42217262,350
76.4353029,367
76.44843319,342
76.46156347,360
76.47469375,351
76.48782404,383
76.50095432,393
76.5140846,365
76.52721488,328
76.54034517,373
76.55347545,361
76.56660573,361
76.57973601,348
76.5928663,347
76.60599658,327
76.61912686,373
76.63225715,380
76.64538743,389
76.65851771,408
76.67164799,381
76.68477828,383
76.69790856,353
76.71103884,376
76.72416912,371
76.73729941,375
76.75042969,343
76.76355997,357
76.77669025,312
76.78982054,359
76.80295082,357
76.8160811,373
76.82921139,393
76.84234167,406
76.85547195,371
76.86860223,406
76.88173252,377
76.8948628,346
76.90799308,398
76.92112336,413
76.93425365,354
76.94738393,352
76.96051421,375
76.97364449,350
76.98677478,366
76.99990506,394
77.01303534,374
77.02616563,364
77.03929591,346
77.05242619,340
77.06555647,337
77.07868676,377
77.09181704,372
77.10494732,385
77.1180776,370
77.13120789,359
77.14433817,365
77.15746845,361
77.17059873,350
77.18372902,360
77.1968593,377
77.20998958,320
77.22311987,356
77.23625015,365
77.24938043,407
77.26251071,386
77.275641,378
77.28877128,384
77.30190156,345
77.31503184,346
77.32816213,387
77.34129241,380
77.35442269,396
77.36755298,391
77.38068326,373
77.39381354,408
77.40694382,405
77.42007411,358
77.43320439,377
77.44633467,368
77.45946495,365
77.47259524,390
77.48572552,339
77.4988558,368
77.51198608,371
77.52511637,358
77.53824665,387
77.55137693,374
77.56450722,381
77.5776375,365
77.59076778,373
77.60389806,366
77.61702835,358
77.63015863,376
77.64328891,364
77.65641919,380
77.66954948,343
77.68267976,397
77.69581004,342
77.70894032,378
77.72207061,326
77.73520089,374
77.74833117,348
77.76146146,344
77.77459174,340
77.78772202,364
77.8008523,326
77.81398259,337
77.82711287,373
77.84024315,365
77.85337343,362
77.86650372,331
77.879634,377
77.89276428,365
77.90589456,357
77.91902485,365
77.93215513,369
77.94528541,360
77.9584157,323
77.97154598,349
77.98467626,317
77.99780654,373
78.01093683,372
78.02406711,371
78.03719739,352
78.05032767,366
78.06345796,356
78.07658824,366
78.08971852,377
78.1028488,332
78.11597909,336
78.12910937,322
78.14223965,310
78.15536994,365
78.16850022,356
78.1816305,347
78.19476078,334
78.20789107,383
78.22102135,339
78.23415163,376
78.24728191,364
78.2604122,327
78.27354248,339
78.28667276,362
78.29980305,342
78.31293333,372
78.32606361,338
78.33919389,347
78.35232418,340
78.36545446,342
78.37858474,315
78.39171502,361
78.40484531,319
78.41797559,321
78.43110587,357
78.44423615,315
78.45736644,320
78.47049672,334
78.483627,302
78.49675729,342
78.50988757,355
78.52301785,306
78.53614813,318
78.54927842,301
78.5624087,336
78.57553898,331
78.58866926,341
78.60179955,329
78.61492983,298
78.62806011,313
78.64119039,302
78.65432068,328
78.66745096,308
78.68058124,299
78.69371153,306
78.70684181,339
78.71997209,306
78.73310237,302
78.74623266,329
78.75936294,356
78.77249322,298
78.7856235,314
78.79875379,343
78.81188407,321
78.82501435,303
78.83814463,318
78.85127492,328
78.8644052,331
78.87753548,371
78.89066577,335
78.90379605,331
78.91692633,320
78.93005661,342
78.9431869,358
78.95631718,349
78.96944746,346
78.98257774,343
78.99570803,313
79.00883831,277
79.02196859,310
79.03509888,309
79.04822916,308
79.06135944,319
79.07448972,336
79.08762001,302
79.10075029,312
79.11388057,283
79.12701085,364
79.14014114,309
79.15327142,321
79.1664017,292
79.17953198,304
79.19266227,350
79.20579255,277
79.21892283,349
79.23205312,314
79.2451834,300
79.25831368,311
79.27144396,339
79.28457425,297
79.29770453,298
79.31083481,308
79.32396509,280
79.33709538,331
79.35022566,329
79.36335594,321
79.37648622,300
79.38961651,307
79.40274679,304
79.41587707,278
79.42900736,321
79.44213764,321
79.45526792,307
79.4683982,300
79.48152849,314
79.49465877,292
79.50778905,311
79.52091933,330
79.53404962,311
79.5471799,280
79.56031018,328
79.57344046,313
79.58657075,283
79.59970103,292
79.61283131,309
79.6259616,310
79.63909188,346
79.65222216,336
79.66535244,270
79.67848273,273
79.69161301,296
79.70474329,277
79.71787357,308
79.73100386,298
79.74413414,288
79.75726442,277
79.7703947,297
79.78352499,315
79.79665527,311
79.80978555,304
79.82291584,309
79.83604612,297
79.8491764,302
79.86230668,316
79.87543697,318
79.88856725,290
79.90169753,277
79.91482781,323
79.9279581,312
79.94108838,297
79.95421866,305
79.96734895,288
79.98047923,310
79.99360951,279
