角度(2θ),强度
5.00656514,3345
5.019695423,3360
5.032825705,3272
5.045955988,3234
5.059086271,3174
5.072216553,3365
5.085346836,3214
5.098477119,3201
5.111607401,3321
5.124737684,3215
5.137867967,3310
5.150998249,3292
5.164128532,3199
5.177258815,3402
5.190389097,3280
5.20351938,3329
5.216649663,3285
5.229779946,3269
5.242910228,3160
5.256040511,3194
5.269170794,3325
5.282301076,3302
5.295431359,3273
5.308561642,3143
5.321691924,3369
5.334822207,3202
5.34795249,3245
5.361082772,3311
5.374213055,3207
5.387343338,3228
5.40047362,3202
5.413603903,3205
5.426734186,3299
5.439864468,3220
5.452994751,3182
5.466125034,3240
5.479255316,3228
5.492385599,3362
5.505515882,3149
5.518646164,3287
5.531776447,3215
5.54490673,3134
5.558037012,3260
5.571167295,3150
5.584297578,3153
5.59742786,3155
5.610558143,3197
5.623688426,3184
5.636818709,3295
5.649948991,3188
5.663079274,3143
5.676209557,3198
5.689339839,3244
5.702470122,3193
5.715600405,3172
5.728730687,3237
5.74186097,3193
5.754991253,3062
5.768121535,3200
5.781251818,3276
5.794382101,3156
5.807512383,3141
5.820642666,3186
5.833772949,3166
5.846903231,3199
5.860033514,3208
5.873163797,3243
5.886294079,3190
5.899424362,3174
5.912554645,3098
5.925684927,3134
5.93881521,3161
5.951945493,2999
5.965075775,3164
5.978206058,3204
5.991336341,3169
6.004466623,3096
6.017596906,3206
6.030727189,3186
6.043857472,3223
6.056987754,3205
6.070118037,3226
6.08324832,3224
6.096378602,3038
6.109508885,3188
6.122639168,3155
6.13576945,3148
6.148899733,3187
6.162030016,3043
6.175160298,3236
6.188290581,3211
6.201420864,3111
6.214551146,3106
6.227681429,3109
6.240811712,2990
6.253941994,3106
6.267072277,3054
6.28020256,3064
6.293332842,3217
6.306463125,3239
6.319593408,3157
6.33272369,3076
6.345853973,3102
6.358984256,3096
6.372114538,3221
6.385244821,3199
6.398375104,3143
6.411505386,2941
6.424635669,3046
6.437765952,3126
6.450896235,3201
6.464026517,3146
6.4771568,3103
6.490287083,3102
6.503417365,3116
6.516547648,3122
6.529677931,3134
6.542808213,3092
6.555938496,3005
6.569068779,3077
6.582199061,3000
6.595329344,3068
6.608459627,3087
6.621589909,3141
6.634720192,3094
6.647850475,3153
6.660980757,3083
6.67411104,3180
6.687241323,3073
6.700371605,3145
6.713501888,3085
6.726632171,3027
6.739762453,3030
6.752892736,3112
6.766023019,3122
6.779153301,3039
6.792283584,3057
6.805413867,3021
6.818544149,3094
6.831674432,3186
6.844804715,3107
6.857934997,3102
6.87106528,3190
6.884195563,3137
6.897325846,3052
6.910456128,2982
6.923586411,3051
6.936716694,3017
6.949846976,3077
6.962977259,3098
6.976107542,3149
6.989237824,2914
7.002368107,3058
7.01549839,3061
7.028628672,3044
7.041758955,3203
7.054889238,3129
7.06801952,3046
7.081149803,3029
7.094280086,3103
7.107410368,3118
7.120540651,3126
7.133670934,3075
7.146801216,3092
7.159931499,3058
7.173061782,3116
7.186192064,3094
7.199322347,3004
7.21245263,3065
7.225582912,3028
7.238713195,3136
7.251843478,3086
7.26497376,3086
7.278104043,3069
7.291234326,3127
7.304364609,3062
7.317494891,3001
7.330625174,3139
7.343755457,2955
7.356885739,2994
7.370016022,2928
7.383146305,2998
7.396276587,3150
7.40940687,3009
7.422537153,3036
7.435667435,3124
7.448797718,3060
7.461928001,3059
7.475058283,3027
7.488188566,3234
7.501318849,3026
7.514449131,2973
7.527579414,3124
7.540709697,3069
7.553839979,3027
7.566970262,3110
7.580100545,3016
7.593230827,3037
7.60636111,3071
7.619491393,2999
7.632621675,2956
7.645751958,3002
7.658882241,3007
7.672012523,3119
7.685142806,3054
7.698273089,2976
7.711403372,3052
7.724533654,3067
7.737663937,2928
7.75079422,3102
7.763924502,3057
7.777054785,2972
7.790185068,3088
7.80331535,3085
7.816445633,3107
7.829575916,3026
7.842706198,2835
7.855836481,2984
7.868966764,3146
7.882097046,3068
7.895227329,3095
7.908357612,2990
7.921487894,3072
7.934618177,2947
7.94774846,3002
7.960878742,3038
7.974009025,2981
7.987139308,2971
8.00026959,2941
8.013399873,3036
8.026530156,2927
8.039660438,3006
8.052790721,2983
8.065921004,2967
8.079051286,3015
8.092181569,2942
8.105311852,2896
8.118442135,2895
8.131572417,2967
8.1447027,2873
8.157832983,2999
8.170963265,3075
8.184093548,3033
8.197223831,3019
8.210354113,2920
8.223484396,2900
8.236614679,3021
8.249744961,2972
8.262875244,2921
8.276005527,2962
8.289135809,2809
8.302266092,2938
8.315396375,2900
8.328526657,2842
8.34165694,2942
8.354787223,2984
8.367917505,2985
8.381047788,2954
8.394178071,2891
8.407308353,2843
8.420438636,2912
8.433568919,2925
8.446699201,2915
8.459829484,2882
8.472959767,2886
8.486090049,2894
8.499220332,2863
8.512350615,2900
8.525480898,2862
8.53861118,2878
8.551741463,2842
8.564871746,2844
8.578002028,2970
8.591132311,2860
8.604262594,2915
8.617392876,3063
8.630523159,2807
8.643653442,2986
8.656783724,2876
8.669914007,2808
8.68304429,2976
8.696174572,2931
8.709304855,2872
8.722435138,2857
8.73556542,2835
8.748695703,2895
8.761825986,2784
8.774956268,2878
8.788086551,2927
8.801216834,2772
8.814347116,2920
8.827477399,2797
8.840607682,2815
8.853737964,2848
8.866868247,2775
8.87999853,2968
8.893128812,2788
8.906259095,2868
8.919389378,2808
8.932519661,2839
8.945649943,2930
8.958780226,2875
8.971910509,2828
8.985040791,2848
8.998171074,2826
9.011301357,2872
9.024431639,2938
9.037561922,2769
9.050692205,2752
9.063822487,2739
9.07695277,2859
9.090083053,2704
9.103213335,2764
9.116343618,2759
9.129473901,2817
9.142604183,2844
9.155734466,2792
9.168864749,2903
9.181995031,2780
9.195125314,2909
9.208255597,2706
9.221385879,2912
9.234516162,2823
9.247646445,2747
9.260776727,2751
9.27390701,2785
9.287037293,2904
9.300167575,2800
9.313297858,2837
9.326428141,2713
9.339558424,2745
9.352688706,2732
9.365818989,2786
9.378949272,2842
9.392079554,2696
9.405209837,2670
9.41834012,2747
9.431470402,2728
9.444600685,2698
9.457730968,2704
9.47086125,2697
9.483991533,2728
9.497121816,2667
9.510252098,2739
9.523382381,2914
9.536512664,2773
9.549642946,2703
9.562773229,2769
9.575903512,2674
9.589033794,2700
9.602164077,2753
9.61529436,2591
9.628424642,2625
9.641554925,2613
9.654685208,2647
9.66781549,2671
9.680945773,2641
9.694076056,2650
9.707206338,2758
9.720336621,2720
9.733466904,2542
9.746597187,2633
9.759727469,2626
9.772857752,2747
9.785988035,2682
9.799118317,2735
9.8122486,2625
9.825378883,2684
9.838509165,2705
9.851639448,2695
9.864769731,2587
9.877900013,2730
9.891030296,2710
9.904160579,2638
9.917290861,2657
9.930421144,2598
9.943551427,2764
9.956681709,2712
9.969811992,2676
9.982942275,2635
9.996072557,2640
10.00920284,2663
10.02233312,2544
10.03546341,2692
10.04859369,2700
10.06172397,2673
10.07485425,2648
10.08798454,2605
10.10111482,2601
10.1142451,2719
10.12737538,2705
10.14050567,2673
10.15363595,2667
10.16676623,2632
10.17989652,2749
10.1930268,2714
10.20615708,2555
10.21928736,2580
10.23241765,2648
10.24554793,2693
10.25867821,2609
10.27180849,2624
10.28493878,2577
10.29806906,2623
10.31119934,2583
10.32432962,2649
10.33745991,2687
10.35059019,2574
10.36372047,2617
10.37685076,2674
10.38998104,2591
10.40311132,2523
10.4162416,2479
10.42937189,2594
10.44250217,2592
10.45563245,2641
10.46876273,2660
10.48189302,2726
10.4950233,2560
10.50815358,2563
10.52128386,2538
10.53441415,2518
10.54754443,2608
10.56067471,2641
10.573805,2443
10.58693528,2576
10.60006556,2532
10.61319584,2641
10.62632613,2552
10.63945641,2466
10.65258669,2711
10.66571697,2514
10.67884726,2508
10.69197754,2574
10.70510782,2514
10.71823811,2542
10.73136839,2491
10.74449867,2493
10.75762895,2491
10.77075924,2524
10.78388952,2582
10.7970198,2545
10.81015008,2553
10.82328037,2551
10.83641065,2566
10.84954093,2588
10.86267121,2486
10.8758015,2508
10.88893178,2530
10.90206206,2568
10.91519235,2424
10.92832263,2480
10.94145291,2493
10.95458319,2483
10.96771348,2443
10.98084376,2503
10.99397404,2410
11.00710432,2394
11.02023461,2440
11.03336489,2454
11.04649517,2445
11.05962545,2477
11.07275574,2559
11.08588602,2456
11.0990163,2413
11.11214659,2456
11.12527687,2483
11.13840715,2354
11.15153743,2417
11.16466772,2480
11.177798,2512
11.19092828,2442
11.20405856,2361
11.21718885,2417
11.23031913,2492
11.24344941,2436
11.25657969,2349
11.26970998,2407
11.28284026,2379
11.29597054,2363
11.30910083,2390
11.32223111,2303
11.33536139,2347
11.34849167,2431
11.36162196,2411
11.37475224,2418
11.38788252,2266
11.4010128,2333
11.41414309,2360
11.42727337,2301
11.44040365,2313
11.45353394,2296
11.46666422,2348
11.4797945,2360
11.49292478,2443
11.50605507,2450
11.51918535,2350
11.53231563,2378
11.54544591,2366
11.5585762,2380
11.57170648,2258
11.58483676,2230
11.59796704,2381
11.61109733,2324
11.62422761,2338
11.63735789,2322
11.65048818,2195
11.66361846,2334
11.67674874,2357
11.68987902,2408
11.70300931,2403
11.71613959,2391
11.72926987,2351
11.74240015,2392
11.75553044,2320
11.76866072,2303
11.781791,2404
11.79492128,2281
11.80805157,2277
11.82118185,2326
11.83431213,2355
11.84744242,2326
11.8605727,2213
11.87370298,2318
11.88683326,2324
11.89996355,2265
11.91309383,2308
11.92622411,2358
11.93935439,2328
11.95248468,2358
11.96561496,2256
11.97874524,2320
11.99187552,2328
12.00500581,2366
12.01813609,2212
12.03126637,2395
12.04439666,2222
12.05752694,2346
12.07065722,2296
12.0837875,2242
12.09691779,2335
12.11004807,2259
12.12317835,2186
12.13630863,2285
12.14943892,2237
12.1625692,2179
12.17569948,2299
12.18882976,2329
12.20196005,2295
12.21509033,2189
12.22822061,2233
12.2413509,2324
12.25448118,2232
12.26761146,2244
12.28074174,2332
12.29387203,2343
12.30700231,2224
12.32013259,2255
12.33326287,2279
12.34639316,2158
12.35952344,2211
12.37265372,2201
12.38578401,2235
12.39891429,2223
12.41204457,2204
12.42517485,2253
12.43830514,2265
12.45143542,2193
12.4645657,2230
12.47769598,2175
12.49082627,2262
12.50395655,2258
12.51708683,2297
12.53021711,2197
12.5433474,2230
12.55647768,2144
12.56960796,2134
12.58273825,2256
12.59586853,2196
12.60899881,2115
12.62212909,2156
12.63525938,2190
12.64838966,2286
12.66151994,2129
12.67465022,2185
12.68778051,2201
12.70091079,2282
12.71404107,2193
12.72717135,2190
12.74030164,2219
12.75343192,2247
12.7665622,2163
12.77969249,2200
12.79282277,2175
12.80595305,2151
12.81908333,2044
12.83221362,2114
12.8453439,2150
12.85847418,2155
12.87160446,2192
12.88473475,2174
12.89786503,2230
12.91099531,2095
12.92412559,2039
12.93725588,2103
12.95038616,2159
12.96351644,2232
12.97664673,2185
12.98977701,2135
13.00290729,2126
13.01603757,2148
13.02916786,2076
13.04229814,2111
13.05542842,2130
13.0685587,2139
13.08168899,2169
13.09481927,2148
13.10794955,2219
13.12107984,2106
13.13421012,2166
13.1473404,2146
13.16047068,2194
13.17360097,2064
13.18673125,2091
13.19986153,2163
13.21299181,2134
13.2261221,2099
13.23925238,2205
13.25238266,2086
13.26551294,2122
13.27864323,2102
13.29177351,2172
13.30490379,2139
13.31803408,2075
13.33116436,2179
13.34429464,2043
13.35742492,2119
13.37055521,2148
13.38368549,2086
13.39681577,2093
13.40994605,2085
13.42307634,2033
13.43620662,2155
13.4493369,2080
13.46246718,2077
13.47559747,2129
13.48872775,2155
13.50185803,2111
13.51498832,2121
13.5281186,2055
13.54124888,2102
13.55437916,2105
13.56750945,2113
13.58063973,2128
13.59377001,2082
13.60690029,2063
13.62003058,2009
13.63316086,2068
13.64629114,2112
13.65942142,2073
13.67255171,2050
13.68568199,2106
13.69881227,2047
13.71194256,2096
13.72507284,2101
13.73820312,2076
13.7513334,2040
13.76446369,2079
13.77759397,2029
13.79072425,2016
13.80385453,2073
13.81698482,2089
13.8301151,2056
13.84324538,2016
13.85637566,2014
13.86950595,2089
13.88263623,2068
13.89576651,2008
13.9088968,2053
13.92202708,1987
13.93515736,2028
13.94828764,2062
13.96141793,2020
13.97454821,2067
13.98767849,2004
14.00080877,2088
14.01393906,2035
14.02706934,2056
14.04019962,2021
14.05332991,2000
14.06646019,2084
14.07959047,2091
14.09272075,2042
14.10585104,2063
14.11898132,2089
14.1321116,2037
14.14524188,2037
14.15837217,1996
14.17150245,2039
14.18463273,1950
14.19776301,2045
14.2108933,1985
14.22402358,2017
14.23715386,2004
14.25028415,1969
14.26341443,1985
14.27654471,2003
14.28967499,1969
14.30280528,2010
14.31593556,1945
14.32906584,1979
14.34219612,1938
14.35532641,1979
14.36845669,2016
14.38158697,1985
14.39471725,1977
14.40784754,2099
14.42097782,1918
14.4341081,1899
14.44723839,1986
14.46036867,1943
14.47349895,2034
14.48662923,1907
14.49975952,1972
14.5128898,1963
14.52602008,2121
14.53915036,1985
14.55228065,1967
14.56541093,1996
14.57854121,1925
14.59167149,2043
14.60480178,1920
14.61793206,1940
14.63106234,1874
14.64419263,1929
14.65732291,1930
14.67045319,1927
14.68358347,1945
14.69671376,1931
14.70984404,1946
14.72297432,1931
14.7361046,1914
14.74923489,1935
14.76236517,1997
14.77549545,2022
14.78862574,2026
14.80175602,1954
14.8148863,1986
14.82801658,1993
14.84114687,1944
14.85427715,1918
14.86740743,1910
14.88053771,1957
14.893668,1945
14.90679828,1850
14.91992856,1850
14.93305884,1871
14.94618913,1886
14.95931941,2055
14.97244969,1872
14.98557998,1874
14.99871026,1926
15.01184054,1925
15.02497082,1862
15.03810111,1900
15.05123139,1914
15.06436167,1925
15.07749195,1948
15.09062224,1888
15.10375252,1950
15.1168828,1924
15.13001308,1856
15.14314337,2004
15.15627365,1939
15.16940393,1910
15.18253422,1919
15.1956645,1895
15.20879478,1928
15.22192506,1880
15.23505535,1893
15.24818563,1903
15.26131591,1878
15.27444619,2005
15.28757648,1929
15.30070676,1883
15.31383704,1906
15.32696732,1913
15.34009761,1919
15.35322789,1932
15.36635817,1941
15.37948846,1948
15.39261874,1944
15.40574902,1874
15.4188793,1902
15.43200959,1865
15.44513987,1786
15.45827015,1850
15.47140043,1890
15.48453072,1948
15.497661,1922
15.51079128,1925
15.52392157,1883
15.53705185,1883
15.55018213,1963
15.56331241,1830
15.5764427,1872
15.58957298,1880
15.60270326,1850
15.61583354,1844
15.62896383,1925
15.64209411,1930
15.65522439,1973
15.66835467,1882
15.68148496,1931
15.69461524,1932
15.70774552,1859
15.72087581,1916
15.73400609,1937
15.74713637,1930
15.76026665,1924
15.77339694,1913
15.78652722,1840
15.7996575,1850
15.81278778,1883
15.82591807,1958
15.83904835,1884
15.85217863,1885
15.86530891,1892
15.8784392,1904
15.89156948,1905
15.90469976,1834
15.91783005,1829
15.93096033,1872
15.94409061,1850
15.95722089,1870
15.97035118,1893
15.98348146,1875
15.99661174,1850
16.00974202,1778
16.02287231,1872
16.03600259,1898
16.04913287,1849
16.06226315,1859
16.07539344,1866
16.08852372,1883
16.101654,1882
16.11478429,1891
16.12791457,1833
16.14104485,1825
16.15417513,1932
16.16730542,1850
16.1804357,1866
16.19356598,1892
16.20669626,1881
16.21982655,1888
16.23295683,1838
16.24608711,1860
16.25921739,1936
16.27234768,1866
16.28547796,1770
16.29860824,1936
16.31173853,1728
16.32486881,1833
16.33799909,1871
16.35112937,1831
16.36425966,1816
16.37738994,1945
16.39052022,1794
16.4036505,1808
16.41678079,1855
16.42991107,1834
16.44304135,1935
16.45617164,1778
16.46930192,1808
16.4824322,1776
16.49556248,1812
16.50869277,1861
16.52182305,1892
16.53495333,1846
16.54808361,1824
16.5612139,1762
16.57434418,1755
16.58747446,1739
16.60060474,1795
16.61373503,1798
16.62686531,1766
16.63999559,1822
16.65312588,1821
16.66625616,1898
16.67938644,1803
16.69251672,1823
16.70564701,1727
16.71877729,1790
16.73190757,1818
16.74503785,1866
16.75816814,1849
16.77129842,1742
16.7844287,1771
16.79755898,1794
16.81068927,1767
16.82381955,1779
16.83694983,1772
16.85008012,1779
16.8632104,1859
16.87634068,1781
16.88947096,1844
16.90260125,1776
16.91573153,1767
16.92886181,1669
16.94199209,1750
16.95512238,1790
16.96825266,1827
16.98138294,1751
16.99451322,1706
17.00764351,1752
17.02077379,1766
17.03390407,1800
17.04703436,1776
17.06016464,1765
17.07329492,1778
17.0864252,1782
17.09955549,1798
17.11268577,1810
17.12581605,1702
17.13894633,1720
17.15207662,1840
17.1652069,1708
17.17833718,1780
17.19146747,1753
17.20459775,1739
17.21772803,1703
17.23085831,1727
17.2439886,1709
17.25711888,1770
17.27024916,1808
17.28337944,1761
17.29650973,1710
17.30964001,1728
17.32277029,1792
17.33590057,1775
17.34903086,1651
17.36216114,1733
17.37529142,1786
17.38842171,1691
17.40155199,1715
17.41468227,1788
17.42781255,1830
17.44094284,1721
17.45407312,1755
17.4672034,1763
17.48033368,1758
17.49346397,1720
17.50659425,1770
17.51972453,1721
17.53285481,1711
17.5459851,1669
17.55911538,1720
17.57224566,1781
17.58537595,1735
17.59850623,1797
17.61163651,1781
17.62476679,1768
17.63789708,1689
17.65102736,1654
17.66415764,1695
17.67728792,1763
17.69041821,1746
17.70354849,1689
17.71667877,1687
17.72980905,1704
17.74293934,1678
17.75606962,1767
17.7691999,1768
17.78233019,1709
17.79546047,1755
17.80859075,1749
17.82172103,1683
17.83485132,1683
17.8479816,1651
17.86111188,1653
17.87424216,1711
17.88737245,1624
17.90050273,1640
17.91363301,1730
17.92676329,1704
17.93989358,1719
17.95302386,1678
17.96615414,1698
17.97928443,1717
17.99241471,1704
18.00554499,1613
18.01867527,1667
18.03180556,1630
18.04493584,1672
18.05806612,1713
18.0711964,1685
18.08432669,1656
18.09745697,1586
18.11058725,1679
18.12371754,1659
18.13684782,1690
18.1499781,1667
18.16310838,1654
18.17623867,1651
18.18936895,1639
18.20249923,1679
18.21562951,1670
18.2287598,1720
18.24189008,1688
18.25502036,1699
18.26815064,1649
18.28128093,1644
18.29441121,1726
18.30754149,1655
18.32067178,1722
18.33380206,1633
18.34693234,1653
18.36006262,1670
18.37319291,1668
18.38632319,1676
18.39945347,1678
18.41258375,1723
18.42571404,1724
18.43884432,1655
18.4519746,1627
18.46510488,1598
18.47823517,1673
18.49136545,1647
18.50449573,1595
18.51762602,1650
18.5307563,1705
18.54388658,1656
18.55701686,1601
18.57014715,1709
18.58327743,1669
18.59640771,1652
18.60953799,1652
18.62266828,1615
18.63579856,1650
18.64892884,1675
18.66205912,1671
18.67518941,1677
18.68831969,1650
18.70144997,1611
18.71458026,1574
18.72771054,1599
18.74084082,1668
18.7539711,1646
18.76710139,1649
18.78023167,1579
18.79336195,1661
18.80649223,1633
18.81962252,1607
18.8327528,1611
18.84588308,1627
18.85901337,1658
18.87214365,1694
18.88527393,1621
18.89840421,1642
18.9115345,1578
18.92466478,1615
18.93779506,1674
18.95092534,1602
18.96405563,1600
18.97718591,1657
18.99031619,1555
19.00344647,1543
19.01657676,1531
19.02970704,1521
19.04283732,1657
19.05596761,1600
19.06909789,1552
19.08222817,1625
19.09535845,1665
19.10848874,1631
19.12161902,1648
19.1347493,1657
19.14787958,1580
19.16100987,1643
19.17414015,1635
19.18727043,1616
19.20040071,1581
19.213531,1576
19.22666128,1582
19.23979156,1581
19.25292185,1618
19.26605213,1554
19.27918241,1622
19.29231269,1674
19.30544298,1590
19.31857326,1641
19.33170354,1694
19.34483382,1593
19.35796411,1656
19.37109439,1675
19.38422467,1560
19.39735495,1614
19.41048524,1529
19.42361552,1612
19.4367458,1616
19.44987609,1699
19.46300637,1562
19.47613665,1573
19.48926693,1568
19.50239722,1526
19.5155275,1621
19.52865778,1637
19.54178806,1619
19.55491835,1599
19.56804863,1534
19.58117891,1586
19.59430919,1595
19.60743948,1563
19.62056976,1584
19.63370004,1639
19.64683033,1599
19.65996061,1562
19.67309089,1608
19.68622117,1593
19.69935146,1518
19.71248174,1503
19.72561202,1604
19.7387423,1594
19.75187259,1565
19.76500287,1573
19.77813315,1585
19.79126344,1518
19.80439372,1599
19.817524,1651
19.83065428,1554
19.84378457,1546
19.85691485,1543
19.87004513,1580
19.88317541,1660
19.8963057,1531
19.90943598,1557
19.92256626,1553
19.93569654,1641
19.94882683,1522
19.96195711,1530
19.97508739,1569
19.98821768,1643
20.00134796,1600
20.01447824,1589
20.02760852,1605
20.04073881,1550
20.05386909,1644
20.06699937,1630
20.08012965,1575
20.09325994,1571
20.10639022,1547
20.1195205,1541
20.13265078,1548
20.14578107,1533
20.15891135,1572
20.17204163,1502
20.18517192,1562
20.1983022,1596
20.21143248,1580
20.22456276,1532
20.23769305,1489
20.25082333,1513
20.26395361,1582
20.27708389,1572
20.29021418,1497
20.30334446,1596
20.31647474,1548
20.32960502,1567
20.34273531,1535
20.35586559,1506
20.36899587,1561
20.38212616,1500
20.39525644,1512
20.40838672,1523
20.421517,1524
20.43464729,1522
20.44777757,1599
20.46090785,1518
20.47403813,1546
20.48716842,1546
20.5002987,1589
20.51342898,1564
20.52655927,1512
20.53968955,1498
20.55281983,1516
20.56595011,1495
20.5790804,1500
20.59221068,1506
20.60534096,1522
20.61847124,1554
20.63160153,1557
20.64473181,1544
20.65786209,1542
20.67099237,1509
20.68412266,1471
20.69725294,1563
20.71038322,1586
20.72351351,1511
20.73664379,1510
20.74977407,1555
20.76290435,1560
20.77603464,1502
20.78916492,1569
20.8022952,1495
20.81542548,1554
20.82855577,1498
20.84168605,1491
20.85481633,1588
20.86794661,1551
20.8810769,1511
20.89420718,1498
20.90733746,1556
20.92046775,1481
20.93359803,1491
20.94672831,1488
20.95985859,1528
20.97298888,1451
20.98611916,1452
20.99924944,1607
21.01237972,1481
21.02551001,1541
21.03864029,1532
21.05177057,1519
21.06490085,1483
21.07803114,1498
21.09116142,1535
21.1042917,1534
21.11742199,1514
21.13055227,1456
21.14368255,1531
21.15681283,1485
21.16994312,1450
21.1830734,1477
21.19620368,1550
21.20933396,1483
21.22246425,1452
21.23559453,1515
21.24872481,1479
21.26185509,1457
21.27498538,1482
21.28811566,1455
21.30124594,1507
21.31437623,1536
21.32750651,1522
21.34063679,1497
21.35376707,1468
21.36689736,1556
21.38002764,1444
21.39315792,1457
21.4062882,1469
21.41941849,1571
21.43254877,1484
21.44567905,1471
21.45880934,1490
21.47193962,1449
21.4850699,1476
21.49820018,1457
21.51133047,1475
21.52446075,1469
21.53759103,1415
21.55072131,1513
21.5638516,1532
21.57698188,1464
21.59011216,1491
21.60324244,1459
21.61637273,1423
21.62950301,1431
21.64263329,1478
21.65576358,1492
21.66889386,1570
21.68202414,1429
21.69515442,1467
21.70828471,1504
21.72141499,1466
21.73454527,1451
21.74767555,1464
21.76080584,1453
21.77393612,1490
21.7870664,1531
21.80019668,1453
21.81332697,1466
21.82645725,1488
21.83958753,1478
21.85271782,1537
21.8658481,1457
21.87897838,1523
21.89210866,1507
21.90523895,1518
21.91836923,1496
21.93149951,1461
21.94462979,1437
21.95776008,1434
21.97089036,1417
21.98402064,1472
21.99715092,1404
22.01028121,1494
22.02341149,1448
22.03654177,1461
22.04967206,1451
22.06280234,1514
22.07593262,1484
22.0890629,1501
22.10219319,1504
22.11532347,1487
22.12845375,1421
22.14158403,1355
22.15471432,1482
22.1678446,1463
22.18097488,1481
22.19410517,1455
22.20723545,1440
22.22036573,1471
22.23349601,1519
22.2466263,1456
22.25975658,1447
22.27288686,1488
22.28601714,1451
22.29914743,1467
22.31227771,1416
22.32540799,1397
22.33853827,1393
22.35166856,1452
22.36479884,1439
22.37792912,1519
22.39105941,1488
22.40418969,1468
22.41731997,1468
22.43045025,1443
22.44358054,1431
22.45671082,1367
22.4698411,1438
22.48297138,1436
22.49610167,1453
22.50923195,1420
22.52236223,1362
22.53549251,1453
22.5486228,1489
22.56175308,1386
22.57488336,1421
22.58801365,1456
22.60114393,1446
22.61427421,1365
22.62740449,1427
22.64053478,1340
22.65366506,1442
22.66679534,1421
22.67992562,1371
22.69305591,1479
22.70618619,1405
22.71931647,1408
22.73244675,1414
22.74557704,1396
22.75870732,1431
22.7718376,1391
22.78496789,1384
22.79809817,1386
22.81122845,1483
22.82435873,1541
22.83748902,1430
22.8506193,1413
22.86374958,1419
22.87687986,1436
22.89001015,1465
22.90314043,1369
22.91627071,1389
22.929401,1431
22.94253128,1457
22.95566156,1417
22.96879184,1470
22.98192213,1524
22.99505241,1387
23.00818269,1368
23.02131297,1435
23.03444326,1431
23.04757354,1307
23.06070382,1361
23.0738341,1350
23.08696439,1509
23.10009467,1387
23.11322495,1381
23.12635524,1396
23.13948552,1392
23.1526158,1356
23.16574608,1453
23.17887637,1468
23.19200665,1371
23.20513693,1347
23.21826721,1403
23.2313975,1356
23.24452778,1399
23.25765806,1387
23.27078834,1405
23.28391863,1333
23.29704891,1366
23.31017919,1454
23.32330948,1338
23.33643976,1344
23.34957004,1410
23.36270032,1469
23.37583061,1469
23.38896089,1344
23.40209117,1460
23.41522145,1397
23.42835174,1347
23.44148202,1334
23.4546123,1330
23.46774258,1307
23.48087287,1342
23.49400315,1280
23.50713343,1400
23.52026372,1359
23.533394,1377
23.54652428,1336
23.55965456,1329
23.57278485,1363
23.58591513,1383
23.59904541,1394
23.61217569,1336
23.62530598,1344
23.63843626,1394
23.65156654,1350
23.66469682,1326
23.67782711,1385
23.69095739,1335
23.70408767,1349
23.71721796,1440
23.73034824,1407
23.74347852,1350
23.7566088,1326
23.76973909,1321
23.78286937,1280
23.79599965,1422
23.80912993,1375
23.82226022,1305
23.8353905,1287
23.84852078,1356
23.86165107,1339
23.87478135,1328
23.88791163,1375
23.90104191,1299
23.9141722,1348
23.92730248,1277
23.94043276,1340
23.95356304,1306
23.96669333,1334
23.97982361,1341
23.99295389,1349
24.00608417,1306
24.01921446,1334
24.03234474,1312
24.04547502,1267
24.05860531,1278
24.07173559,1328
24.08486587,1325
24.09799615,1274
24.11112644,1269
24.12425672,1309
24.137387,1244
24.15051728,1323
24.16364757,1337
24.17677785,1267
24.18990813,1338
24.20303841,1305
24.2161687,1297
24.22929898,1270
24.24242926,1348
24.25555955,1266
24.26868983,1393
24.28182011,1294
24.29495039,1259
24.30808068,1402
24.32121096,1296
24.33434124,1302
24.34747152,1320
24.36060181,1303
24.37373209,1247
24.38686237,1335
24.39999265,1282
24.41312294,1321
24.42625322,1237
24.4393835,1308
24.45251379,1336
24.46564407,1286
24.47877435,1290
24.49190463,1321
24.50503492,1291
24.5181652,1270
24.53129548,1287
24.54442576,1301
24.55755605,1290
24.57068633,1291
24.58381661,1326
24.5969469,1233
24.61007718,1265
24.62320746,1276
24.63633774,1361
24.64946803,1255
24.66259831,1292
24.67572859,1249
24.68885887,1311
24.70198916,1337
24.71511944,1325
24.72824972,1275
24.74138,1237
24.75451029,1260
24.76764057,1228
24.78077085,1230
24.79390114,1312
24.80703142,1344
24.8201617,1294
24.83329198,1252
24.84642227,1238
24.85955255,1308
24.87268283,1280
24.88581311,1258
24.8989434,1235
24.91207368,1246
24.92520396,1285
24.93833424,1314
24.95146453,1222
24.96459481,1239
24.97772509,1267
24.99085538,1249
25.00398566,1347
25.01711594,1299
25.03024622,1308
25.04337651,1281
25.05650679,1281
25.06963707,1282
25.08276735,1342
25.09589764,1310
25.10902792,1311
25.1221582,1282
25.13528848,1264
25.14841877,1322
25.16154905,1302
25.17467933,1266
25.18780962,1276
25.2009399,1215
25.21407018,1306
25.22720046,1317
25.24033075,1326
25.25346103,1351
25.26659131,1311
25.27972159,1308
25.29285188,1319
25.30598216,1354
25.31911244,1373
25.33224272,1259
25.34537301,1302
25.35850329,1357
25.37163357,1318
25.38476386,1395
25.39789414,1332
25.41102442,1338
25.4241547,1374
25.43728499,1423
25.45041527,1350
25.46354555,1371
25.47667583,1381
25.48980612,1433
25.5029364,1506
25.51606668,1504
25.52919697,1373
25.54232725,1453
25.55545753,1345
25.56858781,1433
25.5817181,1512
25.59484838,1465
25.60797866,1545
25.62110894,1481
25.63423923,1543
25.64736951,1531
25.66049979,1565
25.67363007,1566
25.68676036,1529
25.69989064,1578
25.71302092,1590
25.72615121,1639
25.73928149,1649
25.75241177,1638
25.76554205,1677
25.77867234,1697
25.79180262,1670
25.8049329,1669
25.81806318,1629
25.83119347,1709
25.84432375,1577
25.85745403,1709
25.87058431,1723
25.8837146,1729
25.89684488,1748
25.90997516,1713
25.92310545,1735
25.93623573,1758
25.94936601,1715
25.96249629,1683
25.97562658,1709
25.98875686,1675
26.00188714,1665
26.01501742,1593
26.02814771,1615
26.04127799,1586
26.05440827,1583
26.06753855,1491
26.08066884,1556
26.09379912,1524
26.1069294,1497
26.12005969,1483
26.13318997,1485
26.14632025,1472
26.15945053,1471
26.17258082,1445
26.1857111,1503
26.19884138,1459
26.21197166,1480
26.22510195,1344
26.23823223,1392
26.25136251,1345
26.2644928,1465
26.27762308,1421
26.29075336,1358
26.30388364,1328
26.31701393,1407
26.33014421,1331
26.34327449,1303
26.35640477,1307
26.36953506,1356
26.38266534,1243
26.39579562,1314
26.4089259,1381
26.42205619,1334
26.43518647,1262
26.44831675,1243
26.46144704,1255
26.47457732,1227
26.4877076,1311
26.50083788,1332
26.51396817,1273
26.52709845,1276
26.54022873,1281
26.55335901,1285
26.5664893,1167
26.57961958,1243
26.59274986,1260
26.60588014,1240
26.61901043,1266
26.63214071,1265
26.64527099,1283
26.65840128,1263
26.67153156,1164
26.68466184,1281
26.69779212,1210
26.71092241,1244
26.72405269,1265
26.73718297,1232
26.75031325,1268
26.76344354,1252
26.77657382,1188
26.7897041,1245
26.80283438,1253
26.81596467,1223
26.82909495,1264
26.84222523,1256
26.85535552,1266
26.8684858,1287
26.88161608,1215
26.89474636,1195
26.90787665,1203
26.92100693,1173
26.93413721,1198
26.94726749,1218
26.96039778,1197
26.97352806,1228
26.98665834,1227
26.99978862,1202
27.01291891,1196
27.02604919,1207
27.03917947,1195
27.05230976,1168
27.06544004,1205
27.07857032,1240
27.0917006,1203
27.10483089,1256
27.11796117,1252
27.13109145,1254
27.14422173,1240
27.15735202,1146
27.1704823,1171
27.18361258,1243
27.19674287,1171
27.20987315,1218
27.22300343,1239
27.23613371,1240
27.249264,1119
27.26239428,1257
27.27552456,1233
27.28865484,1228
27.30178513,1181
27.31491541,1199
27.32804569,1222
27.34117597,1249
27.35430626,1240
27.36743654,1161
27.38056682,1219
27.39369711,1227
27.40682739,1235
27.41995767,1164
27.43308795,1264
27.44621824,1194
27.45934852,1202
27.4724788,1201
27.48560908,1145
27.49873937,1210
27.51186965,1210
27.52499993,1216
27.53813021,1235
27.5512605,1207
27.56439078,1240
27.57752106,1220
27.59065135,1197
27.60378163,1241
27.61691191,1152
27.63004219,1160
27.64317248,1207
27.65630276,1240
27.66943304,1254
27.68256332,1201
27.69569361,1160
27.70882389,1173
27.72195417,1243
27.73508445,1173
27.74821474,1217
27.76134502,1226
27.7744753,1205
27.78760559,1267
27.80073587,1223
27.81386615,1199
27.82699643,1210
27.84012672,1186
27.853257,1195
27.86638728,1211
27.87951756,1252
27.89264785,1246
27.90577813,1244
27.91890841,1202
27.9320387,1304
27.94516898,1244
27.95829926,1241
27.97142954,1235
27.98455983,1193
27.99769011,1241
28.01082039,1188
28.02395067,1243
28.03708096,1306
28.05021124,1258
28.06334152,1272
28.0764718,1313
28.08960209,1282
28.10273237,1318
28.11586265,1293
28.12899294,1306
28.14212322,1261
28.1552535,1195
28.16838378,1239
28.18151407,1254
28.19464435,1298
28.20777463,1270
28.22090491,1264
28.2340352,1250
28.24716548,1339
28.26029576,1327
28.27342604,1274
28.28655633,1290
28.29968661,1239
28.31281689,1264
28.32594718,1215
28.33907746,1256
28.35220774,1364
28.36533802,1251
28.37846831,1264
28.39159859,1324
28.40472887,1252
28.41785915,1244
28.43098944,1303
28.44411972,1256
28.45725,1323
28.47038028,1239
28.48351057,1284
28.49664085,1313
28.50977113,1280
28.52290142,1283
28.5360317,1333
28.54916198,1278
28.56229226,1302
28.57542255,1304
28.58855283,1319
28.60168311,1242
28.61481339,1288
28.62794368,1269
28.64107396,1288
28.65420424,1282
28.66733452,1256
28.68046481,1321
28.69359509,1266
28.70672537,1246
28.71985566,1282
28.73298594,1254
28.74611622,1359
28.7592465,1295
28.77237679,1295
28.78550707,1235
28.79863735,1306
28.81176763,1283
28.82489792,1267
28.8380282,1269
28.85115848,1281
28.86428877,1361
28.87741905,1303
28.89054933,1285
28.90367961,1330
28.9168099,1273
28.92994018,1328
28.94307046,1235
28.95620074,1285
28.96933103,1265
28.98246131,1261
28.99559159,1330
29.00872187,1357
29.02185216,1291
29.03498244,1270
29.04811272,1279
29.06124301,1267
29.07437329,1342
29.08750357,1312
29.10063385,1303
29.11376414,1160
29.12689442,1292
29.1400247,1298
29.15315498,1283
29.16628527,1274
29.17941555,1306
29.19254583,1335
29.20567611,1328
29.2188064,1319
29.23193668,1293
29.24506696,1297
29.25819725,1239
29.27132753,1254
29.28445781,1327
29.29758809,1222
29.31071838,1279
29.32384866,1287
29.33697894,1278
29.35010922,1229
29.36323951,1238
29.37636979,1266
29.38950007,1247
29.40263035,1296
29.41576064,1238
29.42889092,1304
29.4420212,1237
29.45515149,1187
29.46828177,1233
29.48141205,1277
29.49454233,1246
29.50767262,1284
29.5208029,1228
29.53393318,1215
29.54706346,1194
29.56019375,1200
29.57332403,1225
29.58645431,1248
29.5995846,1260
29.61271488,1214
29.62584516,1270
29.63897544,1245
29.65210573,1152
29.66523601,1230
29.67836629,1274
29.69149657,1163
29.70462686,1241
29.71775714,1206
29.73088742,1264
29.7440177,1322
29.75714799,1231
29.77027827,1241
29.78340855,1205
29.79653884,1256
29.80966912,1213
29.8227994,1229
29.83592968,1273
29.84905997,1171
29.86219025,1219
29.87532053,1250
29.88845081,1267
29.9015811,1303
29.91471138,1260
29.92784166,1203
29.94097194,1169
29.95410223,1178
29.96723251,1236
29.98036279,1261
29.99349308,1280
30.00662336,1194
30.01975364,1221
30.03288392,1229
30.04601421,1303
30.05914449,1293
30.07227477,1283
30.08540505,1239
30.09853534,1264
30.11166562,1277
30.1247959,1285
30.13792618,1281
30.15105647,1233
30.16418675,1281
30.17731703,1264
30.19044732,1272
30.2035776,1285
30.21670788,1258
30.22983816,1210
30.24296845,1280
30.25609873,1269
30.26922901,1237
30.28235929,1262
30.29548958,1220
30.30861986,1258
30.32175014,1277
30.33488042,1340
30.34801071,1297
30.36114099,1285
30.37427127,1296
30.38740156,1208
30.40053184,1360
30.41366212,1376
30.4267924,1371
30.43992269,1278
30.45305297,1384
30.46618325,1344
30.47931353,1334
30.49244382,1363
30.5055741,1370
30.51870438,1292
30.53183467,1406
30.54496495,1367
30.55809523,1407
30.57122551,1325
30.5843558,1356
30.59748608,1398
30.61061636,1408
30.62374664,1351
30.63687693,1335
30.65000721,1353
30.66313749,1396
30.67626777,1360
30.68939806,1394
30.70252834,1327
30.71565862,1438
30.72878891,1341
30.74191919,1408
30.75504947,1439
30.76817975,1399
30.78131004,1460
30.79444032,1362
30.8075706,1403
30.82070088,1482
30.83383117,1455
30.84696145,1390
30.86009173,1498
30.87322201,1479
30.8863523,1517
30.89948258,1465
30.91261286,1439
30.92574315,1537
30.93887343,1475
30.95200371,1517
30.96513399,1458
30.97826428,1488
30.99139456,1585
31.00452484,1526
31.01765512,1564
31.03078541,1621
31.04391569,1567
31.05704597,1606
31.07017625,1522
31.08330654,1669
31.09643682,1626
31.1095671,1652
31.12269739,1711
31.13582767,1656
31.14895795,1629
31.16208823,1705
31.17521852,1694
31.1883488,1645
31.20147908,1759
31.21460936,1800
31.22773965,1764
31.24086993,1696
31.25400021,1886
31.2671305,1848
31.28026078,1744
31.29339106,1813
31.30652134,1960
31.31965163,1831
31.33278191,1837
31.34591219,1854
31.35904247,1865
31.37217276,1989
31.38530304,1903
31.39843332,1889
31.4115636,1982
31.42469389,2039
31.43782417,1901
31.45095445,2062
31.46408474,2067
31.47721502,2059
31.4903453,2011
31.50347558,2019
31.51660587,2055
31.52973615,2160
31.54286643,2130
31.55599671,2157
31.569127,2138
31.58225728,2154
31.59538756,2234
31.60851784,2172
31.62164813,2234
31.63477841,2160
31.64790869,2245
31.66103898,2181
31.67416926,2343
31.68729954,2272
31.70042982,2260
31.71356011,2347
31.72669039,2343
31.73982067,2396
31.75295095,2436
31.76608124,2336
31.77921152,2358
31.7923418,2454
31.80547208,2370
31.81860237,2439
31.83173265,2444
31.84486293,2442
31.85799322,2394
31.8711235,2552
31.88425378,2531
31.89738406,2540
31.91051435,2484
31.92364463,2546
31.93677491,2483
31.94990519,2557
31.96303548,2539
31.97616576,2581
31.98929604,2505
32.00242633,2543
32.01555661,2404
32.02868689,2516
32.04181717,2498
32.05494746,2520
32.06807774,2437
32.08120802,2545
32.0943383,2598
32.10746859,2418
32.12059887,2586
32.13372915,2418
32.14685943,2461
32.15998972,2492
32.17312,2477
32.18625028,2384
32.19938057,2469
32.21251085,2536
32.22564113,2452
32.23877141,2385
32.2519017,2336
32.26503198,2368
32.27816226,2295
32.29129254,2401
32.30442283,2379
32.31755311,2326
32.33068339,2316
32.34381367,2355
32.35694396,2310
32.37007424,2220
32.38320452,2157
32.39633481,2397
32.40946509,2252
32.42259537,2271
32.43572565,2213
32.44885594,2249
32.46198622,2175
32.4751165,2116
32.48824678,2187
32.50137707,2131
32.51450735,2163
32.52763763,2115
32.54076791,2065
32.5538982,2046
32.56702848,1987
32.58015876,1970
32.59328905,2078
32.60641933,2031
32.61954961,1962
32.63267989,1929
32.64581018,1951
32.65894046,2000
32.67207074,1973
32.68520102,1918
32.69833131,1947
32.71146159,1893
32.72459187,1909
32.73772215,1973
32.75085244,1895
32.76398272,1779
32.777113,1936
32.79024329,1927
32.80337357,1863
32.81650385,1824
32.82963413,1827
32.84276442,1793
32.8558947,1804
32.86902498,1874
32.88215526,1850
32.89528555,1793
32.90841583,1804
32.92154611,1839
32.9346764,1873
32.94780668,1754
32.96093696,1703
32.97406724,1789
32.98719753,1727
33.00032781,1780
33.01345809,1681
33.02658837,1753
33.03971866,1714
33.05284894,1678
33.06597922,1629
33.0791095,1760
33.09223979,1681
33.10537007,1760
33.11850035,1640
33.13163064,1566
33.14476092,1739
33.1578912,1601
33.17102148,1580
33.18415177,1647
33.19728205,1583
33.21041233,1537
33.22354261,1563
33.2366729,1568
33.24980318,1632
33.26293346,1640
33.27606374,1561
33.28919403,1579
33.30232431,1584
33.31545459,1538
33.32858488,1552
33.34171516,1542
33.35484544,1550
33.36797572,1490
33.38110601,1532
33.39423629,1494
33.40736657,1479
33.42049685,1530
33.43362714,1504
33.44675742,1500
33.4598877,1531
33.47301798,1453
33.48614827,1518
33.49927855,1444
33.51240883,1405
33.52553912,1445
33.5386694,1376
33.55179968,1390
33.56492996,1424
33.57806025,1426
33.59119053,1404
33.60432081,1442
33.61745109,1416
33.63058138,1416
33.64371166,1426
33.65684194,1352
33.66997223,1333
33.68310251,1461
33.69623279,1411
33.70936307,1410
33.72249336,1367
33.73562364,1337
33.74875392,1401
33.7618842,1309
33.77501449,1310
33.78814477,1372
33.80127505,1249
33.81440533,1353
33.82753562,1345
33.8406659,1336
33.85379618,1297
33.86692647,1328
33.88005675,1258
33.89318703,1383
33.90631731,1317
33.9194476,1311
33.93257788,1319
33.94570816,1306
33.95883844,1302
33.97196873,1315
33.98509901,1270
33.99822929,1361
34.01135957,1299
34.02448986,1279
34.03762014,1319
34.05075042,1317
34.06388071,1224
34.07701099,1280
34.09014127,1262
34.10327155,1213
34.11640184,1271
34.12953212,1199
34.1426624,1194
34.15579268,1263
34.16892297,1239
34.18205325,1286
34.19518353,1221
34.20831381,1251
34.2214441,1226
34.23457438,1138
34.24770466,1219
34.26083495,1141
34.27396523,1209
34.28709551,1196
34.30022579,1229
34.31335608,1164
34.32648636,1217
34.33961664,1148
34.35274692,1201
34.36587721,1134
34.37900749,1160
34.39213777,1076
34.40526805,1093
34.41839834,1116
34.43152862,1137
34.4446589,1099
34.45778919,1067
34.47091947,1186
34.48404975,1120
34.49718003,1197
34.51031032,1167
34.5234406,1075
34.53657088,1105
34.54970116,1166
34.56283145,1064
34.57596173,1116
34.58909201,1050
34.6022223,1038
34.61535258,1069
34.62848286,1013
34.64161314,1048
34.65474343,1076
34.66787371,1065
34.68100399,1001
34.69413427,983
34.70726456,1045
34.72039484,1009
34.73352512,1025
34.7466554,999
34.75978569,967
34.77291597,1060
34.78604625,1028
34.79917654,1049
34.81230682,976
34.8254371,935
34.83856738,958
34.85169767,1029
34.86482795,979
34.87795823,1009
34.89108851,1013
34.9042188,945
34.91734908,1024
34.93047936,1022
34.94360964,1010
34.95673993,931
34.96987021,967
34.98300049,948
34.99613078,995
35.00926106,965
35.02239134,1005
35.03552162,964
35.04865191,930
35.06178219,933
35.07491247,977
35.08804275,972
35.10117304,977
35.11430332,989
35.1274336,939
35.14056388,1006
35.15369417,936
35.16682445,897
35.17995473,974
35.19308502,917
35.2062153,971
35.21934558,948
35.23247586,927
35.24560615,877
35.25873643,953
35.27186671,946
35.28499699,963
35.29812728,932
35.31125756,909
35.32438784,934
35.33751813,965
35.35064841,944
35.36377869,932
35.37690897,895
35.39003926,937
35.40316954,895
35.41629982,932
35.4294301,953
35.44256039,927
35.45569067,950
35.46882095,911
35.48195123,931
35.49508152,906
35.5082118,904
35.52134208,910
35.53447237,885
35.54760265,913
35.56073293,952
35.57386321,908
35.5869935,926
35.60012378,900
35.61325406,861
35.62638434,910
35.63951463,929
35.65264491,933
35.66577519,866
35.67890547,877
35.69203576,913
35.70516604,941
35.71829632,862
35.73142661,853
35.74455689,866
35.75768717,820
35.77081745,920
35.78394774,890
35.79707802,873
35.8102083,923
35.82333858,878
35.83646887,838
35.84959915,856
35.86272943,911
35.87585971,955
35.88899,876
35.90212028,915
35.91525056,903
35.92838085,861
35.94151113,875
35.95464141,914
35.96777169,894
35.98090198,842
35.99403226,851
36.00716254,824
36.02029282,841
36.03342311,860
36.04655339,853
36.05968367,889
36.07281395,847
36.08594424,869
36.09907452,879
36.1122048,785
36.12533509,927
36.13846537,882
36.15159565,823
36.16472593,817
36.17785622,839
36.1909865,822
36.20411678,885
36.21724706,847
36.23037735,880
36.24350763,838
36.25663791,845
36.2697682,851
36.28289848,815
36.29602876,865
36.30915904,844
36.32228933,889
36.33541961,855
36.34854989,793
36.36168017,782
36.37481046,806
36.38794074,804
36.40107102,804
36.4142013,812
36.42733159,825
36.44046187,835
36.45359215,880
36.46672244,817
36.47985272,848
36.492983,831
36.50611328,849
36.51924357,857
36.53237385,850
36.54550413,825
36.55863441,800
36.5717647,771
36.58489498,788
36.59802526,812
36.61115554,800
36.62428583,782
36.63741611,835
36.65054639,864
36.66367668,864
36.67680696,788
36.68993724,790
36.70306752,740
36.71619781,814
36.72932809,795
36.74245837,760
36.75558865,806
36.76871894,787
36.78184922,826
36.7949795,794
36.80810978,761
36.82124007,813
36.83437035,781
36.84750063,774
36.86063092,857
36.8737612,778
36.88689148,782
36.90002176,812
36.91315205,783
36.92628233,777
36.93941261,837
36.95254289,762
36.96567318,784
36.97880346,796
36.99193374,852
37.00506403,797
37.01819431,795
37.03132459,788
37.04445487,834
37.05758516,743
37.07071544,761
37.08384572,797
37.096976,802
37.11010629,799
37.12323657,735
37.13636685,788
37.14949713,820
37.16262742,763
37.1757577,728
37.18888798,771
37.20201827,800
37.21514855,804
37.22827883,799
37.24140911,817
37.2545394,778
37.26766968,809
37.28079996,854
37.29393024,757
37.30706053,839
37.32019081,772
37.33332109,798
37.34645137,804
37.35958166,733
37.37271194,798
37.38584222,762
37.39897251,799
37.41210279,772
37.42523307,790
37.43836335,831
37.45149364,774
37.46462392,784
37.4777542,793
37.49088448,770
37.50401477,754
37.51714505,793
37.53027533,777
37.54340561,772
37.5565359,785
37.56966618,805
37.58279646,825
37.59592675,818
37.60905703,771
37.62218731,811
37.63531759,825
37.64844788,792
37.66157816,804
37.67470844,808
37.68783872,810
37.70096901,787
37.71409929,802
37.72722957,771
37.74035985,808
37.75349014,765
37.76662042,806
37.7797507,812
37.79288099,752
37.80601127,853
37.81914155,784
37.83227183,778
37.84540212,716
37.8585324,767
37.87166268,810
37.88479296,821
37.89792325,779
37.91105353,760
37.92418381,797
37.9373141,783
37.95044438,791
37.96357466,768
37.97670494,759
37.98983523,734
38.00296551,799
38.01609579,752
38.02922607,743
38.04235636,881
38.05548664,785
38.06861692,806
38.0817472,797
38.09487749,761
38.10800777,785
38.12113805,783
38.13426834,773
38.14739862,782
38.1605289,803
38.17365918,781
38.18678947,785
38.19991975,806
38.21305003,803
38.22618031,813
38.2393106,791
38.25244088,730
38.26557116,791
38.27870144,779
38.29183173,792
38.30496201,806
38.31809229,762
38.33122258,796
38.34435286,801
38.35748314,807
38.37061342,830
38.38374371,827
38.39687399,792
38.41000427,774
38.42313455,801
38.43626484,786
38.44939512,801
38.4625254,752
38.47565568,765
38.48878597,778
38.50191625,794
38.51504653,798
38.52817682,782
38.5413071,718
38.55443738,790
38.56756766,794
38.58069795,783
38.59382823,753
38.60695851,818
38.62008879,799
38.63321908,818
38.64634936,790
38.65947964,768
38.67260993,822
38.68574021,827
38.69887049,740
38.71200077,799
38.72513106,823
38.73826134,830
38.75139162,883
38.7645219,835
38.77765219,837
38.79078247,809
38.80391275,818
38.81704303,803
38.83017332,833
38.8433036,820
38.85643388,818
38.86956417,855
38.88269445,862
38.89582473,808
38.90895501,813
38.9220853,846
38.93521558,862
38.94834586,882
38.96147614,827
38.97460643,857
38.98773671,850
39.00086699,920
39.01399727,866
39.02712756,860
39.04025784,804
39.05338812,834
39.06651841,902
39.07964869,874
39.09277897,857
39.10590925,873
39.11903954,913
39.13216982,869
39.1453001,963
39.15843038,871
39.17156067,853
39.18469095,907
39.19782123,880
39.21095151,881
39.2240818,860
39.23721208,914
39.25034236,914
39.26347265,892
39.27660293,926
39.28973321,863
39.30286349,862
39.31599378,875
39.32912406,887
39.34225434,891
39.35538462,892
39.36851491,864
39.38164519,887
39.39477547,951
39.40790575,899
39.42103604,915
39.43416632,907
39.4472966,933
39.46042689,904
39.47355717,928
39.48668745,930
39.49981773,840
39.51294802,911
39.5260783,941
39.53920858,914
39.55233886,944
39.56546915,928
39.57859943,974
39.59172971,950
39.60486,953
39.61799028,942
39.63112056,897
39.64425084,902
39.65738113,959
39.67051141,922
39.68364169,948
39.69677197,942
39.70990226,957
39.72303254,931
39.73616282,865
39.7492931,985
39.76242339,992
39.77555367,996
39.78868395,900
39.80181424,948
39.81494452,957
39.8280748,960
39.84120508,886
39.85433537,935
39.86746565,929
39.88059593,971
39.89372621,970
39.9068565,951
39.91998678,923
39.93311706,887
39.94624734,931
39.95937763,936
39.97250791,949
39.98563819,899
39.99876848,909
40.01189876,880
40.02502904,952
40.03815932,957
40.05128961,978
40.06441989,840
40.07755017,909
40.09068045,940
40.10381074,907
40.11694102,871
40.1300713,873
40.14320158,847
40.15633187,924
40.16946215,909
40.18259243,908
40.19572272,960
40.208853,925
40.22198328,870
40.23511356,911
40.24824385,833
40.26137413,879
40.27450441,841
40.28763469,819
40.30076498,865
40.31389526,919
40.32702554,905
40.34015583,849
40.35328611,837
40.36641639,880
40.37954667,901
40.39267696,803
40.40580724,843
40.41893752,877
40.4320678,860
40.44519809,861
40.45832837,848
40.47145865,799
40.48458893,863
40.49771922,820
40.5108495,843
40.52397978,845
40.53711007,802
40.55024035,835
40.56337063,819
40.57650091,834
40.5896312,798
40.60276148,851
40.61589176,861
40.62902204,879
40.64215233,801
40.65528261,830
40.66841289,743
40.68154317,811
40.69467346,801
40.70780374,768
40.72093402,825
40.73406431,777
40.74719459,742
40.76032487,801
40.77345515,745
40.78658544,860
40.79971572,806
40.812846,815
40.82597628,807
40.83910657,790
40.85223685,786
40.86536713,758
40.87849741,800
40.8916277,814
40.90475798,829
40.91788826,755
40.93101855,840
40.94414883,865
40.95727911,821
40.97040939,792
40.98353968,772
40.99666996,781
41.00980024,805
41.02293052,774
41.03606081,806
41.04919109,781
41.06232137,775
41.07545166,733
41.08858194,746
41.10171222,812
41.1148425,737
41.12797279,765
41.14110307,821
41.15423335,761
41.16736363,750
41.18049392,785
41.1936242,811
41.20675448,781
41.21988476,782
41.23301505,725
41.24614533,752
41.25927561,758
41.2724059,746
41.28553618,774
41.29866646,791
41.31179674,822
41.32492703,742
41.33805731,759
41.35118759,752
41.36431787,765
41.37744816,712
41.39057844,723
41.40370872,762
41.416839,759
41.42996929,747
41.44309957,802
41.45622985,731
41.46936014,757
41.48249042,768
41.4956207,763
41.50875098,734
41.52188127,749
41.53501155,780
41.54814183,769
41.56127211,803
41.5744024,722
41.58753268,779
41.60066296,808
41.61379324,761
41.62692353,749
41.64005381,699
41.65318409,756
41.66631438,770
41.67944466,760
41.69257494,755
41.70570522,729
41.71883551,758
41.73196579,731
41.74509607,754
41.75822635,716
41.77135664,722
41.78448692,760
41.7976172,737
41.81074748,767
41.82387777,745
41.83700805,782
41.85013833,767
41.86326862,786
41.8763989,746
41.88952918,733
41.90265946,698
41.91578975,742
41.92892003,703
41.94205031,702
41.95518059,760
41.96831088,790
41.98144116,754
41.99457144,753
42.00770173,763
42.02083201,751
42.03396229,725
42.04709257,738
42.06022286,716
42.07335314,744
42.08648342,717
42.0996137,665
42.11274399,774
42.12587427,741
42.13900455,704
42.15213483,734
42.16526512,791
42.1783954,677
42.19152568,690
42.20465597,721
42.21778625,730
42.23091653,726
42.24404681,742
42.2571771,689
42.27030738,730
42.28343766,765
42.29656794,722
42.30969823,763
42.32282851,713
42.33595879,713
42.34908907,761
42.36221936,734
42.37534964,684
42.38847992,699
42.40161021,734
42.41474049,749
42.42787077,783
42.44100105,748
42.45413134,745
42.46726162,712
42.4803919,733
42.49352218,676
42.50665247,636
42.51978275,707
42.53291303,731
42.54604331,709
42.5591736,675
42.57230388,694
42.58543416,732
42.59856445,723
42.61169473,696
42.62482501,714
42.63795529,731
42.65108558,646
42.66421586,699
42.67734614,729
42.69047642,667
42.70360671,717
42.71673699,737
42.72986727,693
42.74299756,695
42.75612784,708
42.76925812,715
42.7823884,645
42.79551869,740
42.80864897,702
42.82177925,701
42.83490953,694
42.84803982,659
42.8611701,673
42.87430038,694
42.88743066,778
42.90056095,693
42.91369123,696
42.92682151,675
42.9399518,710
42.95308208,712
42.96621236,716
42.97934264,716
42.99247293,725
43.00560321,656
43.01873349,679
43.03186377,671
43.04499406,698
43.05812434,737
43.07125462,692
43.0843849,685
43.09751519,714
43.11064547,670
43.12377575,708
43.13690604,728
43.15003632,702
43.1631666,725
43.17629688,661
43.18942717,729
43.20255745,766
43.21568773,701
43.22881801,706
43.2419483,728
43.25507858,676
43.26820886,689
43.28133914,688
43.29446943,685
43.30759971,679
43.32072999,671
43.33386028,686
43.34699056,731
43.36012084,690
43.37325112,742
43.38638141,776
43.39951169,685
43.41264197,715
43.42577225,748
43.43890254,705
43.45203282,680
43.4651631,724
43.47829338,713
43.49142367,738
43.50455395,732
43.51768423,723
43.53081452,703
43.5439448,676
43.55707508,723
43.57020536,752
43.58333565,733
43.59646593,702
43.60959621,717
43.62272649,716
43.63585678,718
43.64898706,758
43.66211734,756
43.67524763,761
43.68837791,730
43.70150819,766
43.71463847,689
43.72776876,706
43.74089904,739
43.75402932,701
43.7671596,726
43.78028989,727
43.79342017,744
43.80655045,730
43.81968073,733
43.83281102,700
43.8459413,794
43.85907158,700
43.87220187,712
43.88533215,716
43.89846243,758
43.91159271,723
43.924723,689
43.93785328,771
43.95098356,700
43.96411384,727
43.97724413,705
43.99037441,735
44.00350469,755
44.01663497,700
44.02976526,719
44.04289554,712
44.05602582,707
44.06915611,731
44.08228639,715
44.09541667,751
44.10854695,742
44.12167724,668
44.13480752,666
44.1479378,694
44.16106808,696
44.17419837,724
44.18732865,767
44.20045893,724
44.21358921,704
44.2267195,697
44.23984978,740
44.25298006,705
44.26611035,711
44.27924063,722
44.29237091,739
44.30550119,712
44.31863148,757
44.33176176,697
44.34489204,713
44.35802232,667
44.37115261,677
44.38428289,669
44.39741317,720
44.41054346,681
44.42367374,770
44.43680402,710
44.4499343,715
44.46306459,705
44.47619487,713
44.48932515,739
44.50245543,733
44.51558572,734
44.528716,664
44.54184628,681
44.55497656,703
44.56810685,750
44.58123713,743
44.59436741,725
44.6074977,669
44.62062798,717
44.63375826,723
44.64688854,695
44.66001883,709
44.67314911,681
44.68627939,673
44.69940967,697
44.71253996,708
44.72567024,708
44.73880052,660
44.7519308,652
44.76506109,680
44.77819137,747
44.79132165,720
44.80445194,702
44.81758222,694
44.8307125,674
44.84384278,672
44.85697307,701
44.87010335,703
44.88323363,685
44.89636391,694
44.9094942,714
44.92262448,701
44.93575476,649
44.94888504,716
44.96201533,700
44.97514561,765
44.98827589,670
45.00140618,742
45.01453646,708
45.02766674,718
45.04079702,743
45.05392731,653
45.06705759,691
45.08018787,691
45.09331815,715
45.10644844,698
45.11957872,724
45.132709,677
45.14583928,645
45.15896957,732
45.17209985,695
45.18523013,711
45.19836042,695
45.2114907,726
45.22462098,714
45.23775126,698
45.25088155,697
45.26401183,645
45.27714211,701
45.29027239,738
45.30340268,679
45.31653296,662
45.32966324,684
45.34279353,739
45.35592381,727
45.36905409,701
45.38218437,693
45.39531466,701
45.40844494,742
45.42157522,722
45.4347055,731
45.44783579,709
45.46096607,699
45.47409635,688
45.48722663,727
45.50035692,735
45.5134872,731
45.52661748,726
45.53974777,739
45.55287805,689
45.56600833,734
45.57913861,722
45.5922689,712
45.60539918,698
45.61852946,669
45.63165974,729
45.64479003,761
45.65792031,703
45.67105059,752
45.68418087,745
45.69731116,762
45.71044144,765
45.72357172,724
45.73670201,702
45.74983229,741
45.76296257,766
45.77609285,705
45.78922314,749
45.80235342,754
45.8154837,740
45.82861398,733
45.84174427,721
45.85487455,762
45.86800483,773
45.88113511,710
45.8942654,762
45.90739568,739
45.92052596,759
45.93365625,793
45.94678653,726
45.95991681,741
45.97304709,730
45.98617738,785
45.99930766,765
46.01243794,751
46.02556822,776
46.03869851,706
46.05182879,749
46.06495907,765
46.07808936,784
46.09121964,753
46.10434992,718
46.1174802,807
46.13061049,797
46.14374077,806
46.15687105,763
46.17000133,811
46.18313162,774
46.1962619,748
46.20939218,758
46.22252246,781
46.23565275,788
46.24878303,809
46.26191331,842
46.2750436,807
46.28817388,764
46.30130416,804
46.31443444,837
46.32756473,859
46.34069501,792
46.35382529,742
46.36695557,794
46.38008586,844
46.39321614,893
46.40634642,806
46.4194767,798
46.43260699,871
46.44573727,821
46.45886755,815
46.47199784,850
46.48512812,896
46.4982584,866
46.51138868,816
46.52451897,852
46.53764925,831
46.55077953,896
46.56390981,812
46.5770401,878
46.59017038,906
46.60330066,906
46.61643094,901
46.62956123,917
46.64269151,890
46.65582179,889
46.66895208,914
46.68208236,911
46.69521264,885
46.70834292,952
46.72147321,917
46.73460349,953
46.74773377,917
46.76086405,855
46.77399434,964
46.78712462,844
46.8002549,892
46.81338518,888
46.82651547,913
46.83964575,872
46.85277603,876
46.86590632,889
46.8790366,856
46.89216688,810
46.90529716,887
46.91842745,900
46.93155773,901
46.94468801,958
46.95781829,866
46.97094858,834
46.98407886,839
46.99720914,884
47.01033943,918
47.02346971,840
47.03659999,823
47.04973027,854
47.06286056,808
47.07599084,835
47.08912112,923
47.1022514,910
47.11538169,859
47.12851197,863
47.14164225,824
47.15477253,870
47.16790282,822
47.1810331,842
47.19416338,860
47.20729367,818
47.22042395,800
47.23355423,854
47.24668451,809
47.2598148,814
47.27294508,896
47.28607536,862
47.29920564,787
47.31233593,808
47.32546621,805
47.33859649,794
47.35172677,832
47.36485706,812
47.37798734,811
47.39111762,839
47.40424791,791
47.41737819,788
47.43050847,820
47.44363875,782
47.45676904,806
47.46989932,822
47.4830296,844
47.49615988,807
47.50929017,787
47.52242045,843
47.53555073,874
47.54868101,811
47.5618113,829
47.57494158,855
47.58807186,796
47.60120215,809
47.61433243,820
47.62746271,835
47.64059299,798
47.65372328,828
47.66685356,857
47.67998384,808
47.69311412,852
47.70624441,779
47.71937469,789
47.73250497,773
47.74563526,845
47.75876554,812
47.77189582,783
47.7850261,819
47.79815639,778
47.81128667,805
47.82441695,753
47.83754723,817
47.85067752,793
47.8638078,786
47.87693808,834
47.89006836,780
47.90319865,805
47.91632893,817
47.92945921,780
47.9425895,753
47.95571978,794
47.96885006,816
47.98198034,817
47.99511063,756
48.00824091,818
48.02137119,839
48.03450147,801
48.04763176,770
48.06076204,839
48.07389232,870
48.0870226,816
48.10015289,805
48.11328317,805
48.12641345,827
48.13954374,837
48.15267402,805
48.1658043,806
48.17893458,772
48.19206487,875
48.20519515,862
48.21832543,757
48.23145571,754
48.244586,774
48.25771628,790
48.27084656,844
48.28397684,784
48.29710713,844
48.31023741,773
48.32336769,771
48.33649798,829
48.34962826,805
48.36275854,725
48.37588882,785
48.38901911,814
48.40214939,757
48.41527967,742
48.42840995,798
48.44154024,734
48.45467052,682
48.4678008,811
48.48093109,782
48.49406137,815
48.50719165,778
48.52032193,743
48.53345222,771
48.5465825,772
48.55971278,785
48.57284306,763
48.58597335,736
48.59910363,798
48.61223391,750
48.62536419,785
48.63849448,739
48.65162476,775
48.66475504,716
48.67788533,808
48.69101561,791
48.70414589,803
48.71727617,788
48.73040646,819
48.74353674,777
48.75666702,771
48.7697973,758
48.78292759,806
48.79605787,858
48.80918815,770
48.82231843,775
48.83544872,805
48.848579,733
48.86170928,790
48.87483957,769
48.88796985,808
48.90110013,823
48.91423041,866
48.9273607,822
48.94049098,838
48.95362126,786
48.96675154,848
48.97988183,825
48.99301211,842
49.00614239,822
49.01927267,808
49.03240296,885
49.04553324,877
49.05866352,812
49.07179381,812
49.08492409,822
49.09805437,841
49.11118465,832
49.12431494,801
49.13744522,844
49.1505755,828
49.16370578,883
49.17683607,869
49.18996635,843
49.20309663,863
49.21622691,864
49.2293572,916
49.24248748,821
49.25561776,875
49.26874805,884
49.28187833,881
49.29500861,889
49.30813889,902
49.32126918,874
49.33439946,888
49.34752974,874
49.36066002,860
49.37379031,884
49.38692059,935
49.40005087,896
49.41318116,847
49.42631144,929
49.43944172,946
49.452572,961
49.46570229,1000
49.47883257,920
49.49196285,884
49.50509313,858
49.51822342,907
49.5313537,883
49.54448398,944
49.55761426,896
49.57074455,910
49.58387483,833
49.59700511,889
49.6101354,942
49.62326568,932
49.63639596,924
49.64952624,931
49.66265653,907
49.67578681,870
49.68891709,879
49.70204737,883
49.71517766,929
49.72830794,853
49.74143822,849
49.7545685,926
49.76769879,849
49.78082907,905
49.79395935,866
49.80708964,823
49.82021992,930
49.8333502,882
49.84648048,843
49.85961077,878
49.87274105,892
49.88587133,910
49.89900161,865
49.9121319,815
49.92526218,847
49.93839246,872
49.95152274,829
49.96465303,833
49.97778331,879
49.99091359,845
50.00404388,826
50.01717416,873
50.03030444,857
50.04343472,830
50.05656501,820
50.06969529,776
50.08282557,838
50.09595585,733
50.10908614,791
50.12221642,824
50.1353467,808
50.14847699,757
50.16160727,792
50.17473755,805
50.18786783,884
50.20099812,841
50.2141284,766
50.22725868,806
50.24038896,797
50.25351925,791
50.26664953,812
50.27977981,819
50.29291009,795
50.30604038,753
50.31917066,818
50.33230094,801
50.34543123,774
50.35856151,746
50.37169179,801
50.38482207,777
50.39795236,784
50.41108264,750
50.42421292,765
50.4373432,752
50.45047349,803
50.46360377,788
50.47673405,796
50.48986433,780
50.50299462,708
50.5161249,773
50.52925518,796
50.54238547,819
50.55551575,774
50.56864603,771
50.58177631,764
50.5949066,797
50.60803688,803
50.62116716,807
50.63429744,779
50.64742773,761
50.66055801,796
50.67368829,772
50.68681857,760
50.69994886,786
50.71307914,747
50.72620942,722
50.73933971,759
50.75246999,776
50.76560027,794
50.77873055,801
50.79186084,743
50.80499112,762
50.8181214,763
50.83125168,758
50.84438197,767
50.85751225,748
50.87064253,783
50.88377281,727
50.8969031,744
50.91003338,729
50.92316366,722
50.93629395,753
50.94942423,675
50.96255451,705
50.97568479,750
50.98881508,745
51.00194536,767
51.01507564,724
51.02820592,693
51.04133621,710
51.05446649,754
51.06759677,780
51.08072706,687
51.09385734,753
51.10698762,725
51.1201179,750
51.13324819,780
51.14637847,728
51.15950875,707
51.17263903,710
51.18576932,726
51.1988996,711
51.21202988,740
51.22516016,751
51.23829045,708
51.25142073,714
51.26455101,723
51.2776813,709
51.29081158,712
51.30394186,791
51.31707214,783
51.33020243,755
51.34333271,738
51.35646299,697
51.36959327,746
51.38272356,738
51.39585384,764
51.40898412,715
51.4221144,727
51.43524469,666
51.44837497,714
51.46150525,728
51.47463554,723
51.48776582,725
51.5008961,739
51.51402638,715
51.52715667,760
51.54028695,697
51.55341723,725
51.56654751,693
51.5796778,721
51.59280808,684
51.60593836,729
51.61906864,653
51.63219893,717
51.64532921,732
51.65845949,715
51.67158978,690
51.68472006,725
51.69785034,732
51.71098062,770
51.72411091,717
51.73724119,698
51.75037147,735
51.76350175,743
51.77663204,696
51.78976232,708
51.8028926,743
51.81602289,724
51.82915317,746
51.84228345,703
51.85541373,682
51.86854402,686
51.8816743,657
51.89480458,656
51.90793486,712
51.92106515,695
51.93419543,697
51.94732571,729
51.96045599,648
51.97358628,714
51.98671656,657
51.99984684,661
52.01297713,701
52.02610741,695
52.03923769,675
52.05236797,642
52.06549826,656
52.07862854,621
52.09175882,656
52.1048891,679
52.11801939,732
52.13114967,706
52.14427995,669
52.15741023,645
52.17054052,669
52.1836708,697
52.19680108,650
52.20993137,667
52.22306165,678
52.23619193,617
52.24932221,662
52.2624525,648
52.27558278,647
52.28871306,653
52.30184334,665
52.31497363,636
52.32810391,601
52.34123419,682
52.35436447,643
52.36749476,623
52.38062504,649
52.39375532,665
52.40688561,630
52.42001589,663
52.43314617,658
52.44627645,648
52.45940674,631
52.47253702,661
52.4856673,658
52.49879758,617
52.51192787,661
52.52505815,645
52.53818843,604
52.55131871,650
52.564449,646
52.57757928,639
52.59070956,648
52.60383985,641
52.61697013,645
52.63010041,623
52.64323069,601
52.65636098,658
52.66949126,633
52.68262154,617
52.69575182,642
52.70888211,601
52.72201239,641
52.73514267,623
52.74827296,669
52.76140324,678
52.77453352,632
52.7876638,639
52.80079409,648
52.81392437,689
52.82705465,635
52.84018493,629
52.85331522,653
52.8664455,664
52.87957578,634
52.89270606,655
52.90583635,666
52.91896663,697
52.93209691,658
52.9452272,641
52.95835748,708
52.97148776,634
52.98461804,743
52.99774833,677
53.01087861,590
53.02400889,695
53.03713917,668
53.05026946,715
53.06339974,640
53.07653002,667
53.0896603,686
53.10279059,715
53.11592087,699
53.12905115,642
53.14218144,707
53.15531172,714
53.168442,660
53.18157228,675
53.19470257,676
53.20783285,699
53.22096313,677
53.23409341,668
53.2472237,662
53.26035398,660
53.27348426,650
53.28661454,637
53.29974483,662
53.31287511,669
53.32600539,685
53.33913568,695
53.35226596,636
53.36539624,664
53.37852652,682
53.39165681,658
53.40478709,636
53.41791737,672
53.43104765,632
53.44417794,657
53.45730822,626
53.4704385,601
53.48356879,581
53.49669907,600
53.50982935,557
53.52295963,610
53.53608992,548
53.5492202,541
53.56235048,596
53.57548076,607
53.58861105,558
53.60174133,584
53.61487161,611
53.62800189,555
53.64113218,526
53.65426246,544
53.66739274,563
53.68052303,556
53.69365331,549
53.70678359,521
53.71991387,546
53.73304416,568
53.74617444,562
53.75930472,546
53.772435,519
53.78556529,522
53.79869557,535
53.81182585,529
53.82495613,571
53.83808642,501
53.8512167,529
53.86434698,520
53.87747727,480
53.89060755,540
53.90373783,544
53.91686811,524
53.9299984,536
53.94312868,501
53.95625896,511
53.96938924,495
53.98251953,522
53.99564981,540
54.00878009,502
54.02191037,531
54.03504066,523
54.04817094,521
54.06130122,514
54.07443151,531
54.08756179,508
54.10069207,532
54.11382235,495
54.12695264,513
54.14008292,499
54.1532132,521
54.16634348,529
54.17947377,496
54.19260405,555
54.20573433,533
54.21886461,528
54.2319949,502
54.24512518,508
54.25825546,530
54.27138575,509
54.28451603,484
54.29764631,474
54.31077659,498
54.32390688,473
54.33703716,511
54.35016744,563
54.36329772,482
54.37642801,499
54.38955829,516
54.40268857,492
54.41581886,512
54.42894914,518
54.44207942,505
54.4552097,457
54.46833999,504
54.48147027,494
54.49460055,459
54.50773083,473
54.52086112,477
54.5339914,464
54.54712168,462
54.56025196,469
54.57338225,463
54.58651253,478
54.59964281,495
54.6127731,481
54.62590338,504
54.63903366,503
54.65216394,519
54.66529423,449
54.67842451,485
54.69155479,454
54.70468507,516
54.71781536,528
54.73094564,466
54.74407592,480
54.7572062,492
54.77033649,480
54.78346677,527
54.79659705,477
54.80972734,486
54.82285762,498
54.8359879,475
54.84911818,499
54.86224847,503
54.87537875,482
54.88850903,445
54.90163931,486
54.9147696,464
54.92789988,437
54.94103016,475
54.95416044,449
54.96729073,469
54.98042101,481
54.99355129,497
55.00668158,507
55.01981186,506
55.03294214,465
55.04607242,493
55.05920271,489
55.07233299,481
55.08546327,465
55.09859355,505
55.11172384,476
55.12485412,479
55.1379844,532
55.15111469,492
55.16424497,530
55.17737525,474
55.19050553,503
55.20363582,469
55.2167661,499
55.22989638,437
55.24302666,469
55.25615695,445
55.26928723,472
55.28241751,519
55.29554779,481
55.30867808,543
55.32180836,482
55.33493864,471
55.34806893,490
55.36119921,502
55.37432949,497
55.38745977,490
55.40059006,465
55.41372034,459
55.42685062,473
55.4399809,503
55.45311119,456
55.46624147,489
55.47937175,496
55.49250203,488
55.50563232,481
55.5187626,492
55.53189288,471
55.54502317,449
55.55815345,502
55.57128373,466
55.58441401,473
55.5975443,476
55.61067458,463
55.62380486,481
55.63693514,510
55.65006543,474
55.66319571,498
55.67632599,517
55.68945627,490
55.70258656,513
55.71571684,507
55.72884712,473
55.74197741,502
55.75510769,447
55.76823797,482
55.78136825,499
55.79449854,451
55.80762882,463
55.8207591,428
55.83388938,489
55.84701967,509
55.86014995,478
55.87328023,491
55.88641051,478
55.8995408,463
55.91267108,489
55.92580136,497
55.93893165,437
55.95206193,457
55.96519221,486
55.97832249,515
55.99145278,526
56.00458306,474
56.01771334,517
56.03084362,485
56.04397391,469
56.05710419,473
56.07023447,459
56.08336476,506
56.09649504,457
56.10962532,465
56.1227556,449
56.13588589,463
56.14901617,488
56.16214645,483
56.17527673,488
56.18840702,475
56.2015373,489
56.21466758,490
56.22779786,479
56.24092815,500
56.25405843,478
56.26718871,466
56.280319,478
56.29344928,459
56.30657956,491
56.31970984,454
56.33284013,467
56.34597041,468
56.35910069,450
56.37223097,473
56.38536126,460
56.39849154,494
56.41162182,457
56.4247521,455
56.43788239,465
56.45101267,481
56.46414295,458
56.47727324,458
56.49040352,426
56.5035338,474
56.51666408,435
56.52979437,456
56.54292465,443
56.55605493,467
56.56918521,498
56.5823155,456
56.59544578,465
56.60857606,435
56.62170634,459
56.63483663,478
56.64796691,497
56.66109719,442
56.67422748,471
56.68735776,492
56.70048804,452
56.71361832,463
56.72674861,419
56.73987889,447
56.75300917,459
56.76613945,471
56.77926974,443
56.79240002,472
56.8055303,486
56.81866059,488
56.83179087,409
56.84492115,431
56.85805143,467
56.87118172,459
56.884312,441
56.89744228,480
56.91057256,447
56.92370285,461
56.93683313,459
56.94996341,452
56.96309369,496
56.97622398,501
56.98935426,489
57.00248454,513
57.01561483,485
57.02874511,449
57.04187539,451
57.05500567,470
57.06813596,463
57.08126624,460
57.09439652,478
57.1075268,486
57.12065709,505
57.13378737,483
57.14691765,477
57.16004793,442
57.17317822,482
57.1863085,481
57.19943878,472
57.21256907,461
57.22569935,452
57.23882963,446
57.25195991,440
57.2650902,512
57.27822048,493
57.29135076,470
57.30448104,498
57.31761133,496
57.33074161,461
57.34387189,451
57.35700217,488
57.37013246,482
57.38326274,454
57.39639302,455
57.40952331,450
57.42265359,483
57.43578387,414
57.44891415,441
57.46204444,465
57.47517472,446
57.488305,428
57.50143528,442
57.51456557,471
57.52769585,458
57.54082613,466
57.55395642,449
57.5670867,454
57.58021698,452
57.59334726,451
57.60647755,437
57.61960783,486
57.63273811,474
57.64586839,453
57.65899868,443
57.67212896,469
57.68525924,446
57.69838952,463
57.71151981,458
57.72465009,439
57.73778037,449
57.75091066,422
57.76404094,431
57.77717122,428
57.7903015,477
57.80343179,420
57.81656207,475
57.82969235,441
57.84282263,429
57.85595292,508
57.8690832,466
57.88221348,471
57.89534376,404
57.90847405,499
57.92160433,489
57.93473461,456
57.9478649,428
57.96099518,462
57.97412546,448
57.98725574,475
58.00038603,425
58.01351631,418
58.02664659,435
58.03977687,452
58.05290716,439
58.06603744,451
58.07916772,458
58.092298,424
58.10542829,477
58.11855857,485
58.13168885,481
58.14481914,454
58.15794942,437
58.1710797,434
58.18420998,482
58.19734027,471
58.21047055,455
58.22360083,468
58.23673111,454
58.2498614,469
58.26299168,498
58.27612196,452
58.28925224,402
58.30238253,453
58.31551281,440
58.32864309,421
58.34177338,476
58.35490366,423
58.36803394,447
58.38116422,467
58.39429451,499
58.40742479,469
58.42055507,428
58.43368535,440
58.44681564,466
58.45994592,478
58.4730762,466
58.48620649,478
58.49933677,435
58.51246705,457
58.52559733,470
58.53872762,432
58.5518579,428
58.56498818,402
58.57811846,512
58.59124875,428
58.60437903,455
58.61750931,477
58.63063959,473
58.64376988,458
58.65690016,459
58.67003044,465
58.68316073,452
58.69629101,442
58.70942129,464
58.72255157,455
58.73568186,488
58.74881214,470
58.76194242,427
58.7750727,466
58.78820299,416
58.80133327,412
58.81446355,413
58.82759383,425
58.84072412,452
58.8538544,429
58.86698468,447
58.88011497,474
58.89324525,490
58.90637553,442
58.91950581,448
58.9326361,459
58.94576638,462
58.95889666,486
58.97202694,433
58.98515723,434
58.99828751,467
59.01141779,469
59.02454807,439
59.03767836,426
59.05080864,433
59.06393892,455
59.07706921,439
59.09019949,427
59.10332977,455
59.11646005,422
59.12959034,454
59.14272062,451
59.1558509,416
59.16898118,445
59.18211147,454
59.19524175,476
59.20837203,429
59.22150232,425
59.2346326,425
59.24776288,444
59.26089316,442
59.27402345,427
59.28715373,448
59.30028401,461
59.31341429,453
59.32654458,424
59.33967486,448
59.35280514,470
59.36593542,420
59.37906571,445
59.39219599,441
59.40532627,408
59.41845656,423
59.43158684,448
59.44471712,400
59.4578474,416
59.47097769,395
59.48410797,413
59.49723825,391
59.51036853,455
59.52349882,421
59.5366291,455
59.54975938,478
59.56288966,446
59.57601995,441
59.58915023,442
59.60228051,415
59.6154108,448
59.62854108,480
59.64167136,444
59.65480164,455
59.66793193,440
59.68106221,421
59.69419249,474
59.70732277,453
59.72045306,435
59.73358334,442
59.74671362,418
59.7598439,462
59.77297419,456
59.78610447,438
59.79923475,456
59.81236504,415
59.82549532,490
59.8386256,431
59.85175588,465
59.86488617,434
59.87801645,432
59.89114673,435
59.90427701,445
59.9174073,420
59.93053758,432
59.94366786,415
59.95679814,417
59.96992843,514
59.98305871,428
59.99618899,451
60.00931928,457
60.02244956,476
60.03557984,467
60.04871012,483
60.06184041,430
60.07497069,443
60.08810097,445
60.10123125,451
60.11436154,485
60.12749182,451
60.1406221,467
60.15375239,441
60.16688267,440
60.18001295,442
60.19314323,487
60.20627352,490
60.2194038,452
60.23253408,465
60.24566436,433
60.25879465,455
60.27192493,440
60.28505521,508
60.29818549,503
60.31131578,479
60.32444606,457
60.33757634,428
60.35070663,446
60.36383691,430
60.37696719,482
60.39009747,479
60.40322776,455
60.41635804,459
60.42948832,472
60.4426186,464
60.45574889,461
60.46887917,493
60.48200945,438
60.49513973,480
60.50827002,432
60.5214003,460
60.53453058,438
60.54766087,454
60.56079115,458
60.57392143,503
60.58705171,451
60.600182,447
60.61331228,441
60.62644256,439
60.63957284,499
60.65270313,455
60.66583341,465
60.67896369,445
60.69209397,461
60.70522426,429
60.71835454,434
60.73148482,456
60.74461511,465
60.75774539,515
60.77087567,441
60.78400595,444
60.79713624,467
60.81026652,474
60.8233968,458
60.83652708,485
60.84965737,442
60.86278765,507
60.87591793,475
60.88904822,445
60.9021785,444
60.91530878,450
60.92843906,434
60.94156935,430
60.95469963,482
60.96782991,455
60.98096019,454
60.99409048,403
61.00722076,435
61.02035104,464
61.03348132,456
61.04661161,466
61.05974189,502
61.07287217,451
61.08600246,434
61.09913274,472
61.11226302,469
61.1253933,427
61.13852359,464
61.15165387,517
61.16478415,421
61.17791443,449
61.19104472,438
61.204175,479
61.21730528,459
61.23043556,458
61.24356585,440
61.25669613,438
61.26982641,482
61.2829567,471
61.29608698,456
61.30921726,449
61.32234754,477
61.33547783,508
61.34860811,416
61.36173839,437
61.37486867,498
61.38799896,469
61.40112924,479
61.41425952,493
61.4273898,438
61.44052009,507
61.45365037,447
61.46678065,501
61.47991094,489
61.49304122,483
61.5061715,495
61.51930178,491
61.53243207,429
61.54556235,471
61.55869263,494
61.57182291,488
61.5849532,469
61.59808348,490
61.61121376,462
61.62434404,491
61.63747433,485
61.65060461,480
61.66373489,432
61.67686518,477
61.68999546,481
61.70312574,504
61.71625602,481
61.72938631,490
61.74251659,509
61.75564687,483
61.76877715,460
61.78190744,497
61.79503772,498
61.808168,494
61.82129829,478
61.83442857,474
61.84755885,467
61.86068913,462
61.87381942,461
61.8869497,450
61.90007998,464
61.91321026,482
61.92634055,447
61.93947083,484
61.95260111,494
61.96573139,465
61.97886168,473
61.99199196,461
62.00512224,480
62.01825253,450
62.03138281,454
62.04451309,456
62.05764337,455
62.07077366,481
62.08390394,470
62.09703422,459
62.1101645,469
62.12329479,437
62.13642507,454
62.14955535,439
62.16268563,468
62.17581592,454
62.1889462,459
62.20207648,487
62.21520677,428
62.22833705,484
62.24146733,467
62.25459761,468
62.2677279,473
62.28085818,468
62.29398846,473
62.30711874,426
62.32024903,441
62.33337931,478
62.34650959,471
62.35963987,470
62.37277016,439
62.38590044,438
62.39903072,488
62.41216101,476
62.42529129,499
62.43842157,444
62.45155185,419
62.46468214,489
62.47781242,440
62.4909427,459
62.50407298,481
62.51720327,427
62.53033355,481
62.54346383,424
62.55659412,432
62.5697244,424
62.58285468,442
62.59598496,473
62.60911525,452
62.62224553,486
62.63537581,509
62.64850609,453
62.66163638,454
62.67476666,421
62.68789694,437
62.70102722,459
62.71415751,487
62.72728779,486
62.74041807,462
62.75354836,455
62.76667864,464
62.77980892,497
62.7929392,459
62.80606949,438
62.81919977,477
62.83233005,501
62.84546033,460
62.85859062,437
62.8717209,461
62.88485118,442
62.89798146,451
62.91111175,444
62.92424203,470
62.93737231,513
62.9505026,486
62.96363288,510
62.97676316,478
62.98989344,437
63.00302373,446
63.01615401,468
63.02928429,461
63.04241457,456
63.05554486,489
63.06867514,477
63.08180542,494
63.0949357,491
63.10806599,500
63.12119627,472
63.13432655,437
63.14745684,464
63.16058712,491
63.1737174,464
63.18684768,457
63.19997797,453
63.21310825,471
63.22623853,485
63.23936881,467
63.2524991,475
63.26562938,506
63.27875966,477
63.29188994,480
63.30502023,489
63.31815051,491
63.33128079,513
63.34441108,507
63.35754136,519
63.37067164,487
63.38380192,503
63.39693221,513
63.41006249,503
63.42319277,547
63.43632305,546
63.44945334,536
63.46258362,475
63.4757139,478
63.48884419,482
63.50197447,509
63.51510475,482
63.52823503,531
63.54136532,505
63.5544956,547
63.56762588,520
63.58075616,518
63.59388645,473
63.60701673,471
63.62014701,496
63.63327729,465
63.64640758,525
63.65953786,518
63.67266814,518
63.68579843,518
63.69892871,504
63.71205899,530
63.72518927,499
63.73831956,475
63.75144984,495
63.76458012,523
63.7777104,479
63.79084069,527
63.80397097,521
63.81710125,524
63.83023153,540
63.84336182,552
63.8564921,532
63.86962238,514
63.88275267,538
63.89588295,503
63.90901323,524
63.92214351,534
63.9352738,519
63.94840408,526
63.96153436,540
63.97466464,532
63.98779493,536
64.00092521,482
64.01405549,518
64.02718577,512
64.04031606,517
64.05344634,499
64.06657662,503
64.07970691,514
64.09283719,515
64.10596747,500
64.11909775,548
64.13222804,536
64.14535832,511
64.1584886,506
64.17161888,535
64.18474917,520
64.19787945,533
64.21100973,521
64.22414002,531
64.2372703,452
64.25040058,486
64.26353086,484
64.27666115,502
64.28979143,512
64.30292171,506
64.31605199,515
64.32918228,488
64.34231256,512
64.35544284,487
64.36857312,519
64.38170341,532
64.39483369,496
64.40796397,497
64.42109426,484
64.43422454,497
64.44735482,470
64.4604851,507
64.47361539,480
64.48674567,508
64.49987595,506
64.51300623,494
64.52613652,480
64.5392668,458
64.55239708,451
64.56552736,448
64.57865765,495
64.59178793,478
64.60491821,478
64.6180485,479
64.63117878,458
64.64430906,445
64.65743934,475
64.67056963,465
64.68369991,472
64.69683019,478
64.70996047,486
64.72309076,449
64.73622104,476
64.74935132,507
64.7624816,484
64.77561189,501
64.78874217,443
64.80187245,454
64.81500274,477
64.82813302,482
64.8412633,476
64.85439358,474
64.86752387,442
64.88065415,495
64.89378443,444
64.90691471,475
64.920045,457
64.93317528,425
64.94630556,432
64.95943585,440
64.97256613,435
64.98569641,451
64.99882669,466
65.01195698,423
65.02508726,476
65.03821754,475
65.05134782,427
65.06447811,465
65.07760839,438
65.09073867,506
65.10386895,490
65.11699924,443
65.13012952,500
65.1432598,484
65.15639009,437
65.16952037,433
65.18265065,471
65.19578093,428
65.20891122,450
65.2220415,455
65.23517178,431
65.24830206,454
65.26143235,499
65.27456263,461
65.28769291,432
65.30082319,429
65.31395348,447
65.32708376,468
65.34021404,427
65.35334433,395
65.36647461,452
65.37960489,462
65.39273517,408
65.40586546,396
65.41899574,446
65.43212602,416
65.4452563,443
65.45838659,462
65.47151687,414
65.48464715,397
65.49777743,406
65.51090772,415
65.524038,398
65.53716828,431
65.55029857,468
65.56342885,395
65.57655913,456
65.58968941,413
65.6028197,379
65.61594998,413
65.62908026,398
65.64221054,405
65.65534083,433
65.66847111,395
65.68160139,421
65.69473167,427
65.70786196,468
65.72099224,383
65.73412252,399
65.74725281,408
65.76038309,430
65.77351337,413
65.78664365,428
65.79977394,411
65.81290422,369
65.8260345,399
65.83916478,422
65.85229507,421
65.86542535,441
65.87855563,408
65.89168592,391
65.9048162,376
65.91794648,386
65.93107676,419
65.94420705,429
65.95733733,380
65.97046761,414
65.98359789,400
65.99672818,406
66.00985846,407
66.02298874,353
66.03611902,389
66.04924931,376
66.06237959,422
66.07550987,453
66.08864016,371
66.10177044,407
66.11490072,382
66.128031,429
66.14116129,383
66.15429157,423
66.16742185,391
66.18055213,370
66.19368242,407
66.2068127,426
66.21994298,427
66.23307326,413
66.24620355,378
66.25933383,392
66.27246411,376
66.2855944,365
66.29872468,388
66.31185496,407
66.32498524,398
66.33811553,376
66.35124581,436
66.36437609,403
66.37750637,353
66.39063666,393
66.40376694,342
66.41689722,376
66.4300275,370
66.44315779,387
66.45628807,405
66.46941835,398
66.48254864,391
66.49567892,375
66.5088092,381
66.52193948,428
66.53506977,403
66.54820005,389
66.56133033,381
66.57446061,376
66.5875909,405
66.60072118,415
66.61385146,339
66.62698175,388
66.64011203,404
66.65324231,371
66.66637259,383
66.67950288,381
66.69263316,376
66.70576344,361
66.71889372,356
66.73202401,360
66.74515429,330
66.75828457,415
66.77141485,383
66.78454514,342
66.79767542,391
66.8108057,330
66.82393599,376
66.83706627,364
66.85019655,354
66.86332683,335
66.87645712,347
66.8895874,361
66.90271768,429
66.91584796,386
66.92897825,406
66.94210853,364
66.95523881,322
66.96836909,343
66.98149938,366
66.99462966,383
67.00775994,376
67.02089023,386
67.03402051,347
67.04715079,340
67.06028107,365
67.07341136,369
67.08654164,334
67.09967192,373
67.1128022,383
67.12593249,357
67.13906277,386
67.15219305,358
67.16532333,398
67.17845362,406
67.1915839,331
67.20471418,337
67.21784447,389
67.23097475,392
67.24410503,326
67.25723531,344
67.2703656,358
67.28349588,335
67.29662616,349
67.30975644,345
67.32288673,382
67.33601701,340
67.34914729,349
67.36227757,370
67.37540786,336
67.38853814,364
67.40166842,341
67.41479871,345
67.42792899,369
67.44105927,355
67.45418955,340
67.46731984,337
67.48045012,300
67.4935804,310
67.50671068,330
67.51984097,349
67.53297125,360
67.54610153,367
67.55923182,354
67.5723621,342
67.58549238,339
67.59862266,347
67.61175295,334
67.62488323,343
67.63801351,347
67.65114379,363
67.66427408,361
67.67740436,328
67.69053464,320
67.70366492,325
67.71679521,343
67.72992549,332
67.74305577,312
67.75618606,347
67.76931634,378
67.78244662,325
67.7955769,380
67.80870719,359
67.82183747,361
67.83496775,346
67.84809803,353
67.86122832,369
67.8743586,344
67.88748888,325
67.90061916,340
67.91374945,305
67.92687973,329
67.94001001,329
67.9531403,338
67.96627058,362
67.97940086,359
67.99253114,368
68.00566143,344
68.01879171,379
68.03192199,355
68.04505227,353
68.05818256,327
68.07131284,354
68.08444312,313
68.0975734,345
68.11070369,351
68.12383397,329
68.13696425,344
68.15009454,359
68.16322482,328
68.1763551,356
68.18948538,337
68.20261567,353
68.21574595,343
68.22887623,349
68.24200651,331
68.2551368,330
68.26826708,371
68.28139736,336
68.29452765,354
68.30765793,406
68.32078821,348
68.33391849,350
68.34704878,310
68.36017906,350
68.37330934,323
68.38643962,325
68.39956991,349
68.41270019,352
68.42583047,359
68.43896075,354
68.45209104,342
68.46522132,364
68.4783516,348
68.49148189,365
68.50461217,326
68.51774245,327
68.53087273,370
68.54400302,357
68.5571333,375
68.57026358,357
68.58339386,323
68.59652415,333
68.60965443,335
68.62278471,336
68.63591499,348
68.64904528,347
68.66217556,330
68.67530584,314
68.68843613,349
68.70156641,334
68.71469669,342
68.72782697,339
68.74095726,341
68.75408754,347
68.76721782,369
68.7803481,314
68.79347839,350
68.80660867,302
68.81973895,359
68.83286923,387
68.84599952,367
68.8591298,339
68.87226008,352
68.88539037,324
68.89852065,366
68.91165093,364
68.92478121,324
68.9379115,318
68.95104178,319
68.96417206,358
68.97730234,329
68.99043263,337
69.00356291,339
69.01669319,352
69.02982347,338
69.04295376,346
69.05608404,331
69.06921432,362
69.08234461,337
69.09547489,379
69.10860517,371
69.12173545,331
69.13486574,334
69.14799602,378
69.1611263,345
69.17425658,374
69.18738687,354
69.20051715,340
69.21364743,324
69.22677772,321
69.239908,331
69.25303828,363
69.26616856,352
69.27929885,345
69.29242913,368
69.30555941,331
69.31868969,351
69.33181998,371
69.34495026,314
69.35808054,377
69.37121082,322
69.38434111,346
69.39747139,355
69.41060167,309
69.42373196,347
69.43686224,369
69.44999252,342
69.4631228,319
69.47625309,313
69.48938337,307
69.50251365,350
69.51564393,362
69.52877422,339
69.5419045,359
69.55503478,351
69.56816506,338
69.58129535,333
69.59442563,315
69.60755591,338
69.6206862,342
69.63381648,356
69.64694676,348
69.66007704,350
69.67320733,360
69.68633761,344
69.69946789,327
69.71259817,306
69.72572846,345
69.73885874,315
69.75198902,325
69.7651193,332
69.77824959,333
69.79137987,331
69.80451015,376
69.81764044,374
69.83077072,370
69.843901,367
69.85703128,332
69.87016157,319
69.88329185,359
69.89642213,330
69.90955241,338
69.9226827,349
69.93581298,337
69.94894326,375
69.96207355,328
69.97520383,336
69.98833411,350
70.00146439,340
70.01459468,362
70.02772496,377
70.04085524,327
70.05398552,335
70.06711581,326
70.08024609,357
70.09337637,326
70.10650665,335
70.11963694,360
70.13276722,332
70.1458975,305
70.15902779,356
70.17215807,325
70.18528835,305
70.19841863,347
70.21154892,337
70.2246792,352
70.23780948,352
70.25093976,321
70.26407005,349
70.27720033,298
70.29033061,301
70.30346089,342
70.31659118,306
70.32972146,351
70.34285174,333
70.35598203,364
70.36911231,323
70.38224259,332
70.39537287,361
70.40850316,313
70.42163344,311
70.43476372,370
70.447894,381
70.46102429,344
70.47415457,348
70.48728485,353
70.50041513,334
70.51354542,346
70.5266757,333
70.53980598,360
70.55293627,333
70.56606655,326
70.57919683,336
70.59232711,387
70.6054574,371
70.61858768,350
70.63171796,352
70.64484824,325
70.65797853,355
70.67110881,314
70.68423909,304
70.69736937,330
70.71049966,345
70.72362994,342
70.73676022,367
70.74989051,333
70.76302079,353
70.77615107,335
70.78928135,390
70.80241164,335
70.81554192,320
70.8286722,309
70.84180248,352
70.85493277,323
70.86806305,366
70.88119333,373
70.89432362,382
70.9074539,363
70.92058418,348
70.93371446,337
70.94684475,335
70.95997503,320
70.97310531,344
70.98623559,358
70.99936588,347
71.01249616,331
71.02562644,330
71.03875672,366
71.05188701,380
71.06501729,316
71.07814757,322
71.09127786,393
71.10440814,349
71.11753842,355
71.1306687,324
71.14379899,334
71.15692927,349
71.17005955,355
71.18318983,328
71.19632012,362
71.2094504,340
71.22258068,332
71.23571096,347
71.24884125,317
71.26197153,379
71.27510181,349
71.2882321,369
71.30136238,361
71.31449266,364
71.32762294,349
71.34075323,340
71.35388351,370
71.36701379,352
71.38014407,370
71.39327436,375
71.40640464,362
71.41953492,348
71.4326652,359
71.44579549,356
71.45892577,352
71.47205605,389
71.48518634,358
71.49831662,360
71.5114469,351
71.52457718,350
71.53770747,352
71.55083775,327
71.56396803,356
71.57709831,331
71.5902286,371
71.60335888,355
71.61648916,314
71.62961945,308
71.64274973,352
71.65588001,344
71.66901029,371
71.68214058,347
71.69527086,370
71.70840114,349
71.72153142,376
71.73466171,360
71.74779199,369
71.76092227,419
71.77405255,360
71.78718284,408
71.80031312,371
71.8134434,320
71.82657369,361
71.83970397,352
71.85283425,350
71.86596453,359
71.87909482,367
71.8922251,350
71.90535538,402
71.91848566,413
71.93161595,397
71.94474623,346
71.95787651,358
71.97100679,392
71.98413708,360
71.99726736,353
72.01039764,351
72.02352793,384
72.03665821,364
72.04978849,382
72.06291877,363
72.07604906,363
72.08917934,387
72.10230962,334
72.1154399,361
72.12857019,354
72.14170047,348
72.15483075,399
72.16796103,368
72.18109132,397
72.1942216,386
72.20735188,354
72.22048217,358
72.23361245,333
72.24674273,393
72.25987301,350
72.2730033,361
72.28613358,366
72.29926386,321
72.31239414,364
72.32552443,360
72.33865471,367
72.35178499,411
72.36491527,371
72.37804556,351
72.39117584,359
72.40430612,367
72.41743641,366
72.43056669,367
72.44369697,346
72.45682725,340
72.46995754,392
72.48308782,354
72.4962181,389
72.50934838,386
72.52247867,377
72.53560895,354
72.54873923,348
72.56186952,320
72.5749998,367
72.58813008,314
72.60126036,368
72.61439065,385
72.62752093,372
72.64065121,381
72.65378149,345
72.66691178,354
72.68004206,342
72.69317234,409
72.70630262,354
72.71943291,361
72.73256319,365
72.74569347,407
72.75882376,364
72.77195404,366
72.78508432,348
72.7982146,382
72.81134489,380
72.82447517,365
72.83760545,378
72.85073573,350
72.86386602,326
72.8769963,358
72.89012658,343
72.90325686,367
72.91638715,360
72.92951743,369
72.94264771,376
72.955778,382
72.96890828,370
72.98203856,353
72.99516884,349
73.00829913,363
73.02142941,359
73.03455969,394
73.04768997,321
73.06082026,325
73.07395054,357
73.08708082,373
73.1002111,382
73.11334139,375
73.12647167,350
73.13960195,337
73.15273224,317
73.16586252,355
73.1789928,391
73.19212308,384
73.20525337,363
73.21838365,350
73.23151393,369
73.24464421,368
73.2577745,322
73.27090478,349
73.28403506,349
73.29716535,386
73.31029563,370
73.32342591,349
73.33655619,370
73.34968648,379
73.36281676,355
73.37594704,355
73.38907732,372
73.40220761,367
73.41533789,376
73.42846817,325
73.44159845,396
73.45472874,359
73.46785902,377
73.4809893,360
73.49411959,387
73.50724987,342
73.52038015,384
73.53351043,398
73.54664072,362
73.559771,386
73.57290128,344
73.58603156,370
73.59916185,347
73.61229213,364
73.62542241,358
73.63855269,364
73.65168298,366
73.66481326,374
73.67794354,383
73.69107383,378
73.70420411,348
73.71733439,388
73.73046467,395
73.74359496,387
73.75672524,343
73.76985552,359
73.7829858,355
73.79611609,343
73.80924637,363
73.82237665,370
73.83550693,340
73.84863722,409
73.8617675,369
73.87489778,353
73.88802807,353
73.90115835,382
73.91428863,373
73.92741891,384
73.9405492,362
73.95367948,390
73.96680976,370
73.97994004,336
73.99307033,369
74.00620061,381
74.01933089,383
74.03246118,356
74.04559146,370
74.05872174,339
74.07185202,358
74.08498231,362
74.09811259,382
74.11124287,385
74.12437315,368
74.13750344,398
74.15063372,376
74.163764,396
74.17689428,368
74.19002457,376
74.20315485,363
74.21628513,403
74.22941542,342
74.2425457,365
74.25567598,359
74.26880626,363
74.28193655,401
74.29506683,395
74.30819711,406
74.32132739,387
74.33445768,348
74.34758796,390
74.36071824,402
74.37384852,341
74.38697881,383
74.40010909,364
74.41323937,352
74.42636966,382
74.43949994,370
74.45263022,382
74.4657605,385
74.47889079,356
74.49202107,356
74.50515135,406
74.51828163,362
74.53141192,368
74.5445422,362
74.55767248,386
74.57080276,371
74.58393305,378
74.59706333,360
74.61019361,374
74.6233239,380
74.63645418,391
74.64958446,361
74.66271474,374
74.67584503,351
74.68897531,379
74.70210559,350
74.71523587,386
74.72836616,388
74.74149644,369
74.75462672,366
74.767757,378
74.78088729,357
74.79401757,393
74.80714785,344
74.82027814,375
74.83340842,371
74.8465387,382
74.85966898,370
74.87279927,373
74.88592955,368
74.89905983,394
74.91219011,351
74.9253204,349
74.93845068,397
74.95158096,381
74.96471125,378
74.97784153,340
74.99097181,341
75.00410209,365
75.01723238,392
75.03036266,353
75.04349294,402
75.05662322,392
75.06975351,381
75.08288379,412
75.09601407,380
75.10914435,390
75.12227464,378
75.13540492,366
75.1485352,361
75.16166549,388
75.17479577,419
75.18792605,385
75.20105633,378
75.21418662,421
75.2273169,407
75.24044718,377
75.25357746,382
75.26670775,370
75.27983803,397
75.29296831,410
75.30609859,397
75.31922888,395
75.33235916,379
75.34548944,390
75.35861973,390
75.37175001,411
75.38488029,382
75.39801057,397
75.41114086,395
75.42427114,391
75.43740142,422
75.4505317,414
75.46366199,392
75.47679227,424
75.48992255,411
75.50305283,382
75.51618312,396
75.5293134,371
75.54244368,403
75.55557397,376
75.56870425,386
75.58183453,409
75.59496481,401
75.6080951,395
75.62122538,399
75.63435566,392
75.64748594,425
75.66061623,386
75.67374651,411
75.68687679,386
75.70000708,416
75.71313736,392
75.72626764,419
75.73939792,407
75.75252821,345
75.76565849,349
75.77878877,418
75.79191905,376
75.80504934,404
75.81817962,417
75.8313099,374
75.84444018,380
75.85757047,380
75.87070075,406
75.88383103,386
75.89696132,395
75.9100916,378
75.92322188,422
75.93635216,378
75.94948245,368
75.96261273,357
75.97574301,376
75.98887329,370
76.00200358,359
76.01513386,394
76.02826414,386
76.04139442,410
76.05452471,417
76.06765499,351
76.08078527,398
76.09391556,398
76.10704584,356
76.12017612,436
76.1333064,371
76.14643669,400
76.15956697,406
76.17269725,420
76.18582753,389
76.19895782,380
76.2120881,389
76.22521838,385
76.23834866,391
76.25147895,385
76.26460923,392
76.27773951,397
76.2908698,388
76.30400008,363
76.31713036,430
76.33026064,379
76.34339093,343
76.35652121,357
76.36965149,378
76.38278177,404
76.39591206,394
76.40904234,383
76.42217262,409
76.4353029,419
76.44843319,352
76.46156347,378
76.47469375,399
76.48782404,413
76.50095432,414
76.5140846,375
76.52721488,420
76.54034517,405
76.55347545,367
76.56660573,376
76.57973601,398
76.5928663,386
76.60599658,402
76.61912686,368
76.63225715,385
76.64538743,426
76.65851771,425
76.67164799,386
76.68477828,403
76.69790856,384
76.71103884,387
76.72416912,394
76.73729941,396
76.75042969,374
76.76355997,391
76.77669025,409
76.78982054,398
76.80295082,353
76.8160811,369
76.82921139,390
76.84234167,364
76.85547195,374
76.86860223,382
76.88173252,387
76.8948628,426
76.90799308,383
76.92112336,387
76.93425365,389
76.94738393,424
76.96051421,399
76.97364449,387
76.98677478,409
76.99990506,401
77.01303534,401
77.02616563,363
77.03929591,366
77.05242619,415
77.06555647,371
77.07868676,407
77.09181704,394
77.10494732,378
77.1180776,367
77.13120789,368
77.14433817,389
77.15746845,396
77.17059873,370
77.18372902,379
77.1968593,439
77.20998958,355
77.22311987,408
77.23625015,428
77.24938043,382
77.26251071,387
77.275641,391
77.28877128,386
77.30190156,386
77.31503184,406
77.32816213,376
77.34129241,393
77.35442269,382
77.36755298,367
77.38068326,406
77.39381354,359
77.40694382,392
77.42007411,363
77.43320439,376
77.44633467,367
77.45946495,388
77.47259524,384
77.48572552,383
77.4988558,393
77.51198608,374
77.52511637,400
77.53824665,382
77.55137693,362
77.56450722,354
77.5776375,384
77.59076778,381
77.60389806,351
77.61702835,404
77.63015863,352
77.64328891,359
77.65641919,394
77.66954948,380
77.68267976,360
77.69581004,377
77.70894032,368
77.72207061,319
77.73520089,389
77.74833117,364
77.76146146,362
77.77459174,368
77.78772202,353
77.8008523,381
77.81398259,400
77.82711287,368
77.84024315,422
77.85337343,360
77.86650372,402
77.879634,376
77.89276428,365
77.90589456,362
77.91902485,373
77.93215513,354
77.94528541,377
77.9584157,357
77.97154598,332
77.98467626,361
77.99780654,355
78.01093683,365
78.02406711,377
78.03719739,349
78.05032767,341
78.06345796,340
78.07658824,388
78.08971852,357
78.1028488,360
78.11597909,362
78.12910937,353
78.14223965,351
78.15536994,370
78.16850022,374
78.1816305,344
78.19476078,366
78.20789107,382
78.22102135,374
78.23415163,336
78.24728191,355
78.2604122,350
78.27354248,321
78.28667276,366
78.29980305,366
78.31293333,348
78.32606361,363
78.33919389,351
78.35232418,376
78.36545446,334
78.37858474,352
78.39171502,347
78.40484531,329
78.41797559,345
78.43110587,353
78.44423615,312
78.45736644,350
78.47049672,353
78.483627,346
78.49675729,362
78.50988757,367
78.52301785,339
78.53614813,369
78.54927842,367
78.5624087,368
78.57553898,346
78.58866926,321
78.60179955,355
78.61492983,348
78.62806011,313
78.64119039,321
78.65432068,343
78.66745096,343
78.68058124,340
78.69371153,329
78.70684181,349
78.71997209,346
78.73310237,378
78.74623266,323
78.75936294,366
78.77249322,312
78.7856235,340
78.79875379,355
78.81188407,365
78.82501435,340
78.83814463,347
78.85127492,349
78.8644052,334
78.87753548,301
78.89066577,318
78.90379605,334
78.91692633,300
78.93005661,330
78.9431869,337
78.95631718,328
78.96944746,336
78.98257774,333
78.99570803,328
79.00883831,339
79.02196859,302
79.03509888,323
79.04822916,320
79.06135944,331
79.07448972,318
79.08762001,346
79.10075029,337
79.11388057,315
79.12701085,322
79.14014114,344
79.15327142,319
79.1664017,332
79.17953198,328
79.19266227,326
79.20579255,345
79.21892283,286
79.23205312,335
79.2451834,309
79.25831368,316
79.27144396,321
79.28457425,319
79.29770453,329
79.31083481,296
79.32396509,342
79.33709538,321
79.35022566,305
79.36335594,314
79.37648622,318
79.38961651,299
79.40274679,324
79.41587707,284
79.42900736,318
79.44213764,323
79.45526792,305
79.4683982,314
79.48152849,339
79.49465877,330
79.50778905,298
79.52091933,332
79.53404962,314
79.5471799,296
79.56031018,289
79.57344046,304
79.58657075,312
79.59970103,341
79.61283131,282
79.6259616,313
79.63909188,298
79.65222216,310
79.66535244,311
79.67848273,270
79.69161301,334
79.70474329,301
79.71787357,324
79.73100386,321
79.74413414,294
79.75726442,299
79.7703947,305
79.78352499,310
79.79665527,302
79.80978555,289
79.82291584,286
79.83604612,287
79.8491764,291
79.86230668,310
79.87543697,300
79.88856725,288
79.90169753,320
79.91482781,310
79.9279581,307
79.94108838,334
79.95421866,296
79.96734895,307
79.98047923,309
79.99360951,299
