角度(2θ),强度
5.00656514,3370
5.019695423,3473
5.032825705,3485
5.045955988,3347
5.059086271,3452
5.072216553,3303
5.085346836,3396
5.098477119,3333
5.111607401,3350
5.124737684,3346
5.137867967,3260
5.150998249,3274
5.164128532,3284
5.177258815,3358
5.190389097,3326
5.20351938,3320
5.216649663,3418
5.229779946,3284
5.242910228,3246
5.256040511,3305
5.269170794,3281
5.282301076,3283
5.295431359,3330
5.308561642,3276
5.321691924,3389
5.334822207,3289
5.34795249,3293
5.361082772,3274
5.374213055,3286
5.387343338,3360
5.40047362,3351
5.413603903,3315
5.426734186,3440
5.439864468,3445
5.452994751,3349
5.466125034,3257
5.479255316,3422
5.492385599,3247
5.505515882,3295
5.518646164,3370
5.531776447,3254
5.54490673,3424
5.558037012,3301
5.571167295,3371
5.584297578,3282
5.59742786,3369
5.610558143,3277
5.623688426,3312
5.636818709,3366
5.649948991,3333
5.663079274,3201
5.676209557,3229
5.689339839,3248
5.702470122,3295
5.715600405,3298
5.728730687,3258
5.74186097,3206
5.754991253,3264
5.768121535,3259
5.781251818,3303
5.794382101,3250
5.807512383,3248
5.820642666,3159
5.833772949,3323
5.846903231,3240
5.860033514,3079
5.873163797,3252
5.886294079,3182
5.899424362,3260
5.912554645,3322
5.925684927,3279
5.93881521,3281
5.951945493,3204
5.965075775,3185
5.978206058,3126
5.991336341,3234
6.004466623,3311
6.017596906,3267
6.030727189,3197
6.043857472,3221
6.056987754,3223
6.070118037,3244
6.08324832,3132
6.096378602,3164
6.109508885,3268
6.122639168,3186
6.13576945,3242
6.148899733,3338
6.162030016,3135
6.175160298,3264
6.188290581,3246
6.201420864,3102
6.214551146,3268
6.227681429,3126
6.240811712,3259
6.253941994,3275
6.267072277,3318
6.28020256,3248
6.293332842,3228
6.306463125,3186
6.319593408,3300
6.33272369,3039
6.345853973,3150
6.358984256,3193
6.372114538,3298
6.385244821,3210
6.398375104,3332
6.411505386,3235
6.424635669,3259
6.437765952,3162
6.450896235,3308
6.464026517,3170
6.4771568,3223
6.490287083,3285
6.503417365,3207
6.516547648,3183
6.529677931,3257
6.542808213,3242
6.555938496,3381
6.569068779,3275
6.582199061,3241
6.595329344,3180
6.608459627,3183
6.621589909,3253
6.634720192,3281
6.647850475,3151
6.660980757,3215
6.67411104,3297
6.687241323,3232
6.700371605,3329
6.713501888,3188
6.726632171,3201
6.739762453,3168
6.752892736,3241
6.766023019,3265
6.779153301,3264
6.792283584,3253
6.805413867,3113
6.818544149,3175
6.831674432,3314
6.844804715,3222
6.857934997,3250
6.87106528,3094
6.884195563,3224
6.897325846,3212
6.910456128,3240
6.923586411,3267
6.936716694,3214
6.949846976,3257
6.962977259,3118
6.976107542,3235
6.989237824,3274
7.002368107,3255
7.01549839,3142
7.028628672,3146
7.041758955,3039
7.054889238,3265
7.06801952,3192
7.081149803,3131
7.094280086,3250
7.107410368,3170
7.120540651,3039
7.133670934,3152
7.146801216,3210
7.159931499,3198
7.173061782,3215
7.186192064,3249
7.199322347,3139
7.21245263,3193
7.225582912,3156
7.238713195,3264
7.251843478,3150
7.26497376,3087
7.278104043,3206
7.291234326,3260
7.304364609,3228
7.317494891,3173
7.330625174,3196
7.343755457,3252
7.356885739,3202
7.370016022,3132
7.383146305,3159
7.396276587,3156
7.40940687,3146
7.422537153,3185
7.435667435,3167
7.448797718,3201
7.461928001,3143
7.475058283,3188
7.488188566,3155
7.501318849,3239
7.514449131,3156
7.527579414,3171
7.540709697,3193
7.553839979,3235
7.566970262,3122
7.580100545,3301
7.593230827,3227
7.60636111,3145
7.619491393,3209
7.632621675,3200
7.645751958,3053
7.658882241,3130
7.672012523,3245
7.685142806,3032
7.698273089,3040
7.711403372,3057
7.724533654,3167
7.737663937,3014
7.75079422,3161
7.763924502,3094
7.777054785,3040
7.790185068,3103
7.80331535,3184
7.816445633,3189
7.829575916,3094
7.842706198,3133
7.855836481,3090
7.868966764,3220
7.882097046,3036
7.895227329,3138
7.908357612,3083
7.921487894,3088
7.934618177,3053
7.94774846,3112
7.960878742,3188
7.974009025,3089
7.987139308,3068
8.00026959,3090
8.013399873,3148
8.026530156,3123
8.039660438,3157
8.052790721,3077
8.065921004,3089
8.079051286,3054
8.092181569,2993
8.105311852,3124
8.118442135,3042
8.131572417,3127
8.1447027,2995
8.157832983,3090
8.170963265,3086
8.184093548,2954
8.197223831,3077
8.210354113,3017
8.223484396,3088
8.236614679,3115
8.249744961,3142
8.262875244,3170
8.276005527,3092
8.289135809,3088
8.302266092,3061
8.315396375,3161
8.328526657,3096
8.34165694,3081
8.354787223,3023
8.367917505,2952
8.381047788,3069
8.394178071,3111
8.407308353,3100
8.420438636,2955
8.433568919,3111
8.446699201,3133
8.459829484,3076
8.472959767,3013
8.486090049,3080
8.499220332,3022
8.512350615,3015
8.525480898,3134
8.53861118,3123
8.551741463,3047
8.564871746,2977
8.578002028,3081
8.591132311,2970
8.604262594,3040
8.617392876,2999
8.630523159,2887
8.643653442,2913
8.656783724,3031
8.669914007,3054
8.68304429,2936
8.696174572,2986
8.709304855,3021
8.722435138,3038
8.73556542,2975
8.748695703,3029
8.761825986,2947
8.774956268,3031
8.788086551,3105
8.801216834,3027
8.814347116,2971
8.827477399,3078
8.840607682,2923
8.853737964,2985
8.866868247,2878
8.87999853,2902
8.893128812,2857
8.906259095,2913
8.919389378,2951
8.932519661,2944
8.945649943,3021
8.958780226,2929
8.971910509,2886
8.985040791,3022
8.998171074,3074
9.011301357,2885
9.024431639,2896
9.037561922,3061
9.050692205,2887
9.063822487,2958
9.07695277,3011
9.090083053,2979
9.103213335,2949
9.116343618,2953
9.129473901,2940
9.142604183,2822
9.155734466,2983
9.168864749,2856
9.181995031,2926
9.195125314,2852
9.208255597,2963
9.221385879,2989
9.234516162,2947
9.247646445,2929
9.260776727,2915
9.27390701,2918
9.287037293,2815
9.300167575,2856
9.313297858,2848
9.326428141,2922
9.339558424,2811
9.352688706,2988
9.365818989,2922
9.378949272,2844
9.392079554,2847
9.405209837,2842
9.41834012,2907
9.431470402,2928
9.444600685,2912
9.457730968,2821
9.47086125,2859
9.483991533,2780
9.497121816,2759
9.510252098,2894
9.523382381,2758
9.536512664,2841
9.549642946,2837
9.562773229,2787
9.575903512,2835
9.589033794,2908
9.602164077,2870
9.61529436,2893
9.628424642,2821
9.641554925,2965
9.654685208,2731
9.66781549,2778
9.680945773,2871
9.694076056,2903
9.707206338,2871
9.720336621,2833
9.733466904,2725
9.746597187,2797
9.759727469,2847
9.772857752,2785
9.785988035,2712
9.799118317,2857
9.8122486,2794
9.825378883,2779
9.838509165,2918
9.851639448,2711
9.864769731,2777
9.877900013,2797
9.891030296,2820
9.904160579,2801
9.917290861,2771
9.930421144,2713
9.943551427,2872
9.956681709,2733
9.969811992,2900
9.982942275,2766
9.996072557,2650
10.00920284,2781
10.02233312,2727
10.03546341,2788
10.04859369,2790
10.06172397,2791
10.07485425,2804
10.08798454,2738
10.10111482,2752
10.1142451,2776
10.12737538,2650
10.14050567,2784
10.15363595,2733
10.16676623,2765
10.17989652,2802
10.1930268,2813
10.20615708,2705
10.21928736,2811
10.23241765,2738
10.24554793,2736
10.25867821,2707
10.27180849,2732
10.28493878,2764
10.29806906,2687
10.31119934,2625
10.32432962,2640
10.33745991,2791
10.35059019,2754
10.36372047,2634
10.37685076,2795
10.38998104,2710
10.40311132,2707
10.4162416,2741
10.42937189,2692
10.44250217,2708
10.45563245,2759
10.46876273,2708
10.48189302,2695
10.4950233,2682
10.50815358,2629
10.52128386,2756
10.53441415,2738
10.54754443,2600
10.56067471,2631
10.573805,2630
10.58693528,2695
10.60006556,2667
10.61319584,2675
10.62632613,2679
10.63945641,2679
10.65258669,2611
10.66571697,2567
10.67884726,2647
10.69197754,2709
10.70510782,2608
10.71823811,2692
10.73136839,2568
10.74449867,2669
10.75762895,2565
10.77075924,2728
10.78388952,2610
10.7970198,2634
10.81015008,2787
10.82328037,2551
10.83641065,2527
10.84954093,2606
10.86267121,2689
10.8758015,2603
10.88893178,2567
10.90206206,2513
10.91519235,2602
10.92832263,2598
10.94145291,2656
10.95458319,2597
10.96771348,2602
10.98084376,2611
10.99397404,2552
11.00710432,2478
11.02023461,2512
11.03336489,2584
11.04649517,2619
11.05962545,2577
11.07275574,2577
11.08588602,2684
11.0990163,2524
11.11214659,2603
11.12527687,2570
11.13840715,2559
11.15153743,2610
11.16466772,2556
11.177798,2553
11.19092828,2529
11.20405856,2580
11.21718885,2554
11.23031913,2501
11.24344941,2520
11.25657969,2509
11.26970998,2605
11.28284026,2581
11.29597054,2535
11.30910083,2423
11.32223111,2422
11.33536139,2484
11.34849167,2482
11.36162196,2454
11.37475224,2467
11.38788252,2463
11.4010128,2463
11.41414309,2493
11.42727337,2483
11.44040365,2472
11.45353394,2486
11.46666422,2450
11.4797945,2522
11.49292478,2450
11.50605507,2472
11.51918535,2516
11.53231563,2444
11.54544591,2436
11.5585762,2429
11.57170648,2411
11.58483676,2364
11.59796704,2387
11.61109733,2449
11.62422761,2556
11.63735789,2477
11.65048818,2471
11.66361846,2483
11.67674874,2394
11.68987902,2464
11.70300931,2408
11.71613959,2331
11.72926987,2392
11.74240015,2435
11.75553044,2411
11.76866072,2404
11.781791,2419
11.79492128,2430
11.80805157,2390
11.82118185,2444
11.83431213,2423
11.84744242,2443
11.8605727,2435
11.87370298,2449
11.88683326,2307
11.89996355,2381
11.91309383,2342
11.92622411,2510
11.93935439,2380
11.95248468,2429
11.96561496,2509
11.97874524,2405
11.99187552,2386
12.00500581,2371
12.01813609,2344
12.03126637,2400
12.04439666,2425
12.05752694,2333
12.07065722,2296
12.0837875,2448
12.09691779,2437
12.11004807,2354
12.12317835,2316
12.13630863,2266
12.14943892,2302
12.1625692,2300
12.17569948,2344
12.18882976,2389
12.20196005,2257
12.21509033,2349
12.22822061,2388
12.2413509,2344
12.25448118,2425
12.26761146,2332
12.28074174,2317
12.29387203,2362
12.30700231,2374
12.32013259,2269
12.33326287,2370
12.34639316,2287
12.35952344,2247
12.37265372,2314
12.38578401,2314
12.39891429,2400
12.41204457,2329
12.42517485,2370
12.43830514,2357
12.45143542,2386
12.4645657,2264
12.47769598,2317
12.49082627,2359
12.50395655,2275
12.51708683,2336
12.53021711,2364
12.5433474,2348
12.55647768,2341
12.56960796,2284
12.58273825,2259
12.59586853,2326
12.60899881,2392
12.62212909,2341
12.63525938,2320
12.64838966,2369
12.66151994,2376
12.67465022,2310
12.68778051,2334
12.70091079,2339
12.71404107,2280
12.72717135,2270
12.74030164,2264
12.75343192,2347
12.7665622,2177
12.77969249,2217
12.79282277,2252
12.80595305,2296
12.81908333,2264
12.83221362,2297
12.8453439,2266
12.85847418,2238
12.87160446,2232
12.88473475,2251
12.89786503,2382
12.91099531,2352
12.92412559,2204
12.93725588,2159
12.95038616,2323
12.96351644,2230
12.97664673,2265
12.98977701,2178
13.00290729,2187
13.01603757,2222
13.02916786,2247
13.04229814,2271
13.05542842,2256
13.0685587,2245
13.08168899,2257
13.09481927,2277
13.10794955,2281
13.12107984,2291
13.13421012,2212
13.1473404,2261
13.16047068,2237
13.17360097,2261
13.18673125,2143
13.19986153,2230
13.21299181,2201
13.2261221,2167
13.23925238,2249
13.25238266,2125
13.26551294,2221
13.27864323,2174
13.29177351,2164
13.30490379,2133
13.31803408,2206
13.33116436,2193
13.34429464,2170
13.35742492,2220
13.37055521,2185
13.38368549,2157
13.39681577,2171
13.40994605,2185
13.42307634,2160
13.43620662,2128
13.4493369,2250
13.46246718,2128
13.47559747,2216
13.48872775,2211
13.50185803,2161
13.51498832,2257
13.5281186,2242
13.54124888,2217
13.55437916,2124
13.56750945,2279
13.58063973,2196
13.59377001,2158
13.60690029,2130
13.62003058,2178
13.63316086,2169
13.64629114,2176
13.65942142,2148
13.67255171,2208
13.68568199,2242
13.69881227,2133
13.71194256,2130
13.72507284,2112
13.73820312,2277
13.7513334,2193
13.76446369,2098
13.77759397,2191
13.79072425,2181
13.80385453,2075
13.81698482,2066
13.8301151,2110
13.84324538,2147
13.85637566,2087
13.86950595,2141
13.88263623,2093
13.89576651,2057
13.9088968,2147
13.92202708,2245
13.93515736,2156
13.94828764,2192
13.96141793,2236
13.97454821,2132
13.98767849,2174
14.00080877,2175
14.01393906,2111
14.02706934,2148
14.04019962,2084
14.05332991,2121
14.06646019,2130
14.07959047,2063
14.09272075,2038
14.10585104,2089
14.11898132,2130
14.1321116,2114
14.14524188,2076
14.15837217,2157
14.17150245,2096
14.18463273,2080
14.19776301,2064
14.2108933,2135
14.22402358,2090
14.23715386,2054
14.25028415,2083
14.26341443,2044
14.27654471,2071
14.28967499,2055
14.30280528,2125
14.31593556,2040
14.32906584,2061
14.34219612,2080
14.35532641,2089
14.36845669,2077
14.38158697,2097
14.39471725,2103
14.40784754,2025
14.42097782,2081
14.4341081,2056
14.44723839,2219
14.46036867,2093
14.47349895,2120
14.48662923,1996
14.49975952,2076
14.5128898,2066
14.52602008,2114
14.53915036,2104
14.55228065,2117
14.56541093,2074
14.57854121,2073
14.59167149,2078
14.60480178,2045
14.61793206,2008
14.63106234,2126
14.64419263,2074
14.65732291,1931
14.67045319,2050
14.68358347,2093
14.69671376,2145
14.70984404,2022
14.72297432,1986
14.7361046,1965
14.74923489,2071
14.76236517,2117
14.77549545,2047
14.78862574,2078
14.80175602,1999
14.8148863,2041
14.82801658,2083
14.84114687,1943
14.85427715,2011
14.86740743,1942
14.88053771,2136
14.893668,2097
14.90679828,2071
14.91992856,2171
14.93305884,2123
14.94618913,2047
14.95931941,2030
14.97244969,1998
14.98557998,2038
14.99871026,2051
15.01184054,1855
15.02497082,2030
15.03810111,1953
15.05123139,2019
15.06436167,1945
15.07749195,2031
15.09062224,2035
15.10375252,2008
15.1168828,2069
15.13001308,1973
15.14314337,1930
15.15627365,1989
15.16940393,1947
15.18253422,1928
15.1956645,1941
15.20879478,1990
15.22192506,1978
15.23505535,2002
15.24818563,2025
15.26131591,2046
15.27444619,2109
15.28757648,1998
15.30070676,1917
15.31383704,1915
15.32696732,1993
15.34009761,2007
15.35322789,2002
15.36635817,1924
15.37948846,2022
15.39261874,1953
15.40574902,2035
15.4188793,1976
15.43200959,1948
15.44513987,1926
15.45827015,1912
15.47140043,2004
15.48453072,1924
15.497661,1945
15.51079128,1979
15.52392157,2017
15.53705185,2006
15.55018213,2052
15.56331241,1934
15.5764427,2108
15.58957298,2033
15.60270326,1953
15.61583354,1913
15.62896383,2020
15.64209411,1933
15.65522439,1940
15.66835467,1883
15.68148496,1965
15.69461524,1919
15.70774552,2031
15.72087581,1927
15.73400609,1970
15.74713637,1942
15.76026665,1967
15.77339694,1945
15.78652722,1889
15.7996575,1917
15.81278778,1908
15.82591807,1927
15.83904835,1912
15.85217863,1915
15.86530891,1911
15.8784392,1943
15.89156948,1864
15.90469976,1943
15.91783005,1892
15.93096033,1955
15.94409061,1984
15.95722089,1959
15.97035118,1919
15.98348146,2013
15.99661174,1902
16.00974202,1908
16.02287231,1866
16.03600259,1929
16.04913287,1882
16.06226315,1864
16.07539344,1902
16.08852372,1944
16.101654,1817
16.11478429,1921
16.12791457,1877
16.14104485,1878
16.15417513,1892
16.16730542,1932
16.1804357,1893
16.19356598,1899
16.20669626,1948
16.21982655,1968
16.23295683,1985
16.24608711,1876
16.25921739,1881
16.27234768,1867
16.28547796,1901
16.29860824,1930
16.31173853,1897
16.32486881,1981
16.33799909,1860
16.35112937,1909
16.36425966,1923
16.37738994,1916
16.39052022,1875
16.4036505,1837
16.41678079,1806
16.42991107,1847
16.44304135,1867
16.45617164,1900
16.46930192,1953
16.4824322,1873
16.49556248,1849
16.50869277,1968
16.52182305,1899
16.53495333,1909
16.54808361,1946
16.5612139,1887
16.57434418,1939
16.58747446,1943
16.60060474,1880
16.61373503,1852
16.62686531,1897
16.63999559,1847
16.65312588,1819
16.66625616,1852
16.67938644,1889
16.69251672,1856
16.70564701,1836
16.71877729,1907
16.73190757,1830
16.74503785,1879
16.75816814,1830
16.77129842,1894
16.7844287,1915
16.79755898,1925
16.81068927,1876
16.82381955,1835
16.83694983,1838
16.85008012,1818
16.8632104,1924
16.87634068,1912
16.88947096,1861
16.90260125,1957
16.91573153,1866
16.92886181,1889
16.94199209,1911
16.95512238,1868
16.96825266,1857
16.98138294,1816
16.99451322,1929
17.00764351,1801
17.02077379,1785
17.03390407,1827
17.04703436,1843
17.06016464,1811
17.07329492,1830
17.0864252,1759
17.09955549,1894
17.11268577,1874
17.12581605,1863
17.13894633,1748
17.15207662,1745
17.1652069,1822
17.17833718,1885
17.19146747,1791
17.20459775,1890
17.21772803,1800
17.23085831,1777
17.2439886,1739
17.25711888,1818
17.27024916,1820
17.28337944,1899
17.29650973,1873
17.30964001,1776
17.32277029,1780
17.33590057,1693
17.34903086,1802
17.36216114,1791
17.37529142,1838
17.38842171,1805
17.40155199,1800
17.41468227,1813
17.42781255,1738
17.44094284,1761
17.45407312,1806
17.4672034,1788
17.48033368,1742
17.49346397,1791
17.50659425,1699
17.51972453,1678
17.53285481,1742
17.5459851,1802
17.55911538,1778
17.57224566,1715
17.58537595,1750
17.59850623,1804
17.61163651,1778
17.62476679,1754
17.63789708,1760
17.65102736,1799
17.66415764,1726
17.67728792,1763
17.69041821,1791
17.70354849,1768
17.71667877,1838
17.72980905,1768
17.74293934,1825
17.75606962,1762
17.7691999,1720
17.78233019,1725
17.79546047,1774
17.80859075,1791
17.82172103,1765
17.83485132,1767
17.8479816,1722
17.86111188,1760
17.87424216,1715
17.88737245,1741
17.90050273,1705
17.91363301,1670
17.92676329,1723
17.93989358,1745
17.95302386,1801
17.96615414,1794
17.97928443,1831
17.99241471,1752
18.00554499,1823
18.01867527,1821
18.03180556,1704
18.04493584,1794
18.05806612,1687
18.0711964,1717
18.08432669,1668
18.09745697,1676
18.11058725,1725
18.12371754,1733
18.13684782,1709
18.1499781,1691
18.16310838,1689
18.17623867,1643
18.18936895,1747
18.20249923,1741
18.21562951,1693
18.2287598,1737
18.24189008,1722
18.25502036,1732
18.26815064,1730
18.28128093,1792
18.29441121,1714
18.30754149,1667
18.32067178,1755
18.33380206,1671
18.34693234,1695
18.36006262,1722
18.37319291,1700
18.38632319,1756
18.39945347,1674
18.41258375,1677
18.42571404,1729
18.43884432,1732
18.4519746,1821
18.46510488,1767
18.47823517,1701
18.49136545,1764
18.50449573,1827
18.51762602,1713
18.5307563,1683
18.54388658,1633
18.55701686,1764
18.57014715,1639
18.58327743,1638
18.59640771,1708
18.60953799,1731
18.62266828,1749
18.63579856,1676
18.64892884,1662
18.66205912,1693
18.67518941,1577
18.68831969,1657
18.70144997,1708
18.71458026,1636
18.72771054,1742
18.74084082,1687
18.7539711,1718
18.76710139,1620
18.78023167,1609
18.79336195,1733
18.80649223,1671
18.81962252,1592
18.8327528,1678
18.84588308,1664
18.85901337,1646
18.87214365,1647
18.88527393,1696
18.89840421,1677
18.9115345,1693
18.92466478,1702
18.93779506,1692
18.95092534,1712
18.96405563,1636
18.97718591,1681
18.99031619,1682
19.00344647,1646
19.01657676,1577
19.02970704,1628
19.04283732,1546
19.05596761,1705
19.06909789,1735
19.08222817,1630
19.09535845,1663
19.10848874,1629
19.12161902,1706
19.1347493,1616
19.14787958,1615
19.16100987,1639
19.17414015,1631
19.18727043,1653
19.20040071,1648
19.213531,1715
19.22666128,1637
19.23979156,1636
19.25292185,1642
19.26605213,1675
19.27918241,1622
19.29231269,1646
19.30544298,1699
19.31857326,1636
19.33170354,1638
19.34483382,1623
19.35796411,1644
19.37109439,1594
19.38422467,1608
19.39735495,1641
19.41048524,1552
19.42361552,1604
19.4367458,1645
19.44987609,1650
19.46300637,1571
19.47613665,1669
19.48926693,1675
19.50239722,1654
19.5155275,1713
19.52865778,1620
19.54178806,1636
19.55491835,1631
19.56804863,1614
19.58117891,1593
19.59430919,1574
19.60743948,1612
19.62056976,1665
19.63370004,1594
19.64683033,1587
19.65996061,1655
19.67309089,1577
19.68622117,1647
19.69935146,1569
19.71248174,1627
19.72561202,1532
19.7387423,1655
19.75187259,1688
19.76500287,1615
19.77813315,1624
19.79126344,1608
19.80439372,1653
19.817524,1656
19.83065428,1601
19.84378457,1646
19.85691485,1610
19.87004513,1605
19.88317541,1607
19.8963057,1647
19.90943598,1648
19.92256626,1591
19.93569654,1651
19.94882683,1619
19.96195711,1571
19.97508739,1564
19.98821768,1748
20.00134796,1538
20.01447824,1656
20.02760852,1679
20.04073881,1635
20.05386909,1605
20.06699937,1647
20.08012965,1643
20.09325994,1615
20.10639022,1614
20.1195205,1576
20.13265078,1514
20.14578107,1676
20.15891135,1615
20.17204163,1630
20.18517192,1603
20.1983022,1578
20.21143248,1649
20.22456276,1617
20.23769305,1673
20.25082333,1661
20.26395361,1605
20.27708389,1591
20.29021418,1591
20.30334446,1569
20.31647474,1562
20.32960502,1600
20.34273531,1492
20.35586559,1540
20.36899587,1622
20.38212616,1596
20.39525644,1661
20.40838672,1550
20.421517,1579
20.43464729,1558
20.44777757,1556
20.46090785,1583
20.47403813,1555
20.48716842,1555
20.5002987,1618
20.51342898,1606
20.52655927,1563
20.53968955,1507
20.55281983,1545
20.56595011,1545
20.5790804,1549
20.59221068,1604
20.60534096,1549
20.61847124,1573
20.63160153,1519
20.64473181,1520
20.65786209,1511
20.67099237,1489
20.68412266,1575
20.69725294,1478
20.71038322,1506
20.72351351,1559
20.73664379,1547
20.74977407,1566
20.76290435,1534
20.77603464,1536
20.78916492,1593
20.8022952,1473
20.81542548,1578
20.82855577,1538
20.84168605,1552
20.85481633,1556
20.86794661,1579
20.8810769,1515
20.89420718,1521
20.90733746,1593
20.92046775,1544
20.93359803,1518
20.94672831,1498
20.95985859,1492
20.97298888,1619
20.98611916,1535
20.99924944,1518
21.01237972,1554
21.02551001,1439
21.03864029,1499
21.05177057,1512
21.06490085,1565
21.07803114,1535
21.09116142,1434
21.1042917,1571
21.11742199,1493
21.13055227,1472
21.14368255,1495
21.15681283,1547
21.16994312,1471
21.1830734,1485
21.19620368,1586
21.20933396,1484
21.22246425,1595
21.23559453,1516
21.24872481,1564
21.26185509,1549
21.27498538,1504
21.28811566,1537
21.30124594,1501
21.31437623,1521
21.32750651,1522
21.34063679,1512
21.35376707,1495
21.36689736,1543
21.38002764,1532
21.39315792,1519
21.4062882,1521
21.41941849,1502
21.43254877,1463
21.44567905,1480
21.45880934,1492
21.47193962,1480
21.4850699,1625
21.49820018,1447
21.51133047,1462
21.52446075,1487
21.53759103,1520
21.55072131,1455
21.5638516,1548
21.57698188,1530
21.59011216,1480
21.60324244,1569
21.61637273,1526
21.62950301,1423
21.64263329,1480
21.65576358,1551
21.66889386,1423
21.68202414,1565
21.69515442,1513
21.70828471,1433
21.72141499,1422
21.73454527,1493
21.74767555,1581
21.76080584,1459
21.77393612,1548
21.7870664,1499
21.80019668,1477
21.81332697,1467
21.82645725,1428
21.83958753,1497
21.85271782,1497
21.8658481,1477
21.87897838,1464
21.89210866,1498
21.90523895,1503
21.91836923,1552
21.93149951,1464
21.94462979,1466
21.95776008,1580
21.97089036,1475
21.98402064,1502
21.99715092,1462
22.01028121,1557
22.02341149,1442
22.03654177,1529
22.04967206,1468
22.06280234,1450
22.07593262,1545
22.0890629,1491
22.10219319,1476
22.11532347,1533
22.12845375,1517
22.14158403,1446
22.15471432,1437
22.1678446,1417
22.18097488,1463
22.19410517,1424
22.20723545,1460
22.22036573,1455
22.23349601,1474
22.2466263,1460
22.25975658,1443
22.27288686,1434
22.28601714,1444
22.29914743,1442
22.31227771,1451
22.32540799,1498
22.33853827,1404
22.35166856,1442
22.36479884,1537
22.37792912,1426
22.39105941,1362
22.40418969,1421
22.41731997,1503
22.43045025,1562
22.44358054,1471
22.45671082,1478
22.4698411,1468
22.48297138,1467
22.49610167,1551
22.50923195,1412
22.52236223,1445
22.53549251,1463
22.5486228,1464
22.56175308,1517
22.57488336,1419
22.58801365,1446
22.60114393,1506
22.61427421,1492
22.62740449,1506
22.64053478,1454
22.65366506,1455
22.66679534,1412
22.67992562,1432
22.69305591,1403
22.70618619,1399
22.71931647,1358
22.73244675,1405
22.74557704,1448
22.75870732,1464
22.7718376,1434
22.78496789,1522
22.79809817,1468
22.81122845,1445
22.82435873,1467
22.83748902,1436
22.8506193,1494
22.86374958,1403
22.87687986,1497
22.89001015,1479
22.90314043,1480
22.91627071,1475
22.929401,1413
22.94253128,1427
22.95566156,1445
22.96879184,1477
22.98192213,1464
22.99505241,1373
23.00818269,1495
23.02131297,1437
23.03444326,1405
23.04757354,1435
23.06070382,1466
23.0738341,1442
23.08696439,1450
23.10009467,1391
23.11322495,1392
23.12635524,1396
23.13948552,1444
23.1526158,1404
23.16574608,1364
23.17887637,1481
23.19200665,1430
23.20513693,1392
23.21826721,1431
23.2313975,1417
23.24452778,1450
23.25765806,1381
23.27078834,1354
23.28391863,1319
23.29704891,1374
23.31017919,1385
23.32330948,1446
23.33643976,1357
23.34957004,1385
23.36270032,1391
23.37583061,1419
23.38896089,1407
23.40209117,1384
23.41522145,1381
23.42835174,1406
23.44148202,1336
23.4546123,1362
23.46774258,1358
23.48087287,1391
23.49400315,1367
23.50713343,1336
23.52026372,1386
23.533394,1462
23.54652428,1375
23.55965456,1348
23.57278485,1412
23.58591513,1370
23.59904541,1477
23.61217569,1346
23.62530598,1337
23.63843626,1373
23.65156654,1379
23.66469682,1348
23.67782711,1400
23.69095739,1323
23.70408767,1317
23.71721796,1343
23.73034824,1388
23.74347852,1354
23.7566088,1342
23.76973909,1351
23.78286937,1308
23.79599965,1315
23.80912993,1346
23.82226022,1359
23.8353905,1382
23.84852078,1372
23.86165107,1391
23.87478135,1361
23.88791163,1411
23.90104191,1330
23.9141722,1317
23.92730248,1323
23.94043276,1297
23.95356304,1318
23.96669333,1350
23.97982361,1379
23.99295389,1319
24.00608417,1331
24.01921446,1335
24.03234474,1352
24.04547502,1360
24.05860531,1333
24.07173559,1363
24.08486587,1364
24.09799615,1322
24.11112644,1318
24.12425672,1303
24.137387,1290
24.15051728,1345
24.16364757,1337
24.17677785,1382
24.18990813,1304
24.20303841,1360
24.2161687,1314
24.22929898,1324
24.24242926,1386
24.25555955,1309
24.26868983,1312
24.28182011,1312
24.29495039,1272
24.30808068,1360
24.32121096,1344
24.33434124,1297
24.34747152,1326
24.36060181,1359
24.37373209,1303
24.38686237,1291
24.39999265,1324
24.41312294,1282
24.42625322,1379
24.4393835,1288
24.45251379,1264
24.46564407,1268
24.47877435,1306
24.49190463,1326
24.50503492,1280
24.5181652,1317
24.53129548,1326
24.54442576,1321
24.55755605,1332
24.57068633,1324
24.58381661,1274
24.5969469,1255
24.61007718,1380
24.62320746,1352
24.63633774,1350
24.64946803,1237
24.66259831,1371
24.67572859,1281
24.68885887,1224
24.70198916,1295
24.71511944,1328
24.72824972,1276
24.74138,1334
24.75451029,1297
24.76764057,1289
24.78077085,1276
24.79390114,1293
24.80703142,1367
24.8201617,1323
24.83329198,1264
24.84642227,1280
24.85955255,1297
24.87268283,1292
24.88581311,1322
24.8989434,1385
24.91207368,1336
24.92520396,1277
24.93833424,1267
24.95146453,1242
24.96459481,1283
24.97772509,1366
24.99085538,1323
25.00398566,1277
25.01711594,1360
25.03024622,1297
25.04337651,1313
25.05650679,1359
25.06963707,1346
25.08276735,1298
25.09589764,1272
25.10902792,1396
25.1221582,1403
25.13528848,1371
25.14841877,1341
25.16154905,1358
25.17467933,1312
25.18780962,1289
25.2009399,1255
25.21407018,1327
25.22720046,1245
25.24033075,1438
25.25346103,1342
25.26659131,1458
25.27972159,1438
25.29285188,1401
25.30598216,1375
25.31911244,1335
25.33224272,1290
25.34537301,1330
25.35850329,1358
25.37163357,1383
25.38476386,1372
25.39789414,1305
25.41102442,1416
25.4241547,1327
25.43728499,1419
25.45041527,1360
25.46354555,1424
25.47667583,1376
25.48980612,1436
25.5029364,1395
25.51606668,1441
25.52919697,1476
25.54232725,1441
25.55545753,1495
25.56858781,1475
25.5817181,1490
25.59484838,1506
25.60797866,1506
25.62110894,1540
25.63423923,1514
25.64736951,1581
25.66049979,1627
25.67363007,1580
25.68676036,1602
25.69989064,1629
25.71302092,1686
25.72615121,1683
25.73928149,1736
25.75241177,1733
25.76554205,1744
25.77867234,1689
25.79180262,1688
25.8049329,1790
25.81806318,1741
25.83119347,1798
25.84432375,1731
25.85745403,1777
25.87058431,1861
25.8837146,1872
25.89684488,1672
25.90997516,1753
25.92310545,1700
25.93623573,1744
25.94936601,1681
25.96249629,1628
25.97562658,1719
25.98875686,1619
26.00188714,1630
26.01501742,1554
26.02814771,1556
26.04127799,1635
26.05440827,1501
26.06753855,1482
26.08066884,1549
26.09379912,1517
26.1069294,1482
26.12005969,1455
26.13318997,1461
26.14632025,1450
26.15945053,1365
26.17258082,1333
26.1857111,1396
26.19884138,1413
26.21197166,1433
26.22510195,1413
26.23823223,1422
26.25136251,1443
26.2644928,1412
26.27762308,1370
26.29075336,1378
26.30388364,1344
26.31701393,1296
26.33014421,1278
26.34327449,1369
26.35640477,1297
26.36953506,1274
26.38266534,1269
26.39579562,1331
26.4089259,1322
26.42205619,1275
26.43518647,1244
26.44831675,1354
26.46144704,1271
26.47457732,1315
26.4877076,1277
26.50083788,1302
26.51396817,1272
26.52709845,1223
26.54022873,1286
26.55335901,1251
26.5664893,1215
26.57961958,1313
26.59274986,1247
26.60588014,1266
26.61901043,1307
26.63214071,1260
26.64527099,1252
26.65840128,1244
26.67153156,1297
26.68466184,1187
26.69779212,1228
26.71092241,1210
26.72405269,1220
26.73718297,1184
26.75031325,1245
26.76344354,1211
26.77657382,1249
26.7897041,1225
26.80283438,1193
26.81596467,1240
26.82909495,1203
26.84222523,1254
26.85535552,1314
26.8684858,1189
26.88161608,1255
26.89474636,1157
26.90787665,1211
26.92100693,1280
26.93413721,1250
26.94726749,1215
26.96039778,1236
26.97352806,1148
26.98665834,1120
26.99978862,1173
27.01291891,1238
27.02604919,1229
27.03917947,1219
27.05230976,1228
27.06544004,1219
27.07857032,1221
27.0917006,1171
27.10483089,1193
27.11796117,1200
27.13109145,1174
27.14422173,1190
27.15735202,1162
27.1704823,1157
27.18361258,1257
27.19674287,1250
27.20987315,1262
27.22300343,1254
27.23613371,1233
27.249264,1187
27.26239428,1127
27.27552456,1206
27.28865484,1208
27.30178513,1177
27.31491541,1213
27.32804569,1211
27.34117597,1122
27.35430626,1184
27.36743654,1187
27.38056682,1190
27.39369711,1198
27.40682739,1180
27.41995767,1196
27.43308795,1218
27.44621824,1246
27.45934852,1196
27.4724788,1253
27.48560908,1204
27.49873937,1199
27.51186965,1231
27.52499993,1132
27.53813021,1264
27.5512605,1159
27.56439078,1224
27.57752106,1198
27.59065135,1140
27.60378163,1271
27.61691191,1168
27.63004219,1179
27.64317248,1185
27.65630276,1252
27.66943304,1190
27.68256332,1258
27.69569361,1211
27.70882389,1216
27.72195417,1253
27.73508445,1195
27.74821474,1200
27.76134502,1315
27.7744753,1193
27.78760559,1289
27.80073587,1261
27.81386615,1259
27.82699643,1270
27.84012672,1293
27.853257,1258
27.86638728,1223
27.87951756,1160
27.89264785,1291
27.90577813,1246
27.91890841,1192
27.9320387,1247
27.94516898,1237
27.95829926,1251
27.97142954,1263
27.98455983,1292
27.99769011,1208
28.01082039,1299
28.02395067,1252
28.03708096,1303
28.05021124,1240
28.06334152,1247
28.0764718,1271
28.08960209,1243
28.10273237,1220
28.11586265,1249
28.12899294,1285
28.14212322,1284
28.1552535,1297
28.16838378,1270
28.18151407,1277
28.19464435,1345
28.20777463,1285
28.22090491,1306
28.2340352,1191
28.24716548,1296
28.26029576,1252
28.27342604,1295
28.28655633,1291
28.29968661,1248
28.31281689,1238
28.32594718,1295
28.33907746,1227
28.35220774,1308
28.36533802,1271
28.37846831,1261
28.39159859,1286
28.40472887,1246
28.41785915,1249
28.43098944,1289
28.44411972,1228
28.45725,1248
28.47038028,1284
28.48351057,1296
28.49664085,1294
28.50977113,1255
28.52290142,1324
28.5360317,1260
28.54916198,1231
28.56229226,1253
28.57542255,1282
28.58855283,1327
28.60168311,1271
28.61481339,1253
28.62794368,1280
28.64107396,1295
28.65420424,1307
28.66733452,1280
28.68046481,1353
28.69359509,1284
28.70672537,1258
28.71985566,1272
28.73298594,1266
28.74611622,1328
28.7592465,1329
28.77237679,1284
28.78550707,1310
28.79863735,1279
28.81176763,1306
28.82489792,1334
28.8380282,1300
28.85115848,1339
28.86428877,1329
28.87741905,1280
28.89054933,1335
28.90367961,1314
28.9168099,1263
28.92994018,1334
28.94307046,1384
28.95620074,1275
28.96933103,1342
28.98246131,1305
28.99559159,1323
29.00872187,1309
29.02185216,1339
29.03498244,1306
29.04811272,1349
29.06124301,1239
29.07437329,1279
29.08750357,1289
29.10063385,1340
29.11376414,1285
29.12689442,1301
29.1400247,1365
29.15315498,1326
29.16628527,1264
29.17941555,1265
29.19254583,1272
29.20567611,1258
29.2188064,1243
29.23193668,1292
29.24506696,1274
29.25819725,1312
29.27132753,1277
29.28445781,1324
29.29758809,1264
29.31071838,1279
29.32384866,1261
29.33697894,1288
29.35010922,1244
29.36323951,1299
29.37636979,1240
29.38950007,1327
29.40263035,1251
29.41576064,1300
29.42889092,1300
29.4420212,1286
29.45515149,1217
29.46828177,1189
29.48141205,1277
29.49454233,1320
29.50767262,1258
29.5208029,1215
29.53393318,1243
29.54706346,1283
29.56019375,1219
29.57332403,1265
29.58645431,1314
29.5995846,1290
29.61271488,1266
29.62584516,1203
29.63897544,1237
29.65210573,1230
29.66523601,1214
29.67836629,1218
29.69149657,1220
29.70462686,1201
29.71775714,1131
29.73088742,1262
29.7440177,1250
29.75714799,1225
29.77027827,1283
29.78340855,1271
29.79653884,1239
29.80966912,1175
29.8227994,1285
29.83592968,1183
29.84905997,1201
29.86219025,1240
29.87532053,1255
29.88845081,1198
29.9015811,1220
29.91471138,1260
29.92784166,1273
29.94097194,1230
29.95410223,1229
29.96723251,1184
29.98036279,1157
29.99349308,1240
30.00662336,1288
30.01975364,1245
30.03288392,1193
30.04601421,1184
30.05914449,1200
30.07227477,1275
30.08540505,1188
30.09853534,1285
30.11166562,1269
30.1247959,1259
30.13792618,1278
30.15105647,1210
30.16418675,1205
30.17731703,1221
30.19044732,1295
30.2035776,1213
30.21670788,1275
30.22983816,1263
30.24296845,1199
30.25609873,1181
30.26922901,1200
30.28235929,1282
30.29548958,1260
30.30861986,1241
30.32175014,1304
30.33488042,1277
30.34801071,1322
30.36114099,1205
30.37427127,1286
30.38740156,1272
30.40053184,1329
30.41366212,1302
30.4267924,1331
30.43992269,1231
30.45305297,1288
30.46618325,1331
30.47931353,1359
30.49244382,1278
30.5055741,1279
30.51870438,1288
30.53183467,1366
30.54496495,1328
30.55809523,1336
30.57122551,1324
30.5843558,1300
30.59748608,1298
30.61061636,1308
30.62374664,1340
30.63687693,1324
30.65000721,1325
30.66313749,1377
30.67626777,1321
30.68939806,1322
30.70252834,1329
30.71565862,1385
30.72878891,1412
30.74191919,1432
30.75504947,1347
30.76817975,1388
30.78131004,1397
30.79444032,1412
30.8075706,1359
30.82070088,1434
30.83383117,1347
30.84696145,1481
30.86009173,1462
30.87322201,1536
30.8863523,1490
30.89948258,1463
30.91261286,1509
30.92574315,1464
30.93887343,1529
30.95200371,1482
30.96513399,1459
30.97826428,1465
30.99139456,1573
31.00452484,1570
31.01765512,1532
31.03078541,1629
31.04391569,1527
31.05704597,1584
31.07017625,1642
31.08330654,1622
31.09643682,1586
31.1095671,1641
31.12269739,1635
31.13582767,1656
31.14895795,1713
31.16208823,1713
31.17521852,1660
31.1883488,1694
31.20147908,1737
31.21460936,1717
31.22773965,1712
31.24086993,1715
31.25400021,1798
31.2671305,1762
31.28026078,1803
31.29339106,1764
31.30652134,1825
31.31965163,1793
31.33278191,1830
31.34591219,1856
31.35904247,1923
31.37217276,1961
31.38530304,1860
31.39843332,2047
31.4115636,2021
31.42469389,2123
31.43782417,2076
31.45095445,2066
31.46408474,2115
31.47721502,2095
31.4903453,2103
31.50347558,2145
31.51660587,2196
31.52973615,2166
31.54286643,2209
31.55599671,2271
31.569127,2246
31.58225728,2339
31.59538756,2256
31.60851784,2331
31.62164813,2261
31.63477841,2259
31.64790869,2285
31.66103898,2349
31.67416926,2359
31.68729954,2502
31.70042982,2529
31.71356011,2535
31.72669039,2554
31.73982067,2476
31.75295095,2525
31.76608124,2573
31.77921152,2505
31.7923418,2572
31.80547208,2560
31.81860237,2625
31.83173265,2466
31.84486293,2543
31.85799322,2542
31.8711235,2586
31.88425378,2534
31.89738406,2579
31.91051435,2583
31.92364463,2606
31.93677491,2545
31.94990519,2553
31.96303548,2554
31.97616576,2589
31.98929604,2703
32.00242633,2772
32.01555661,2550
32.02868689,2586
32.04181717,2569
32.05494746,2682
32.06807774,2600
32.08120802,2615
32.0943383,2541
32.10746859,2640
32.12059887,2606
32.13372915,2546
32.14685943,2430
32.15998972,2496
32.17312,2448
32.18625028,2570
32.19938057,2631
32.21251085,2525
32.22564113,2442
32.23877141,2448
32.2519017,2540
32.26503198,2455
32.27816226,2367
32.29129254,2348
32.30442283,2501
32.31755311,2391
32.33068339,2379
32.34381367,2357
32.35694396,2337
32.37007424,2380
32.38320452,2338
32.39633481,2186
32.40946509,2185
32.42259537,2244
32.43572565,2224
32.44885594,2152
32.46198622,2159
32.4751165,2088
32.48824678,2154
32.50137707,2135
32.51450735,2086
32.52763763,2147
32.54076791,2092
32.5538982,2188
32.56702848,2096
32.58015876,2054
32.59328905,2056
32.60641933,2084
32.61954961,2082
32.63267989,1937
32.64581018,2070
32.65894046,1993
32.67207074,2000
32.68520102,1982
32.69833131,2071
32.71146159,2037
32.72459187,1918
32.73772215,1930
32.75085244,1950
32.76398272,1900
32.777113,1870
32.79024329,1850
32.80337357,1953
32.81650385,1921
32.82963413,1936
32.84276442,1968
32.8558947,1965
32.86902498,1848
32.88215526,1884
32.89528555,1842
32.90841583,1873
32.92154611,1835
32.9346764,1862
32.94780668,1857
32.96093696,1879
32.97406724,1762
32.98719753,1739
33.00032781,1778
33.01345809,1742
33.02658837,1727
33.03971866,1791
33.05284894,1745
33.06597922,1746
33.0791095,1751
33.09223979,1792
33.10537007,1765
33.11850035,1637
33.13163064,1672
33.14476092,1686
33.1578912,1595
33.17102148,1694
33.18415177,1694
33.19728205,1623
33.21041233,1597
33.22354261,1606
33.2366729,1641
33.24980318,1610
33.26293346,1614
33.27606374,1569
33.28919403,1577
33.30232431,1649
33.31545459,1495
33.32858488,1528
33.34171516,1515
33.35484544,1511
33.36797572,1533
33.38110601,1573
33.39423629,1553
33.40736657,1503
33.42049685,1487
33.43362714,1482
33.44675742,1478
33.4598877,1511
33.47301798,1449
33.48614827,1514
33.49927855,1433
33.51240883,1382
33.52553912,1454
33.5386694,1481
33.55179968,1391
33.56492996,1418
33.57806025,1399
33.59119053,1426
33.60432081,1440
33.61745109,1437
33.63058138,1430
33.64371166,1387
33.65684194,1355
33.66997223,1417
33.68310251,1344
33.69623279,1382
33.70936307,1405
33.72249336,1335
33.73562364,1367
33.74875392,1359
33.7618842,1387
33.77501449,1373
33.78814477,1300
33.80127505,1336
33.81440533,1353
33.82753562,1314
33.8406659,1380
33.85379618,1364
33.86692647,1239
33.88005675,1314
33.89318703,1404
33.90631731,1340
33.9194476,1328
33.93257788,1317
33.94570816,1249
33.95883844,1326
33.97196873,1333
33.98509901,1264
33.99822929,1303
34.01135957,1282
34.02448986,1296
34.03762014,1278
34.05075042,1282
34.06388071,1248
34.07701099,1279
34.09014127,1189
34.10327155,1245
34.11640184,1249
34.12953212,1141
34.1426624,1254
34.15579268,1227
34.16892297,1299
34.18205325,1292
34.19518353,1281
34.20831381,1225
34.2214441,1240
34.23457438,1256
34.24770466,1189
34.26083495,1238
34.27396523,1252
34.28709551,1159
34.30022579,1183
34.31335608,1156
34.32648636,1164
34.33961664,1077
34.35274692,1138
34.36587721,1121
34.37900749,1125
34.39213777,1086
34.40526805,1106
34.41839834,1034
34.43152862,1075
34.4446589,1103
34.45778919,1107
34.47091947,1111
34.48404975,1042
34.49718003,1141
34.51031032,1032
34.5234406,1106
34.53657088,1065
34.54970116,1054
34.56283145,1057
34.57596173,1006
34.58909201,1009
34.6022223,1046
34.61535258,1038
34.62848286,1058
34.64161314,1034
34.65474343,1082
34.66787371,1022
34.68100399,962
34.69413427,1008
34.70726456,951
34.72039484,1014
34.73352512,1005
34.7466554,1052
34.75978569,989
34.77291597,975
34.78604625,985
34.79917654,992
34.81230682,1023
34.8254371,1023
34.83856738,1006
34.85169767,1005
34.86482795,1020
34.87795823,1061
34.89108851,964
34.9042188,942
34.91734908,932
34.93047936,997
34.94360964,1032
34.95673993,979
34.96987021,932
34.98300049,984
34.99613078,894
35.00926106,927
35.02239134,954
35.03552162,971
35.04865191,960
35.06178219,960
35.07491247,995
35.08804275,981
35.10117304,1034
35.11430332,953
35.1274336,946
35.14056388,895
35.15369417,928
35.16682445,901
35.17995473,982
35.19308502,1032
35.2062153,921
35.21934558,936
35.23247586,893
35.24560615,940
35.25873643,988
35.27186671,870
35.28499699,892
35.29812728,929
35.31125756,933
35.32438784,983
35.33751813,935
35.35064841,952
35.36377869,924
35.37690897,955
35.39003926,919
35.40316954,923
35.41629982,891
35.4294301,932
35.44256039,912
35.45569067,888
35.46882095,890
35.48195123,923
35.49508152,897
35.5082118,902
35.52134208,903
35.53447237,924
35.54760265,890
35.56073293,952
35.57386321,882
35.5869935,891
35.60012378,883
35.61325406,980
35.62638434,850
35.63951463,856
35.65264491,889
35.66577519,918
35.67890547,880
35.69203576,883
35.70516604,936
35.71829632,892
35.73142661,891
35.74455689,863
35.75768717,866
35.77081745,901
35.78394774,825
35.79707802,861
35.8102083,904
35.82333858,819
35.83646887,876
35.84959915,923
35.86272943,903
35.87585971,944
35.88899,873
35.90212028,891
35.91525056,881
35.92838085,873
35.94151113,844
35.95464141,845
35.96777169,898
35.98090198,851
35.99403226,897
36.00716254,915
36.02029282,867
36.03342311,869
36.04655339,829
36.05968367,872
36.07281395,809
36.08594424,824
36.09907452,876
36.1122048,885
36.12533509,907
36.13846537,857
36.15159565,895
36.16472593,826
36.17785622,852
36.1909865,856
36.20411678,897
36.21724706,822
36.23037735,888
36.24350763,825
36.25663791,809
36.2697682,841
36.28289848,832
36.29602876,859
36.30915904,850
36.32228933,809
36.33541961,853
36.34854989,907
36.36168017,841
36.37481046,867
36.38794074,885
36.40107102,871
36.4142013,801
36.42733159,816
36.44046187,872
36.45359215,897
36.46672244,837
36.47985272,778
36.492983,789
36.50611328,790
36.51924357,844
36.53237385,800
36.54550413,812
36.55863441,882
36.5717647,789
36.58489498,793
36.59802526,825
36.61115554,810
36.62428583,790
36.63741611,843
36.65054639,825
36.66367668,827
36.67680696,826
36.68993724,821
36.70306752,784
36.71619781,797
36.72932809,858
36.74245837,810
36.75558865,777
36.76871894,798
36.78184922,835
36.7949795,793
36.80810978,827
36.82124007,776
36.83437035,840
36.84750063,747
36.86063092,810
36.8737612,787
36.88689148,791
36.90002176,779
36.91315205,807
36.92628233,826
36.93941261,818
36.95254289,793
36.96567318,775
36.97880346,820
36.99193374,848
37.00506403,828
37.01819431,829
37.03132459,773
37.04445487,821
37.05758516,810
37.07071544,770
37.08384572,799
37.096976,799
37.11010629,813
37.12323657,797
37.13636685,800
37.14949713,794
37.16262742,748
37.1757577,732
37.18888798,812
37.20201827,745
37.21514855,804
37.22827883,800
37.24140911,781
37.2545394,759
37.26766968,784
37.28079996,796
37.29393024,869
37.30706053,801
37.32019081,798
37.33332109,802
37.34645137,813
37.35958166,832
37.37271194,765
37.38584222,771
37.39897251,765
37.41210279,802
37.42523307,787
37.43836335,809
37.45149364,790
37.46462392,788
37.4777542,804
37.49088448,789
37.50401477,767
37.51714505,751
37.53027533,796
37.54340561,729
37.5565359,763
37.56966618,741
37.58279646,765
37.59592675,724
37.60905703,747
37.62218731,763
37.63531759,771
37.64844788,814
37.66157816,796
37.67470844,755
37.68783872,836
37.70096901,780
37.71409929,767
37.72722957,785
37.74035985,807
37.75349014,774
37.76662042,811
37.7797507,780
37.79288099,774
37.80601127,791
37.81914155,802
37.83227183,752
37.84540212,784
37.8585324,768
37.87166268,792
37.88479296,837
37.89792325,785
37.91105353,769
37.92418381,799
37.9373141,773
37.95044438,796
37.96357466,763
37.97670494,791
37.98983523,771
38.00296551,844
38.01609579,799
38.02922607,793
38.04235636,846
38.05548664,802
38.06861692,754
38.0817472,801
38.09487749,768
38.10800777,825
38.12113805,761
38.13426834,755
38.14739862,761
38.1605289,750
38.17365918,783
38.18678947,857
38.19991975,796
38.21305003,856
38.22618031,766
38.2393106,839
38.25244088,827
38.26557116,753
38.27870144,792
38.29183173,784
38.30496201,853
38.31809229,847
38.33122258,805
38.34435286,809
38.35748314,784
38.37061342,847
38.38374371,836
38.39687399,786
38.41000427,819
38.42313455,773
38.43626484,809
38.44939512,796
38.4625254,791
38.47565568,828
38.48878597,834
38.50191625,808
38.51504653,742
38.52817682,790
38.5413071,818
38.55443738,774
38.56756766,799
38.58069795,818
38.59382823,811
38.60695851,831
38.62008879,839
38.63321908,816
38.64634936,775
38.65947964,776
38.67260993,803
38.68574021,851
38.69887049,818
38.71200077,818
38.72513106,823
38.73826134,840
38.75139162,846
38.7645219,877
38.77765219,842
38.79078247,870
38.80391275,838
38.81704303,857
38.83017332,826
38.8433036,852
38.85643388,918
38.86956417,846
38.88269445,845
38.89582473,824
38.90895501,829
38.9220853,804
38.93521558,911
38.94834586,933
38.96147614,884
38.97460643,890
38.98773671,909
39.00086699,874
39.01399727,860
39.02712756,930
39.04025784,816
39.05338812,894
39.06651841,846
39.07964869,853
39.09277897,895
39.10590925,943
39.11903954,898
39.13216982,941
39.1453001,899
39.15843038,942
39.17156067,907
39.18469095,971
39.19782123,903
39.21095151,869
39.2240818,938
39.23721208,938
39.25034236,956
39.26347265,929
39.27660293,963
39.28973321,866
39.30286349,962
39.31599378,841
39.32912406,977
39.34225434,919
39.35538462,925
39.36851491,869
39.38164519,979
39.39477547,932
39.40790575,950
39.42103604,1004
39.43416632,934
39.4472966,965
39.46042689,966
39.47355717,943
39.48668745,963
39.49981773,930
39.51294802,994
39.5260783,974
39.53920858,1006
39.55233886,959
39.56546915,949
39.57859943,938
39.59172971,1019
39.60486,995
39.61799028,997
39.63112056,963
39.64425084,1030
39.65738113,968
39.67051141,941
39.68364169,1009
39.69677197,995
39.70990226,988
39.72303254,975
39.73616282,1004
39.7492931,958
39.76242339,939
39.77555367,990
39.78868395,994
39.80181424,1004
39.81494452,1006
39.8280748,939
39.84120508,962
39.85433537,960
39.86746565,1037
39.88059593,1009
39.89372621,1038
39.9068565,995
39.91998678,953
39.93311706,991
39.94624734,965
39.95937763,978
39.97250791,1023
39.98563819,1000
39.99876848,981
40.01189876,939
40.02502904,947
40.03815932,970
40.05128961,954
40.06441989,974
40.07755017,940
40.09068045,946
40.10381074,952
40.11694102,949
40.1300713,931
40.14320158,916
40.15633187,921
40.16946215,923
40.18259243,941
40.19572272,895
40.208853,954
40.22198328,971
40.23511356,915
40.24824385,896
40.26137413,832
40.27450441,854
40.28763469,833
40.30076498,865
40.31389526,926
40.32702554,877
40.34015583,861
40.35328611,887
40.36641639,869
40.37954667,825
40.39267696,799
40.40580724,849
40.41893752,893
40.4320678,825
40.44519809,853
40.45832837,779
40.47145865,796
40.48458893,848
40.49771922,824
40.5108495,751
40.52397978,873
40.53711007,853
40.55024035,802
40.56337063,836
40.57650091,840
40.5896312,837
40.60276148,811
40.61589176,833
40.62902204,865
40.64215233,810
40.65528261,860
40.66841289,807
40.68154317,800
40.69467346,843
40.70780374,820
40.72093402,837
40.73406431,778
40.74719459,805
40.76032487,769
40.77345515,767
40.78658544,751
40.79971572,766
40.812846,783
40.82597628,744
40.83910657,760
40.85223685,875
40.86536713,758
40.87849741,740
40.8916277,743
40.90475798,810
40.91788826,696
40.93101855,778
40.94414883,757
40.95727911,782
40.97040939,779
40.98353968,764
40.99666996,755
41.00980024,723
41.02293052,744
41.03606081,740
41.04919109,719
41.06232137,789
41.07545166,790
41.08858194,796
41.10171222,795
41.1148425,746
41.12797279,767
41.14110307,749
41.15423335,746
41.16736363,758
41.18049392,711
41.1936242,757
41.20675448,741
41.21988476,844
41.23301505,751
41.24614533,746
41.25927561,743
41.2724059,733
41.28553618,768
41.29866646,702
41.31179674,758
41.32492703,699
41.33805731,770
41.35118759,784
41.36431787,761
41.37744816,784
41.39057844,768
41.40370872,786
41.416839,718
41.42996929,741
41.44309957,733
41.45622985,712
41.46936014,776
41.48249042,733
41.4956207,744
41.50875098,727
41.52188127,713
41.53501155,801
41.54814183,788
41.56127211,722
41.5744024,781
41.58753268,725
41.60066296,765
41.61379324,730
41.62692353,708
41.64005381,719
41.65318409,720
41.66631438,761
41.67944466,708
41.69257494,802
41.70570522,761
41.71883551,718
41.73196579,756
41.74509607,751
41.75822635,763
41.77135664,757
41.78448692,806
41.7976172,732
41.81074748,759
41.82387777,740
41.83700805,685
41.85013833,776
41.86326862,717
41.8763989,784
41.88952918,754
41.90265946,765
41.91578975,747
41.92892003,728
41.94205031,740
41.95518059,724
41.96831088,792
41.98144116,729
41.99457144,706
42.00770173,765
42.02083201,692
42.03396229,752
42.04709257,748
42.06022286,722
42.07335314,742
42.08648342,701
42.0996137,722
42.11274399,713
42.12587427,757
42.13900455,725
42.15213483,732
42.16526512,760
42.1783954,742
42.19152568,718
42.20465597,780
42.21778625,696
42.23091653,752
42.24404681,741
42.2571771,772
42.27030738,651
42.28343766,723
42.29656794,768
42.30969823,723
42.32282851,749
42.33595879,717
42.34908907,738
42.36221936,750
42.37534964,746
42.38847992,685
42.40161021,696
42.41474049,735
42.42787077,724
42.44100105,669
42.45413134,724
42.46726162,725
42.4803919,691
42.49352218,688
42.50665247,705
42.51978275,713
42.53291303,688
42.54604331,675
42.5591736,684
42.57230388,690
42.58543416,720
42.59856445,680
42.61169473,720
42.62482501,682
42.63795529,686
42.65108558,694
42.66421586,705
42.67734614,692
42.69047642,705
42.70360671,681
42.71673699,702
42.72986727,706
42.74299756,683
42.75612784,697
42.76925812,687
42.7823884,703
42.79551869,648
42.80864897,691
42.82177925,697
42.83490953,667
42.84803982,670
42.8611701,691
42.87430038,632
42.88743066,702
42.90056095,705
42.91369123,726
42.92682151,685
42.9399518,645
42.95308208,681
42.96621236,673
42.97934264,709
42.99247293,671
43.00560321,642
43.01873349,694
43.03186377,696
43.04499406,660
43.05812434,672
43.07125462,673
43.0843849,676
43.09751519,696
43.11064547,691
43.12377575,677
43.13690604,676
43.15003632,655
43.1631666,671
43.17629688,705
43.18942717,717
43.20255745,674
43.21568773,689
43.22881801,663
43.2419483,705
43.25507858,720
43.26820886,709
43.28133914,715
43.29446943,692
43.30759971,709
43.32072999,712
43.33386028,692
43.34699056,704
43.36012084,671
43.37325112,704
43.38638141,692
43.39951169,698
43.41264197,698
43.42577225,683
43.43890254,671
43.45203282,712
43.4651631,722
43.47829338,736
43.49142367,717
43.50455395,695
43.51768423,708
43.53081452,724
43.5439448,723
43.55707508,695
43.57020536,727
43.58333565,745
43.59646593,715
43.60959621,717
43.62272649,669
43.63585678,711
43.64898706,731
43.66211734,691
43.67524763,706
43.68837791,671
43.70150819,736
43.71463847,697
43.72776876,699
43.74089904,717
43.75402932,750
43.7671596,726
43.78028989,714
43.79342017,732
43.80655045,729
43.81968073,702
43.83281102,745
43.8459413,748
43.85907158,734
43.87220187,692
43.88533215,721
43.89846243,737
43.91159271,683
43.924723,760
43.93785328,772
43.95098356,741
43.96411384,722
43.97724413,697
43.99037441,701
44.00350469,706
44.01663497,710
44.02976526,736
44.04289554,722
44.05602582,721
44.06915611,698
44.08228639,657
44.09541667,667
44.10854695,656
44.12167724,689
44.13480752,686
44.1479378,688
44.16106808,689
44.17419837,692
44.18732865,749
44.20045893,693
44.21358921,649
44.2267195,692
44.23984978,700
44.25298006,645
44.26611035,701
44.27924063,688
44.29237091,690
44.30550119,712
44.31863148,710
44.33176176,691
44.34489204,653
44.35802232,683
44.37115261,699
44.38428289,675
44.39741317,702
44.41054346,685
44.42367374,652
44.43680402,709
44.4499343,666
44.46306459,710
44.47619487,722
44.48932515,637
44.50245543,666
44.51558572,703
44.528716,658
44.54184628,656
44.55497656,731
44.56810685,723
44.58123713,661
44.59436741,677
44.6074977,643
44.62062798,699
44.63375826,691
44.64688854,654
44.66001883,663
44.67314911,615
44.68627939,676
44.69940967,667
44.71253996,689
44.72567024,693
44.73880052,668
44.7519308,681
44.76506109,651
44.77819137,670
44.79132165,633
44.80445194,654
44.81758222,639
44.8307125,658
44.84384278,628
44.85697307,669
44.87010335,680
44.88323363,663
44.89636391,634
44.9094942,661
44.92262448,691
44.93575476,653
44.94888504,661
44.96201533,659
44.97514561,686
44.98827589,700
45.00140618,717
45.01453646,626
45.02766674,699
45.04079702,747
45.05392731,687
45.06705759,677
45.08018787,665
45.09331815,710
45.10644844,716
45.11957872,687
45.132709,672
45.14583928,734
45.15896957,682
45.17209985,660
45.18523013,721
45.19836042,679
45.2114907,698
45.22462098,672
45.23775126,691
45.25088155,728
45.26401183,683
45.27714211,736
45.29027239,668
45.30340268,671
45.31653296,726
45.32966324,664
45.34279353,753
45.35592381,676
45.36905409,682
45.38218437,665
45.39531466,694
45.40844494,720
45.42157522,672
45.4347055,730
45.44783579,698
45.46096607,703
45.47409635,680
45.48722663,696
45.50035692,710
45.5134872,682
45.52661748,692
45.53974777,716
45.55287805,724
45.56600833,766
45.57913861,695
45.5922689,654
45.60539918,686
45.61852946,689
45.63165974,728
45.64479003,715
45.65792031,698
45.67105059,718
45.68418087,685
45.69731116,720
45.71044144,726
45.72357172,727
45.73670201,749
45.74983229,682
45.76296257,745
45.77609285,751
45.78922314,717
45.80235342,709
45.8154837,744
45.82861398,778
45.84174427,726
45.85487455,778
45.86800483,722
45.88113511,741
45.8942654,682
45.90739568,713
45.92052596,749
45.93365625,742
45.94678653,800
45.95991681,741
45.97304709,729
45.98617738,720
45.99930766,759
46.01243794,729
46.02556822,758
46.03869851,697
46.05182879,712
46.06495907,758
46.07808936,769
46.09121964,768
46.10434992,808
46.1174802,775
46.13061049,706
46.14374077,797
46.15687105,749
46.17000133,803
46.18313162,763
46.1962619,753
46.20939218,789
46.22252246,756
46.23565275,769
46.24878303,814
46.26191331,782
46.2750436,783
46.28817388,786
46.30130416,845
46.31443444,811
46.32756473,795
46.34069501,834
46.35382529,802
46.36695557,832
46.38008586,828
46.39321614,860
46.40634642,793
46.4194767,816
46.43260699,814
46.44573727,853
46.45886755,873
46.47199784,845
46.48512812,875
46.4982584,894
46.51138868,897
46.52451897,872
46.53764925,876
46.55077953,848
46.56390981,911
46.5770401,895
46.59017038,963
46.60330066,896
46.61643094,875
46.62956123,911
46.64269151,901
46.65582179,856
46.66895208,829
46.68208236,941
46.69521264,920
46.70834292,951
46.72147321,933
46.73460349,966
46.74773377,904
46.76086405,958
46.77399434,970
46.78712462,845
46.8002549,903
46.81338518,979
46.82651547,900
46.83964575,902
46.85277603,849
46.86590632,877
46.8790366,902
46.89216688,904
46.90529716,854
46.91842745,871
46.93155773,819
46.94468801,877
46.95781829,886
46.97094858,871
46.98407886,855
46.99720914,918
47.01033943,898
47.02346971,844
47.03659999,827
47.04973027,817
47.06286056,862
47.07599084,856
47.08912112,781
47.1022514,853
47.11538169,848
47.12851197,872
47.14164225,859
47.15477253,815
47.16790282,794
47.1810331,883
47.19416338,813
47.20729367,808
47.22042395,760
47.23355423,823
47.24668451,837
47.2598148,835
47.27294508,837
47.28607536,781
47.29920564,835
47.31233593,785
47.32546621,776
47.33859649,771
47.35172677,803
47.36485706,824
47.37798734,768
47.39111762,766
47.40424791,745
47.41737819,801
47.43050847,754
47.44363875,828
47.45676904,823
47.46989932,790
47.4830296,847
47.49615988,783
47.50929017,825
47.52242045,812
47.53555073,774
47.54868101,803
47.5618113,777
47.57494158,842
47.58807186,824
47.60120215,773
47.61433243,758
47.62746271,760
47.64059299,747
47.65372328,791
47.66685356,783
47.67998384,782
47.69311412,777
47.70624441,777
47.71937469,791
47.73250497,784
47.74563526,762
47.75876554,832
47.77189582,809
47.7850261,817
47.79815639,785
47.81128667,797
47.82441695,805
47.83754723,820
47.85067752,777
47.8638078,849
47.87693808,807
47.89006836,766
47.90319865,783
47.91632893,775
47.92945921,807
47.9425895,788
47.95571978,810
47.96885006,783
47.98198034,782
47.99511063,832
48.00824091,802
48.02137119,746
48.03450147,843
48.04763176,806
48.06076204,793
48.07389232,774
48.0870226,773
48.10015289,813
48.11328317,776
48.12641345,797
48.13954374,853
48.15267402,793
48.1658043,734
48.17893458,743
48.19206487,789
48.20519515,830
48.21832543,841
48.23145571,824
48.244586,788
48.25771628,825
48.27084656,827
48.28397684,745
48.29710713,781
48.31023741,809
48.32336769,790
48.33649798,749
48.34962826,736
48.36275854,772
48.37588882,785
48.38901911,775
48.40214939,796
48.41527967,757
48.42840995,750
48.44154024,806
48.45467052,759
48.4678008,860
48.48093109,759
48.49406137,792
48.50719165,806
48.52032193,767
48.53345222,791
48.5465825,701
48.55971278,817
48.57284306,778
48.58597335,778
48.59910363,764
48.61223391,736
48.62536419,794
48.63849448,757
48.65162476,801
48.66475504,765
48.67788533,843
48.69101561,802
48.70414589,828
48.71727617,806
48.73040646,745
48.74353674,797
48.75666702,784
48.7697973,769
48.78292759,779
48.79605787,747
48.80918815,805
48.82231843,732
48.83544872,791
48.848579,766
48.86170928,806
48.87483957,816
48.88796985,845
48.90110013,780
48.91423041,781
48.9273607,831
48.94049098,829
48.95362126,823
48.96675154,830
48.97988183,830
48.99301211,802
49.00614239,800
49.01927267,838
49.03240296,776
49.04553324,791
49.05866352,825
49.07179381,782
49.08492409,825
49.09805437,876
49.11118465,782
49.12431494,874
49.13744522,900
49.1505755,826
49.16370578,869
49.17683607,853
49.18996635,853
49.20309663,869
49.21622691,867
49.2293572,889
49.24248748,915
49.25561776,928
49.26874805,879
49.28187833,878
49.29500861,942
49.30813889,874
49.32126918,907
49.33439946,909
49.34752974,890
49.36066002,900
49.37379031,970
49.38692059,872
49.40005087,946
49.41318116,924
49.42631144,890
49.43944172,919
49.452572,899
49.46570229,904
49.47883257,963
49.49196285,904
49.50509313,941
49.51822342,912
49.5313537,959
49.54448398,975
49.55761426,910
49.57074455,896
49.58387483,892
49.59700511,859
49.6101354,953
49.62326568,902
49.63639596,881
49.64952624,930
49.66265653,912
49.67578681,921
49.68891709,865
49.70204737,886
49.71517766,893
49.72830794,896
49.74143822,929
49.7545685,877
49.76769879,901
49.78082907,912
49.79395935,822
49.80708964,806
49.82021992,818
49.8333502,890
49.84648048,891
49.85961077,888
49.87274105,848
49.88587133,839
49.89900161,810
49.9121319,762
49.92526218,789
49.93839246,786
49.95152274,827
49.96465303,790
49.97778331,833
49.99091359,785
50.00404388,817
50.01717416,835
50.03030444,813
50.04343472,821
50.05656501,813
50.06969529,818
50.08282557,813
50.09595585,801
50.10908614,808
50.12221642,757
50.1353467,817
50.14847699,757
50.16160727,837
50.17473755,757
50.18786783,800
50.20099812,882
50.2141284,811
50.22725868,846
50.24038896,808
50.25351925,805
50.26664953,775
50.27977981,796
50.29291009,789
50.30604038,758
50.31917066,807
50.33230094,823
50.34543123,779
50.35856151,812
50.37169179,785
50.38482207,815
50.39795236,777
50.41108264,785
50.42421292,801
50.4373432,759
50.45047349,786
50.46360377,839
50.47673405,814
50.48986433,775
50.50299462,797
50.5161249,811
50.52925518,794
50.54238547,818
50.55551575,819
50.56864603,818
50.58177631,791
50.5949066,752
50.60803688,806
50.62116716,796
50.63429744,762
50.64742773,843
50.66055801,818
50.67368829,774
50.68681857,825
50.69994886,751
50.71307914,750
50.72620942,753
50.73933971,772
50.75246999,704
50.76560027,804
50.77873055,789
50.79186084,762
50.80499112,758
50.8181214,767
50.83125168,742
50.84438197,771
50.85751225,733
50.87064253,762
50.88377281,764
50.8969031,760
50.91003338,745
50.92316366,804
50.93629395,745
50.94942423,739
50.96255451,773
50.97568479,762
50.98881508,766
51.00194536,795
51.01507564,767
51.02820592,730
51.04133621,682
51.05446649,762
51.06759677,763
51.08072706,724
51.09385734,765
51.10698762,762
51.1201179,760
51.13324819,729
51.14637847,778
51.15950875,701
51.17263903,737
51.18576932,725
51.1988996,760
51.21202988,788
51.22516016,783
51.23829045,749
51.25142073,742
51.26455101,737
51.2776813,782
51.29081158,744
51.30394186,720
51.31707214,775
51.33020243,768
51.34333271,781
51.35646299,721
51.36959327,760
51.38272356,723
51.39585384,715
51.40898412,720
51.4221144,719
51.43524469,711
51.44837497,754
51.46150525,751
51.47463554,698
51.48776582,726
51.5008961,757
51.51402638,734
51.52715667,742
51.54028695,762
51.55341723,746
51.56654751,673
51.5796778,704
51.59280808,692
51.60593836,793
51.61906864,727
51.63219893,702
51.64532921,737
51.65845949,730
51.67158978,715
51.68472006,689
51.69785034,748
51.71098062,750
51.72411091,699
51.73724119,698
51.75037147,767
51.76350175,694
51.77663204,714
51.78976232,660
51.8028926,650
51.81602289,718
51.82915317,701
51.84228345,729
51.85541373,679
51.86854402,738
51.8816743,715
51.89480458,678
51.90793486,716
51.92106515,711
51.93419543,710
51.94732571,743
51.96045599,725
51.97358628,654
51.98671656,683
51.99984684,691
52.01297713,710
52.02610741,740
52.03923769,730
52.05236797,761
52.06549826,695
52.07862854,726
52.09175882,707
52.1048891,724
52.11801939,675
52.13114967,668
52.14427995,680
52.15741023,740
52.17054052,652
52.1836708,703
52.19680108,679
52.20993137,686
52.22306165,675
52.23619193,638
52.24932221,681
52.2624525,658
52.27558278,691
52.28871306,662
52.30184334,692
52.31497363,639
52.32810391,627
52.34123419,659
52.35436447,666
52.36749476,631
52.38062504,649
52.39375532,669
52.40688561,676
52.42001589,682
52.43314617,677
52.44627645,608
52.45940674,673
52.47253702,587
52.4856673,635
52.49879758,642
52.51192787,618
52.52505815,625
52.53818843,660
52.55131871,685
52.564449,635
52.57757928,669
52.59070956,633
52.60383985,622
52.61697013,632
52.63010041,628
52.64323069,644
52.65636098,635
52.66949126,623
52.68262154,653
52.69575182,705
52.70888211,608
52.72201239,660
52.73514267,631
52.74827296,690
52.76140324,635
52.77453352,590
52.7876638,610
52.80079409,643
52.81392437,620
52.82705465,676
52.84018493,681
52.85331522,666
52.8664455,646
52.87957578,711
52.89270606,731
52.90583635,677
52.91896663,686
52.93209691,668
52.9452272,725
52.95835748,723
52.97148776,702
52.98461804,736
52.99774833,714
53.01087861,718
53.02400889,711
53.03713917,678
53.05026946,697
53.06339974,719
53.07653002,717
53.0896603,673
53.10279059,682
53.11592087,711
53.12905115,733
53.14218144,701
53.15531172,748
53.168442,701
53.18157228,666
53.19470257,701
53.20783285,685
53.22096313,675
53.23409341,671
53.2472237,698
53.26035398,660
53.27348426,655
53.28661454,697
53.29974483,625
53.31287511,700
53.32600539,624
53.33913568,611
53.35226596,668
53.36539624,613
53.37852652,651
53.39165681,658
53.40478709,597
53.41791737,618
53.43104765,618
53.44417794,604
53.45730822,607
53.4704385,602
53.48356879,605
53.49669907,628
53.50982935,617
53.52295963,595
53.53608992,593
53.5492202,594
53.56235048,612
53.57548076,578
53.58861105,555
53.60174133,584
53.61487161,567
53.62800189,561
53.64113218,554
53.65426246,510
53.66739274,519
53.68052303,560
53.69365331,541
53.70678359,544
53.71991387,561
53.73304416,552
53.74617444,557
53.75930472,552
53.772435,505
53.78556529,584
53.79869557,531
53.81182585,493
53.82495613,528
53.83808642,516
53.8512167,525
53.86434698,525
53.87747727,471
53.89060755,556
53.90373783,509
53.91686811,517
53.9299984,558
53.94312868,543
53.95625896,535
53.96938924,506
53.98251953,542
53.99564981,482
54.00878009,477
54.02191037,481
54.03504066,498
54.04817094,508
54.06130122,535
54.07443151,520
54.08756179,540
54.10069207,474
54.11382235,471
54.12695264,513
54.14008292,541
54.1532132,510
54.16634348,537
54.17947377,529
54.19260405,486
54.20573433,501
54.21886461,493
54.2319949,519
54.24512518,572
54.25825546,569
54.27138575,528
54.28451603,510
54.29764631,483
54.31077659,510
54.32390688,533
54.33703716,497
54.35016744,511
54.36329772,537
54.37642801,498
54.38955829,489
54.40268857,521
54.41581886,532
54.42894914,513
54.44207942,477
54.4552097,509
54.46833999,474
54.48147027,499
54.49460055,497
54.50773083,508
54.52086112,512
54.5339914,486
54.54712168,521
54.56025196,517
54.57338225,523
54.58651253,502
54.59964281,497
54.6127731,473
54.62590338,537
54.63903366,470
54.65216394,499
54.66529423,489
54.67842451,494
54.69155479,473
54.70468507,515
54.71781536,485
54.73094564,493
54.74407592,509
54.7572062,530
54.77033649,504
54.78346677,524
54.79659705,523
54.80972734,479
54.82285762,466
54.8359879,524
54.84911818,497
54.86224847,493
54.87537875,488
54.88850903,467
54.90163931,466
54.9147696,463
54.92789988,459
54.94103016,489
54.95416044,505
54.96729073,491
54.98042101,449
54.99355129,483
55.00668158,504
55.01981186,481
55.03294214,525
55.04607242,510
55.05920271,469
55.07233299,453
55.08546327,463
55.09859355,492
55.11172384,503
55.12485412,448
55.1379844,485
55.15111469,537
55.16424497,471
55.17737525,496
55.19050553,514
55.20363582,504
55.2167661,523
55.22989638,482
55.24302666,458
55.25615695,464
55.26928723,485
55.28241751,466
55.29554779,478
55.30867808,492
55.32180836,506
55.33493864,498
55.34806893,503
55.36119921,509
55.37432949,510
55.38745977,531
55.40059006,522
55.41372034,518
55.42685062,467
55.4399809,474
55.45311119,469
55.46624147,463
55.47937175,506
55.49250203,453
55.50563232,494
55.5187626,464
55.53189288,489
55.54502317,509
55.55815345,481
55.57128373,467
55.58441401,470
55.5975443,493
55.61067458,477
55.62380486,479
55.63693514,483
55.65006543,519
55.66319571,486
55.67632599,482
55.68945627,483
55.70258656,514
55.71571684,481
55.72884712,491
55.74197741,492
55.75510769,470
55.76823797,496
55.78136825,451
55.79449854,484
55.80762882,465
55.8207591,511
55.83388938,479
55.84701967,528
55.86014995,524
55.87328023,537
55.88641051,513
55.8995408,492
55.91267108,481
55.92580136,567
55.93893165,482
55.95206193,479
55.96519221,484
55.97832249,505
55.99145278,507
56.00458306,523
56.01771334,507
56.03084362,446
56.04397391,556
56.05710419,508
56.07023447,486
56.08336476,549
56.09649504,490
56.10962532,440
56.1227556,492
56.13588589,535
56.14901617,498
56.16214645,493
56.17527673,480
56.18840702,496
56.2015373,538
56.21466758,497
56.22779786,476
56.24092815,457
56.25405843,514
56.26718871,452
56.280319,470
56.29344928,522
56.30657956,481
56.31970984,493
56.33284013,484
56.34597041,490
56.35910069,482
56.37223097,468
56.38536126,495
56.39849154,476
56.41162182,462
56.4247521,448
56.43788239,492
56.45101267,450
56.46414295,512
56.47727324,477
56.49040352,492
56.5035338,520
56.51666408,507
56.52979437,494
56.54292465,485
56.55605493,484
56.56918521,489
56.5823155,463
56.59544578,445
56.60857606,514
56.62170634,498
56.63483663,444
56.64796691,475
56.66109719,549
56.67422748,457
56.68735776,509
56.70048804,504
56.71361832,470
56.72674861,467
56.73987889,480
56.75300917,479
56.76613945,470
56.77926974,466
56.79240002,456
56.8055303,489
56.81866059,462
56.83179087,470
56.84492115,530
56.85805143,473
56.87118172,527
56.884312,510
56.89744228,519
56.91057256,514
56.92370285,495
56.93683313,513
56.94996341,459
56.96309369,449
56.97622398,473
56.98935426,469
57.00248454,517
57.01561483,511
57.02874511,501
57.04187539,463
57.05500567,449
57.06813596,516
57.08126624,481
57.09439652,467
57.1075268,487
57.12065709,476
57.13378737,482
57.14691765,514
57.16004793,471
57.17317822,460
57.1863085,485
57.19943878,490
57.21256907,468
57.22569935,458
57.23882963,476
57.25195991,478
57.2650902,496
57.27822048,484
57.29135076,479
57.30448104,446
57.31761133,471
57.33074161,483
57.34387189,484
57.35700217,453
57.37013246,496
57.38326274,463
57.39639302,493
57.40952331,457
57.42265359,495
57.43578387,450
57.44891415,435
57.46204444,479
57.47517472,486
57.488305,476
57.50143528,476
57.51456557,462
57.52769585,458
57.54082613,451
57.55395642,452
57.5670867,490
57.58021698,464
57.59334726,494
57.60647755,475
57.61960783,488
57.63273811,466
57.64586839,441
57.65899868,496
57.67212896,461
57.68525924,477
57.69838952,464
57.71151981,447
57.72465009,488
57.73778037,474
57.75091066,471
57.76404094,460
57.77717122,487
57.7903015,511
57.80343179,425
57.81656207,486
57.82969235,482
57.84282263,466
57.85595292,452
57.8690832,481
57.88221348,489
57.89534376,491
57.90847405,477
57.92160433,450
57.93473461,476
57.9478649,514
57.96099518,469
57.97412546,500
57.98725574,446
58.00038603,466
58.01351631,471
58.02664659,455
58.03977687,471
58.05290716,494
58.06603744,537
58.07916772,470
58.092298,459
58.10542829,496
58.11855857,468
58.13168885,460
58.14481914,497
58.15794942,500
58.1710797,452
58.18420998,478
58.19734027,465
58.21047055,487
58.22360083,458
58.23673111,494
58.2498614,473
58.26299168,486
58.27612196,439
58.28925224,485
58.30238253,427
58.31551281,454
58.32864309,461
58.34177338,482
58.35490366,460
58.36803394,502
58.38116422,474
58.39429451,472
58.40742479,486
58.42055507,498
58.43368535,486
58.44681564,435
58.45994592,484
58.4730762,491
58.48620649,458
58.49933677,435
58.51246705,459
58.52559733,465
58.53872762,519
58.5518579,497
58.56498818,424
58.57811846,464
58.59124875,471
58.60437903,456
58.61750931,451
58.63063959,426
58.64376988,463
58.65690016,423
58.67003044,498
58.68316073,422
58.69629101,460
58.70942129,470
58.72255157,462
58.73568186,445
58.74881214,463
58.76194242,449
58.7750727,457
58.78820299,488
58.80133327,455
58.81446355,473
58.82759383,458
58.84072412,510
58.8538544,476
58.86698468,463
58.88011497,486
58.89324525,419
58.90637553,466
58.91950581,454
58.9326361,452
58.94576638,455
58.95889666,479
58.97202694,481
58.98515723,474
58.99828751,448
59.01141779,447
59.02454807,458
59.03767836,427
59.05080864,468
59.06393892,441
59.07706921,425
59.09019949,440
59.10332977,425
59.11646005,473
59.12959034,450
59.14272062,480
59.1558509,426
59.16898118,454
59.18211147,452
59.19524175,430
59.20837203,451
59.22150232,490
59.2346326,458
59.24776288,468
59.26089316,493
59.27402345,458
59.28715373,516
59.30028401,479
59.31341429,457
59.32654458,451
59.33967486,510
59.35280514,471
59.36593542,451
59.37906571,448
59.39219599,491
59.40532627,460
59.41845656,443
59.43158684,459
59.44471712,438
59.4578474,466
59.47097769,432
59.48410797,502
59.49723825,475
59.51036853,462
59.52349882,490
59.5366291,465
59.54975938,450
59.56288966,452
59.57601995,491
59.58915023,495
59.60228051,425
59.6154108,456
59.62854108,453
59.64167136,464
59.65480164,498
59.66793193,479
59.68106221,477
59.69419249,474
59.70732277,461
59.72045306,459
59.73358334,432
59.74671362,418
59.7598439,474
59.77297419,470
59.78610447,454
59.79923475,459
59.81236504,474
59.82549532,492
59.8386256,480
59.85175588,470
59.86488617,491
59.87801645,469
59.89114673,467
59.90427701,485
59.9174073,482
59.93053758,490
59.94366786,477
59.95679814,488
59.96992843,501
59.98305871,468
59.99618899,504
60.00931928,500
60.02244956,429
60.03557984,478
60.04871012,524
60.06184041,458
60.07497069,438
60.08810097,464
60.10123125,460
60.11436154,482
60.12749182,501
60.1406221,488
60.15375239,440
60.16688267,463
60.18001295,450
60.19314323,486
60.20627352,471
60.2194038,468
60.23253408,443
60.24566436,498
60.25879465,479
60.27192493,474
60.28505521,447
60.29818549,452
60.31131578,438
60.32444606,459
60.33757634,461
60.35070663,504
60.36383691,454
60.37696719,451
60.39009747,462
60.40322776,448
60.41635804,460
60.42948832,456
60.4426186,464
60.45574889,513
60.46887917,485
60.48200945,519
60.49513973,441
60.50827002,446
60.5214003,440
60.53453058,484
60.54766087,486
60.56079115,460
60.57392143,492
60.58705171,492
60.600182,482
60.61331228,449
60.62644256,454
60.63957284,488
60.65270313,449
60.66583341,470
60.67896369,424
60.69209397,465
60.70522426,466
60.71835454,494
60.73148482,471
60.74461511,423
60.75774539,462
60.77087567,465
60.78400595,454
60.79713624,486
60.81026652,445
60.8233968,424
60.83652708,478
60.84965737,468
60.86278765,432
60.87591793,463
60.88904822,458
60.9021785,452
60.91530878,450
60.92843906,470
60.94156935,455
60.95469963,459
60.96782991,468
60.98096019,447
60.99409048,504
61.00722076,451
61.02035104,431
61.03348132,500
61.04661161,458
61.05974189,440
61.07287217,467
61.08600246,438
61.09913274,481
61.11226302,494
61.1253933,505
61.13852359,452
61.15165387,493
61.16478415,482
61.17791443,480
61.19104472,456
61.204175,471
61.21730528,499
61.23043556,515
61.24356585,461
61.25669613,508
61.26982641,444
61.2829567,469
61.29608698,493
61.30921726,514
61.32234754,506
61.33547783,459
61.34860811,504
61.36173839,492
61.37486867,490
61.38799896,473
61.40112924,467
61.41425952,513
61.4273898,496
61.44052009,484
61.45365037,489
61.46678065,482
61.47991094,472
61.49304122,504
61.5061715,465
61.51930178,459
61.53243207,477
61.54556235,507
61.55869263,512
61.57182291,511
61.5849532,471
61.59808348,474
61.61121376,532
61.62434404,515
61.63747433,484
61.65060461,517
61.66373489,477
61.67686518,468
61.68999546,471
61.70312574,479
61.71625602,474
61.72938631,454
61.74251659,471
61.75564687,517
61.76877715,559
61.78190744,500
61.79503772,469
61.808168,507
61.82129829,481
61.83442857,473
61.84755885,436
61.86068913,439
61.87381942,475
61.8869497,500
61.90007998,441
61.91321026,475
61.92634055,508
61.93947083,440
61.95260111,438
61.96573139,470
61.97886168,422
61.99199196,465
62.00512224,511
62.01825253,465
62.03138281,481
62.04451309,493
62.05764337,480
62.07077366,467
62.08390394,465
62.09703422,459
62.1101645,514
62.12329479,460
62.13642507,443
62.14955535,487
62.16268563,449
62.17581592,478
62.1889462,448
62.20207648,451
62.21520677,492
62.22833705,477
62.24146733,480
62.25459761,417
62.2677279,442
62.28085818,434
62.29398846,476
62.30711874,423
62.32024903,465
62.33337931,469
62.34650959,472
62.35963987,493
62.37277016,475
62.38590044,437
62.39903072,458
62.41216101,465
62.42529129,456
62.43842157,439
62.45155185,467
62.46468214,432
62.47781242,414
62.4909427,471
62.50407298,472
62.51720327,478
62.53033355,474
62.54346383,465
62.55659412,483
62.5697244,466
62.58285468,433
62.59598496,458
62.60911525,490
62.62224553,425
62.63537581,463
62.64850609,466
62.66163638,494
62.67476666,477
62.68789694,508
62.70102722,477
62.71415751,446
62.72728779,494
62.74041807,451
62.75354836,437
62.76667864,454
62.77980892,496
62.7929392,477
62.80606949,453
62.81919977,531
62.83233005,495
62.84546033,486
62.85859062,476
62.8717209,501
62.88485118,540
62.89798146,518
62.91111175,441
62.92424203,493
62.93737231,487
62.9505026,476
62.96363288,489
62.97676316,489
62.98989344,443
63.00302373,450
63.01615401,494
63.02928429,446
63.04241457,458
63.05554486,497
63.06867514,492
63.08180542,523
63.0949357,440
63.10806599,497
63.12119627,457
63.13432655,523
63.14745684,470
63.16058712,544
63.1737174,511
63.18684768,474
63.19997797,501
63.21310825,520
63.22623853,491
63.23936881,514
63.2524991,478
63.26562938,479
63.27875966,513
63.29188994,537
63.30502023,556
63.31815051,510
63.33128079,471
63.34441108,489
63.35754136,482
63.37067164,473
63.38380192,462
63.39693221,513
63.41006249,524
63.42319277,498
63.43632305,511
63.44945334,501
63.46258362,515
63.4757139,482
63.48884419,521
63.50197447,507
63.51510475,492
63.52823503,514
63.54136532,556
63.5544956,545
63.56762588,537
63.58075616,534
63.59388645,491
63.60701673,555
63.62014701,504
63.63327729,505
63.64640758,522
63.65953786,522
63.67266814,509
63.68579843,555
63.69892871,564
63.71205899,531
63.72518927,524
63.73831956,479
63.75144984,552
63.76458012,542
63.7777104,521
63.79084069,496
63.80397097,529
63.81710125,570
63.83023153,547
63.84336182,474
63.8564921,524
63.86962238,531
63.88275267,512
63.89588295,553
63.90901323,542
63.92214351,489
63.9352738,524
63.94840408,500
63.96153436,543
63.97466464,515
63.98779493,555
64.00092521,501
64.01405549,497
64.02718577,534
64.04031606,564
64.05344634,532
64.06657662,499
64.07970691,549
64.09283719,506
64.10596747,556
64.11909775,514
64.13222804,499
64.14535832,514
64.1584886,512
64.17161888,545
64.18474917,494
64.19787945,528
64.21100973,474
64.22414002,495
64.2372703,491
64.25040058,465
64.26353086,515
64.27666115,523
64.28979143,503
64.30292171,473
64.31605199,499
64.32918228,491
64.34231256,532
64.35544284,541
64.36857312,493
64.38170341,514
64.39483369,497
64.40796397,488
64.42109426,497
64.43422454,493
64.44735482,513
64.4604851,510
64.47361539,511
64.48674567,516
64.49987595,517
64.51300623,510
64.52613652,491
64.5392668,479
64.55239708,436
64.56552736,481
64.57865765,485
64.59178793,526
64.60491821,559
64.6180485,507
64.63117878,486
64.64430906,500
64.65743934,477
64.67056963,484
64.68369991,507
64.69683019,473
64.70996047,473
64.72309076,496
64.73622104,468
64.74935132,485
64.7624816,463
64.77561189,505
64.78874217,475
64.80187245,495
64.81500274,500
64.82813302,486
64.8412633,490
64.85439358,477
64.86752387,459
64.88065415,475
64.89378443,433
64.90691471,428
64.920045,483
64.93317528,460
64.94630556,468
64.95943585,428
64.97256613,431
64.98569641,465
64.99882669,451
65.01195698,454
65.02508726,463
65.03821754,398
65.05134782,465
65.06447811,495
65.07760839,465
65.09073867,485
65.10386895,488
65.11699924,446
65.13012952,454
65.1432598,458
65.15639009,484
65.16952037,468
65.18265065,458
65.19578093,468
65.20891122,460
65.2220415,464
65.23517178,481
65.24830206,459
65.26143235,451
65.27456263,430
65.28769291,446
65.30082319,432
65.31395348,422
65.32708376,429
65.34021404,461
65.35334433,464
65.36647461,429
65.37960489,484
65.39273517,451
65.40586546,458
65.41899574,458
65.43212602,444
65.4452563,422
65.45838659,452
65.47151687,411
65.48464715,469
65.49777743,437
65.51090772,416
65.524038,449
65.53716828,402
65.55029857,421
65.56342885,449
65.57655913,387
65.58968941,436
65.6028197,412
65.61594998,469
65.62908026,398
65.64221054,421
65.65534083,428
65.66847111,421
65.68160139,391
65.69473167,444
65.70786196,430
65.72099224,410
65.73412252,397
65.74725281,402
65.76038309,389
65.77351337,416
65.78664365,410
65.79977394,389
65.81290422,394
65.8260345,429
65.83916478,370
65.85229507,387
65.86542535,387
65.87855563,383
65.89168592,405
65.9048162,432
65.91794648,408
65.93107676,394
65.94420705,455
65.95733733,411
65.97046761,397
65.98359789,399
65.99672818,412
66.00985846,364
66.02298874,412
66.03611902,413
66.04924931,391
66.06237959,357
66.07550987,424
66.08864016,397
66.10177044,390
66.11490072,403
66.128031,385
66.14116129,387
66.15429157,431
66.16742185,435
66.18055213,425
66.19368242,375
66.2068127,381
66.21994298,392
66.23307326,398
66.24620355,373
66.25933383,389
66.27246411,363
66.2855944,363
66.29872468,397
66.31185496,374
66.32498524,348
66.33811553,400
66.35124581,381
66.36437609,363
66.37750637,375
66.39063666,387
66.40376694,388
66.41689722,394
66.4300275,412
66.44315779,397
66.45628807,409
66.46941835,365
66.48254864,371
66.49567892,369
66.5088092,395
66.52193948,380
66.53506977,374
66.54820005,398
66.56133033,378
66.57446061,364
66.5875909,397
66.60072118,354
66.61385146,368
66.62698175,346
66.64011203,378
66.65324231,368
66.66637259,348
66.67950288,348
66.69263316,343
66.70576344,358
66.71889372,370
66.73202401,369
66.74515429,402
66.75828457,389
66.77141485,392
66.78454514,338
66.79767542,354
66.8108057,374
66.82393599,371
66.83706627,398
66.85019655,344
66.86332683,323
66.87645712,357
66.8895874,392
66.90271768,399
66.91584796,391
66.92897825,390
66.94210853,395
66.95523881,355
66.96836909,358
66.98149938,378
66.99462966,335
67.00775994,357
67.02089023,345
67.03402051,348
67.04715079,385
67.06028107,397
67.07341136,374
67.08654164,338
67.09967192,349
67.1128022,353
67.12593249,331
67.13906277,360
67.15219305,359
67.16532333,347
67.17845362,381
67.1915839,365
67.20471418,326
67.21784447,337
67.23097475,363
67.24410503,358
67.25723531,354
67.2703656,373
67.28349588,352
67.29662616,368
67.30975644,372
67.32288673,342
67.33601701,363
67.34914729,321
67.36227757,354
67.37540786,319
67.38853814,336
67.40166842,324
67.41479871,335
67.42792899,365
67.44105927,330
67.45418955,349
67.46731984,347
67.48045012,357
67.4935804,338
67.50671068,370
67.51984097,374
67.53297125,320
67.54610153,328
67.55923182,317
67.5723621,290
67.58549238,385
67.59862266,353
67.61175295,359
67.62488323,377
67.63801351,339
67.65114379,379
67.66427408,386
67.67740436,334
67.69053464,303
67.70366492,344
67.71679521,330
67.72992549,368
67.74305577,336
67.75618606,349
67.76931634,354
67.78244662,319
67.7955769,371
67.80870719,337
67.82183747,330
67.83496775,368
67.84809803,365
67.86122832,387
67.8743586,345
67.88748888,344
67.90061916,309
67.91374945,339
67.92687973,344
67.94001001,392
67.9531403,353
67.96627058,396
67.97940086,321
67.99253114,363
68.00566143,372
68.01879171,336
68.03192199,335
68.04505227,313
68.05818256,301
68.07131284,318
68.08444312,357
68.0975734,385
68.11070369,332
68.12383397,349
68.13696425,370
68.15009454,320
68.16322482,333
68.1763551,340
68.18948538,356
68.20261567,343
68.21574595,361
68.22887623,350
68.24200651,306
68.2551368,350
68.26826708,330
68.28139736,348
68.29452765,338
68.30765793,349
68.32078821,364
68.33391849,369
68.34704878,328
68.36017906,323
68.37330934,338
68.38643962,332
68.39956991,362
68.41270019,357
68.42583047,360
68.43896075,346
68.45209104,373
68.46522132,340
68.4783516,322
68.49148189,350
68.50461217,312
68.51774245,340
68.53087273,311
68.54400302,352
68.5571333,352
68.57026358,335
68.58339386,321
68.59652415,338
68.60965443,370
68.62278471,373
68.63591499,323
68.64904528,346
68.66217556,321
68.67530584,334
68.68843613,349
68.70156641,350
68.71469669,362
68.72782697,359
68.74095726,357
68.75408754,380
68.76721782,324
68.7803481,369
68.79347839,340
68.80660867,356
68.81973895,351
68.83286923,359
68.84599952,337
68.8591298,388
68.87226008,360
68.88539037,375
68.89852065,295
68.91165093,350
68.92478121,374
68.9379115,356
68.95104178,361
68.96417206,366
68.97730234,322
68.99043263,388
69.00356291,359
69.01669319,361
69.02982347,349
69.04295376,379
69.05608404,329
69.06921432,334
69.08234461,352
69.09547489,341
69.10860517,321
69.12173545,303
69.13486574,315
69.14799602,319
69.1611263,313
69.17425658,355
69.18738687,368
69.20051715,363
69.21364743,366
69.22677772,358
69.239908,364
69.25303828,369
69.26616856,361
69.27929885,358
69.29242913,352
69.30555941,361
69.31868969,368
69.33181998,328
69.34495026,358
69.35808054,339
69.37121082,338
69.38434111,325
69.39747139,370
69.41060167,351
69.42373196,366
69.43686224,388
69.44999252,361
69.4631228,375
69.47625309,353
69.48938337,330
69.50251365,336
69.51564393,360
69.52877422,361
69.5419045,379
69.55503478,362
69.56816506,345
69.58129535,386
69.59442563,360
69.60755591,361
69.6206862,362
69.63381648,365
69.64694676,342
69.66007704,349
69.67320733,389
69.68633761,388
69.69946789,375
69.71259817,353
69.72572846,355
69.73885874,364
69.75198902,351
69.7651193,328
69.77824959,362
69.79137987,357
69.80451015,335
69.81764044,359
69.83077072,373
69.843901,336
69.85703128,366
69.87016157,376
69.88329185,327
69.89642213,337
69.90955241,355
69.9226827,378
69.93581298,367
69.94894326,324
69.96207355,371
69.97520383,358
69.98833411,353
70.00146439,398
70.01459468,348
70.02772496,349
70.04085524,371
70.05398552,321
70.06711581,330
70.08024609,369
70.09337637,385
70.10650665,360
70.11963694,343
70.13276722,344
70.1458975,330
70.15902779,363
70.17215807,373
70.18528835,332
70.19841863,356
70.21154892,330
70.2246792,357
70.23780948,354
70.25093976,354
70.26407005,398
70.27720033,361
70.29033061,370
70.30346089,376
70.31659118,327
70.32972146,354
70.34285174,342
70.35598203,357
70.36911231,346
70.38224259,348
70.39537287,371
70.40850316,363
70.42163344,418
70.43476372,363
70.447894,348
70.46102429,375
70.47415457,331
70.48728485,347
70.50041513,344
70.51354542,348
70.5266757,359
70.53980598,340
70.55293627,352
70.56606655,331
70.57919683,361
70.59232711,377
70.6054574,353
70.61858768,399
70.63171796,385
70.64484824,331
70.65797853,328
70.67110881,369
70.68423909,343
70.69736937,328
70.71049966,342
70.72362994,388
70.73676022,374
70.74989051,375
70.76302079,375
70.77615107,360
70.78928135,349
70.80241164,357
70.81554192,344
70.8286722,352
70.84180248,365
70.85493277,344
70.86806305,336
70.88119333,312
70.89432362,343
70.9074539,327
70.92058418,334
70.93371446,400
70.94684475,355
70.95997503,367
70.97310531,374
70.98623559,345
70.99936588,363
71.01249616,333
71.02562644,332
71.03875672,399
71.05188701,383
71.06501729,328
71.07814757,365
71.09127786,318
71.10440814,362
71.11753842,365
71.1306687,373
71.14379899,337
71.15692927,369
71.17005955,384
71.18318983,373
71.19632012,373
71.2094504,355
71.22258068,354
71.23571096,394
71.24884125,327
71.26197153,381
71.27510181,382
71.2882321,372
71.30136238,374
71.31449266,349
71.32762294,369
71.34075323,384
71.35388351,383
71.36701379,390
71.38014407,359
71.39327436,391
71.40640464,382
71.41953492,336
71.4326652,400
71.44579549,365
71.45892577,352
71.47205605,370
71.48518634,363
71.49831662,423
71.5114469,382
71.52457718,384
71.53770747,400
71.55083775,399
71.56396803,397
71.57709831,349
71.5902286,376
71.60335888,357
71.61648916,340
71.62961945,361
71.64274973,408
71.65588001,351
71.66901029,365
71.68214058,389
71.69527086,359
71.70840114,362
71.72153142,385
71.73466171,394
71.74779199,378
71.76092227,424
71.77405255,330
71.78718284,353
71.80031312,403
71.8134434,324
71.82657369,375
71.83970397,381
71.85283425,407
71.86596453,405
71.87909482,356
71.8922251,380
71.90535538,404
71.91848566,413
71.93161595,335
71.94474623,361
71.95787651,395
71.97100679,383
71.98413708,401
71.99726736,396
72.01039764,423
72.02352793,398
72.03665821,397
72.04978849,381
72.06291877,376
72.07604906,393
72.08917934,388
72.10230962,390
72.1154399,387
72.12857019,376
72.14170047,349
72.15483075,356
72.16796103,372
72.18109132,369
72.1942216,371
72.20735188,430
72.22048217,373
72.23361245,355
72.24674273,335
72.25987301,413
72.2730033,407
72.28613358,387
72.29926386,417
72.31239414,379
72.32552443,398
72.33865471,367
72.35178499,345
72.36491527,423
72.37804556,392
72.39117584,352
72.40430612,395
72.41743641,418
72.43056669,363
72.44369697,418
72.45682725,357
72.46995754,378
72.48308782,368
72.4962181,369
72.50934838,347
72.52247867,402
72.53560895,361
72.54873923,385
72.56186952,362
72.5749998,391
72.58813008,363
72.60126036,395
72.61439065,342
72.62752093,355
72.64065121,352
72.65378149,384
72.66691178,379
72.68004206,431
72.69317234,348
72.70630262,383
72.71943291,380
72.73256319,382
72.74569347,409
72.75882376,392
72.77195404,375
72.78508432,358
72.7982146,393
72.81134489,424
72.82447517,373
72.83760545,370
72.85073573,380
72.86386602,382
72.8769963,371
72.89012658,384
72.90325686,347
72.91638715,394
72.92951743,359
72.94264771,370
72.955778,361
72.96890828,383
72.98203856,349
72.99516884,369
73.00829913,363
73.02142941,377
73.03455969,358
73.04768997,353
73.06082026,357
73.07395054,385
73.08708082,388
73.1002111,379
73.11334139,356
73.12647167,379
73.13960195,353
73.15273224,340
73.16586252,409
73.1789928,365
73.19212308,374
73.20525337,363
73.21838365,411
73.23151393,417
73.24464421,369
73.2577745,359
73.27090478,385
73.28403506,404
73.29716535,392
73.31029563,408
73.32342591,390
73.33655619,381
73.34968648,428
73.36281676,399
73.37594704,410
73.38907732,359
73.40220761,393
73.41533789,391
73.42846817,352
73.44159845,422
73.45472874,392
73.46785902,378
73.4809893,368
73.49411959,369
73.50724987,405
73.52038015,438
73.53351043,396
73.54664072,393
73.559771,391
73.57290128,372
73.58603156,396
73.59916185,396
73.61229213,395
73.62542241,400
73.63855269,357
73.65168298,384
73.66481326,401
73.67794354,350
73.69107383,394
73.70420411,410
73.71733439,384
73.73046467,399
73.74359496,381
73.75672524,443
73.76985552,402
73.7829858,407
73.79611609,378
73.80924637,413
73.82237665,374
73.83550693,367
73.84863722,412
73.8617675,405
73.87489778,388
73.88802807,439
73.90115835,380
73.91428863,395
73.92741891,416
73.9405492,396
73.95367948,410
73.96680976,423
73.97994004,376
73.99307033,385
74.00620061,389
74.01933089,435
74.03246118,411
74.04559146,386
74.05872174,434
74.07185202,360
74.08498231,407
74.09811259,349
74.11124287,382
74.12437315,396
74.13750344,401
74.15063372,418
74.163764,429
74.17689428,399
74.19002457,401
74.20315485,440
74.21628513,374
74.22941542,421
74.2425457,412
74.25567598,386
74.26880626,396
74.28193655,388
74.29506683,388
74.30819711,398
74.32132739,395
74.33445768,392
74.34758796,446
74.36071824,423
74.37384852,418
74.38697881,391
74.40010909,398
74.41323937,447
74.42636966,380
74.43949994,404
74.45263022,397
74.4657605,413
74.47889079,417
74.49202107,374
74.50515135,403
74.51828163,398
74.53141192,407
74.5445422,368
74.55767248,403
74.57080276,384
74.58393305,418
74.59706333,400
74.61019361,407
74.6233239,387
74.63645418,427
74.64958446,420
74.66271474,410
74.67584503,413
74.68897531,371
74.70210559,387
74.71523587,429
74.72836616,401
74.74149644,407
74.75462672,425
74.767757,373
74.78088729,367
74.79401757,390
74.80714785,413
74.82027814,387
74.83340842,421
74.8465387,418
74.85966898,434
74.87279927,408
74.88592955,424
74.89905983,412
74.91219011,420
74.9253204,389
74.93845068,373
74.95158096,406
74.96471125,380
74.97784153,433
74.99097181,392
75.00410209,389
75.01723238,432
75.03036266,438
75.04349294,390
75.05662322,438
75.06975351,418
75.08288379,390
75.09601407,427
75.10914435,429
75.12227464,382
75.13540492,393
75.1485352,409
75.16166549,407
75.17479577,418
75.18792605,409
75.20105633,403
75.21418662,444
75.2273169,436
75.24044718,413
75.25357746,450
75.26670775,416
75.27983803,388
75.29296831,431
75.30609859,404
75.31922888,440
75.33235916,408
75.34548944,419
75.35861973,447
75.37175001,434
75.38488029,413
75.39801057,414
75.41114086,436
75.42427114,469
75.43740142,398
75.4505317,377
75.46366199,427
75.47679227,372
75.48992255,427
75.50305283,438
75.51618312,430
75.5293134,407
75.54244368,413
75.55557397,431
75.56870425,436
75.58183453,416
75.59496481,440
75.6080951,432
75.62122538,443
75.63435566,439
75.64748594,412
75.66061623,395
75.67374651,374
75.68687679,428
75.70000708,416
75.71313736,388
75.72626764,420
75.73939792,456
75.75252821,440
75.76565849,419
75.77878877,415
75.79191905,462
75.80504934,418
75.81817962,439
75.8313099,454
75.84444018,460
75.85757047,368
75.87070075,407
75.88383103,436
75.89696132,408
75.9100916,386
75.92322188,398
75.93635216,415
75.94948245,440
75.96261273,381
75.97574301,412
75.98887329,396
76.00200358,438
76.01513386,414
76.02826414,434
76.04139442,438
76.05452471,379
76.06765499,444
76.08078527,407
76.09391556,399
76.10704584,399
76.12017612,380
76.1333064,410
76.14643669,408
76.15956697,407
76.17269725,420
76.18582753,450
76.19895782,417
76.2120881,372
76.22521838,408
76.23834866,424
76.25147895,399
76.26460923,437
76.27773951,427
76.2908698,389
76.30400008,396
76.31713036,433
76.33026064,408
76.34339093,413
76.35652121,388
76.36965149,402
76.38278177,414
76.39591206,418
76.40904234,441
76.42217262,434
76.4353029,401
76.44843319,396
76.46156347,382
76.47469375,417
76.48782404,407
76.50095432,370
76.5140846,432
76.52721488,409
76.54034517,409
76.55347545,384
76.56660573,431
76.57973601,411
76.5928663,407
76.60599658,412
76.61912686,409
76.63225715,400
76.64538743,423
76.65851771,412
76.67164799,405
76.68477828,401
76.69790856,410
76.71103884,449
76.72416912,410
76.73729941,421
76.75042969,393
76.76355997,418
76.77669025,388
76.78982054,431
76.80295082,403
76.8160811,453
76.82921139,419
76.84234167,399
76.85547195,421
76.86860223,412
76.88173252,382
76.8948628,389
76.90799308,384
76.92112336,405
76.93425365,418
76.94738393,426
76.96051421,419
76.97364449,396
76.98677478,376
76.99990506,454
77.01303534,424
77.02616563,385
77.03929591,398
77.05242619,400
77.06555647,410
77.07868676,447
77.09181704,381
77.10494732,380
77.1180776,421
77.13120789,416
77.14433817,412
77.15746845,407
77.17059873,393
77.18372902,416
77.1968593,382
77.20998958,420
77.22311987,393
77.23625015,373
77.24938043,399
77.26251071,410
77.275641,397
77.28877128,412
77.30190156,391
77.31503184,375
77.32816213,409
77.34129241,381
77.35442269,411
77.36755298,384
77.38068326,388
77.39381354,447
77.40694382,370
77.42007411,417
77.43320439,413
77.44633467,456
77.45946495,392
77.47259524,395
77.48572552,394
77.4988558,370
77.51198608,368
77.52511637,393
77.53824665,371
77.55137693,375
77.56450722,393
77.5776375,422
77.59076778,388
77.60389806,375
77.61702835,371
77.63015863,413
77.64328891,382
77.65641919,447
77.66954948,409
77.68267976,377
77.69581004,411
77.70894032,407
77.72207061,371
77.73520089,380
77.74833117,421
77.76146146,384
77.77459174,364
77.78772202,425
77.8008523,366
77.81398259,363
77.82711287,373
77.84024315,379
77.85337343,418
77.86650372,413
77.879634,376
77.89276428,413
77.90589456,383
77.91902485,366
77.93215513,373
77.94528541,368
77.9584157,391
77.97154598,369
77.98467626,380
77.99780654,388
78.01093683,352
78.02406711,371
78.03719739,401
78.05032767,369
78.06345796,405
78.07658824,363
78.08971852,392
78.1028488,393
78.11597909,337
78.12910937,384
78.14223965,347
78.15536994,351
78.16850022,381
78.1816305,406
78.19476078,363
78.20789107,410
78.22102135,364
78.23415163,393
78.24728191,382
78.2604122,393
78.27354248,371
78.28667276,346
78.29980305,400
78.31293333,367
78.32606361,375
78.33919389,344
78.35232418,355
78.36545446,360
78.37858474,337
78.39171502,296
78.40484531,397
78.41797559,393
78.43110587,379
78.44423615,348
78.45736644,349
78.47049672,333
78.483627,338
78.49675729,328
78.50988757,322
78.52301785,362
78.53614813,374
78.54927842,368
78.5624087,309
78.57553898,343
78.58866926,332
78.60179955,304
78.61492983,379
78.62806011,351
78.64119039,322
78.65432068,342
78.66745096,364
78.68058124,366
78.69371153,352
78.70684181,337
78.71997209,341
78.73310237,361
78.74623266,354
78.75936294,352
78.77249322,351
78.7856235,349
78.79875379,326
78.81188407,330
78.82501435,340
78.83814463,331
78.85127492,322
78.8644052,383
78.87753548,328
78.89066577,354
78.90379605,358
78.91692633,341
78.93005661,335
78.9431869,365
78.95631718,326
78.96944746,340
78.98257774,342
78.99570803,342
79.00883831,312
79.02196859,322
79.03509888,297
79.04822916,325
79.06135944,345
79.07448972,326
79.08762001,334
79.10075029,324
79.11388057,327
79.12701085,330
79.14014114,355
79.15327142,343
79.1664017,321
79.17953198,317
79.19266227,351
79.20579255,333
79.21892283,332
79.23205312,328
79.2451834,332
79.25831368,367
79.27144396,336
79.28457425,335
79.29770453,339
79.31083481,302
79.32396509,319
79.33709538,328
79.35022566,314
79.36335594,320
79.37648622,271
79.38961651,305
79.40274679,359
79.41587707,294
79.42900736,317
79.44213764,334
79.45526792,333
79.4683982,287
79.48152849,314
79.49465877,324
79.50778905,312
79.52091933,333
79.53404962,328
79.5471799,320
79.56031018,303
79.57344046,282
79.58657075,271
79.59970103,304
79.61283131,314
79.6259616,303
79.63909188,308
79.65222216,301
79.66535244,310
79.67848273,308
79.69161301,304
79.70474329,306
79.71787357,336
79.73100386,325
79.74413414,300
79.75726442,288
79.7703947,344
79.78352499,329
79.79665527,321
79.80978555,313
79.82291584,307
79.83604612,316
79.8491764,316
79.86230668,302
79.87543697,315
79.88856725,340
79.90169753,330
79.91482781,317
79.9279581,286
79.94108838,308
79.95421866,310
79.96734895,331
79.98047923,325
79.99360951,342
