波数(cm-1),吸光度
399.67,0.000000
400.16,0.022664
400.64,0.021424
401.12,0.019495
401.60,0.017200
402.09,0.014891
402.57,0.012855
403.05,0.011268
403.53,0.010190
404.01,0.009595
404.50,0.009395
404.98,0.009483
405.46,0.009760
405.94,0.010154
406.42,0.010619
406.91,0.011091
407.39,0.011507
407.87,0.011820
408.35,0.012029
408.83,0.012194
409.32,0.012426
409.80,0.012837
410.28,0.013485
410.76,0.014355
411.25,0.015358
411.73,0.016376
412.21,0.017311
412.69,0.018139
413.17,0.018908
413.66,0.019709
414.14,0.020612
414.62,0.021639
415.10,0.022760
415.58,0.023928
416.07,0.025123
416.55,0.026373
417.03,0.027736
417.51,0.029238
418.00,0.030726
418.48,0.031784
418.96,0.031811
419.44,0.030467
419.92,0.028063
420.41,0.025339
420.89,0.022971
421.37,0.021297
421.85,0.020422
422.33,0.020277
422.82,0.020693
423.30,0.021404
423.78,0.022117
424.26,0.022593
424.74,0.022686
425.23,0.022366
425.71,0.021675
426.19,0.020675
426.67,0.019420
427.16,0.017971
427.64,0.016399
428.12,0.014791
428.60,0.013236
429.08,0.011820
429.57,0.010605
430.05,0.009646
430.53,0.008982
431.01,0.008641
431.49,0.008630
431.98,0.008924
432.46,0.009471
432.94,0.010189
433.42,0.010976
433.90,0.011733
434.39,0.012373
434.87,0.012851
435.35,0.013192
435.83,0.013488
436.32,0.013869
436.80,0.014440
437.28,0.015250
437.76,0.016264
438.24,0.017388
438.73,0.018510
439.21,0.019552
439.69,0.020487
440.17,0.021336
440.65,0.022141
441.14,0.022926
441.62,0.023675
442.10,0.024343
442.58,0.024877
443.07,0.025260
443.55,0.025529
444.03,0.025754
444.51,0.025985
444.99,0.026218
445.48,0.026385
445.96,0.026383
446.44,0.026141
446.92,0.025668
447.40,0.025073
447.89,0.024531
448.37,0.024219
448.85,0.024230
449.33,0.024543
449.81,0.025023
450.30,0.025475
450.78,0.025704
451.26,0.025568
451.74,0.025034
452.23,0.024176
452.71,0.023154
453.19,0.022139
453.67,0.021280
454.15,0.020654
454.64,0.020268
455.12,0.020085
455.60,0.020047
456.08,0.020094
456.56,0.020156
457.05,0.020158
457.53,0.020038
458.01,0.019768
458.49,0.019393
458.98,0.019009
459.46,0.018735
459.94,0.018662
460.42,0.018839
460.90,0.019273
461.39,0.019935
461.87,0.020762
462.35,0.021666
462.83,0.022562
463.31,0.023375
463.80,0.024054
464.28,0.024575
464.76,0.024938
465.24,0.025164
465.72,0.025306
466.21,0.025439
466.69,0.025651
467.17,0.026005
467.65,0.026518
468.14,0.027134
468.62,0.027750
469.10,0.028239
469.58,0.028509
470.06,0.028539
470.55,0.028378
471.03,0.028123
471.51,0.027889
471.99,0.027764
472.47,0.027770
472.96,0.027870
473.44,0.027989
473.92,0.028066
474.40,0.028082
474.88,0.028058
475.37,0.028023
475.85,0.027994
476.33,0.027958
476.81,0.027886
477.30,0.027743
477.78,0.027519
478.26,0.027231
478.74,0.026919
479.22,0.026618
479.71,0.026337
480.19,0.026053
480.67,0.025725
481.15,0.025313
481.63,0.024805
482.12,0.024236
482.60,0.023675
483.08,0.023208
483.56,0.022906
484.05,0.022801
484.53,0.022882
485.01,0.023104
485.49,0.023402
485.97,0.023726
486.46,0.024046
486.94,0.024348
487.42,0.024620
487.90,0.024848
488.38,0.025012
488.87,0.025095
489.35,0.025099
489.83,0.025050
490.31,0.024997
490.79,0.024996
491.28,0.025099
491.76,0.025330
492.24,0.025691
492.72,0.026158
493.21,0.026699
493.69,0.027286
494.17,0.027895
494.65,0.028508
495.13,0.029098
495.62,0.029629
496.10,0.030061
496.58,0.030361
497.06,0.030520
497.54,0.030560
498.03,0.030526
498.51,0.030467
498.99,0.030420
499.47,0.030402
499.95,0.030412
500.44,0.030439
500.92,0.030478
501.40,0.030532
501.88,0.030615
502.37,0.030739
502.85,0.030903
503.33,0.031089
503.81,0.031274
504.29,0.031440
504.78,0.031579
505.26,0.031701
505.74,0.031817
506.22,0.031936
506.70,0.032049
507.19,0.032140
507.67,0.032184
508.15,0.032170
508.63,0.032106
509.12,0.032015
509.60,0.031927
510.08,0.031861
510.56,0.031827
511.04,0.031820
511.53,0.031838
512.01,0.031889
512.49,0.031998
512.97,0.032199
513.45,0.032519
513.94,0.032964
514.42,0.033507
514.90,0.034089
515.38,0.034640
515.86,0.035094
516.35,0.035417
516.83,0.035612
517.31,0.035720
517.79,0.035798
518.28,0.035891
518.76,0.036025
519.24,0.036210
519.72,0.036442
520.20,0.036726
520.69,0.037069
521.17,0.037474
521.65,0.037934
522.13,0.038424
522.61,0.038906
523.10,0.039340
523.58,0.039703
524.06,0.039993
524.54,0.040228
525.03,0.040431
525.51,0.040612
525.99,0.040755
526.47,0.040831
526.95,0.040808
527.44,0.040682
527.92,0.040489
528.40,0.040288
528.88,0.040145
529.36,0.040105
529.85,0.040172
530.33,0.040317
530.81,0.040487
531.29,0.040627
531.77,0.040710
532.26,0.040741
532.74,0.040756
533.22,0.040801
533.70,0.040912
534.19,0.041107
534.67,0.041383
535.15,0.041725
535.63,0.042118
536.11,0.042556
536.60,0.043032
537.08,0.043537
537.56,0.044048
538.04,0.044533
538.52,0.044958
539.01,0.045302
539.49,0.045568
539.97,0.045780
540.45,0.045970
540.93,0.046167
541.42,0.046382
541.90,0.046607
542.38,0.046831
542.86,0.047049
543.35,0.047271
543.83,0.047526
544.31,0.047843
544.79,0.048242
545.27,0.048716
545.76,0.049240
546.24,0.049780
546.72,0.050311
547.20,0.050833
547.68,0.051365
548.17,0.051930
548.65,0.052538
549.13,0.053168
549.61,0.053776
550.10,0.054311
550.58,0.054738
551.06,0.055059
551.54,0.055313
552.02,0.055555
552.51,0.055839
552.99,0.056185
553.47,0.056587
553.95,0.057011
554.43,0.057423
554.92,0.057799
555.40,0.058135
555.88,0.058441
556.36,0.058723
556.84,0.058977
557.33,0.059182
557.81,0.059312
558.29,0.059347
558.77,0.059287
559.26,0.059151
559.74,0.058960
560.22,0.058730
560.70,0.058461
561.18,0.058137
561.67,0.057747
562.15,0.057292
562.63,0.056794
563.11,0.056296
563.59,0.055836
564.08,0.055437
564.56,0.055091
565.04,0.054768
565.52,0.054429
566.00,0.054042
566.49,0.053605
566.97,0.053137
567.45,0.052681
567.93,0.052273
568.42,0.051937
568.90,0.051673
569.38,0.051466
569.86,0.051291
570.34,0.051127
570.83,0.050961
571.31,0.050786
571.79,0.050592
572.27,0.050372
572.75,0.050116
573.24,0.049817
573.72,0.049482
574.20,0.049129
574.68,0.048782
575.17,0.048464
575.65,0.048183
576.13,0.047932
576.61,0.047692
577.09,0.047441
577.58,0.047169
578.06,0.046881
578.54,0.046594
579.02,0.046324
579.50,0.046081
579.99,0.045860
580.47,0.045643
580.95,0.045409
581.43,0.045143
581.91,0.044841
582.40,0.044509
582.88,0.044161
583.36,0.043805
583.84,0.043447
584.33,0.043093
584.81,0.042750
585.29,0.042431
585.77,0.042156
586.25,0.041940
586.74,0.041789
587.22,0.041691
587.70,0.041626
588.18,0.041564
588.66,0.041490
589.15,0.041402
589.63,0.041319
590.11,0.041268
590.59,0.041270
591.08,0.041332
591.56,0.041437
592.04,0.041553
592.52,0.041646
593.00,0.041704
593.49,0.041734
593.97,0.041764
594.45,0.041824
594.93,0.041932
595.41,0.042082
595.90,0.042248
596.38,0.042395
596.86,0.042493
597.34,0.042535
597.82,0.042531
598.31,0.042508
598.79,0.042489
599.27,0.042486
599.75,0.042490
600.24,0.042478
600.72,0.042425
601.20,0.042312
601.68,0.042133
602.16,0.041896
602.65,0.041610
603.13,0.041281
603.61,0.040906
604.09,0.040479
604.57,0.039993
605.06,0.039446
605.54,0.038843
606.02,0.038196
606.50,0.037517
606.98,0.036816
607.47,0.036105
607.95,0.035390
608.43,0.034683
608.91,0.033994
609.40,0.033332
609.88,0.032700
610.36,0.032094
610.84,0.031504
611.32,0.030914
611.81,0.030312
612.29,0.029691
612.77,0.029054
613.25,0.028408
613.73,0.027766
614.22,0.027137
614.70,0.026523
615.18,0.025924
615.66,0.025335
616.15,0.024753
616.63,0.024172
617.11,0.023592
617.59,0.023012
618.07,0.022432
618.56,0.021858
619.04,0.021296
619.52,0.020757
620.00,0.020255
620.48,0.019803
620.97,0.019409
621.45,0.019075
621.93,0.018793
622.41,0.018551
622.89,0.018337
623.38,0.018140
623.86,0.017954
624.34,0.017776
624.82,0.017603
625.31,0.017428
625.79,0.017243
626.27,0.017040
626.75,0.016813
627.23,0.016565
627.72,0.016310
628.20,0.016066
628.68,0.015852
629.16,0.015678
629.64,0.015545
630.13,0.015446
630.61,0.015364
631.09,0.015283
631.57,0.015195
632.05,0.015095
632.54,0.014988
633.02,0.014880
633.50,0.014776
633.98,0.014681
634.47,0.014598
634.95,0.014531
635.43,0.014486
635.91,0.014468
636.39,0.014481
636.88,0.014522
637.36,0.014577
637.84,0.014627
638.32,0.014650
638.80,0.014630
639.29,0.014564
639.77,0.014460
640.25,0.014336
640.73,0.014216
641.22,0.014119
641.70,0.014054
642.18,0.014021
642.66,0.014011
643.14,0.014012
643.63,0.014015
644.11,0.014013
644.59,0.014004
645.07,0.013991
645.55,0.013979
646.04,0.013972
646.52,0.013976
647.00,0.013993
647.48,0.014025
647.96,0.014070
648.45,0.014126
648.93,0.014183
649.41,0.014237
649.89,0.014282
650.38,0.014318
650.86,0.014350
651.34,0.014384
651.82,0.014426
652.30,0.014476
652.79,0.014532
653.27,0.014589
653.75,0.014642
654.23,0.014694
654.71,0.014754
655.20,0.014832
655.68,0.014938
656.16,0.015071
656.64,0.015224
657.13,0.015377
657.61,0.015511
658.09,0.015613
658.57,0.015678
659.05,0.015715
659.54,0.015740
660.02,0.015770
660.50,0.015816
660.98,0.015880
661.46,0.015954
661.95,0.016026
662.43,0.016086
662.91,0.016127
663.39,0.016148
663.87,0.016152
664.36,0.016144
664.84,0.016126
665.32,0.016103
665.80,0.016079
666.29,0.016063
666.77,0.016068
667.25,0.016114
667.73,0.016215
668.21,0.016365
668.70,0.016528
669.18,0.016660
669.66,0.016728
670.14,0.016733
670.62,0.016690
671.11,0.016615
671.59,0.016522
672.07,0.016417
672.55,0.016303
673.03,0.016183
673.52,0.016061
674.00,0.015945
674.48,0.015845
674.96,0.015773
675.45,0.015734
675.93,0.015730
676.41,0.015752
676.89,0.015788
677.37,0.015826
677.86,0.015859
678.34,0.015885
678.82,0.015911
679.30,0.015944
679.78,0.015989
680.27,0.016044
680.75,0.016102
681.23,0.016149
681.71,0.016177
682.20,0.016181
682.68,0.016164
683.16,0.016136
683.64,0.016106
684.12,0.016084
684.61,0.016072
685.09,0.016068
685.57,0.016066
686.05,0.016061
686.53,0.016049
687.02,0.016033
687.50,0.016017
687.98,0.016009
688.46,0.016014
688.94,0.016037
689.43,0.016079
689.91,0.016134
690.39,0.016200
690.87,0.016270
691.36,0.016338
691.84,0.016401
692.32,0.016455
692.80,0.016499
693.28,0.016529
693.77,0.016544
694.25,0.016540
694.73,0.016516
695.21,0.016469
695.69,0.016405
696.18,0.016330
696.66,0.016256
697.14,0.016197
697.62,0.016160
698.11,0.016153
698.59,0.016170
699.07,0.016203
699.55,0.016241
700.03,0.016269
700.52,0.016280
701.00,0.016269
701.48,0.016238
701.96,0.016190
702.44,0.016128
702.93,0.016058
703.41,0.015985
703.89,0.015913
704.37,0.015848
704.85,0.015798
705.34,0.015765
705.82,0.015750
706.30,0.015750
706.78,0.015760
707.27,0.015771
707.75,0.015780
708.23,0.015784
708.71,0.015784
709.19,0.015781
709.68,0.015773
710.16,0.015759
710.64,0.015733
711.12,0.015692
711.60,0.015636
712.09,0.015571
712.57,0.015505
713.05,0.015449
713.53,0.015408
714.01,0.015382
714.50,0.015362
714.98,0.015339
715.46,0.015305
715.94,0.015258
716.43,0.015201
716.91,0.015145
717.39,0.015100
717.87,0.015074
718.35,0.015068
718.84,0.015079
719.32,0.015099
719.80,0.015120
720.28,0.015136
720.76,0.015145
721.25,0.015146
721.73,0.015136
722.21,0.015114
722.69,0.015080
723.17,0.015033
723.66,0.014979
724.14,0.014925
724.62,0.014878
725.10,0.014844
725.59,0.014823
726.07,0.014809
726.55,0.014795
727.03,0.014771
727.51,0.014737
728.00,0.014697
728.48,0.014659
728.96,0.014633
729.44,0.014626
729.92,0.014638
730.41,0.014663
730.89,0.014691
731.37,0.014713
731.85,0.014722
732.34,0.014717
732.82,0.014699
733.30,0.014673
733.78,0.014641
734.26,0.014601
734.75,0.014552
735.23,0.014494
735.71,0.014427
736.19,0.014354
736.67,0.014280
737.16,0.014209
737.64,0.014143
738.12,0.014083
738.60,0.014028
739.08,0.013977
739.57,0.013933
740.05,0.013897
740.53,0.013871
741.01,0.013855
741.50,0.013848
741.98,0.013847
742.46,0.013848
742.94,0.013851
743.42,0.013856
743.91,0.013866
744.39,0.013881
744.87,0.013901
745.35,0.013922
745.83,0.013939
746.32,0.013946
746.80,0.013941
747.28,0.013928
747.76,0.013912
748.25,0.013903
748.73,0.013907
749.21,0.013929
749.69,0.013966
750.17,0.014013
750.66,0.014059
751.14,0.014097
751.62,0.014119
752.10,0.014120
752.58,0.014100
753.07,0.014058
753.55,0.013999
754.03,0.013928
754.51,0.013851
754.99,0.013776
755.48,0.013710
755.96,0.013656
756.44,0.013616
756.92,0.013589
757.41,0.013571
757.89,0.013561
758.37,0.013555
758.85,0.013554
759.33,0.013557
759.82,0.013563
760.30,0.013571
760.78,0.013577
761.26,0.013579
761.74,0.013579
762.23,0.013577
762.71,0.013579
763.19,0.013590
763.67,0.013611
764.15,0.013643
764.64,0.013683
765.12,0.013725
765.60,0.013764
766.08,0.013795
766.57,0.013817
767.05,0.013829
767.53,0.013831
768.01,0.013823
768.49,0.013803
768.98,0.013772
769.46,0.013734
769.94,0.013695
770.42,0.013661
770.90,0.013638
771.39,0.013628
771.87,0.013629
772.35,0.013633
772.83,0.013633
773.32,0.013623
773.80,0.013600
774.28,0.013568
774.76,0.013534
775.24,0.013506
775.73,0.013486
776.21,0.013477
776.69,0.013477
777.17,0.013482
777.65,0.013489
778.14,0.013497
778.62,0.013506
779.10,0.013516
779.58,0.013523
780.06,0.013526
780.55,0.013518
781.03,0.013499
781.51,0.013471
781.99,0.013440
782.48,0.013417
782.96,0.013408
783.44,0.013417
783.92,0.013444
784.40,0.013482
784.89,0.013520
785.37,0.013550
785.85,0.013567
786.33,0.013567
786.81,0.013551
787.30,0.013522
787.78,0.013483
788.26,0.013436
788.74,0.013387
789.23,0.013340
789.71,0.013302
790.19,0.013274
790.67,0.013258
791.15,0.013251
791.64,0.013244
792.12,0.013228
792.60,0.013199
793.08,0.013157
793.56,0.013107
794.05,0.013060
794.53,0.013028
795.01,0.013019
795.49,0.013034
795.97,0.013070
796.46,0.013117
796.94,0.013164
797.42,0.013204
797.90,0.013233
798.39,0.013250
798.87,0.013259
799.35,0.013263
799.83,0.013267
800.31,0.013273
800.80,0.013286
801.28,0.013307
801.76,0.013336
802.24,0.013370
802.72,0.013404
803.21,0.013432
803.69,0.013447
804.17,0.013444
804.65,0.013426
805.13,0.013398
805.62,0.013372
806.10,0.013357
806.58,0.013362
807.06,0.013391
807.55,0.013440
808.03,0.013504
808.51,0.013576
808.99,0.013648
809.47,0.013711
809.96,0.013760
810.44,0.013790
810.92,0.013798
811.40,0.013783
811.88,0.013750
812.37,0.013707
812.85,0.013665
813.33,0.013638
813.81,0.013634
814.30,0.013657
814.78,0.013702
815.26,0.013761
815.74,0.013821
816.22,0.013872
816.71,0.013906
817.19,0.013921
817.67,0.013919
818.15,0.013906
818.63,0.013887
819.12,0.013867
819.60,0.013853
820.08,0.013848
820.56,0.013856
821.04,0.013879
821.53,0.013915
822.01,0.013960
822.49,0.014007
822.97,0.014047
823.46,0.014075
823.94,0.014088
824.42,0.014086
824.90,0.014074
825.38,0.014060
825.87,0.014049
826.35,0.014045
826.83,0.014049
827.31,0.014063
827.79,0.014085
828.28,0.014116
828.76,0.014157
829.24,0.014207
829.72,0.014266
830.21,0.014330
830.69,0.014395
831.17,0.014458
831.65,0.014517
832.13,0.014572
832.62,0.014627
833.10,0.014685
833.58,0.014750
834.06,0.014824
834.54,0.014907
835.03,0.014995
835.51,0.015086
835.99,0.015176
836.47,0.015261
836.95,0.015338
837.44,0.015406
837.92,0.015464
838.40,0.015513
838.88,0.015555
839.37,0.015594
839.85,0.015634
840.33,0.015680
840.81,0.015734
841.29,0.015795
841.78,0.015864
842.26,0.015941
842.74,0.016024
843.22,0.016112
843.70,0.016204
844.19,0.016298
844.67,0.016389
845.15,0.016473
845.63,0.016547
846.11,0.016612
846.60,0.016672
847.08,0.016734
847.56,0.016806
848.04,0.016895
848.53,0.016999
849.01,0.017115
849.49,0.017234
849.97,0.017346
850.45,0.017446
850.94,0.017535
851.42,0.017617
851.90,0.017700
852.38,0.017791
852.86,0.017893
853.35,0.018006
853.83,0.018129
854.31,0.018259
854.79,0.018397
855.27,0.018544
855.76,0.018705
856.24,0.018880
856.72,0.019071
857.20,0.019273
857.69,0.019481
858.17,0.019692
858.65,0.019904
859.13,0.020119
859.61,0.020340
860.10,0.020572
860.58,0.020817
861.06,0.021076
861.54,0.021345
862.02,0.021621
862.51,0.021900
862.99,0.022180
863.47,0.022457
863.95,0.022727
864.44,0.022987
864.92,0.023236
865.40,0.023473
865.88,0.023701
866.36,0.023923
866.85,0.024141
867.33,0.024352
867.81,0.024551
868.29,0.024727
868.77,0.024867
869.26,0.024963
869.74,0.025011
870.22,0.025014
870.70,0.024979
871.18,0.024914
871.67,0.024821
872.15,0.024698
872.63,0.024541
873.11,0.024342
873.60,0.024100
874.08,0.023821
874.56,0.023514
875.04,0.023194
875.52,0.022873
876.01,0.022561
876.49,0.022261
876.97,0.021974
877.45,0.021695
877.93,0.021420
878.42,0.021145
878.90,0.020865
879.38,0.020575
879.86,0.020270
880.35,0.019944
880.83,0.019594
881.31,0.019218
881.79,0.018824
882.27,0.018419
882.76,0.018019
883.24,0.017638
883.72,0.017289
884.20,0.016981
884.68,0.016720
885.17,0.016506
885.65,0.016337
886.13,0.016209
886.61,0.016115
887.09,0.016049
887.58,0.016004
888.06,0.015975
888.54,0.015959
889.02,0.015953
889.51,0.015958
889.99,0.015974
890.47,0.016004
890.95,0.016045
891.43,0.016097
891.92,0.016156
892.40,0.016220
892.88,0.016285
893.36,0.016347
893.84,0.016407
894.33,0.016464
894.81,0.016517
895.29,0.016570
895.77,0.016623
896.25,0.016681
896.74,0.016747
897.22,0.016825
897.70,0.016917
898.18,0.017022
898.67,0.017135
899.15,0.017252
899.63,0.017365
900.11,0.017468
900.59,0.017558
901.08,0.017635
901.56,0.017701
902.04,0.017759
902.52,0.017813
903.00,0.017865
903.49,0.017917
903.97,0.017971
904.45,0.018029
904.93,0.018094
905.42,0.018168
905.90,0.018252
906.38,0.018344
906.86,0.018442
907.34,0.018544
907.83,0.018647
908.31,0.018753
908.79,0.018860
909.27,0.018969
909.75,0.019079
910.24,0.019187
910.72,0.019291
911.20,0.019388
911.68,0.019479
912.16,0.019571
912.65,0.019668
913.13,0.019779
913.61,0.019909
914.09,0.020057
914.58,0.020218
915.06,0.020385
915.54,0.020552
916.02,0.020711
916.50,0.020863
916.99,0.021007
917.47,0.021145
917.95,0.021278
918.43,0.021408
918.91,0.021532
919.40,0.021650
919.88,0.021762
920.36,0.021871
920.84,0.021977
921.33,0.022083
921.81,0.022191
922.29,0.022301
922.77,0.022415
923.25,0.022536
923.74,0.022665
924.22,0.022804
924.70,0.022953
925.18,0.023109
925.66,0.023268
926.15,0.023427
926.63,0.023585
927.11,0.023743
927.59,0.023908
928.07,0.024085
928.56,0.024277
929.04,0.024481
929.52,0.024690
930.00,0.024892
930.49,0.025080
930.97,0.025249
931.45,0.025403
931.93,0.025550
932.41,0.025702
932.90,0.025867
933.38,0.026050
933.86,0.026248
934.34,0.026457
934.82,0.026670
935.31,0.026885
935.79,0.027100
936.27,0.027315
936.75,0.027531
937.23,0.027745
937.72,0.027953
938.20,0.028153
938.68,0.028346
939.16,0.028537
939.65,0.028736
940.13,0.028947
940.61,0.029173
941.09,0.029411
941.57,0.029652
942.06,0.029887
942.54,0.030109
943.02,0.030319
943.50,0.030524
943.98,0.030733
944.47,0.030952
944.95,0.031184
945.43,0.031424
945.91,0.031663
946.39,0.031893
946.88,0.032111
947.36,0.032318
947.84,0.032520
948.32,0.032725
948.81,0.032936
949.29,0.033153
949.77,0.033373
950.25,0.033593
950.73,0.033811
951.22,0.034027
951.70,0.034243
952.18,0.034461
952.66,0.034679
953.14,0.034896
953.63,0.035105
954.11,0.035304
954.59,0.035491
955.07,0.035669
955.56,0.035842
956.04,0.036013
956.52,0.036181
957.00,0.036345
957.48,0.036501
957.97,0.036644
958.45,0.036772
958.93,0.036888
959.41,0.036993
959.89,0.037088
960.38,0.037173
960.86,0.037245
961.34,0.037302
961.82,0.037345
962.30,0.037375
962.79,0.037399
963.27,0.037423
963.75,0.037451
964.23,0.037484
964.72,0.037521
965.20,0.037560
965.68,0.037599
966.16,0.037642
966.64,0.037694
967.13,0.037760
967.61,0.037848
968.09,0.037958
968.57,0.038092
969.05,0.038248
969.54,0.038424
970.02,0.038623
970.50,0.038844
970.98,0.039090
971.47,0.039359
971.95,0.039646
972.43,0.039946
972.91,0.040250
973.39,0.040555
973.88,0.040860
974.36,0.041167
974.84,0.041480
975.32,0.041801
975.80,0.042133
976.29,0.042474
976.77,0.042823
977.25,0.043178
977.73,0.043542
978.21,0.043915
978.70,0.044298
979.18,0.044689
979.66,0.045085
980.14,0.045481
980.63,0.045874
981.11,0.046263
981.59,0.046649
982.07,0.047036
982.55,0.047423
983.04,0.047806
983.52,0.048179
984.00,0.048535
984.48,0.048870
984.96,0.049188
985.45,0.049498
985.93,0.049813
986.41,0.050144
986.89,0.050496
987.37,0.050868
987.86,0.051251
988.34,0.051637
988.82,0.052020
989.30,0.052397
989.79,0.052771
990.27,0.053143
990.75,0.053513
991.23,0.053875
991.71,0.054225
992.20,0.054557
992.68,0.054871
993.16,0.055173
993.64,0.055471
994.12,0.055772
994.61,0.056081
995.09,0.056394
995.57,0.056706
996.05,0.057010
996.54,0.057303
997.02,0.057587
997.50,0.057867
997.98,0.058150
998.46,0.058439
998.95,0.058731
999.43,0.059021
999.91,0.059304
1000.39,0.059578
1000.87,0.059843
1001.36,0.060105
1001.84,0.060366
1002.32,0.060627
1002.80,0.060884
1003.28,0.061131
1003.77,0.061365
1004.25,0.061583
1004.73,0.061792
1005.21,0.061996
1005.70,0.062202
1006.18,0.062408
1006.66,0.062608
1007.14,0.062795
1007.62,0.062959
1008.11,0.063097
1008.59,0.063213
1009.07,0.063314
1009.55,0.063406
1010.03,0.063494
1010.52,0.063580
1011.00,0.063659
1011.48,0.063729
1011.96,0.063789
1012.45,0.063845
1012.93,0.063902
1013.41,0.063964
1013.89,0.064031
1014.37,0.064098
1014.86,0.064159
1015.34,0.064208
1015.82,0.064241
1016.30,0.064260
1016.78,0.064270
1017.27,0.064274
1017.75,0.064274
1018.23,0.064267
1018.71,0.064248
1019.20,0.064214
1019.68,0.064166
1020.16,0.064108
1020.64,0.064047
1021.12,0.063987
1021.61,0.063926
1022.09,0.063863
1022.57,0.063790
1023.05,0.063704
1023.53,0.063605
1024.02,0.063497
1024.50,0.063384
1024.98,0.063268
1025.46,0.063147
1025.94,0.063013
1026.43,0.062861
1026.91,0.062687
1027.39,0.062492
1027.87,0.062285
1028.36,0.062076
1028.84,0.061874
1029.32,0.061682
1029.80,0.061498
1030.28,0.061320
1030.77,0.061141
1031.25,0.060960
1031.73,0.060778
1032.21,0.060594
1032.69,0.060409
1033.18,0.060218
1033.66,0.060015
1034.14,0.059794
1034.62,0.059553
1035.10,0.059295
1035.59,0.059029
1036.07,0.058762
1036.55,0.058499
1037.03,0.058242
1037.52,0.057986
1038.00,0.057726
1038.48,0.057458
1038.96,0.057183
1039.44,0.056905
1039.93,0.056631
1040.41,0.056363
1040.89,0.056102
1041.37,0.055844
1041.85,0.055585
1042.34,0.055320
1042.82,0.055053
1043.30,0.054786
1043.78,0.054525
1044.27,0.054272
1044.75,0.054025
1045.23,0.053779
1045.71,0.053526
1046.19,0.053263
1046.67,0.052992
1047.16,0.052719
1047.64,0.052451
1048.12,0.052195
1048.60,0.051953
1049.09,0.051724
1049.57,0.051504
1050.05,0.051289
1050.53,0.051077
1051.01,0.050868
1051.50,0.050663
1051.98,0.050458
1052.46,0.050249
1052.94,0.050028
1053.42,0.049791
1053.91,0.049533
1054.39,0.049259
1054.87,0.048976
1055.35,0.048691
1055.84,0.048412
1056.32,0.048139
1056.80,0.047871
1057.28,0.047604
1057.76,0.047334
1058.25,0.047060
1058.73,0.046784
1059.21,0.046509
1059.69,0.046238
1060.17,0.045972
1060.66,0.045708
1061.14,0.045446
1061.62,0.045183
1062.10,0.044920
1062.59,0.044658
1063.07,0.044397
1063.55,0.044135
1064.03,0.043868
1064.51,0.043591
1065.00,0.043299
1065.48,0.042993
1065.96,0.042678
1066.44,0.042363
1066.92,0.042058
1067.41,0.041768
1067.89,0.041495
1068.37,0.041234
1068.85,0.040978
1069.34,0.040722
1069.82,0.040460
1070.30,0.040194
1070.78,0.039924
1071.26,0.039653
1071.74,0.039385
1072.23,0.039119
1072.71,0.038856
1073.19,0.038596
1073.67,0.038337
1074.16,0.038080
1074.64,0.037825
1075.12,0.037570
1075.60,0.037313
1076.08,0.037051
1076.57,0.036783
1077.05,0.036510
1077.53,0.036235
1078.01,0.035962
1078.49,0.035695
1078.98,0.035434
1079.46,0.035179
1079.94,0.034928
1080.42,0.034678
1080.91,0.034429
1081.39,0.034180
1081.87,0.033933
1082.35,0.033684
1082.83,0.033434
1083.32,0.033180
1083.80,0.032921
1084.28,0.032661
1084.76,0.032405
1085.24,0.032163
1085.73,0.031941
1086.21,0.031742
1086.69,0.031561
1087.17,0.031389
1087.65,0.031214
1088.14,0.031025
1088.62,0.030817
1089.10,0.030592
1089.58,0.030354
1090.07,0.030112
1090.55,0.029873
1091.03,0.029637
1091.51,0.029403
1091.99,0.029167
1092.48,0.028928
1092.96,0.028684
1093.44,0.028438
1093.92,0.028192
1094.40,0.027947
1094.89,0.027703
1095.37,0.027458
1095.85,0.027209
1096.33,0.026958
1096.82,0.026706
1097.30,0.026458
1097.78,0.026217
1098.26,0.025984
1098.74,0.025756
1099.23,0.025525
1099.71,0.025286
1100.19,0.025035
1100.67,0.024770
1101.15,0.024495
1101.64,0.024216
1102.12,0.023939
1102.60,0.023665
1103.08,0.023393
1103.57,0.023122
1104.05,0.022846
1104.53,0.022563
1105.01,0.022273
1105.49,0.021977
1105.98,0.021678
1106.46,0.021378
1106.94,0.021080
1107.42,0.020784
1107.90,0.020490
1108.39,0.020200
1108.87,0.019915
1109.35,0.019633
1109.83,0.019353
1110.32,0.019070
1110.80,0.018781
1111.28,0.018478
1111.76,0.018158
1112.24,0.017818
1112.72,0.017462
1113.21,0.017091
1113.69,0.016713
1114.17,0.016333
1114.65,0.015956
1115.14,0.015585
1115.62,0.015221
1116.10,0.014864
1116.58,0.014514
1117.06,0.014167
1117.55,0.013823
1118.03,0.013480
1118.51,0.013137
1118.99,0.012794
1119.47,0.012453
1119.96,0.012115
1120.44,0.011782
1120.92,0.011454
1121.40,0.011130
1121.88,0.010806
1122.37,0.010480
1122.85,0.010150
1123.33,0.009815
1123.81,0.009477
1124.30,0.009140
1124.78,0.008809
1125.26,0.008488
1125.74,0.008183
1126.22,0.007893
1126.71,0.007618
1127.19,0.007358
1127.67,0.007109
1128.15,0.006868
1128.63,0.006633
1129.12,0.006400
1129.60,0.006166
1130.08,0.005931
1130.56,0.005692
1131.05,0.005451
1131.53,0.005210
1132.01,0.004971
1132.49,0.004739
1132.97,0.004515
1133.46,0.004302
1133.94,0.004099
1134.42,0.003905
1134.90,0.003719
1135.38,0.003539
1135.87,0.003366
1136.35,0.003198
1136.83,0.003037
1137.31,0.002882
1137.80,0.002731
1138.28,0.002585
1138.76,0.002440
1139.24,0.002297
1139.72,0.002157
1140.21,0.002021
1140.69,0.001891
1141.17,0.001769
1141.65,0.001654
1142.13,0.001546
1142.62,0.001442
1143.10,0.001341
1143.58,0.001239
1144.06,0.001136
1144.55,0.001033
1145.03,0.000928
1145.51,0.000824
1145.99,0.000720
1146.47,0.000617
1146.96,0.000515
1147.44,0.000414
1147.92,0.000317
1148.40,0.000223
1148.88,0.000134
1149.37,0.000052
1149.85,-0.000025
1150.33,-0.000096
1150.81,-0.000160
1151.30,-0.000219
1151.78,-0.000271
1152.26,-0.000317
1152.74,-0.000357
1153.22,-0.000392
1153.70,-0.000424
1154.19,-0.000454
1154.67,-0.000485
1155.15,-0.000517
1155.63,-0.000553
1156.12,-0.000592
1156.60,-0.000634
1157.08,-0.000679
1157.56,-0.000725
1158.04,-0.000769
1158.53,-0.000808
1159.01,-0.000840
1159.49,-0.000861
1159.97,-0.000872
1160.45,-0.000874
1160.94,-0.000871
1161.42,-0.000867
1161.90,-0.000866
1162.38,-0.000869
1162.87,-0.000878
1163.35,-0.000891
1163.83,-0.000904
1164.31,-0.000918
1164.79,-0.000930
1165.28,-0.000943
1165.76,-0.000957
1166.24,-0.000974
1166.72,-0.000995
1167.20,-0.001019
1167.69,-0.001045
1168.17,-0.001072
1168.65,-0.001100
1169.13,-0.001129
1169.62,-0.001160
1170.10,-0.001194
1170.58,-0.001229
1171.06,-0.001263
1171.54,-0.001295
1172.03,-0.001321
1172.51,-0.001342
1172.99,-0.001356
1173.47,-0.001367
1173.95,-0.001377
1174.44,-0.001388
1174.92,-0.001402
1175.40,-0.001418
1175.88,-0.001436
1176.37,-0.001455
1176.85,-0.001474
1177.33,-0.001492
1177.81,-0.001509
1178.29,-0.001523
1178.78,-0.001532
1179.26,-0.001534
1179.74,-0.001527
1180.22,-0.001512
1180.70,-0.001489
1181.19,-0.001461
1181.67,-0.001431
1182.15,-0.001401
1182.63,-0.001373
1183.11,-0.001347
1183.60,-0.001325
1184.08,-0.001306
1184.56,-0.001290
1185.04,-0.001277
1185.53,-0.001266
1186.01,-0.001258
1186.49,-0.001251
1186.97,-0.001242
1187.45,-0.001230
1187.94,-0.001212
1188.42,-0.001188
1188.90,-0.001158
1189.38,-0.001123
1189.86,-0.001087
1190.35,-0.001051
1190.83,-0.001017
1191.31,-0.000986
1191.79,-0.000958
1192.28,-0.000933
1192.76,-0.000910
1193.24,-0.000890
1193.72,-0.000870
1194.20,-0.000850
1194.68,-0.000828
1195.17,-0.000801
1195.65,-0.000768
1196.13,-0.000728
1196.61,-0.000679
1197.10,-0.000624
1197.58,-0.000567
1198.06,-0.000511
1198.54,-0.000461
1199.02,-0.000423
1199.51,-0.000396
1199.99,-0.000382
1200.47,-0.000378
1200.95,-0.000378
1201.43,-0.000379
1201.92,-0.000377
1202.40,-0.000370
1202.88,-0.000358
1203.36,-0.000343
1203.85,-0.000328
1204.33,-0.000313
1204.81,-0.000300
1205.29,-0.000291
1205.77,-0.000285
1206.26,-0.000283
1206.74,-0.000285
1207.22,-0.000292
1207.70,-0.000303
1208.18,-0.000319
1208.67,-0.000337
1209.15,-0.000354
1209.63,-0.000367
1210.11,-0.000373
1210.60,-0.000369
1211.08,-0.000354
1211.56,-0.000328
1212.04,-0.000293
1212.52,-0.000250
1213.01,-0.000202
1213.49,-0.000151
1213.97,-0.000099
1214.45,-0.000048
1214.93,0.000003
1215.42,0.000052
1215.90,0.000101
1216.38,0.000151
1216.86,0.000202
1217.35,0.000254
1217.83,0.000308
1218.31,0.000361
1218.79,0.000414
1219.27,0.000467
1219.76,0.000520
1220.24,0.000576
1220.72,0.000635
1221.20,0.000701
1221.68,0.000772
1222.17,0.000848
1222.65,0.000926
1223.13,0.001005
1223.61,0.001081
1224.09,0.001153
1224.58,0.001219
1225.06,0.001280
1225.54,0.001336
1226.02,0.001388
1226.51,0.001441
1226.99,0.001495
1227.47,0.001554
1227.95,0.001618
1228.43,0.001687
1228.91,0.001758
1229.40,0.001830
1229.88,0.001899
1230.36,0.001964
1230.84,0.002025
1231.33,0.002085
1231.81,0.002148
1232.29,0.002216
1232.77,0.002290
1233.26,0.002368
1233.74,0.002445
1234.22,0.002517
1234.70,0.002578
1235.18,0.002628
1235.66,0.002665
1236.15,0.002693
1236.63,0.002715
1237.11,0.002734
1237.59,0.002752
1238.08,0.002771
1238.56,0.002790
1239.04,0.002809
1239.52,0.002826
1240.00,0.002841
1240.49,0.002853
1240.97,0.002859
1241.45,0.002859
1241.93,0.002855
1242.41,0.002848
1242.90,0.002841
1243.38,0.002838
1243.86,0.002841
1244.34,0.002849
1244.83,0.002863
1245.31,0.002876
1245.79,0.002888
1246.27,0.002894
1246.75,0.002894
1247.24,0.002891
1247.72,0.002885
1248.20,0.002881
1248.68,0.002879
1249.16,0.002879
1249.65,0.002882
1250.13,0.002884
1250.61,0.002887
1251.09,0.002888
1251.58,0.002886
1252.06,0.002882
1252.54,0.002873
1253.02,0.002858
1253.50,0.002835
1253.98,0.002806
1254.47,0.002773
1254.95,0.002739
1255.43,0.002709
1255.91,0.002684
1256.40,0.002665
1256.88,0.002650
1257.36,0.002639
1257.84,0.002629
1258.33,0.002618
1258.81,0.002608
1259.29,0.002601
1259.77,0.002597
1260.25,0.002598
1260.73,0.002601
1261.22,0.002605
1261.70,0.002607
1262.18,0.002607
1262.66,0.002604
1263.15,0.002598
1263.63,0.002591
1264.11,0.002584
1264.59,0.002576
1265.07,0.002570
1265.56,0.002564
1266.04,0.002561
1266.52,0.002562
1267.00,0.002566
1267.48,0.002573
1267.97,0.002581
1268.45,0.002586
1268.93,0.002588
1269.41,0.002584
1269.89,0.002576
1270.38,0.002566
1270.86,0.002556
1271.34,0.002547
1271.82,0.002541
1272.31,0.002536
1272.79,0.002530
1273.27,0.002525
1273.75,0.002522
1274.23,0.002522
1274.72,0.002527
1275.20,0.002539
1275.68,0.002554
1276.16,0.002570
1276.64,0.002583
1277.13,0.002589
1277.61,0.002586
1278.09,0.002577
1278.57,0.002566
1279.06,0.002557
1279.54,0.002553
1280.02,0.002558
1280.50,0.002572
1280.98,0.002593
1281.47,0.002619
1281.95,0.002648
1282.43,0.002675
1282.91,0.002698
1283.39,0.002714
1283.88,0.002722
1284.36,0.002721
1284.84,0.002714
1285.32,0.002705
1285.81,0.002697
1286.29,0.002696
1286.77,0.002701
1287.25,0.002711
1287.73,0.002722
1288.22,0.002730
1288.70,0.002730
1289.18,0.002722
1289.66,0.002708
1290.14,0.002690
1290.63,0.002672
1291.11,0.002656
1291.59,0.002646
1292.07,0.002639
1292.56,0.002636
1293.04,0.002636
1293.52,0.002639
1294.00,0.002642
1294.48,0.002648
1294.96,0.002653
1295.45,0.002657
1295.93,0.002661
1296.41,0.002666
1296.89,0.002675
1297.38,0.002690
1297.86,0.002714
1298.34,0.002751
1298.82,0.002797
1299.30,0.002852
1299.79,0.002911
1300.27,0.002970
1300.75,0.003027
1301.23,0.003077
1301.71,0.003120
1302.20,0.003154
1302.68,0.003181
1303.16,0.003201
1303.64,0.003221
1304.13,0.003244
1304.61,0.003277
1305.09,0.003325
1305.57,0.003390
1306.05,0.003469
1306.54,0.003557
1307.02,0.003644
1307.50,0.003723
1307.98,0.003791
1308.46,0.003845
1308.95,0.003889
1309.43,0.003927
1309.91,0.003962
1310.39,0.003998
1310.88,0.004035
1311.36,0.004071
1311.84,0.004106
1312.32,0.004139
1312.80,0.004172
1313.29,0.004203
1313.77,0.004234
1314.25,0.004263
1314.73,0.004287
1315.21,0.004307
1315.70,0.004323
1316.18,0.004338
1316.66,0.004358
1317.14,0.004387
1317.62,0.004428
1318.11,0.004481
1318.59,0.004545
1319.07,0.004614
1319.55,0.004684
1320.04,0.004753
1320.52,0.004817
1321.00,0.004876
1321.48,0.004929
1321.96,0.004975
1322.45,0.005014
1322.93,0.005045
1323.41,0.005072
1323.89,0.005099
1324.38,0.005131
1324.86,0.005172
1325.34,0.005222
1325.82,0.005280
1326.30,0.005341
1326.79,0.005402
1327.27,0.005459
1327.75,0.005511
1328.23,0.005560
1328.71,0.005609
1329.20,0.005662
1329.68,0.005720
1330.16,0.005785
1330.64,0.005855
1331.12,0.005929
1331.61,0.006006
1332.09,0.006085
1332.57,0.006162
1333.05,0.006235
1333.54,0.006299
1334.02,0.006351
1334.50,0.006390
1334.98,0.006417
1335.46,0.006438
1335.94,0.006460
1336.43,0.006490
1336.91,0.006535
1337.39,0.006597
1337.87,0.006678
1338.36,0.006776
1338.84,0.006886
1339.32,0.007003
1339.80,0.007118
1340.28,0.007225
1340.77,0.007313
1341.25,0.007379
1341.73,0.007422
1342.21,0.007446
1342.69,0.007459
1343.18,0.007471
1343.66,0.007489
1344.14,0.007517
1344.62,0.007556
1345.11,0.007604
1345.59,0.007654
1346.07,0.007705
1346.55,0.007754
1347.03,0.007805
1347.52,0.007862
1348.00,0.007928
1348.48,0.008003
1348.96,0.008083
1349.44,0.008163
1349.93,0.008235
1350.41,0.008298
1350.89,0.008353
1351.37,0.008403
1351.86,0.008455
1352.34,0.008514
1352.82,0.008580
1353.30,0.008656
1353.78,0.008741
1354.27,0.008835
1354.75,0.008941
1355.23,0.009062
1355.71,0.009198
1356.19,0.009349
1356.68,0.009512
1357.16,0.009679
1357.64,0.009845
1358.12,0.010007
1358.61,0.010163
1359.09,0.010315
1359.57,0.010465
1360.05,0.010617
1360.53,0.010773
1361.02,0.010938
1361.50,0.011117
1361.98,0.011314
1362.46,0.011531
1362.94,0.011764
1363.43,0.012000
1363.91,0.012225
1364.39,0.012425
1364.87,0.012595
1365.35,0.012739
1365.84,0.012870
1366.32,0.013004
1366.80,0.013156
1367.28,0.013340
1367.77,0.013559
1368.25,0.013809
1368.73,0.014079
1369.21,0.014355
1369.69,0.014621
1370.18,0.014868
1370.66,0.015094
1371.14,0.015300
1371.62,0.015491
1372.10,0.015674
1372.59,0.015861
1373.07,0.016063
1373.55,0.016291
1374.03,0.016553
1374.52,0.016849
1375.00,0.017167
1375.48,0.017486
1375.96,0.017789
1376.44,0.018068
1376.92,0.018324
1377.41,0.018568
1377.89,0.018811
1378.37,0.019062
1378.85,0.019321
1379.34,0.019581
1379.82,0.019834
1380.30,0.020071
1380.78,0.020293
1381.26,0.020508
1381.75,0.020723
1382.23,0.020948
1382.71,0.021181
1383.19,0.021416
1383.67,0.021640
1384.16,0.021846
1384.64,0.022033
1385.12,0.022212
1385.60,0.022399
1386.09,0.022615
1386.57,0.022873
1387.05,0.023171
1387.53,0.023492
1388.01,0.023806
1388.50,0.024086
1388.98,0.024319
1389.46,0.024508
1389.94,0.024664
1390.42,0.024800
1390.91,0.024924
1391.39,0.025041
1391.87,0.025151
1392.35,0.025260
1392.84,0.025373
1393.32,0.025502
1393.80,0.025656
1394.28,0.025841
1394.76,0.026049
1395.25,0.026262
1395.73,0.026454
1396.21,0.026610
1396.69,0.026729
1397.17,0.026824
1397.66,0.026918
1398.14,0.027030
1398.62,0.027171
1399.10,0.027339
1399.59,0.027521
1400.07,0.027694
1400.55,0.027838
1401.03,0.027944
1401.51,0.028011
1401.99,0.028048
1402.48,0.028066
1402.96,0.028077
1403.44,0.028094
1403.92,0.028129
1404.41,0.028190
1404.89,0.028280
1405.37,0.028392
1405.85,0.028508
1406.33,0.028612
1406.82,0.028688
1407.30,0.028734
1407.78,0.028753
1408.26,0.028758
1408.74,0.028758
1409.23,0.028763
1409.71,0.028775
1410.19,0.028790
1410.67,0.028802
1411.16,0.028805
1411.64,0.028795
1412.12,0.028771
1412.60,0.028734
1413.08,0.028685
1413.57,0.028625
1414.05,0.028549
1414.53,0.028457
1415.01,0.028345
1415.49,0.028218
1415.98,0.028084
1416.46,0.027952
1416.94,0.027833
1417.42,0.027738
1417.90,0.027676
1418.39,0.027654
1418.87,0.027668
1419.35,0.027703
1419.83,0.027730
1420.32,0.027725
1420.80,0.027672
1421.28,0.027574
1421.76,0.027441
1422.24,0.027289
1422.73,0.027138
1423.21,0.027004
1423.69,0.026901
1424.17,0.026834
1424.65,0.026792
1425.14,0.026757
1425.62,0.026706
1426.10,0.026627
1426.58,0.026518
1427.07,0.026393
1427.55,0.026264
1428.03,0.026147
1428.51,0.026051
1428.99,0.025979
1429.48,0.025924
1429.96,0.025875
1430.44,0.025824
1430.92,0.025767
1431.40,0.025701
1431.89,0.025628
1432.37,0.025547
1432.85,0.025451
1433.33,0.025340
1433.82,0.025211
1434.30,0.025071
1434.78,0.024935
1435.26,0.024823
1435.74,0.024757
1436.23,0.024750
1436.71,0.024799
1437.19,0.024875
1437.67,0.024935
1438.15,0.024951
1438.64,0.024922
1439.12,0.024865
1439.60,0.024801
1440.08,0.024744
1440.57,0.024698
1441.05,0.024662
1441.53,0.024629
1442.01,0.024592
1442.49,0.024549
1442.97,0.024501
1443.46,0.024452
1443.94,0.024404
1444.42,0.024357
1444.90,0.024308
1445.39,0.024256
1445.87,0.024200
1446.35,0.024145
1446.83,0.024100
1447.31,0.024071
1447.80,0.024060
1448.28,0.024059
1448.76,0.024054
1449.24,0.024030
1449.72,0.023980
1450.21,0.023911
1450.69,0.023831
1451.17,0.023752
1451.65,0.023679
1452.13,0.023606
1452.62,0.023523
1453.10,0.023418
1453.58,0.023281
1454.06,0.023114
1454.55,0.022930
1455.03,0.022748
1455.51,0.022595
1455.99,0.022501
1456.47,0.022495
1456.96,0.022587
1457.44,0.022747
1457.92,0.022909
1458.40,0.023003
1458.88,0.023008
1459.37,0.022937
1459.85,0.022819
1460.33,0.022675
1460.81,0.022516
1461.30,0.022351
1461.78,0.022189
1462.26,0.022035
1462.74,0.021901
1463.22,0.021793
1463.71,0.021720
1464.19,0.021683
1464.67,0.021676
1465.15,0.021687
1465.63,0.021696
1466.12,0.021689
1466.60,0.021662
1467.08,0.021613
1467.56,0.021547
1468.05,0.021464
1468.53,0.021367
1469.01,0.021254
1469.49,0.021129
1469.97,0.020997
1470.46,0.020869
1470.94,0.020758
1471.42,0.020680
1471.90,0.020649
1472.38,0.020669
1472.87,0.020725
1473.35,0.020786
1473.83,0.020819
1474.31,0.020809
1474.80,0.020762
1475.28,0.020695
1475.76,0.020623
1476.24,0.020558
1476.72,0.020500
1477.20,0.020446
1477.69,0.020389
1478.17,0.020322
1478.65,0.020241
1479.13,0.020149
1479.62,0.020048
1480.10,0.019947
1480.58,0.019852
1481.06,0.019770
1481.55,0.019703
1482.03,0.019649
1482.51,0.019599
1482.99,0.019546
1483.47,0.019481
1483.95,0.019403
1484.44,0.019312
1484.92,0.019216
1485.40,0.019119
1485.88,0.019030
1486.37,0.018951
1486.85,0.018886
1487.33,0.018837
1487.81,0.018804
1488.29,0.018794
1488.78,0.018810
1489.26,0.018859
1489.74,0.018937
1490.22,0.019028
1490.70,0.019104
1491.19,0.019141
1491.67,0.019125
1492.15,0.019058
1492.63,0.018956
1493.12,0.018836
1493.60,0.018712
1494.08,0.018596
1494.56,0.018497
1495.04,0.018423
1495.53,0.018380
1496.01,0.018374
1496.49,0.018404
1496.97,0.018464
1497.45,0.018538
1497.94,0.018607
1498.42,0.018656
1498.90,0.018675
1499.38,0.018664
1499.87,0.018627
1500.35,0.018569
1500.83,0.018496
1501.31,0.018410
1501.79,0.018313
1502.28,0.018203
1502.76,0.018080
1503.24,0.017947
1503.72,0.017806
1504.20,0.017663
1504.69,0.017529
1505.17,0.017416
1505.65,0.017344
1506.13,0.017339
1506.62,0.017425
1507.10,0.017596
1507.58,0.017794
1508.06,0.017933
1508.54,0.017971
1509.03,0.017926
1509.51,0.017834
1509.99,0.017722
1510.47,0.017607
1510.95,0.017498
1511.44,0.017398
1511.92,0.017310
1512.40,0.017232
1512.88,0.017158
1513.36,0.017085
1513.85,0.017006
1514.33,0.016919
1514.81,0.016827
1515.29,0.016738
1515.78,0.016663
1516.26,0.016617
1516.74,0.016604
1517.22,0.016620
1517.70,0.016644
1518.18,0.016653
1518.67,0.016633
1519.15,0.016585
1519.63,0.016523
1520.11,0.016464
1520.60,0.016428
1521.08,0.016426
1521.56,0.016458
1522.04,0.016500
1522.52,0.016517
1523.01,0.016488
1523.49,0.016418
1523.97,0.016325
1524.45,0.016227
1524.93,0.016139
1525.42,0.016069
1525.90,0.016018
1526.38,0.015985
1526.86,0.015963
1527.35,0.015948
1527.83,0.015934
1528.31,0.015916
1528.79,0.015890
1529.27,0.015853
1529.76,0.015799
1530.24,0.015726
1530.72,0.015635
1531.20,0.015532
1531.68,0.015426
1532.17,0.015332
1532.65,0.015268
1533.13,0.015250
1533.61,0.015289
1534.10,0.015370
1534.58,0.015462
1535.06,0.015528
1535.54,0.015550
1536.02,0.015528
1536.51,0.015472
1536.99,0.015395
1537.47,0.015309
1537.95,0.015228
1538.43,0.015167
1538.92,0.015146
1539.40,0.015188
1539.88,0.015306
1540.36,0.015480
1540.85,0.015653
1541.33,0.015761
1541.81,0.015777
1542.29,0.015720
1542.77,0.015627
1543.26,0.015526
1543.74,0.015432
1544.22,0.015345
1544.70,0.015259
1545.18,0.015164
1545.67,0.015056
1546.15,0.014934
1546.63,0.014808
1547.11,0.014685
1547.59,0.014573
1548.08,0.014478
1548.56,0.014403
1549.04,0.014349
1549.52,0.014315
1550.01,0.014294
1550.49,0.014276
1550.97,0.014248
1551.45,0.014204
1551.93,0.014141
1552.42,0.014062
1552.90,0.013974
1553.38,0.013885
1553.86,0.013803
1554.34,0.013735
1554.83,0.013681
1555.31,0.013636
1555.79,0.013592
1556.27,0.013541
1556.76,0.013482
1557.24,0.013418
1557.72,0.013361
1558.20,0.013333
1558.68,0.013360
1559.16,0.013443
1559.65,0.013524
1560.13,0.013524
1560.61,0.013425
1561.09,0.013268
1561.58,0.013094
1562.06,0.012924
1562.54,0.012769
1563.02,0.012630
1563.50,0.012509
1563.99,0.012406
1564.47,0.012320
1564.95,0.012249
1565.43,0.012190
1565.91,0.012135
1566.40,0.012079
1566.88,0.012013
1567.36,0.011935
1567.84,0.011843
1568.33,0.011742
1568.81,0.011638
1569.29,0.011541
1569.77,0.011461
1570.25,0.011403
1570.74,0.011356
1571.22,0.011308
1571.70,0.011246
1572.18,0.011165
1572.66,0.011066
1573.15,0.010954
1573.63,0.010837
1574.11,0.010719
1574.59,0.010608
1575.08,0.010510
1575.56,0.010431
1576.04,0.010375
1576.52,0.010341
1577.00,0.010320
1577.49,0.010294
1577.97,0.010250
1578.45,0.010184
1578.93,0.010097
1579.41,0.009998
1579.90,0.009895
1580.38,0.009797
1580.86,0.009713
1581.34,0.009645
1581.83,0.009595
1582.31,0.009556
1582.79,0.009520
1583.27,0.009483
1583.75,0.009441
1584.23,0.009396
1584.72,0.009355
1585.20,0.009319
1585.68,0.009291
1586.16,0.009267
1586.65,0.009242
1587.13,0.009211
1587.61,0.009175
1588.09,0.009137
1588.57,0.009106
1589.06,0.009088
1589.54,0.009087
1590.02,0.009101
1590.50,0.009125
1590.98,0.009150
1591.47,0.009171
1591.95,0.009188
1592.43,0.009200
1592.91,0.009211
1593.40,0.009224
1593.88,0.009241
1594.36,0.009263
1594.84,0.009291
1595.32,0.009326
1595.81,0.009371
1596.29,0.009426
1596.77,0.009489
1597.25,0.009554
1597.73,0.009616
1598.22,0.009669
1598.70,0.009713
1599.18,0.009751
1599.66,0.009792
1600.14,0.009844
1600.63,0.009913
1601.11,0.010000
1601.59,0.010102
1602.07,0.010212
1602.56,0.010324
1603.04,0.010437
1603.52,0.010551
1604.00,0.010669
1604.48,0.010795
1604.97,0.010928
1605.45,0.011064
1605.93,0.011200
1606.41,0.011337
1606.89,0.011476
1607.38,0.011624
1607.86,0.011786
1608.34,0.011964
1608.82,0.012155
1609.31,0.012352
1609.79,0.012545
1610.27,0.012725
1610.75,0.012891
1611.23,0.013044
1611.72,0.013185
1612.20,0.013317
1612.68,0.013439
1613.16,0.013548
1613.64,0.013642
1614.13,0.013728
1614.61,0.013815
1615.09,0.013923
1615.57,0.014074
1616.06,0.014294
1616.54,0.014591
1617.02,0.014947
1617.50,0.015314
1617.98,0.015637
1618.47,0.015886
1618.95,0.016063
1619.43,0.016187
1619.91,0.016283
1620.39,0.016366
1620.88,0.016449
1621.36,0.016539
1621.84,0.016647
1622.32,0.016784
1622.81,0.016964
1623.29,0.017194
1623.77,0.017462
1624.25,0.017740
1624.73,0.017992
1625.21,0.018196
1625.70,0.018347
1626.18,0.018459
1626.66,0.018553
1627.14,0.018655
1627.63,0.018781
1628.11,0.018937
1628.59,0.019113
1629.07,0.019287
1629.55,0.019437
1630.04,0.019551
1630.52,0.019630
1631.00,0.019682
1631.48,0.019715
1631.96,0.019735
1632.45,0.019741
1632.93,0.019727
1633.41,0.019691
1633.89,0.019635
1634.38,0.019578
1634.86,0.019552
1635.34,0.019603
1635.82,0.019769
1636.30,0.020043
1636.79,0.020353
1637.27,0.020608
1637.75,0.020759
1638.23,0.020812
1638.71,0.020800
1639.20,0.020761
1639.68,0.020719
1640.16,0.020685
1640.64,0.020661
1641.12,0.020639
1641.61,0.020609
1642.09,0.020567
1642.57,0.020512
1643.05,0.020447
1643.54,0.020376
1644.02,0.020302
1644.50,0.020228
1644.98,0.020154
1645.46,0.020090
1645.95,0.020048
1646.43,0.020048
1646.91,0.020099
1647.39,0.020188
1647.88,0.020265
1648.36,0.020275
1648.84,0.020193
1649.32,0.020028
1649.80,0.019807
1650.29,0.019558
1650.77,0.019306
1651.25,0.019073
1651.73,0.018875
1652.21,0.018736
1652.70,0.018687
1653.18,0.018755
1653.66,0.018919
1654.14,0.019087
1654.62,0.019161
1655.11,0.019123
1655.59,0.019004
1656.07,0.018840
1656.55,0.018655
1657.04,0.018460
1657.52,0.018267
1658.00,0.018083
1658.48,0.017914
1658.96,0.017761
1659.45,0.017620
1659.93,0.017483
1660.41,0.017343
1660.89,0.017193
1661.37,0.017037
1661.86,0.016880
1662.34,0.016733
1662.82,0.016601
1663.30,0.016477
1663.79,0.016347
1664.27,0.016195
1664.75,0.016013
1665.23,0.015807
1665.71,0.015586
1666.19,0.015365
1666.68,0.015152
1667.16,0.014950
1667.64,0.014759
1668.12,0.014573
1668.61,0.014389
1669.09,0.014205
1669.57,0.014023
1670.05,0.013849
1670.53,0.013683
1671.02,0.013519
1671.50,0.013347
1671.98,0.013159
1672.46,0.012956
1672.94,0.012748
1673.43,0.012544
1673.91,0.012354
1674.39,0.012181
1674.87,0.012021
1675.36,0.011858
1675.84,0.011677
1676.32,0.011472
1676.80,0.011251
1677.28,0.011032
1677.77,0.010831
1678.25,0.010651
1678.73,0.010487
1679.21,0.010326
1679.69,0.010153
1680.18,0.009956
1680.66,0.009731
1681.14,0.009486
1681.62,0.009238
1682.11,0.008999
1682.59,0.008777
1683.07,0.008566
1683.55,0.008353
1684.03,0.008115
1684.52,0.007845
1685.00,0.007565
1685.48,0.007312
1685.96,0.007106
1686.44,0.006940
1686.93,0.006793
1687.41,0.006648
1687.89,0.006492
1688.37,0.006323
1688.86,0.006139
1689.34,0.005944
1689.82,0.005741
1690.30,0.005533
1690.78,0.005320
1691.27,0.005104
1691.75,0.004887
1692.23,0.004674
1692.71,0.004473
1693.19,0.004287
1693.68,0.004118
1694.16,0.003960
1694.64,0.003802
1695.12,0.003630
1695.60,0.003429
1696.09,0.003198
1696.57,0.002953
1697.05,0.002725
1697.53,0.002535
1698.02,0.002383
1698.50,0.002255
1698.98,0.002127
1699.46,0.001971
1699.94,0.001764
1700.43,0.001499
1700.91,0.001197
1701.39,0.000902
1701.87,0.000649
1702.35,0.000443
1702.84,0.000269
1703.32,0.000110
1703.80,-0.000047
1704.28,-0.000206
1704.77,-0.000368
1705.25,-0.000533
1705.73,-0.000695
1706.21,-0.000851
1706.69,-0.000996
1707.17,-0.001128
1707.66,-0.001244
1708.14,-0.001344
1708.62,-0.001430
1709.10,-0.001505
1709.59,-0.001571
1710.07,-0.001635
1710.55,-0.001699
1711.03,-0.001764
1711.51,-0.001827
1712.00,-0.001883
1712.48,-0.001930
1712.96,-0.001967
1713.44,-0.001997
1713.92,-0.002028
1714.41,-0.002066
1714.89,-0.002118
1715.37,-0.002184
1715.85,-0.002264
1716.34,-0.002350
1716.82,-0.002441
1717.30,-0.002534
1717.78,-0.002631
1718.26,-0.002730
1718.75,-0.002819
1719.23,-0.002888
1719.71,-0.002930
1720.19,-0.002946
1720.67,-0.002944
1721.16,-0.002934
1721.64,-0.002924
1722.12,-0.002920
1722.60,-0.002925
1723.09,-0.002937
1723.57,-0.002953
1724.05,-0.002966
1724.53,-0.002976
1725.01,-0.002982
1725.50,-0.002989
1725.98,-0.003003
1726.46,-0.003025
1726.94,-0.003054
1727.42,-0.003087
1727.91,-0.003116
1728.39,-0.003139
1728.87,-0.003153
1729.35,-0.003162
1729.84,-0.003170
1730.32,-0.003183
1730.80,-0.003204
1731.28,-0.003234
1731.76,-0.003269
1732.24,-0.003304
1732.73,-0.003336
1733.21,-0.003360
1733.69,-0.003371
1734.17,-0.003365
1734.66,-0.003338
1735.14,-0.003292
1735.62,-0.003238
1736.10,-0.003188
1736.58,-0.003149
1737.07,-0.003126
1737.55,-0.003120
1738.03,-0.003133
1738.51,-0.003162
1738.99,-0.003206
1739.48,-0.003258
1739.96,-0.003308
1740.44,-0.003347
1740.92,-0.003369
1741.40,-0.003374
1741.89,-0.003367
1742.37,-0.003353
1742.85,-0.003339
1743.33,-0.003329
1743.82,-0.003325
1744.30,-0.003329
1744.78,-0.003343
1745.26,-0.003364
1745.74,-0.003391
1746.23,-0.003421
1746.71,-0.003453
1747.19,-0.003485
1747.67,-0.003517
1748.15,-0.003549
1748.64,-0.003581
1749.12,-0.003611
1749.60,-0.003637
1750.08,-0.003652
1750.57,-0.003655
1751.05,-0.003642
1751.53,-0.003617
1752.01,-0.003585
1752.49,-0.003554
1752.98,-0.003529
1753.46,-0.003510
1753.94,-0.003498
1754.42,-0.003490
1754.90,-0.003486
1755.39,-0.003485
1755.87,-0.003491
1756.35,-0.003508
1756.83,-0.003537
1757.32,-0.003578
1757.80,-0.003627
1758.28,-0.003677
1758.76,-0.003722
1759.24,-0.003759
1759.73,-0.003788
1760.21,-0.003809
1760.69,-0.003826
1761.17,-0.003838
1761.65,-0.003848
1762.14,-0.003853
1762.62,-0.003855
1763.10,-0.003853
1763.58,-0.003846
1764.07,-0.003833
1764.55,-0.003815
1765.03,-0.003789
1765.51,-0.003754
1765.99,-0.003711
1766.47,-0.003661
1766.96,-0.003613
1767.44,-0.003573
1767.92,-0.003552
1768.40,-0.003556
1768.89,-0.003584
1769.37,-0.003630
1769.85,-0.003685
1770.33,-0.003740
1770.82,-0.003791
1771.30,-0.003836
1771.78,-0.003875
1772.26,-0.003909
1772.74,-0.003937
1773.22,-0.003955
1773.71,-0.003962
1774.19,-0.003959
1774.67,-0.003950
1775.15,-0.003940
1775.64,-0.003932
1776.12,-0.003927
1776.60,-0.003926
1777.08,-0.003927
1777.56,-0.003928
1778.05,-0.003931
1778.53,-0.003936
1779.01,-0.003948
1779.49,-0.003968
1779.97,-0.003995
1780.46,-0.004023
1780.94,-0.004040
1781.42,-0.004036
1781.90,-0.004005
1782.38,-0.003948
1782.87,-0.003874
1783.35,-0.003796
1783.83,-0.003728
1784.31,-0.003679
1784.80,-0.003655
1785.28,-0.003657
1785.76,-0.003678
1786.24,-0.003708
1786.72,-0.003736
1787.21,-0.003755
1787.69,-0.003762
1788.17,-0.003758
1788.65,-0.003747
1789.13,-0.003733
1789.62,-0.003721
1790.10,-0.003715
1790.58,-0.003723
1791.06,-0.003748
1791.55,-0.003795
1792.03,-0.003862
1792.51,-0.003940
1792.99,-0.004014
1793.47,-0.004068
1793.96,-0.004095
1794.44,-0.004096
1794.92,-0.004079
1795.40,-0.004054
1795.88,-0.004030
1796.37,-0.004015
1796.85,-0.004011
1797.33,-0.004020
1797.81,-0.004039
1798.30,-0.004065
1798.78,-0.004092
1799.26,-0.004115
1799.74,-0.004130
1800.22,-0.004137
1800.71,-0.004134
1801.19,-0.004125
1801.67,-0.004112
1802.15,-0.004098
1802.63,-0.004083
1803.12,-0.004066
1803.60,-0.004046
1804.08,-0.004022
1804.56,-0.003994
1805.05,-0.003968
1805.53,-0.003948
1806.01,-0.003941
1806.49,-0.003949
1806.97,-0.003973
1807.45,-0.004008
1807.94,-0.004044
1808.42,-0.004072
1808.90,-0.004083
1809.38,-0.004073
1809.87,-0.004041
1810.35,-0.003995
1810.83,-0.003941
1811.31,-0.003889
1811.79,-0.003843
1812.28,-0.003808
1812.76,-0.003781
1813.24,-0.003763
1813.72,-0.003751
1814.20,-0.003744
1814.69,-0.003743
1815.17,-0.003749
1815.65,-0.003760
1816.13,-0.003774
1816.62,-0.003788
1817.10,-0.003801
1817.58,-0.003809
1818.06,-0.003814
1818.54,-0.003818
1819.03,-0.003824
1819.51,-0.003836
1819.99,-0.003855
1820.47,-0.003882
1820.95,-0.003915
1821.44,-0.003952
1821.92,-0.003991
1822.40,-0.004031
1822.88,-0.004072
1823.37,-0.004115
1823.85,-0.004161
1824.33,-0.004210
1824.81,-0.004260
1825.29,-0.004309
1825.78,-0.004351
1826.26,-0.004383
1826.74,-0.004403
1827.22,-0.004413
1827.70,-0.004414
1828.19,-0.004409
1828.67,-0.004398
1829.15,-0.004382
1829.63,-0.004357
1830.12,-0.004321
1830.60,-0.004275
1831.08,-0.004220
1831.56,-0.004162
1832.04,-0.004109
1832.53,-0.004065
1833.01,-0.004031
1833.49,-0.004008
1833.97,-0.003994
1834.45,-0.003984
1834.94,-0.003977
1835.42,-0.003967
1835.90,-0.003952
1836.38,-0.003930
1836.87,-0.003903
1837.35,-0.003871
1837.83,-0.003838
1838.31,-0.003810
1838.79,-0.003789
1839.28,-0.003780
1839.76,-0.003787
1840.24,-0.003809
1840.72,-0.003845
1841.20,-0.003892
1841.69,-0.003946
1842.17,-0.004001
1842.65,-0.004054
1843.13,-0.004101
1843.61,-0.004141
1844.10,-0.004175
1844.58,-0.004207
1845.06,-0.004241
1845.54,-0.004280
1846.03,-0.004321
1846.51,-0.004360
1846.99,-0.004389
1847.47,-0.004404
1847.95,-0.004398
1848.43,-0.004371
1848.92,-0.004326
1849.40,-0.004266
1849.88,-0.004202
1850.36,-0.004142
1850.85,-0.004093
1851.33,-0.004059
1851.81,-0.004036
1852.29,-0.004021
1852.77,-0.004005
1853.26,-0.003982
1853.74,-0.003947
1854.22,-0.003902
1854.70,-0.003852
1855.18,-0.003807
1855.67,-0.003776
1856.15,-0.003766
1856.63,-0.003781
1857.11,-0.003817
1857.60,-0.003871
1858.08,-0.003934
1858.56,-0.003996
1859.04,-0.004050
1859.52,-0.004091
1860.01,-0.004115
1860.49,-0.004123
1860.97,-0.004116
1861.45,-0.004100
1861.93,-0.004078
1862.42,-0.004056
1862.90,-0.004040
1863.38,-0.004032
1863.86,-0.004036
1864.35,-0.004048
1864.83,-0.004067
1865.31,-0.004090
1865.79,-0.004113
1866.27,-0.004135
1866.76,-0.004154
1867.24,-0.004167
1867.72,-0.004175
1868.20,-0.004173
1868.68,-0.004160
1869.17,-0.004133
1869.65,-0.004096
1870.13,-0.004053
1870.61,-0.004011
1871.10,-0.003973
1871.58,-0.003941
1872.06,-0.003913
1872.54,-0.003890
1873.02,-0.003869
1873.51,-0.003854
1873.99,-0.003846
1874.47,-0.003851
1874.95,-0.003868
1875.43,-0.003898
1875.92,-0.003932
1876.40,-0.003964
1876.88,-0.003986
1877.36,-0.003991
1877.84,-0.003981
1878.33,-0.003960
1878.81,-0.003938
1879.29,-0.003922
1879.77,-0.003917
1880.26,-0.003923
1880.74,-0.003937
1881.22,-0.003951
1881.70,-0.003959
1882.18,-0.003960
1882.67,-0.003954
1883.15,-0.003944
1883.63,-0.003935
1884.11,-0.003929
1884.59,-0.003928
1885.08,-0.003930
1885.56,-0.003932
1886.04,-0.003932
1886.52,-0.003928
1887.01,-0.003921
1887.49,-0.003912
1887.97,-0.003905
1888.45,-0.003903
1888.93,-0.003909
1889.41,-0.003922
1889.90,-0.003941
1890.38,-0.003962
1890.86,-0.003977
1891.34,-0.003981
1891.83,-0.003971
1892.31,-0.003951
1892.79,-0.003923
1893.27,-0.003895
1893.75,-0.003874
1894.24,-0.003866
1894.72,-0.003871
1895.20,-0.003889
1895.68,-0.003916
1896.16,-0.003949
1896.65,-0.003987
1897.13,-0.004032
1897.61,-0.004086
1898.09,-0.004152
1898.58,-0.004227
1899.06,-0.004304
1899.54,-0.004373
1900.02,-0.004422
1900.50,-0.004445
1900.99,-0.004439
1901.47,-0.004413
1901.95,-0.004378
1902.43,-0.004349
1902.91,-0.004335
1903.40,-0.004341
1903.88,-0.004364
1904.36,-0.004396
1904.84,-0.004423
1905.33,-0.004435
1905.81,-0.004425
1906.29,-0.004389
1906.77,-0.004330
1907.25,-0.004255
1907.74,-0.004175
1908.22,-0.004103
1908.70,-0.004050
1909.18,-0.004026
1909.66,-0.004033
1910.15,-0.004066
1910.63,-0.004116
1911.11,-0.004171
1911.59,-0.004218
1912.08,-0.004251
1912.56,-0.004266
1913.04,-0.004266
1913.52,-0.004254
1914.00,-0.004233
1914.48,-0.004206
1914.97,-0.004175
1915.45,-0.004144
1915.93,-0.004120
1916.41,-0.004115
1916.90,-0.004139
1917.38,-0.004199
1917.86,-0.004295
1918.34,-0.004416
1918.82,-0.004542
1919.31,-0.004648
1919.79,-0.004719
1920.27,-0.004749
1920.75,-0.004744
1921.23,-0.004714
1921.72,-0.004668
1922.20,-0.004610
1922.68,-0.004543
1923.16,-0.004465
1923.65,-0.004379
1924.13,-0.004291
1924.61,-0.004210
1925.09,-0.004144
1925.57,-0.004095
1926.06,-0.004061
1926.54,-0.004033
1927.02,-0.004005
1927.50,-0.003969
1927.98,-0.003924
1928.47,-0.003871
1928.95,-0.003815
1929.43,-0.003760
1929.91,-0.003705
1930.39,-0.003651
1930.88,-0.003598
1931.36,-0.003550
1931.84,-0.003517
1932.32,-0.003515
1932.81,-0.003556
1933.29,-0.003647
1933.77,-0.003782
1934.25,-0.003943
1934.73,-0.004101
1935.22,-0.004227
1935.70,-0.004298
1936.18,-0.004308
1936.66,-0.004264
1937.14,-0.004186
1937.63,-0.004097
1938.11,-0.004017
1938.59,-0.003958
1939.07,-0.003928
1939.56,-0.003925
1940.04,-0.003948
1940.52,-0.003996
1941.00,-0.004064
1941.48,-0.004151
1941.97,-0.004248
1942.45,-0.004346
1942.93,-0.004428
1943.41,-0.004481
1943.89,-0.004498
1944.38,-0.004477
1944.86,-0.004423
1945.34,-0.004341
1945.82,-0.004238
1946.31,-0.004124
1946.79,-0.004008
1947.27,-0.003907
1947.75,-0.003838
1948.23,-0.003817
1948.72,-0.003852
1949.20,-0.003939
1949.68,-0.004063
1950.16,-0.004199
1950.64,-0.004320
1951.13,-0.004405
1951.61,-0.004443
1952.09,-0.004441
1952.57,-0.004417
1953.06,-0.004391
1953.54,-0.004383
1954.02,-0.004402
1954.50,-0.004445
1954.98,-0.004502
1955.46,-0.004555
1955.95,-0.004589
1956.43,-0.004596
1956.91,-0.004573
1957.39,-0.004527
1957.88,-0.004466
1958.36,-0.004400
1958.84,-0.004339
1959.32,-0.004288
1959.80,-0.004245
1960.29,-0.004206
1960.77,-0.004166
1961.25,-0.004119
1961.73,-0.004066
1962.21,-0.004015
1962.70,-0.003976
1963.18,-0.003962
1963.66,-0.003982
1964.14,-0.004038
1964.62,-0.004120
1965.11,-0.004212
1965.59,-0.004293
1966.07,-0.004340
1966.55,-0.004336
1967.04,-0.004277
1967.52,-0.004171
1968.00,-0.004042
1968.48,-0.003919
1968.96,-0.003837
1969.45,-0.003823
1969.93,-0.003894
1970.41,-0.004050
1970.89,-0.004270
1971.38,-0.004525
1971.86,-0.004774
1972.34,-0.004974
1972.82,-0.005098
1973.30,-0.005132
1973.79,-0.005088
1974.27,-0.004998
1974.75,-0.004906
1975.23,-0.004847
1975.71,-0.004840
1976.20,-0.004883
1976.68,-0.004955
1977.16,-0.005027
1977.64,-0.005074
1978.12,-0.005081
1978.61,-0.005049
1979.09,-0.004988
1979.57,-0.004908
1980.05,-0.004817
1980.54,-0.004718
1981.02,-0.004614
1981.50,-0.004512
1981.98,-0.004424
1982.46,-0.004361
1982.95,-0.004329
1983.43,-0.004326
1983.91,-0.004336
1984.39,-0.004336
1984.87,-0.004304
1985.36,-0.004224
1985.84,-0.004098
1986.32,-0.003941
1986.80,-0.003778
1987.29,-0.003638
1987.77,-0.003542
1988.25,-0.003502
1988.73,-0.003516
1989.21,-0.003576
1989.70,-0.003666
1990.18,-0.003774
1990.66,-0.003887
1991.14,-0.003998
1991.62,-0.004094
1992.11,-0.004168
1992.59,-0.004206
1993.07,-0.004197
1993.55,-0.004138
1994.04,-0.004032
1994.52,-0.003885
1995.00,-0.003710
1995.48,-0.003517
1995.96,-0.003322
1996.44,-0.003141
1996.93,-0.002996
1997.41,-0.002907
1997.89,-0.002894
1998.37,-0.002965
1998.86,-0.003117
1999.34,-0.003336
1999.82,-0.003595
2000.30,-0.003859
2000.78,-0.004097
2001.27,-0.004278
2001.75,-0.004389
2002.23,-0.004426
2002.71,-0.004398
2003.19,-0.004320
2003.68,-0.004211
2004.16,-0.004095
2004.64,-0.003995
2005.12,-0.003937
2005.61,-0.003940
2006.09,-0.004012
2006.57,-0.004148
2007.05,-0.004329
2007.53,-0.004521
2008.02,-0.004685
2008.50,-0.004786
2008.98,-0.004805
2009.46,-0.004742
2009.94,-0.004618
2010.43,-0.004460
2010.91,-0.004302
2011.39,-0.004169
2011.87,-0.004076
2012.36,-0.004024
2012.84,-0.004005
2013.32,-0.004006
2013.80,-0.004014
2014.28,-0.004026
2014.77,-0.004051
2015.25,-0.004104
2015.73,-0.004206
2016.21,-0.004372
2016.69,-0.004603
2017.18,-0.004879
2017.66,-0.005162
2018.14,-0.005407
2018.62,-0.005572
2019.11,-0.005633
2019.59,-0.005589
2020.07,-0.005467
2020.55,-0.005311
2021.03,-0.005161
2021.52,-0.005047
2022.00,-0.004976
2022.48,-0.004934
2022.96,-0.004899
2023.44,-0.004849
2023.93,-0.004773
2024.41,-0.004672
2024.89,-0.004563
2025.37,-0.004458
2025.85,-0.004367
2026.34,-0.004290
2026.82,-0.004217
2027.30,-0.004140
2027.78,-0.004059
2028.27,-0.003981
2028.75,-0.003924
2029.23,-0.003905
2029.71,-0.003935
2030.19,-0.004018
2030.67,-0.004146
2031.16,-0.004302
2031.64,-0.004465
2032.12,-0.004618
2032.60,-0.004740
2033.09,-0.004816
2033.57,-0.004828
2034.05,-0.004763
2034.53,-0.004610
2035.02,-0.004376
2035.50,-0.004081
2035.98,-0.003762
2036.46,-0.003463
2036.94,-0.003222
2037.42,-0.003065
2037.91,-0.002999
2038.39,-0.003015
2038.87,-0.003092
2039.35,-0.003206
2039.84,-0.003331
2040.32,-0.003451
2040.80,-0.003562
2041.28,-0.003660
2041.76,-0.003747
2042.25,-0.003824
2042.73,-0.003889
2043.21,-0.003934
2043.69,-0.003955
2044.17,-0.003946
2044.66,-0.003905
2045.14,-0.003834
2045.62,-0.003741
2046.10,-0.003635
2046.59,-0.003532
2047.07,-0.003443
2047.55,-0.003375
2048.03,-0.003325
2048.51,-0.003281
2049.00,-0.003231
2049.48,-0.003159
2049.96,-0.003060
2050.44,-0.002937
2050.92,-0.002802
2051.41,-0.002673
2051.89,-0.002562
2052.37,-0.002479
2052.85,-0.002426
2053.34,-0.002404
2053.82,-0.002413
2054.30,-0.002455
2054.78,-0.002534
2055.26,-0.002650
2055.75,-0.002799
2056.23,-0.002970
2056.71,-0.003144
2057.19,-0.003302
2057.67,-0.003429
2058.16,-0.003517
2058.64,-0.003575
2059.12,-0.003616
2059.60,-0.003659
2060.08,-0.003715
2060.57,-0.003786
2061.05,-0.003858
2061.53,-0.003912
2062.01,-0.003929
2062.49,-0.003896
2062.98,-0.003815
2063.46,-0.003696
2063.94,-0.003557
2064.42,-0.003414
2064.91,-0.003276
2065.39,-0.003149
2065.87,-0.003027
2066.35,-0.002907
2066.83,-0.002786
2067.32,-0.002663
2067.80,-0.002541
2068.28,-0.002421
2068.76,-0.002306
2069.24,-0.002194
2069.73,-0.002086
2070.21,-0.001979
2070.69,-0.001876
2071.17,-0.001778
2071.66,-0.001688
2072.14,-0.001609
2072.62,-0.001540
2073.10,-0.001484
2073.58,-0.001440
2074.07,-0.001411
2074.55,-0.001399
2075.03,-0.001409
2075.51,-0.001443
2075.99,-0.001501
2076.48,-0.001578
2076.96,-0.001661
2077.44,-0.001737
2077.92,-0.001794
2078.41,-0.001820
2078.89,-0.001813
2079.37,-0.001777
2079.85,-0.001722
2080.33,-0.001663
2080.82,-0.001612
2081.30,-0.001580
2081.78,-0.001572
2082.26,-0.001589
2082.74,-0.001627
2083.23,-0.001678
2083.71,-0.001737
2084.19,-0.001795
2084.67,-0.001848
2085.16,-0.001894
2085.64,-0.001929
2086.12,-0.001951
2086.60,-0.001959
2087.08,-0.001952
2087.57,-0.001929
2088.05,-0.001894
2088.53,-0.001854
2089.01,-0.001818
2089.49,-0.001795
2089.98,-0.001791
2090.46,-0.001807
2090.94,-0.001841
2091.42,-0.001885
2091.90,-0.001933
2092.39,-0.001982
2092.87,-0.002032
2093.35,-0.002088
2093.83,-0.002151
2094.32,-0.002220
2094.80,-0.002285
2095.28,-0.002330
2095.76,-0.002339
2096.24,-0.002299
2096.72,-0.002210
2097.21,-0.002083
2097.69,-0.001944
2098.17,-0.001818
2098.65,-0.001726
2099.14,-0.001679
2099.62,-0.001673
2100.10,-0.001695
2100.58,-0.001728
2101.06,-0.001757
2101.55,-0.001777
2102.03,-0.001787
2102.51,-0.001793
2102.99,-0.001800
2103.47,-0.001811
2103.96,-0.001822
2104.44,-0.001829
2104.92,-0.001828
2105.40,-0.001818
2105.89,-0.001804
2106.37,-0.001794
2106.85,-0.001793
2107.33,-0.001806
2107.81,-0.001832
2108.30,-0.001866
2108.78,-0.001902
2109.26,-0.001936
2109.74,-0.001964
2110.22,-0.001986
2110.71,-0.002003
2111.19,-0.002014
2111.67,-0.002020
2112.15,-0.002020
2112.64,-0.002016
2113.12,-0.002012
2113.60,-0.002015
2114.08,-0.002031
2114.56,-0.002061
2115.05,-0.002106
2115.53,-0.002158
2116.01,-0.002207
2116.49,-0.002243
2116.97,-0.002258
2117.46,-0.002250
2117.94,-0.002220
2118.42,-0.002170
2118.90,-0.002106
2119.39,-0.002034
2119.87,-0.001956
2120.35,-0.001878
2120.83,-0.001808
2121.31,-0.001752
2121.80,-0.001717
2122.28,-0.001707
2122.76,-0.001721
2123.24,-0.001750
2123.72,-0.001783
2124.21,-0.001808
2124.69,-0.001816
2125.17,-0.001805
2125.65,-0.001781
2126.14,-0.001753
2126.62,-0.001734
2127.10,-0.001731
2127.58,-0.001749
2128.06,-0.001785
2128.55,-0.001836
2129.03,-0.001896
2129.51,-0.001963
2129.99,-0.002035
2130.47,-0.002111
2130.96,-0.002190
2131.44,-0.002267
2131.92,-0.002335
2132.40,-0.002386
2132.88,-0.002413
2133.37,-0.002412
2133.85,-0.002384
2134.33,-0.002333
2134.81,-0.002261
2135.30,-0.002174
2135.78,-0.002073
2136.26,-0.001959
2136.74,-0.001833
2137.22,-0.001699
2137.70,-0.001562
2138.19,-0.001430
2138.67,-0.001311
2139.15,-0.001212
2139.63,-0.001135
2140.12,-0.001083
2140.60,-0.001052
2141.08,-0.001042
2141.56,-0.001051
2142.04,-0.001078
2142.53,-0.001121
2143.01,-0.001176
2143.49,-0.001238
2143.97,-0.001300
2144.45,-0.001362
2144.94,-0.001424
2145.42,-0.001493
2145.90,-0.001577
2146.38,-0.001680
2146.86,-0.001799
2147.35,-0.001919
2147.83,-0.002019
2148.31,-0.002075
2148.79,-0.002065
2149.28,-0.001982
2149.76,-0.001829
2150.24,-0.001627
2150.72,-0.001402
2151.20,-0.001180
2151.69,-0.000984
2152.17,-0.000825
2152.65,-0.000705
2153.13,-0.000620
2153.61,-0.000568
2154.10,-0.000548
2154.58,-0.000557
2155.06,-0.000596
2155.54,-0.000658
2156.03,-0.000730
2156.51,-0.000795
2156.99,-0.000835
2157.47,-0.000834
2157.95,-0.000788
2158.44,-0.000699
2158.92,-0.000588
2159.40,-0.000477
2159.88,-0.000395
2160.36,-0.000360
2160.85,-0.000386
2161.33,-0.000475
2161.81,-0.000616
2162.29,-0.000792
2162.78,-0.000972
2163.26,-0.001125
2163.74,-0.001222
2164.22,-0.001241
2164.70,-0.001175
2165.19,-0.001039
2165.67,-0.000860
2166.15,-0.000680
2166.63,-0.000537
2167.11,-0.000457
2167.60,-0.000451
2168.08,-0.000511
2168.56,-0.000618
2169.04,-0.000748
2169.53,-0.000883
2170.01,-0.001010
2170.49,-0.001125
2170.97,-0.001229
2171.45,-0.001322
2171.94,-0.001402
2172.42,-0.001466
2172.90,-0.001509
2173.38,-0.001529
2173.86,-0.001526
2174.35,-0.001505
2174.83,-0.001471
2175.31,-0.001427
2175.79,-0.001371
2176.28,-0.001299
2176.76,-0.001208
2177.24,-0.001098
2177.72,-0.000976
2178.20,-0.000854
2178.68,-0.000748
2179.17,-0.000669
2179.65,-0.000621
2180.13,-0.000604
2180.61,-0.000609
2181.10,-0.000625
2181.58,-0.000643
2182.06,-0.000651
2182.54,-0.000644
2183.02,-0.000617
2183.51,-0.000572
2183.99,-0.000510
2184.47,-0.000441
2184.95,-0.000381
2185.43,-0.000347
2185.92,-0.000359
2186.40,-0.000430
2186.88,-0.000561
2187.36,-0.000740
2187.84,-0.000941
2188.33,-0.001129
2188.81,-0.001272
2189.29,-0.001343
2189.77,-0.001330
2190.26,-0.001236
2190.74,-0.001081
2191.22,-0.000887
2191.70,-0.000685
2192.18,-0.000507
2192.67,-0.000380
2193.15,-0.000325
2193.63,-0.000356
2194.11,-0.000470
2194.59,-0.000652
2195.08,-0.000873
2195.56,-0.001099
2196.04,-0.001295
2196.52,-0.001434
2197.01,-0.001504
2197.49,-0.001511
2197.97,-0.001474
2198.45,-0.001413
2198.93,-0.001346
2199.42,-0.001279
2199.90,-0.001211
2200.38,-0.001135
2200.86,-0.001048
2201.34,-0.000956
2201.83,-0.000873
2202.31,-0.000819
2202.79,-0.000811
2203.27,-0.000856
2203.76,-0.000947
2204.24,-0.001067
2204.72,-0.001191
2205.20,-0.001300
2205.68,-0.001380
2206.17,-0.001431
2206.65,-0.001461
2207.13,-0.001477
2207.61,-0.001484
2208.09,-0.001482
2208.58,-0.001463
2209.06,-0.001418
2209.54,-0.001345
2210.02,-0.001246
2210.51,-0.001132
2210.99,-0.001019
2211.47,-0.000925
2211.95,-0.000864
2212.43,-0.000844
2212.92,-0.000867
2213.40,-0.000926
2213.88,-0.001011
2214.36,-0.001108
2214.84,-0.001200
2215.33,-0.001273
2215.81,-0.001315
2216.29,-0.001318
2216.77,-0.001286
2217.26,-0.001228
2217.74,-0.001159
2218.22,-0.001098
2218.70,-0.001062
2219.18,-0.001057
2219.66,-0.001085
2220.15,-0.001139
2220.63,-0.001208
2221.11,-0.001279
2221.59,-0.001345
2222.08,-0.001399
2222.56,-0.001440
2223.04,-0.001468
2223.52,-0.001484
2224.00,-0.001492
2224.49,-0.001493
2224.97,-0.001491
2225.45,-0.001489
2225.93,-0.001488
2226.41,-0.001487
2226.90,-0.001482
2227.38,-0.001465
2227.86,-0.001431
2228.34,-0.001376
2228.82,-0.001307
2229.31,-0.001234
2229.79,-0.001176
2230.27,-0.001151
2230.75,-0.001170
2231.24,-0.001235
2231.72,-0.001335
2232.20,-0.001447
2232.68,-0.001546
2233.16,-0.001610
2233.65,-0.001625
2234.13,-0.001589
2234.61,-0.001513
2235.09,-0.001413
2235.57,-0.001304
2236.06,-0.001198
2236.54,-0.001097
2237.02,-0.001000
2237.50,-0.000900
2237.99,-0.000795
2238.47,-0.000688
2238.95,-0.000589
2239.43,-0.000511
2239.91,-0.000464
2240.40,-0.000455
2240.88,-0.000479
2241.36,-0.000525
2241.84,-0.000576
2242.32,-0.000617
2242.81,-0.000637
2243.29,-0.000632
2243.77,-0.000606
2244.25,-0.000566
2244.74,-0.000520
2245.22,-0.000472
2245.70,-0.000427
2246.18,-0.000387
2246.66,-0.000355
2247.15,-0.000336
2247.63,-0.000336
2248.11,-0.000361
2248.59,-0.000410
2249.07,-0.000477
2249.56,-0.000553
2250.04,-0.000623
2250.52,-0.000675
2251.00,-0.000702
2251.49,-0.000706
2251.97,-0.000694
2252.45,-0.000675
2252.93,-0.000656
2253.41,-0.000639
2253.90,-0.000622
2254.38,-0.000601
2254.86,-0.000574
2255.34,-0.000544
2255.82,-0.000518
2256.31,-0.000504
2256.79,-0.000510
2257.27,-0.000534
2257.75,-0.000568
2258.24,-0.000601
2258.72,-0.000620
2259.20,-0.000620
2259.68,-0.000603
2260.16,-0.000579
2260.64,-0.000560
2261.13,-0.000558
2261.61,-0.000572
2262.09,-0.000595
2262.57,-0.000611
2263.06,-0.000605
2263.54,-0.000567
2264.02,-0.000495
2264.50,-0.000402
2264.98,-0.000303
2265.47,-0.000218
2265.95,-0.000164
2266.43,-0.000147
2266.91,-0.000167
2267.39,-0.000216
2267.88,-0.000282
2268.36,-0.000354
2268.84,-0.000422
2269.32,-0.000477
2269.80,-0.000515
2270.29,-0.000534
2270.77,-0.000534
2271.25,-0.000516
2271.73,-0.000482
2272.22,-0.000438
2272.70,-0.000387
2273.18,-0.000334
2273.66,-0.000283
2274.14,-0.000238
2274.63,-0.000201
2275.11,-0.000176
2275.59,-0.000163
2276.07,-0.000163
2276.55,-0.000173
2277.04,-0.000189
2277.52,-0.000207
2278.00,-0.000221
2278.48,-0.000227
2278.97,-0.000223
2279.45,-0.000209
2279.93,-0.000185
2280.41,-0.000153
2280.89,-0.000115
2281.38,-0.000072
2281.86,-0.000027
2282.34,0.000013
2282.82,0.000044
2283.30,0.000058
2283.79,0.000052
2284.27,0.000025
2284.75,-0.000016
2285.23,-0.000061
2285.72,-0.000100
2286.20,-0.000122
2286.68,-0.000127
2287.16,-0.000115
2287.64,-0.000097
2288.13,-0.000083
2288.61,-0.000084
2289.09,-0.000104
2289.57,-0.000143
2290.05,-0.000194
2290.54,-0.000249
2291.02,-0.000299
2291.50,-0.000337
2291.98,-0.000362
2292.47,-0.000373
2292.95,-0.000373
2293.43,-0.000366
2293.91,-0.000355
2294.39,-0.000345
2294.88,-0.000339
2295.36,-0.000340
2295.84,-0.000346
2296.32,-0.000356
2296.80,-0.000366
2297.29,-0.000370
2297.77,-0.000365
2298.25,-0.000349
2298.73,-0.000326
2299.21,-0.000300
2299.70,-0.000278
2300.18,-0.000264
2300.66,-0.000261
2301.14,-0.000269
2301.62,-0.000287
2302.11,-0.000312
2302.59,-0.000341
2303.07,-0.000374
2303.55,-0.000412
2304.04,-0.000453
2304.52,-0.000495
2305.00,-0.000534
2305.48,-0.000563
2305.96,-0.000580
2306.45,-0.000582
2306.93,-0.000572
2307.41,-0.000555
2307.89,-0.000537
2308.38,-0.000525
2308.86,-0.000520
2309.34,-0.000523
2309.82,-0.000530
2310.30,-0.000536
2310.78,-0.000538
2311.27,-0.000532
2311.75,-0.000518
2312.23,-0.000498
2312.71,-0.000472
2313.20,-0.000443
2313.68,-0.000412
2314.16,-0.000381
2314.64,-0.000352
2315.12,-0.000326
2315.61,-0.000303
2316.09,-0.000285
2316.57,-0.000268
2317.05,-0.000250
2317.53,-0.000230
2318.02,-0.000206
2318.50,-0.000179
2318.98,-0.000150
2319.46,-0.000121
2319.95,-0.000094
2320.43,-0.000067
2320.91,-0.000037
2321.39,-0.000003
2321.87,0.000036
2322.36,0.000076
2322.84,0.000113
2323.32,0.000138
2323.80,0.000143
2324.28,0.000122
2324.77,0.000076
2325.25,0.000008
2325.73,-0.000076
2326.21,-0.000165
2326.70,-0.000252
2327.18,-0.000327
2327.66,-0.000386
2328.14,-0.000423
2328.62,-0.000435
2329.11,-0.000424
2329.59,-0.000392
2330.07,-0.000343
2330.55,-0.000285
2331.03,-0.000225
2331.52,-0.000168
2332.00,-0.000120
2332.48,-0.000082
2332.96,-0.000056
2333.45,-0.000041
2333.93,-0.000037
2334.41,-0.000043
2334.89,-0.000060
2335.37,-0.000086
2335.86,-0.000118
2336.34,-0.000154
2336.82,-0.000190
2337.30,-0.000223
2337.78,-0.000252
2338.27,-0.000277
2338.75,-0.000299
2339.23,-0.000319
2339.71,-0.000338
2340.19,-0.000354
2340.68,-0.000363
2341.16,-0.000363
2341.64,-0.000351
2342.12,-0.000324
2342.61,-0.000283
2343.09,-0.000233
2343.57,-0.000178
2344.05,-0.000123
2344.53,-0.000078
2345.02,-0.000048
2345.50,-0.000039
2345.98,-0.000053
2346.46,-0.000089
2346.94,-0.000142
2347.43,-0.000202
2347.91,-0.000262
2348.39,-0.000315
2348.87,-0.000355
2349.35,-0.000382
2349.84,-0.000394
2350.32,-0.000393
2350.80,-0.000380
2351.28,-0.000353
2351.76,-0.000314
2352.25,-0.000261
2352.73,-0.000196
2353.21,-0.000120
2353.69,-0.000035
2354.18,0.000055
2354.66,0.000147
2355.14,0.000237
2355.62,0.000323
2356.10,0.000406
2356.59,0.000483
2357.07,0.000554
2357.55,0.000619
2358.03,0.000674
2358.51,0.000717
2359.00,0.000745
2359.48,0.000755
2359.96,0.000746
2360.44,0.000719
2360.93,0.000677
2361.41,0.000626
2361.89,0.000576
2362.37,0.000534
2362.85,0.000509
2363.34,0.000503
2363.82,0.000515
2364.30,0.000540
2364.78,0.000569
2365.26,0.000595
2365.75,0.000610
2366.23,0.000614
2366.71,0.000605
2367.19,0.000588
2367.68,0.000563
2368.16,0.000532
2368.64,0.000494
2369.12,0.000449
2369.60,0.000400
2370.09,0.000352
2370.57,0.000309
2371.05,0.000276
2371.53,0.000255
2372.01,0.000244
2372.50,0.000236
2372.98,0.000227
2373.46,0.000211
2373.94,0.000188
2374.43,0.000160
2374.91,0.000132
2375.39,0.000110
2375.87,0.000094
2376.35,0.000081
2376.84,0.000067
2377.32,0.000045
2377.80,0.000011
2378.28,-0.000033
2378.76,-0.000085
2379.25,-0.000137
2379.73,-0.000184
2380.21,-0.000222
2380.69,-0.000250
2381.17,-0.000268
2381.66,-0.000280
2382.14,-0.000285
2382.62,-0.000286
2383.10,-0.000282
2383.59,-0.000274
2384.07,-0.000262
2384.55,-0.000250
2385.03,-0.000240
2385.51,-0.000236
2385.99,-0.000238
2386.48,-0.000245
2386.96,-0.000254
2387.44,-0.000264
2387.92,-0.000271
2388.41,-0.000277
2388.89,-0.000282
2389.37,-0.000290
2389.85,-0.000303
2390.33,-0.000320
2390.82,-0.000339
2391.30,-0.000354
2391.78,-0.000360
2392.26,-0.000354
2392.74,-0.000335
2393.23,-0.000305
2393.71,-0.000267
2394.19,-0.000226
2394.67,-0.000186
2395.16,-0.000148
2395.64,-0.000113
2396.12,-0.000083
2396.60,-0.000056
2397.08,-0.000035
2397.57,-0.000019
2398.05,-0.000011
2398.53,-0.000011
2399.01,-0.000020
2399.49,-0.000038
2399.98,-0.000062
2400.46,-0.000090
2400.94,-0.000119
2401.42,-0.000144
2401.91,-0.000163
2402.39,-0.000172
2402.87,-0.000172
2403.35,-0.000162
2403.83,-0.000145
2404.32,-0.000122
2404.80,-0.000097
2405.28,-0.000071
2405.76,-0.000045
2406.24,-0.000021
2406.73,-0.000001
2407.21,0.000013
2407.69,0.000021
2408.17,0.000020
2408.66,0.000010
2409.14,-0.000006
2409.62,-0.000026
2410.10,-0.000047
2410.58,-0.000068
2411.07,-0.000086
2411.55,-0.000101
2412.03,-0.000115
2412.51,-0.000127
2412.99,-0.000136
2413.48,-0.000138
2413.96,-0.000132
2414.44,-0.000115
2414.92,-0.000086
2415.41,-0.000047
2415.89,-0.000003
2416.37,0.000042
2416.85,0.000081
2417.33,0.000113
2417.82,0.000136
2418.30,0.000151
2418.78,0.000159
2419.26,0.000162
2419.74,0.000161
2420.23,0.000158
2420.71,0.000156
2421.19,0.000156
2421.67,0.000161
2422.15,0.000171
2422.64,0.000183
2423.12,0.000193
2423.60,0.000197
2424.08,0.000189
2424.57,0.000167
2425.05,0.000134
2425.53,0.000096
2426.01,0.000060
2426.49,0.000037
2426.97,0.000032
2427.46,0.000048
2427.94,0.000082
2428.42,0.000126
2428.90,0.000174
2429.39,0.000215
2429.87,0.000245
2430.35,0.000260
2430.83,0.000260
2431.31,0.000247
2431.80,0.000229
2432.28,0.000210
2432.76,0.000196
2433.24,0.000191
2433.72,0.000197
2434.21,0.000212
2434.69,0.000233
2435.17,0.000255
2435.65,0.000274
2436.14,0.000288
2436.62,0.000297
2437.10,0.000303
2437.58,0.000310
2438.06,0.000319
2438.55,0.000333
2439.03,0.000351
2439.51,0.000369
2439.99,0.000384
2440.47,0.000391
2440.96,0.000388
2441.44,0.000375
2441.92,0.000352
2442.40,0.000322
2442.89,0.000288
2443.37,0.000255
2443.85,0.000227
2444.33,0.000209
2444.81,0.000204
2445.30,0.000211
2445.78,0.000231
2446.26,0.000256
2446.74,0.000281
2447.22,0.000298
2447.71,0.000303
2448.19,0.000294
2448.67,0.000275
2449.15,0.000252
2449.64,0.000234
2450.12,0.000228
2450.60,0.000240
2451.08,0.000269
2451.56,0.000312
2452.05,0.000362
2452.53,0.000410
2453.01,0.000452
2453.49,0.000481
2453.97,0.000496
2454.46,0.000496
2454.94,0.000485
2455.42,0.000466
2455.90,0.000443
2456.39,0.000422
2456.87,0.000409
2457.35,0.000408
2457.83,0.000422
2458.31,0.000453
2458.80,0.000498
2459.28,0.000552
2459.76,0.000605
2460.24,0.000652
2460.72,0.000683
2461.21,0.000698
2461.69,0.000695
2462.17,0.000681
2462.65,0.000660
2463.13,0.000641
2463.62,0.000629
2464.10,0.000624
2464.58,0.000628
2465.06,0.000636
2465.55,0.000644
2466.03,0.000649
2466.51,0.000648
2466.99,0.000642
2467.47,0.000632
2467.95,0.000621
2468.44,0.000611
2468.92,0.000605
2469.40,0.000604
2469.88,0.000608
2470.37,0.000616
2470.85,0.000626
2471.33,0.000638
2471.81,0.000648
2472.29,0.000659
2472.78,0.000669
2473.26,0.000683
2473.74,0.000706
2474.22,0.000741
2474.70,0.000791
2475.19,0.000855
2475.67,0.000927
2476.15,0.000998
2476.63,0.001056
2477.11,0.001090
2477.60,0.001094
2478.08,0.001070
2478.56,0.001026
2479.04,0.000976
2479.53,0.000934
2480.01,0.000909
2480.49,0.000905
2480.97,0.000919
2481.45,0.000939
2481.94,0.000956
2482.42,0.000958
2482.90,0.000941
2483.38,0.000907
2483.86,0.000862
2484.35,0.000816
2484.83,0.000774
2485.31,0.000743
2485.79,0.000721
2486.28,0.000705
2486.76,0.000692
2487.24,0.000678
2487.72,0.000663
2488.20,0.000649
2488.69,0.000641
2489.17,0.000644
2489.65,0.000662
2490.13,0.000695
2490.61,0.000741
2491.10,0.000794
2491.58,0.000849
2492.06,0.000900
2492.54,0.000944
2493.03,0.000978
2493.51,0.001004
2493.99,0.001022
2494.47,0.001034
2494.95,0.001039
2495.44,0.001036
2495.92,0.001021
2496.40,0.000995
2496.88,0.000959
2497.36,0.000920
2497.85,0.000885
2498.33,0.000866
2498.81,0.000870
2499.29,0.000900
2499.78,0.000955
2500.26,0.001026
2500.74,0.001101
2501.22,0.001167
2501.70,0.001214
2502.19,0.001236
2502.67,0.001235
2503.15,0.001214
2503.63,0.001180
2504.11,0.001140
2504.60,0.001100
2505.08,0.001062
2505.56,0.001028
2506.04,0.000999
2506.53,0.000974
2507.01,0.000954
2507.49,0.000939
2507.97,0.000932
2508.45,0.000933
2508.93,0.000944
2509.42,0.000964
2509.90,0.000992
2510.38,0.001025
2510.86,0.001058
2511.35,0.001088
2511.83,0.001111
2512.31,0.001125
2512.79,0.001129
2513.27,0.001125
2513.76,0.001116
2514.24,0.001105
2514.72,0.001094
2515.20,0.001083
2515.68,0.001071
2516.17,0.001058
2516.65,0.001042
2517.13,0.001024
2517.61,0.001008
2518.09,0.000997
2518.58,0.000994
2519.06,0.001000
2519.54,0.001013
2520.02,0.001029
2520.51,0.001042
2520.99,0.001048
2521.47,0.001046
2521.95,0.001035
2522.43,0.001020
2522.92,0.001005
2523.40,0.000991
2523.88,0.000982
2524.36,0.000977
2524.84,0.000974
2525.33,0.000973
2525.81,0.000974
2526.29,0.000976
2526.77,0.000982
2527.26,0.000993
2527.74,0.001009
2528.22,0.001030
2528.70,0.001056
2529.18,0.001085
2529.67,0.001114
2530.15,0.001143
2530.63,0.001169
2531.11,0.001189
2531.59,0.001200
2532.08,0.001200
2532.56,0.001187
2533.04,0.001161
2533.52,0.001124
2534.01,0.001082
2534.49,0.001042
2534.97,0.001010
2535.45,0.000990
2535.93,0.000986
2536.42,0.000996
2536.90,0.001018
2537.38,0.001045
2537.86,0.001074
2538.34,0.001099
2538.83,0.001118
2539.31,0.001130
2539.79,0.001134
2540.27,0.001133
2540.76,0.001127
2541.24,0.001116
2541.72,0.001101
2542.20,0.001081
2542.68,0.001058
2543.17,0.001032
2543.65,0.001006
2544.13,0.000985
2544.61,0.000972
2545.09,0.000970
2545.58,0.000981
2546.06,0.001002
2546.54,0.001031
2547.02,0.001063
2547.50,0.001093
2547.99,0.001119
2548.47,0.001139
2548.95,0.001154
2549.43,0.001166
2549.91,0.001178
2550.40,0.001191
2550.88,0.001206
2551.36,0.001222
2551.84,0.001240
2552.33,0.001259
2552.81,0.001279
2553.29,0.001302
2553.77,0.001326
2554.25,0.001351
2554.74,0.001374
2555.22,0.001392
2555.70,0.001400
2556.18,0.001396
2556.66,0.001379
2557.15,0.001349
2557.63,0.001310
2558.11,0.001266
2558.59,0.001221
2559.07,0.001183
2559.56,0.001153
2560.04,0.001135
2560.52,0.001128
2561.00,0.001130
2561.49,0.001136
2561.97,0.001142
2562.45,0.001144
2562.93,0.001141
2563.41,0.001132
2563.90,0.001122
2564.38,0.001113
2564.86,0.001108
2565.34,0.001110
2565.82,0.001117
2566.31,0.001126
2566.79,0.001131
2567.27,0.001130
2567.75,0.001119
2568.24,0.001101
2568.72,0.001079
2569.20,0.001059
2569.68,0.001046
2570.16,0.001047
2570.65,0.001063
2571.13,0.001095
2571.61,0.001140
2572.09,0.001197
2572.57,0.001257
2573.06,0.001316
2573.54,0.001367
2574.02,0.001404
2574.50,0.001424
2574.99,0.001426
2575.47,0.001413
2575.95,0.001389
2576.43,0.001360
2576.91,0.001331
2577.40,0.001306
2577.88,0.001285
2578.36,0.001266
2578.84,0.001246
2579.32,0.001220
2579.81,0.001186
2580.29,0.001147
2580.77,0.001105
2581.25,0.001068
2581.74,0.001040
2582.22,0.001025
2582.70,0.001025
2583.18,0.001040
2583.66,0.001068
2584.14,0.001105
2584.63,0.001150
2585.11,0.001201
2585.59,0.001255
2586.07,0.001311
2586.56,0.001367
2587.04,0.001421
2587.52,0.001467
2588.00,0.001503
2588.48,0.001524
2588.97,0.001530
2589.45,0.001519
2589.93,0.001494
2590.41,0.001457
2590.89,0.001413
2591.38,0.001366
2591.86,0.001320
2592.34,0.001280
2592.82,0.001249
2593.31,0.001228
2593.79,0.001218
2594.27,0.001220
2594.75,0.001234
2595.23,0.001258
2595.72,0.001290
2596.20,0.001328
2596.68,0.001369
2597.16,0.001412
2597.64,0.001455
2598.13,0.001497
2598.61,0.001536
2599.09,0.001571
2599.57,0.001600
2600.05,0.001619
2600.54,0.001625
2601.02,0.001616
2601.50,0.001595
2601.98,0.001563
2602.47,0.001528
2602.95,0.001496
2603.43,0.001474
2603.91,0.001466
2604.39,0.001472
2604.88,0.001489
2605.36,0.001511
2605.84,0.001532
2606.32,0.001546
2606.80,0.001552
2607.29,0.001550
2607.77,0.001544
2608.25,0.001536
2608.73,0.001530
2609.22,0.001527
2609.70,0.001527
2610.18,0.001530
2610.66,0.001535
2611.14,0.001541
2611.63,0.001548
2612.11,0.001557
2612.59,0.001567
2613.07,0.001579
2613.55,0.001592
2614.04,0.001604
2614.52,0.001617
2615.00,0.001630
2615.48,0.001642
2615.97,0.001653
2616.45,0.001662
2616.93,0.001666
2617.41,0.001664
2617.89,0.001657
2618.38,0.001645
2618.86,0.001634
2619.34,0.001629
2619.82,0.001633
2620.30,0.001651
2620.79,0.001681
2621.27,0.001719
2621.75,0.001758
2622.23,0.001791
2622.72,0.001812
2623.20,0.001818
2623.68,0.001813
2624.16,0.001799
2624.64,0.001782
2625.12,0.001769
2625.61,0.001762
2626.09,0.001764
2626.57,0.001773
2627.05,0.001786
2627.54,0.001799
2628.02,0.001811
2628.50,0.001818
2628.98,0.001819
2629.46,0.001816
2629.95,0.001810
2630.43,0.001803
2630.91,0.001799
2631.39,0.001799
2631.88,0.001805
2632.36,0.001817
2632.84,0.001834
2633.32,0.001853
2633.80,0.001869
2634.28,0.001880
2634.77,0.001882
2635.25,0.001876
2635.73,0.001863
2636.21,0.001847
2636.70,0.001832
2637.18,0.001820
2637.66,0.001814
2638.14,0.001816
2638.62,0.001824
2639.11,0.001839
2639.59,0.001856
2640.07,0.001876
2640.55,0.001895
2641.03,0.001913
2641.52,0.001926
2642.00,0.001934
2642.48,0.001935
2642.96,0.001929
2643.45,0.001914
2643.93,0.001894
2644.41,0.001873
2644.89,0.001856
2645.37,0.001847
2645.86,0.001851
2646.34,0.001869
2646.82,0.001901
2647.30,0.001940
2647.78,0.001982
2648.27,0.002018
2648.75,0.002043
2649.23,0.002052
2649.71,0.002046
2650.20,0.002025
2650.68,0.001995
2651.16,0.001961
2651.64,0.001929
2652.12,0.001904
2652.61,0.001889
2653.09,0.001886
2653.57,0.001894
2654.05,0.001911
2654.53,0.001933
2655.02,0.001957
2655.50,0.001979
2655.98,0.001995
2656.46,0.002007
2656.95,0.002014
2657.43,0.002020
2657.91,0.002029
2658.39,0.002042
2658.87,0.002059
2659.36,0.002079
2659.84,0.002097
2660.32,0.002109
2660.80,0.002111
2661.28,0.002103
2661.77,0.002088
2662.25,0.002070
2662.73,0.002055
2663.21,0.002048
2663.70,0.002051
2664.18,0.002062
2664.66,0.002081
2665.14,0.002103
2665.62,0.002124
2666.11,0.002143
2666.59,0.002159
2667.07,0.002171
2667.55,0.002183
2668.03,0.002193
2668.52,0.002204
2669.00,0.002213
2669.48,0.002221
2669.96,0.002226
2670.44,0.002229
2670.93,0.002227
2671.41,0.002222
2671.89,0.002213
2672.37,0.002202
2672.86,0.002189
2673.34,0.002177
2673.82,0.002169
2674.30,0.002166
2674.78,0.002170
2675.26,0.002182
2675.75,0.002200
2676.23,0.002220
2676.71,0.002240
2677.19,0.002255
2677.68,0.002265
2678.16,0.002269
2678.64,0.002270
2679.12,0.002272
2679.60,0.002276
2680.09,0.002284
2680.57,0.002294
2681.05,0.002303
2681.53,0.002309
2682.01,0.002308
2682.50,0.002300
2682.98,0.002286
2683.46,0.002268
2683.94,0.002251
2684.43,0.002238
2684.91,0.002231
2685.39,0.002232
2685.87,0.002240
2686.35,0.002253
2686.84,0.002268
2687.32,0.002283
2687.80,0.002296
2688.28,0.002305
2688.76,0.002312
2689.25,0.002315
2689.73,0.002318
2690.21,0.002321
2690.69,0.002326
2691.18,0.002334
2691.66,0.002345
2692.14,0.002358
2692.62,0.002373
2693.10,0.002388
2693.59,0.002402
2694.07,0.002416
2694.55,0.002428
2695.03,0.002439
2695.51,0.002448
2696.00,0.002456
2696.48,0.002463
2696.96,0.002468
2697.44,0.002472
2697.93,0.002474
2698.41,0.002475
2698.89,0.002475
2699.37,0.002474
2699.85,0.002474
2700.34,0.002474
2700.82,0.002476
2701.30,0.002480
2701.78,0.002487
2702.26,0.002499
2702.75,0.002516
2703.23,0.002539
2703.71,0.002567
2704.19,0.002599
2704.68,0.002630
2705.16,0.002657
2705.64,0.002677
2706.12,0.002689
2706.60,0.002692
2707.09,0.002691
2707.57,0.002689
2708.05,0.002693
2708.53,0.002704
2709.01,0.002722
2709.50,0.002746
2709.98,0.002770
2710.46,0.002789
2710.94,0.002799
2711.42,0.002798
2711.91,0.002789
2712.39,0.002775
2712.87,0.002763
2713.35,0.002755
2713.84,0.002753
2714.32,0.002758
2714.80,0.002765
2715.28,0.002771
2715.76,0.002773
2716.24,0.002772
2716.73,0.002768
2717.21,0.002765
2717.69,0.002767
2718.17,0.002779
2718.66,0.002801
2719.14,0.002832
2719.62,0.002871
2720.10,0.002914
2720.58,0.002958
2721.07,0.002998
2721.55,0.003033
2722.03,0.003061
2722.51,0.003082
2722.99,0.003096
2723.48,0.003103
2723.96,0.003104
2724.44,0.003100
2724.92,0.003093
2725.41,0.003084
2725.89,0.003076
2726.37,0.003071
2726.85,0.003070
2727.33,0.003076
2727.82,0.003090
2728.30,0.003112
2728.78,0.003138
2729.26,0.003168
2729.74,0.003196
2730.23,0.003220
2730.71,0.003237
2731.19,0.003245
2731.67,0.003245
2732.16,0.003239
2732.64,0.003231
2733.12,0.003225
2733.60,0.003224
2734.08,0.003231
2734.57,0.003247
2735.05,0.003271
2735.53,0.003301
2736.01,0.003335
2736.49,0.003367
2736.98,0.003396
2737.46,0.003417
2737.94,0.003429
2738.42,0.003432
2738.91,0.003427
2739.39,0.003417
2739.87,0.003408
2740.35,0.003403
2740.83,0.003406
2741.32,0.003417
2741.80,0.003436
2742.28,0.003460
2742.76,0.003486
2743.24,0.003511
2743.73,0.003531
2744.21,0.003546
2744.69,0.003556
2745.17,0.003563
2745.66,0.003570
2746.14,0.003579
2746.62,0.003590
2747.10,0.003603
2747.58,0.003618
2748.07,0.003634
2748.55,0.003649
2749.03,0.003664
2749.51,0.003676
2749.99,0.003685
2750.48,0.003690
2750.96,0.003692
2751.44,0.003689
2751.92,0.003683
2752.40,0.003675
2752.89,0.003668
2753.37,0.003665
2753.85,0.003669
2754.33,0.003681
2754.82,0.003701
2755.30,0.003724
2755.78,0.003747
2756.26,0.003766
2756.74,0.003777
2757.22,0.003780
2757.71,0.003777
2758.19,0.003772
2758.67,0.003769
2759.15,0.003772
2759.64,0.003784
2760.12,0.003802
2760.60,0.003827
2761.08,0.003853
2761.56,0.003879
2762.05,0.003901
2762.53,0.003917
2763.01,0.003929
2763.49,0.003935
2763.97,0.003936
2764.46,0.003933
2764.94,0.003927
2765.42,0.003920
2765.90,0.003913
2766.39,0.003909
2766.87,0.003910
2767.35,0.003917
2767.83,0.003929
2768.31,0.003945
2768.80,0.003961
2769.28,0.003976
2769.76,0.003987
2770.24,0.003994
2770.72,0.003998
2771.21,0.004001
2771.69,0.004004
2772.17,0.004009
2772.65,0.004016
2773.14,0.004027
2773.62,0.004039
2774.10,0.004052
2774.58,0.004067
2775.06,0.004081
2775.55,0.004095
2776.03,0.004107
2776.51,0.004117
2776.99,0.004127
2777.47,0.004137
2777.96,0.004148
2778.44,0.004163
2778.92,0.004181
2779.40,0.004201
2779.89,0.004222
2780.37,0.004241
2780.85,0.004258
2781.33,0.004272
2781.81,0.004283
2782.30,0.004294
2782.78,0.004307
2783.26,0.004323
2783.74,0.004341
2784.22,0.004360
2784.71,0.004376
2785.19,0.004386
2785.67,0.004389
2786.15,0.004385
2786.63,0.004376
2787.12,0.004368
2787.60,0.004363
2788.08,0.004366
2788.56,0.004377
2789.05,0.004395
2789.53,0.004418
2790.01,0.004443
2790.49,0.004466
2790.97,0.004487
2791.46,0.004504
2791.94,0.004518
2792.42,0.004528
2792.90,0.004537
2793.38,0.004544
2793.87,0.004550
2794.35,0.004554
2794.83,0.004556
2795.31,0.004556
2795.80,0.004557
2796.28,0.004560
2796.76,0.004567
2797.24,0.004581
2797.72,0.004600
2798.20,0.004624
2798.69,0.004648
2799.17,0.004669
2799.65,0.004681
2800.13,0.004685
2800.62,0.004681
2801.10,0.004673
2801.58,0.004666
2802.06,0.004663
2802.54,0.004669
2803.03,0.004682
2803.51,0.004701
2803.99,0.004722
2804.47,0.004740
2804.95,0.004752
2805.44,0.004759
2805.92,0.004761
2806.40,0.004760
2806.88,0.004761
2807.36,0.004765
2807.85,0.004772
2808.33,0.004784
2808.81,0.004798
2809.29,0.004813
2809.78,0.004828
2810.26,0.004841
2810.74,0.004852
2811.22,0.004862
2811.70,0.004871
2812.19,0.004882
2812.67,0.004895
2813.15,0.004911
2813.63,0.004932
2814.11,0.004955
2814.60,0.004978
2815.08,0.005001
2815.56,0.005020
2816.04,0.005036
2816.53,0.005048
2817.01,0.005060
2817.49,0.005073
2817.97,0.005090
2818.45,0.005111
2818.94,0.005136
2819.42,0.005162
2819.90,0.005186
2820.38,0.005206
2820.86,0.005221
2821.35,0.005231
2821.83,0.005237
2822.31,0.005241
2822.79,0.005246
2823.28,0.005251
2823.76,0.005256
2824.24,0.005262
2824.72,0.005267
2825.20,0.005272
2825.69,0.005278
2826.17,0.005287
2826.65,0.005302
2827.13,0.005325
2827.61,0.005356
2828.10,0.005393
2828.58,0.005432
2829.06,0.005469
2829.54,0.005499
2830.03,0.005518
2830.51,0.005526
2830.99,0.005524
2831.47,0.005517
2831.95,0.005511
2832.44,0.005512
2832.92,0.005523
2833.40,0.005544
2833.88,0.005574
2834.36,0.005607
2834.85,0.005641
2835.33,0.005671
2835.81,0.005697
2836.29,0.005720
2836.77,0.005743
2837.26,0.005767
2837.74,0.005796
2838.22,0.005828
2838.70,0.005862
2839.18,0.005897
2839.67,0.005932
2840.15,0.005964
2840.63,0.005995
2841.11,0.006025
2841.60,0.006054
2842.08,0.006082
2842.56,0.006110
2843.04,0.006137
2843.52,0.006161
2844.01,0.006186
2844.49,0.006211
2844.97,0.006239
2845.45,0.006273
2845.93,0.006314
2846.42,0.006361
2846.90,0.006414
2847.38,0.006472
2847.86,0.006531
2848.34,0.006590
2848.83,0.006649
2849.31,0.006706
2849.79,0.006761
2850.27,0.006814
2850.76,0.006864
2851.24,0.006909
2851.72,0.006949
2852.20,0.006983
2852.68,0.007011
2853.17,0.007032
2853.65,0.007047
2854.13,0.007057
2854.61,0.007062
2855.09,0.007063
2855.58,0.007060
2856.06,0.007054
2856.54,0.007046
2857.02,0.007035
2857.51,0.007022
2857.99,0.007009
2858.47,0.006996
2858.95,0.006985
2859.43,0.006976
2859.92,0.006970
2860.40,0.006965
2860.88,0.006960
2861.36,0.006952
2861.84,0.006940
2862.33,0.006924
2862.81,0.006903
2863.29,0.006882
2863.77,0.006863
2864.26,0.006852
2864.74,0.006850
2865.22,0.006859
2865.70,0.006877
2866.18,0.006902
2866.67,0.006929
2867.15,0.006955
2867.63,0.006980
2868.11,0.007001
2868.59,0.007020
2869.08,0.007039
2869.56,0.007057
2870.04,0.007076
2870.52,0.007093
2871.01,0.007110
2871.49,0.007125
2871.97,0.007138
2872.45,0.007150
2872.93,0.007163
2873.41,0.007177
2873.90,0.007192
2874.38,0.007206
2874.86,0.007219
2875.34,0.007228
2875.83,0.007233
2876.31,0.007233
2876.79,0.007229
2877.27,0.007224
2877.75,0.007218
2878.24,0.007212
2878.72,0.007206
2879.20,0.007201
2879.68,0.007194
2880.16,0.007185
2880.65,0.007178
2881.13,0.007172
2881.61,0.007172
2882.09,0.007180
2882.58,0.007197
2883.06,0.007221
2883.54,0.007251
2884.02,0.007282
2884.50,0.007310
2884.99,0.007332
2885.47,0.007347
2885.95,0.007353
2886.43,0.007353
2886.91,0.007349
2887.40,0.007343
2887.88,0.007338
2888.36,0.007335
2888.84,0.007334
2889.32,0.007336
2889.81,0.007341
2890.29,0.007350
2890.77,0.007361
2891.25,0.007376
2891.74,0.007394
2892.22,0.007415
2892.70,0.007442
2893.18,0.007473
2893.66,0.007509
2894.15,0.007548
2894.63,0.007588
2895.11,0.007625
2895.59,0.007655
2896.07,0.007675
2896.56,0.007682
2897.04,0.007680
2897.52,0.007671
2898.00,0.007661
2898.49,0.007656
2898.97,0.007660
2899.45,0.007676
2899.93,0.007701
2900.41,0.007731
2900.90,0.007763
2901.38,0.007793
2901.86,0.007818
2902.34,0.007841
2902.82,0.007863
2903.31,0.007887
2903.79,0.007915
2904.27,0.007948
2904.75,0.007984
2905.24,0.008020
2905.72,0.008053
2906.20,0.008079
2906.68,0.008099
2907.16,0.008112
2907.65,0.008121
2908.13,0.008130
2908.61,0.008140
2909.09,0.008157
2909.57,0.008183
2910.06,0.008220
2910.54,0.008268
2911.02,0.008327
2911.50,0.008394
2911.99,0.008463
2912.47,0.008529
2912.95,0.008589
2913.43,0.008639
2913.91,0.008680
2914.39,0.008716
2914.88,0.008750
2915.36,0.008788
2915.84,0.008834
2916.32,0.008889
2916.81,0.008951
2917.29,0.009015
2917.77,0.009078
2918.25,0.009135
2918.73,0.009185
2919.22,0.009228
2919.70,0.009267
2920.18,0.009303
2920.66,0.009338
2921.14,0.009371
2921.63,0.009402
2922.11,0.009431
2922.59,0.009458
2923.07,0.009484
2923.55,0.009512
2924.04,0.009542
2924.52,0.009573
2925.00,0.009605
2925.48,0.009632
2925.97,0.009650
2926.45,0.009657
2926.93,0.009653
2927.41,0.009642
2927.89,0.009627
2928.38,0.009614
2928.86,0.009606
2929.34,0.009606
2929.82,0.009610
2930.30,0.009616
2930.79,0.009620
2931.27,0.009619
2931.75,0.009610
2932.23,0.009594
2932.72,0.009571
2933.20,0.009543
2933.68,0.009512
2934.16,0.009478
2934.64,0.009442
2935.13,0.009407
2935.61,0.009376
2936.09,0.009352
2936.57,0.009336
2937.05,0.009330
2937.54,0.009332
2938.02,0.009340
2938.50,0.009349
2938.98,0.009355
2939.47,0.009354
2939.95,0.009344
2940.43,0.009325
2940.91,0.009298
2941.39,0.009266
2941.88,0.009232
2942.36,0.009197
2942.84,0.009162
2943.32,0.009129
2943.80,0.009097
2944.29,0.009066
2944.77,0.009038
2945.25,0.009015
2945.73,0.008998
2946.22,0.008988
2946.70,0.008986
2947.18,0.008992
2947.66,0.009002
2948.14,0.009014
2948.62,0.009026
2949.11,0.009033
2949.59,0.009035
2950.07,0.009032
2950.55,0.009025
2951.04,0.009015
2951.52,0.009006
2952.00,0.008999
2952.48,0.008994
2952.97,0.008991
2953.45,0.008992
2953.93,0.008995
2954.41,0.009002
2954.89,0.009013
2955.38,0.009028
2955.86,0.009049
2956.34,0.009074
2956.82,0.009101
2957.30,0.009126
2957.79,0.009147
2958.27,0.009160
2958.75,0.009162
2959.23,0.009153
2959.71,0.009132
2960.20,0.009102
2960.68,0.009066
2961.16,0.009025
2961.64,0.008985
2962.12,0.008949
2962.61,0.008921
2963.09,0.008905
2963.57,0.008900
2964.05,0.008907
2964.53,0.008923
2965.02,0.008942
2965.50,0.008960
2965.98,0.008971
2966.46,0.008974
2966.95,0.008968
2967.43,0.008954
2967.91,0.008938
2968.39,0.008922
2968.88,0.008909
2969.36,0.008900
2969.84,0.008895
2970.32,0.008893
2970.80,0.008892
2971.28,0.008892
2971.77,0.008892
2972.25,0.008895
2972.73,0.008901
2973.21,0.008908
2973.70,0.008916
2974.18,0.008924
2974.66,0.008928
2975.14,0.008928
2975.62,0.008925
2976.11,0.008919
2976.59,0.008913
2977.07,0.008907
2977.55,0.008902
2978.03,0.008895
2978.52,0.008885
2979.00,0.008869
2979.48,0.008846
2979.96,0.008818
2980.45,0.008789
2980.93,0.008764
2981.41,0.008747
2981.89,0.008740
2982.37,0.008743
2982.86,0.008753
2983.34,0.008765
2983.82,0.008774
2984.30,0.008779
2984.78,0.008779
2985.27,0.008775
2985.75,0.008771
2986.23,0.008769
2986.71,0.008772
2987.20,0.008781
2987.68,0.008795
2988.16,0.008814
2988.64,0.008836
2989.12,0.008861
2989.61,0.008885
2990.09,0.008907
2990.57,0.008925
2991.05,0.008935
2991.53,0.008935
2992.02,0.008926
2992.50,0.008906
2992.98,0.008881
2993.46,0.008852
2993.95,0.008826
2994.43,0.008804
2994.91,0.008788
2995.39,0.008779
2995.87,0.008775
2996.36,0.008775
2996.84,0.008777
2997.32,0.008781
2997.80,0.008788
2998.28,0.008797
2998.77,0.008808
2999.25,0.008819
2999.73,0.008828
3000.21,0.008835
3000.69,0.008838
3001.18,0.008837
3001.66,0.008834
3002.14,0.008833
3002.62,0.008836
3003.11,0.008844
3003.59,0.008859
3004.07,0.008880
3004.55,0.008903
3005.03,0.008926
3005.51,0.008946
3006.00,0.008960
3006.48,0.008969
3006.96,0.008972
3007.44,0.008970
3007.93,0.008966
3008.41,0.008961
3008.89,0.008955
3009.37,0.008948
3009.85,0.008939
3010.34,0.008925
3010.82,0.008909
3011.30,0.008889
3011.78,0.008869
3012.26,0.008851
3012.75,0.008837
3013.23,0.008829
3013.71,0.008828
3014.19,0.008835
3014.68,0.008847
3015.16,0.008864
3015.64,0.008883
3016.12,0.008905
3016.60,0.008929
3017.09,0.008955
3017.57,0.008983
3018.05,0.009012
3018.53,0.009042
3019.01,0.009072
3019.50,0.009102
3019.98,0.009130
3020.46,0.009156
3020.94,0.009177
3021.43,0.009194
3021.91,0.009204
3022.39,0.009209
3022.87,0.009210
3023.35,0.009209
3023.84,0.009208
3024.32,0.009211
3024.80,0.009219
3025.28,0.009232
3025.76,0.009247
3026.25,0.009263
3026.73,0.009277
3027.21,0.009287
3027.69,0.009296
3028.18,0.009304
3028.66,0.009314
3029.14,0.009329
3029.62,0.009351
3030.10,0.009378
3030.59,0.009410
3031.07,0.009445
3031.55,0.009479
3032.03,0.009512
3032.51,0.009541
3033.00,0.009568
3033.48,0.009592
3033.96,0.009614
3034.44,0.009632
3034.93,0.009649
3035.41,0.009663
3035.89,0.009675
3036.37,0.009686
3036.85,0.009696
3037.34,0.009706
3037.82,0.009714
3038.30,0.009723
3038.78,0.009732
3039.26,0.009741
3039.75,0.009750
3040.23,0.009761
3040.71,0.009775
3041.19,0.009790
3041.67,0.009810
3042.16,0.009834
3042.64,0.009862
3043.12,0.009895
3043.60,0.009932
3044.09,0.009970
3044.57,0.010005
3045.05,0.010033
3045.53,0.010051
3046.01,0.010055
3046.49,0.010046
3046.98,0.010027
3047.46,0.010002
3047.94,0.009977
3048.42,0.009958
3048.91,0.009948
3049.39,0.009948
3049.87,0.009957
3050.35,0.009973
3050.83,0.009992
3051.32,0.010012
3051.80,0.010034
3052.28,0.010056
3052.76,0.010082
3053.24,0.010110
3053.73,0.010139
3054.21,0.010169
3054.69,0.010195
3055.17,0.010217
3055.66,0.010233
3056.14,0.010244
3056.62,0.010251
3057.10,0.010259
3057.58,0.010270
3058.07,0.010285
3058.55,0.010304
3059.03,0.010325
3059.51,0.010345
3059.99,0.010362
3060.48,0.010374
3060.96,0.010381
3061.44,0.010386
3061.92,0.010392
3062.41,0.010403
3062.89,0.010420
3063.37,0.010445
3063.85,0.010474
3064.33,0.010505
3064.82,0.010532
3065.30,0.010554
3065.78,0.010569
3066.26,0.010580
3066.74,0.010589
3067.23,0.010601
3067.71,0.010617
3068.19,0.010638
3068.67,0.010663
3069.16,0.010687
3069.64,0.010708
3070.12,0.010723
3070.60,0.010732
3071.08,0.010736
3071.57,0.010738
3072.05,0.010741
3072.53,0.010746
3073.01,0.010753
3073.49,0.010761
3073.98,0.010769
3074.46,0.010775
3074.94,0.010776
3075.42,0.010772
3075.90,0.010763
3076.39,0.010750
3076.87,0.010734
3077.35,0.010717
3077.83,0.010700
3078.32,0.010687
3078.80,0.010678
3079.28,0.010675
3079.76,0.010677
3080.24,0.010681
3080.73,0.010685
3081.21,0.010687
3081.69,0.010683
3082.17,0.010674
3082.65,0.010660
3083.14,0.010645
3083.62,0.010634
3084.10,0.010627
3084.58,0.010629
3085.07,0.010640
3085.55,0.010658
3086.03,0.010683
3086.51,0.010712
3086.99,0.010742
3087.47,0.010772
3087.96,0.010800
3088.44,0.010823
3088.92,0.010841
3089.40,0.010853
3089.89,0.010858
3090.37,0.010857
3090.85,0.010850
3091.33,0.010839
3091.81,0.010823
3092.30,0.010803
3092.78,0.010780
3093.26,0.010753
3093.74,0.010721
3094.22,0.010687
3094.71,0.010650
3095.19,0.010613
3095.67,0.010580
3096.15,0.010554
3096.64,0.010540
3097.12,0.010541
3097.60,0.010556
3098.08,0.010588
3098.56,0.010631
3099.05,0.010680
3099.53,0.010731
3100.01,0.010777
3100.49,0.010814
3100.97,0.010840
3101.46,0.010855
3101.94,0.010860
3102.42,0.010860
3102.90,0.010856
3103.39,0.010850
3103.87,0.010845
3104.35,0.010842
3104.83,0.010840
3105.31,0.010840
3105.80,0.010842
3106.28,0.010847
3106.76,0.010854
3107.24,0.010862
3107.72,0.010866
3108.21,0.010866
3108.69,0.010859
3109.17,0.010846
3109.65,0.010831
3110.14,0.010818
3110.62,0.010812
3111.10,0.010815
3111.58,0.010829
3112.06,0.010851
3112.55,0.010878
3113.03,0.010905
3113.51,0.010927
3113.99,0.010940
3114.47,0.010945
3114.96,0.010942
3115.44,0.010933
3115.92,0.010920
3116.40,0.010904
3116.88,0.010888
3117.37,0.010872
3117.85,0.010857
3118.33,0.010845
3118.81,0.010837
3119.30,0.010834
3119.78,0.010836
3120.26,0.010845
3120.74,0.010860
3121.22,0.010880
3121.71,0.010907
3122.19,0.010939
3122.67,0.010974
3123.15,0.011009
3123.63,0.011041
3124.12,0.011065
3124.60,0.011079
3125.08,0.011081
3125.56,0.011074
3126.04,0.011063
3126.53,0.011052
3127.01,0.011047
3127.49,0.011051
3127.97,0.011062
3128.45,0.011078
3128.94,0.011095
3129.42,0.011110
3129.90,0.011120
3130.38,0.011126
3130.87,0.011133
3131.35,0.011142
3131.83,0.011156
3132.31,0.011177
3132.79,0.011202
3133.28,0.011228
3133.76,0.011252
3134.24,0.011270
3134.72,0.011280
3135.20,0.011282
3135.69,0.011277
3136.17,0.011267
3136.65,0.011257
3137.13,0.011250
3137.61,0.011251
3138.10,0.011262
3138.58,0.011284
3139.06,0.011316
3139.54,0.011354
3140.03,0.011390
3140.51,0.011420
3140.99,0.011439
3141.47,0.011446
3141.95,0.011441
3142.44,0.011431
3142.92,0.011421
3143.40,0.011417
3143.88,0.011422
3144.36,0.011437
3144.85,0.011462
3145.33,0.011493
3145.81,0.011528
3146.29,0.011564
3146.78,0.011600
3147.26,0.011634
3147.74,0.011664
3148.22,0.011689
3148.70,0.011709
3149.19,0.011722
3149.67,0.011732
3150.15,0.011742
3150.63,0.011757
3151.11,0.011780
3151.60,0.011813
3152.08,0.011852
3152.56,0.011893
3153.04,0.011929
3153.53,0.011952
3154.01,0.011960
3154.49,0.011953
3154.97,0.011933
3155.45,0.011908
3155.94,0.011883
3156.42,0.011864
3156.90,0.011853
3157.38,0.011853
3157.86,0.011862
3158.35,0.011879
3158.83,0.011905
3159.31,0.011939
3159.79,0.011979
3160.28,0.012024
3160.76,0.012071
3161.24,0.012115
3161.72,0.012151
3162.20,0.012176
3162.68,0.012188
3163.17,0.012188
3163.65,0.012179
3164.13,0.012167
3164.61,0.012156
3165.10,0.012152
3165.58,0.012157
3166.06,0.012170
3166.54,0.012190
3167.02,0.012211
3167.51,0.012231
3167.99,0.012247
3168.47,0.012257
3168.95,0.012265
3169.43,0.012273
3169.92,0.012283
3170.40,0.012296
3170.88,0.012311
3171.36,0.012325
3171.85,0.012334
3172.33,0.012337
3172.81,0.012335
3173.29,0.012334
3173.77,0.012338
3174.26,0.012355
3174.74,0.012388
3175.22,0.012436
3175.70,0.012496
3176.18,0.012558
3176.67,0.012617
3177.15,0.012665
3177.63,0.012700
3178.11,0.012721
3178.59,0.012731
3179.08,0.012733
3179.56,0.012731
3180.04,0.012725
3180.52,0.012717
3181.01,0.012707
3181.49,0.012696
3181.97,0.012683
3182.45,0.012671
3182.93,0.012659
3183.42,0.012650
3183.90,0.012644
3184.38,0.012644
3184.86,0.012652
3185.34,0.012673
3185.83,0.012707
3186.31,0.012755
3186.79,0.012810
3187.27,0.012867
3187.76,0.012914
3188.24,0.012944
3188.72,0.012953
3189.20,0.012942
3189.68,0.012919
3190.17,0.012895
3190.65,0.012878
3191.13,0.012876
3191.61,0.012889
3192.09,0.012915
3192.58,0.012946
3193.06,0.012976
3193.54,0.013001
3194.02,0.013019
3194.51,0.013032
3194.99,0.013042
3195.47,0.013049
3195.95,0.013055
3196.43,0.013058
3196.92,0.013055
3197.40,0.013048
3197.88,0.013036
3198.36,0.013024
3198.84,0.013013
3199.33,0.013009
3199.81,0.013011
3200.29,0.013019
3200.77,0.013035
3201.26,0.013056
3201.74,0.013085
3202.22,0.013119
3202.70,0.013160
3203.18,0.013205
3203.66,0.013249
3204.15,0.013288
3204.63,0.013316
3205.11,0.013330
3205.59,0.013331
3206.08,0.013322
3206.56,0.013309
3207.04,0.013297
3207.52,0.013291
3208.00,0.013296
3208.49,0.013310
3208.97,0.013331
3209.45,0.013356
3209.93,0.013379
3210.41,0.013397
3210.90,0.013404
3211.38,0.013399
3211.86,0.013381
3212.34,0.013355
3212.82,0.013324
3213.31,0.013299
3213.79,0.013285
3214.27,0.013289
3214.75,0.013311
3215.24,0.013347
3215.72,0.013389
3216.20,0.013426
3216.68,0.013450
3217.16,0.013455
3217.65,0.013443
3218.13,0.013419
3218.61,0.013392
3219.09,0.013370
3219.57,0.013361
3220.06,0.013366
3220.54,0.013384
3221.02,0.013411
3221.50,0.013443
3221.99,0.013474
3222.47,0.013502
3222.95,0.013527
3223.43,0.013547
3223.91,0.013563
3224.40,0.013577
3224.88,0.013587
3225.36,0.013593
3225.84,0.013597
3226.32,0.013599
3226.81,0.013601
3227.29,0.013606
3227.77,0.013617
3228.25,0.013633
3228.74,0.013657
3229.22,0.013685
3229.70,0.013716
3230.18,0.013746
3230.66,0.013771
3231.15,0.013790
3231.63,0.013801
3232.11,0.013803
3232.59,0.013798
3233.07,0.013788
3233.56,0.013772
3234.04,0.013753
3234.52,0.013731
3235.00,0.013707
3235.49,0.013683
3235.97,0.013662
3236.45,0.013646
3236.93,0.013639
3237.41,0.013641
3237.90,0.013655
3238.38,0.013678
3238.86,0.013707
3239.34,0.013740
3239.82,0.013772
3240.31,0.013801
3240.79,0.013825
3241.27,0.013845
3241.75,0.013864
3242.24,0.013883
3242.72,0.013905
3243.20,0.013929
3243.68,0.013954
3244.16,0.013975
3244.64,0.013989
3245.13,0.013991
3245.61,0.013978
3246.09,0.013950
3246.57,0.013911
3247.06,0.013868
3247.54,0.013827
3248.02,0.013797
3248.50,0.013778
3248.98,0.013771
3249.47,0.013773
3249.95,0.013780
3250.43,0.013789
3250.91,0.013797
3251.39,0.013807
3251.88,0.013820
3252.36,0.013838
3252.84,0.013862
3253.32,0.013888
3253.80,0.013911
3254.29,0.013926
3254.77,0.013931
3255.25,0.013928
3255.73,0.013919
3256.22,0.013911
3256.70,0.013909
3257.18,0.013916
3257.66,0.013930
3258.14,0.013945
3258.63,0.013957
3259.11,0.013959
3259.59,0.013953
3260.07,0.013939
3260.55,0.013924
3261.04,0.013914
3261.52,0.013913
3262.00,0.013924
3262.48,0.013947
3262.97,0.013979
3263.45,0.014014
3263.93,0.014052
3264.41,0.014088
3264.89,0.014119
3265.38,0.014145
3265.86,0.014163
3266.34,0.014173
3266.82,0.014173
3267.30,0.014164
3267.79,0.014147
3268.27,0.014123
3268.75,0.014095
3269.23,0.014065
3269.72,0.014037
3270.20,0.014015
3270.68,0.014001
3271.16,0.014001
3271.64,0.014014
3272.13,0.014039
3272.61,0.014074
3273.09,0.014110
3273.57,0.014142
3274.05,0.014163
3274.54,0.014171
3275.02,0.014170
3275.50,0.014164
3275.98,0.014163
3276.47,0.014172
3276.95,0.014194
3277.43,0.014228
3277.91,0.014269
3278.39,0.014312
3278.88,0.014351
3279.36,0.014381
3279.84,0.014401
3280.32,0.014410
3280.80,0.014406
3281.29,0.014390
3281.77,0.014364
3282.25,0.014328
3282.73,0.014288
3283.22,0.014251
3283.70,0.014221
3284.18,0.014204
3284.66,0.014201
3285.14,0.014206
3285.62,0.014215
3286.11,0.014219
3286.59,0.014213
3287.07,0.014197
3287.55,0.014176
3288.04,0.014155
3288.52,0.014143
3289.00,0.014143
3289.48,0.014156
3289.96,0.014177
3290.45,0.014200
3290.93,0.014217
3291.41,0.014223
3291.89,0.014218
3292.38,0.014205
3292.86,0.014189
3293.34,0.014178
3293.82,0.014177
3294.30,0.014186
3294.78,0.014204
3295.27,0.014225
3295.75,0.014241
3296.23,0.014245
3296.71,0.014230
3297.20,0.014194
3297.68,0.014139
3298.16,0.014072
3298.64,0.014002
3299.12,0.013938
3299.61,0.013887
3300.09,0.013853
3300.57,0.013835
3301.05,0.013829
3301.53,0.013830
3302.02,0.013837
3302.50,0.013848
3302.98,0.013865
3303.46,0.013891
3303.95,0.013927
3304.43,0.013971
3304.91,0.014019
3305.39,0.014064
3305.87,0.014098
3306.36,0.014116
3306.84,0.014116
3307.32,0.014100
3307.80,0.014072
3308.28,0.014038
3308.77,0.014005
3309.25,0.013978
3309.73,0.013959
3310.21,0.013947
3310.70,0.013941
3311.18,0.013936
3311.66,0.013926
3312.14,0.013906
3312.62,0.013873
3313.11,0.013826
3313.59,0.013767
3314.07,0.013701
3314.55,0.013634
3315.03,0.013574
3315.52,0.013525
3316.00,0.013489
3316.48,0.013465
3316.96,0.013453
3317.45,0.013447
3317.93,0.013447
3318.41,0.013450
3318.89,0.013456
3319.37,0.013464
3319.86,0.013476
3320.34,0.013489
3320.82,0.013503
3321.30,0.013514
3321.78,0.013521
3322.27,0.013521
3322.75,0.013513
3323.23,0.013496
3323.71,0.013473
3324.20,0.013447
3324.68,0.013423
3325.16,0.013408
3325.64,0.013406
3326.12,0.013418
3326.61,0.013444
3327.09,0.013478
3327.57,0.013511
3328.05,0.013536
3328.53,0.013548
3329.02,0.013544
3329.50,0.013528
3329.98,0.013505
3330.46,0.013482
3330.94,0.013463
3331.43,0.013449
3331.91,0.013440
3332.39,0.013433
3332.87,0.013425
3333.36,0.013417
3333.84,0.013412
3334.32,0.013413
3334.80,0.013423
3335.28,0.013441
3335.76,0.013463
3336.25,0.013481
3336.73,0.013488
3337.21,0.013477
3337.69,0.013446
3338.18,0.013398
3338.66,0.013338
3339.14,0.013276
3339.62,0.013217
3340.10,0.013166
3340.59,0.013123
3341.07,0.013087
3341.55,0.013054
3342.03,0.013017
3342.51,0.012973
3343.00,0.012921
3343.48,0.012862
3343.96,0.012800
3344.44,0.012742
3344.93,0.012698
3345.41,0.012675
3345.89,0.012677
3346.37,0.012705
3346.85,0.012755
3347.34,0.012816
3347.82,0.012879
3348.30,0.012932
3348.78,0.012965
3349.26,0.012974
3349.75,0.012958
3350.23,0.012918
3350.71,0.012861
3351.19,0.012790
3351.68,0.012715
3352.16,0.012642
3352.64,0.012578
3353.12,0.012528
3353.60,0.012495
3354.09,0.012482
3354.57,0.012487
3355.05,0.012506
3355.53,0.012532
3356.01,0.012562
3356.50,0.012588
3356.98,0.012609
3357.46,0.012621
3357.94,0.012623
3358.43,0.012616
3358.91,0.012598
3359.39,0.012573
3359.87,0.012541
3360.35,0.012507
3360.84,0.012474
3361.32,0.012446
3361.80,0.012426
3362.28,0.012417
3362.76,0.012416
3363.25,0.012423
3363.73,0.012435
3364.21,0.012447
3364.69,0.012456
3365.17,0.012460
3365.66,0.012456
3366.14,0.012443
3366.62,0.012421
3367.10,0.012390
3367.59,0.012355
3368.07,0.012317
3368.55,0.012278
3369.03,0.012239
3369.51,0.012200
3370.00,0.012160
3370.48,0.012118
3370.96,0.012078
3371.44,0.012041
3371.92,0.012014
3372.41,0.012001
3372.89,0.012002
3373.37,0.012016
3373.85,0.012036
3374.33,0.012054
3374.82,0.012064
3375.30,0.012063
3375.78,0.012055
3376.26,0.012045
3376.74,0.012041
3377.23,0.012045
3377.71,0.012057
3378.19,0.012068
3378.67,0.012070
3379.16,0.012054
3379.64,0.012015
3380.12,0.011958
3380.60,0.011890
3381.08,0.011824
3381.57,0.011773
3382.05,0.011741
3382.53,0.011733
3383.01,0.011743
3383.49,0.011767
3383.98,0.011798
3384.46,0.011831
3384.94,0.011864
3385.42,0.011895
3385.91,0.011921
3386.39,0.011941
3386.87,0.011952
3387.35,0.011950
3387.83,0.011934
3388.32,0.011906
3388.80,0.011865
3389.28,0.011816
3389.76,0.011760
3390.24,0.011701
3390.73,0.011641
3391.21,0.011586
3391.69,0.011541
3392.17,0.011511
3392.66,0.011500
3393.14,0.011511
3393.62,0.011537
3394.10,0.011571
3394.58,0.011600
3395.07,0.011612
3395.55,0.011603
3396.03,0.011571
3396.51,0.011526
3396.99,0.011479
3397.48,0.011445
3397.96,0.011435
3398.44,0.011454
3398.92,0.011499
3399.41,0.011560
3399.89,0.011622
3400.37,0.011668
3400.85,0.011688
3401.33,0.011673
3401.82,0.011622
3402.30,0.011539
3402.78,0.011435
3403.26,0.011320
3403.74,0.011206
3404.23,0.011105
3404.71,0.011025
3405.19,0.010971
3405.67,0.010945
3406.15,0.010944
3406.64,0.010963
3407.12,0.010994
3407.60,0.011028
3408.08,0.011056
3408.57,0.011073
3409.05,0.011076
3409.53,0.011066
3410.01,0.011048
3410.49,0.011027
3410.97,0.011009
3411.46,0.010996
3411.94,0.010989
3412.42,0.010987
3412.90,0.010984
3413.39,0.010977
3413.87,0.010963
3414.35,0.010941
3414.83,0.010912
3415.31,0.010877
3415.80,0.010840
3416.28,0.010803
3416.76,0.010770
3417.24,0.010743
3417.72,0.010723
3418.21,0.010712
3418.69,0.010707
3419.17,0.010706
3419.65,0.010705
3420.14,0.010699
3420.62,0.010685
3421.10,0.010661
3421.58,0.010630
3422.06,0.010592
3422.55,0.010551
3423.03,0.010507
3423.51,0.010461
3423.99,0.010412
3424.47,0.010357
3424.96,0.010298
3425.44,0.010238
3425.92,0.010181
3426.40,0.010130
3426.89,0.010087
3427.37,0.010050
3427.85,0.010015
3428.33,0.009976
3428.81,0.009932
3429.30,0.009885
3429.78,0.009841
3430.26,0.009807
3430.74,0.009789
3431.22,0.009789
3431.71,0.009804
3432.19,0.009824
3432.67,0.009844
3433.15,0.009857
3433.64,0.009865
3434.12,0.009874
3434.60,0.009890
3435.08,0.009918
3435.56,0.009960
3436.05,0.010007
3436.53,0.010047
3437.01,0.010069
3437.49,0.010065
3437.97,0.010031
3438.46,0.009975
3438.94,0.009906
3439.42,0.009835
3439.90,0.009772
3440.39,0.009722
3440.87,0.009686
3441.35,0.009664
3441.83,0.009653
3442.31,0.009651
3442.80,0.009656
3443.28,0.009664
3443.76,0.009669
3444.24,0.009665
3444.72,0.009643
3445.21,0.009600
3445.69,0.009534
3446.17,0.009450
3446.65,0.009358
3447.13,0.009270
3447.62,0.009199
3448.10,0.009154
3448.58,0.009136
3449.06,0.009141
3449.55,0.009161
3450.03,0.009183
3450.51,0.009200
3450.99,0.009204
3451.47,0.009196
3451.95,0.009177
3452.44,0.009152
3452.92,0.009127
3453.40,0.009110
3453.88,0.009102
3454.37,0.009106
3454.85,0.009120
3455.33,0.009139
3455.81,0.009160
3456.29,0.009179
3456.78,0.009196
3457.26,0.009212
3457.74,0.009230
3458.22,0.009255
3458.70,0.009290
3459.19,0.009335
3459.67,0.009386
3460.15,0.009433
3460.63,0.009469
3461.11,0.009483
3461.60,0.009467
3462.08,0.009420
3462.56,0.009344
3463.04,0.009246
3463.53,0.009136
3464.01,0.009028
3464.49,0.008930
3464.97,0.008848
3465.45,0.008782
3465.94,0.008730
3466.42,0.008688
3466.90,0.008654
3467.38,0.008627
3467.86,0.008609
3468.35,0.008604
3468.83,0.008612
3469.31,0.008631
3469.79,0.008653
3470.28,0.008670
3470.76,0.008668
3471.24,0.008641
3471.72,0.008587
3472.20,0.008511
3472.69,0.008425
3473.17,0.008344
3473.65,0.008281
3474.13,0.008244
3474.61,0.008232
3475.10,0.008238
3475.58,0.008253
3476.06,0.008264
3476.54,0.008264
3477.03,0.008249
3477.51,0.008219
3477.99,0.008180
3478.47,0.008135
3478.95,0.008088
3479.44,0.008045
3479.92,0.008007
3480.40,0.007978
3480.88,0.007962
3481.36,0.007961
3481.85,0.007975
3482.33,0.008002
3482.81,0.008036
3483.29,0.008069
3483.78,0.008092
3484.26,0.008102
3484.74,0.008094
3485.22,0.008070
3485.70,0.008036
3486.19,0.007996
3486.67,0.007955
3487.15,0.007919
3487.63,0.007888
3488.11,0.007862
3488.60,0.007839
3489.08,0.007816
3489.56,0.007789
3490.04,0.007757
3490.53,0.007719
3491.01,0.007674
3491.49,0.007623
3491.97,0.007569
3492.45,0.007513
3492.93,0.007460
3493.42,0.007414
3493.90,0.007379
3494.38,0.007358
3494.86,0.007355
3495.35,0.007369
3495.83,0.007395
3496.31,0.007426
3496.79,0.007454
3497.27,0.007469
3497.76,0.007468
3498.24,0.007452
3498.72,0.007428
3499.20,0.007406
3499.68,0.007397
3500.17,0.007408
3500.65,0.007439
3501.13,0.007484
3501.61,0.007530
3502.09,0.007561
3502.58,0.007566
3503.06,0.007535
3503.54,0.007471
3504.02,0.007382
3504.51,0.007285
3504.99,0.007194
3505.47,0.007120
3505.95,0.007064
3506.43,0.007023
3506.92,0.006988
3507.40,0.006949
3507.88,0.006901
3508.36,0.006842
3508.84,0.006772
3509.33,0.006698
3509.81,0.006628
3510.29,0.006569
3510.77,0.006525
3511.26,0.006499
3511.74,0.006487
3512.22,0.006484
3512.70,0.006487
3513.18,0.006491
3513.67,0.006496
3514.15,0.006503
3514.63,0.006513
3515.11,0.006529
3515.59,0.006549
3516.08,0.006572
3516.56,0.006596
3517.04,0.006619
3517.52,0.006638
3518.01,0.006655
3518.49,0.006672
3518.97,0.006690
3519.45,0.006712
3519.93,0.006737
3520.42,0.006763
3520.90,0.006786
3521.38,0.006804
3521.86,0.006812
3522.34,0.006807
3522.83,0.006787
3523.31,0.006750
3523.79,0.006694
3524.27,0.006616
3524.76,0.006519
3525.24,0.006406
3525.72,0.006289
3526.20,0.006180
3526.68,0.006091
3527.17,0.006033
3527.65,0.006011
3528.13,0.006020
3528.61,0.006052
3529.09,0.006090
3529.58,0.006121
3530.06,0.006132
3530.54,0.006120
3531.02,0.006087
3531.51,0.006038
3531.99,0.005980
3532.47,0.005917
3532.95,0.005852
3533.43,0.005785
3533.91,0.005716
3534.40,0.005648
3534.88,0.005589
3535.36,0.005544
3535.84,0.005524
3536.33,0.005532
3536.81,0.005568
3537.29,0.005623
3537.77,0.005684
3538.25,0.005736
3538.74,0.005764
3539.22,0.005761
3539.70,0.005728
3540.18,0.005671
3540.66,0.005598
3541.15,0.005520
3541.63,0.005446
3542.11,0.005379
3542.59,0.005323
3543.07,0.005275
3543.56,0.005232
3544.04,0.005189
3544.52,0.005144
3545.00,0.005095
3545.49,0.005040
3545.97,0.004981
3546.45,0.004918
3546.93,0.004854
3547.41,0.004790
3547.90,0.004728
3548.38,0.004670
3548.86,0.004619
3549.34,0.004577
3549.82,0.004546
3550.31,0.004526
3550.79,0.004519
3551.27,0.004523
3551.75,0.004536
3552.24,0.004555
3552.72,0.004576
3553.20,0.004594
3553.68,0.004604
3554.16,0.004601
3554.65,0.004581
3555.13,0.004544
3555.61,0.004492
3556.09,0.004427
3556.57,0.004354
3557.06,0.004277
3557.54,0.004201
3558.02,0.004130
3558.50,0.004066
3558.99,0.004012
3559.47,0.003967
3559.95,0.003931
3560.43,0.003904
3560.91,0.003885
3561.40,0.003872
3561.88,0.003863
3562.36,0.003855
3562.84,0.003844
3563.32,0.003827
3563.81,0.003803
3564.29,0.003773
3564.77,0.003740
3565.25,0.003711
3565.74,0.003692
3566.22,0.003689
3566.70,0.003708
3567.18,0.003746
3567.66,0.003795
3568.15,0.003838
3568.63,0.003861
3569.11,0.003856
3569.59,0.003827
3570.07,0.003784
3570.56,0.003737
3571.04,0.003696
3571.52,0.003661
3572.00,0.003631
3572.49,0.003597
3572.97,0.003551
3573.45,0.003488
3573.93,0.003403
3574.41,0.003302
3574.89,0.003196
3575.38,0.003097
3575.86,0.003019
3576.34,0.002973
3576.82,0.002959
3577.31,0.002969
3577.79,0.002992
3578.27,0.003015
3578.75,0.003028
3579.23,0.003026
3579.72,0.003010
3580.20,0.002987
3580.68,0.002963
3581.16,0.002940
3581.64,0.002919
3582.13,0.002896
3582.61,0.002866
3583.09,0.002824
3583.57,0.002770
3584.05,0.002707
3584.54,0.002640
3585.02,0.002577
3585.50,0.002522
3585.98,0.002481
3586.47,0.002456
3586.95,0.002449
3587.43,0.002456
3587.91,0.002476
3588.39,0.002502
3588.88,0.002525
3589.36,0.002539
3589.84,0.002538
3590.32,0.002523
3590.80,0.002497
3591.29,0.002466
3591.77,0.002432
3592.25,0.002399
3592.73,0.002367
3593.22,0.002333
3593.70,0.002296
3594.18,0.002254
3594.66,0.002206
3595.14,0.002154
3595.63,0.002104
3596.11,0.002060
3596.59,0.002027
3597.07,0.002005
3597.55,0.001991
3598.04,0.001983
3598.52,0.001974
3599.00,0.001964
3599.48,0.001950
3599.97,0.001935
3600.45,0.001918
3600.93,0.001901
3601.41,0.001884
3601.89,0.001865
3602.38,0.001844
3602.86,0.001819
3603.34,0.001789
3603.82,0.001751
3604.30,0.001707
3604.79,0.001653
3605.27,0.001589
3605.75,0.001515
3606.23,0.001430
3606.72,0.001338
3607.20,0.001244
3607.68,0.001154
3608.16,0.001076
3608.64,0.001016
3609.12,0.000976
3609.61,0.000954
3610.09,0.000945
3610.57,0.000943
3611.05,0.000947
3611.54,0.000956
3612.02,0.000975
3612.50,0.001008
3612.98,0.001057
3613.46,0.001124
3613.95,0.001201
3614.43,0.001280
3614.91,0.001350
3615.39,0.001403
3615.88,0.001438
3616.36,0.001458
3616.84,0.001467
3617.32,0.001471
3617.80,0.001470
3618.29,0.001462
3618.77,0.001442
3619.25,0.001403
3619.73,0.001338
3620.21,0.001248
3620.70,0.001139
3621.18,0.001023
3621.66,0.000914
3622.14,0.000819
3622.62,0.000742
3623.11,0.000681
3623.59,0.000635
3624.07,0.000598
3624.55,0.000571
3625.03,0.000551
3625.52,0.000541
3626.00,0.000541
3626.48,0.000548
3626.96,0.000561
3627.45,0.000572
3627.93,0.000572
3628.41,0.000550
3628.89,0.000493
3629.37,0.000398
3629.86,0.000276
3630.34,0.000157
3630.82,0.000072
3631.30,0.000035
3631.78,0.000040
3632.27,0.000069
3632.75,0.000103
3633.23,0.000126
3633.71,0.000131
3634.20,0.000111
3634.68,0.000070
3635.16,0.000019
3635.64,-0.000026
3636.12,-0.000053
3636.61,-0.000050
3637.09,-0.000018
3637.57,0.000036
3638.05,0.000097
3638.53,0.000149
3639.02,0.000179
3639.50,0.000180
3639.98,0.000157
3640.46,0.000118
3640.95,0.000078
3641.43,0.000047
3641.91,0.000030
3642.39,0.000024
3642.87,0.000020
3643.36,0.000010
3643.84,-0.000011
3644.32,-0.000039
3644.80,-0.000067
3645.28,-0.000083
3645.77,-0.000079
3646.25,-0.000051
3646.73,-0.000005
3647.21,0.000047
3647.70,0.000084
3648.18,0.000088
3648.66,0.000046
3649.14,-0.000037
3649.62,-0.000141
3650.11,-0.000238
3650.59,-0.000306
3651.07,-0.000344
3651.55,-0.000360
3652.03,-0.000369
3652.52,-0.000379
3653.00,-0.000389
3653.48,-0.000392
3653.96,-0.000385
3654.44,-0.000367
3654.93,-0.000340
3655.41,-0.000308
3655.89,-0.000278
3656.37,-0.000257
3656.86,-0.000249
3657.34,-0.000254
3657.82,-0.000270
3658.30,-0.000294
3658.78,-0.000324
3659.27,-0.000361
3659.75,-0.000408
3660.23,-0.000465
3660.71,-0.000531
3661.19,-0.000601
3661.68,-0.000666
3662.16,-0.000717
3662.64,-0.000749
3663.12,-0.000758
3663.60,-0.000745
3664.09,-0.000712
3664.57,-0.000664
3665.05,-0.000607
3665.53,-0.000545
3666.01,-0.000485
3666.50,-0.000432
3666.98,-0.000390
3667.46,-0.000363
3667.94,-0.000351
3668.43,-0.000353
3668.91,-0.000365
3669.39,-0.000381
3669.87,-0.000398
3670.35,-0.000413
3670.84,-0.000425
3671.32,-0.000432
3671.80,-0.000430
3672.28,-0.000414
3672.76,-0.000381
3673.25,-0.000332
3673.73,-0.000274
3674.21,-0.000224
3674.69,-0.000207
3675.18,-0.000255
3675.66,-0.000402
3676.14,-0.000659
3676.62,-0.000984
3677.10,-0.001278
3677.59,-0.001453
3678.07,-0.001483
3678.55,-0.001401
3679.03,-0.001262
3679.51,-0.001114
3680.00,-0.000992
3680.48,-0.000910
3680.96,-0.000871
3681.44,-0.000863
3681.93,-0.000870
3682.41,-0.000878
3682.89,-0.000879
3683.37,-0.000878
3683.85,-0.000882
3684.34,-0.000903
3684.82,-0.000944
3685.30,-0.001003
3685.78,-0.001071
3686.26,-0.001132
3686.75,-0.001171
3687.23,-0.001176
3687.71,-0.001139
3688.19,-0.001059
3688.68,-0.000943
3689.16,-0.000807
3689.64,-0.000678
3690.12,-0.000581
3690.60,-0.000540
3691.09,-0.000560
3691.57,-0.000631
3692.05,-0.000736
3692.53,-0.000852
3693.01,-0.000962
3693.50,-0.001052
3693.98,-0.001118
3694.46,-0.001161
3694.94,-0.001186
3695.42,-0.001201
3695.91,-0.001217
3696.39,-0.001239
3696.87,-0.001273
3697.35,-0.001320
3697.84,-0.001378
3698.32,-0.001442
3698.80,-0.001507
3699.28,-0.001568
3699.76,-0.001622
3700.24,-0.001666
3700.73,-0.001698
3701.21,-0.001714
3701.69,-0.001709
3702.17,-0.001679
3702.66,-0.001625
3703.14,-0.001552
3703.62,-0.001468
3704.10,-0.001381
3704.58,-0.001298
3705.07,-0.001221
3705.55,-0.001149
3706.03,-0.001082
3706.51,-0.001019
3706.99,-0.000964
3707.48,-0.000922
3707.96,-0.000899
3708.44,-0.000902
3708.92,-0.000931
3709.41,-0.000987
3709.89,-0.001063
3710.37,-0.001149
3710.85,-0.001237
3711.33,-0.001315
3711.82,-0.001378
3712.30,-0.001423
3712.78,-0.001452
3713.26,-0.001467
3713.74,-0.001470
3714.23,-0.001461
3714.71,-0.001442
3715.19,-0.001415
3715.67,-0.001385
3716.16,-0.001357
3716.64,-0.001336
3717.12,-0.001324
3717.60,-0.001325
3718.08,-0.001336
3718.57,-0.001353
3719.05,-0.001368
3719.53,-0.001372
3720.01,-0.001358
3720.49,-0.001320
3720.98,-0.001256
3721.46,-0.001170
3721.94,-0.001068
3722.42,-0.000961
3722.91,-0.000860
3723.39,-0.000776
3723.87,-0.000718
3724.35,-0.000688
3724.83,-0.000683
3725.32,-0.000696
3725.80,-0.000720
3726.28,-0.000750
3726.76,-0.000784
3727.24,-0.000821
3727.73,-0.000860
3728.21,-0.000901
3728.69,-0.000940
3729.17,-0.000973
3729.66,-0.000996
3730.14,-0.001010
3730.62,-0.001017
3731.10,-0.001020
3731.58,-0.001024
3732.07,-0.001031
3732.55,-0.001040
3733.03,-0.001043
3733.51,-0.001031
3733.99,-0.000998
3734.48,-0.000944
3734.96,-0.000884
3735.44,-0.000844
3735.92,-0.000855
3736.40,-0.000934
3736.89,-0.001077
3737.37,-0.001247
3737.85,-0.001396
3738.33,-0.001488
3738.82,-0.001515
3739.30,-0.001488
3739.78,-0.001431
3740.26,-0.001365
3740.74,-0.001306
3741.22,-0.001261
3741.71,-0.001226
3742.19,-0.001192
3742.67,-0.001147
3743.15,-0.001082
3743.64,-0.000995
3744.12,-0.000894
3744.60,-0.000796
3745.08,-0.000727
3745.56,-0.000705
3746.05,-0.000729
3746.53,-0.000769
3747.01,-0.000797
3747.49,-0.000797
3747.97,-0.000771
3748.46,-0.000733
3748.94,-0.000699
3749.42,-0.000685
3749.90,-0.000703
3750.39,-0.000757
3750.87,-0.000839
3751.35,-0.000935
3751.83,-0.001024
3752.31,-0.001094
3752.80,-0.001145
3753.28,-0.001183
3753.76,-0.001212
3754.24,-0.001235
3754.72,-0.001250
3755.21,-0.001254
3755.69,-0.001246
3756.17,-0.001229
3756.65,-0.001206
3757.14,-0.001181
3757.62,-0.001159
3758.10,-0.001140
3758.58,-0.001129
3759.06,-0.001123
3759.55,-0.001124
3760.03,-0.001131
3760.51,-0.001142
3760.99,-0.001154
3761.47,-0.001164
3761.96,-0.001168
3762.44,-0.001162
3762.92,-0.001145
3763.40,-0.001121
3763.89,-0.001092
3764.37,-0.001063
3764.85,-0.001037
3765.33,-0.001013
3765.81,-0.000989
3766.30,-0.000959
3766.78,-0.000918
3767.26,-0.000861
3767.74,-0.000794
3768.22,-0.000725
3768.71,-0.000665
3769.19,-0.000627
3769.67,-0.000620
3770.15,-0.000649
3770.64,-0.000710
3771.12,-0.000791
3771.60,-0.000871
3772.08,-0.000936
3772.56,-0.000973
3773.05,-0.000984
3773.53,-0.000973
3774.01,-0.000950
3774.49,-0.000922
3774.97,-0.000894
3775.46,-0.000869
3775.94,-0.000846
3776.42,-0.000826
3776.90,-0.000806
3777.38,-0.000789
3777.87,-0.000779
3778.35,-0.000785
3778.83,-0.000815
3779.31,-0.000877
3779.80,-0.000970
3780.28,-0.001082
3780.76,-0.001191
3781.24,-0.001269
3781.72,-0.001297
3782.20,-0.001271
3782.69,-0.001202
3783.17,-0.001110
3783.65,-0.001020
3784.13,-0.000952
3784.62,-0.000921
3785.10,-0.000932
3785.58,-0.000976
3786.06,-0.001036
3786.54,-0.001090
3787.03,-0.001122
3787.51,-0.001128
3787.99,-0.001112
3788.47,-0.001086
3788.95,-0.001063
3789.44,-0.001052
3789.92,-0.001058
3790.40,-0.001079
3790.88,-0.001110
3791.36,-0.001144
3791.85,-0.001174
3792.33,-0.001198
3792.81,-0.001211
3793.29,-0.001215
3793.78,-0.001208
3794.26,-0.001196
3794.74,-0.001181
3795.22,-0.001173
3795.70,-0.001177
3796.19,-0.001202
3796.67,-0.001249
3797.15,-0.001312
3797.63,-0.001377
3798.11,-0.001426
3798.60,-0.001443
3799.08,-0.001423
3799.56,-0.001372
3800.04,-0.001305
3800.53,-0.001241
3801.01,-0.001199
3801.49,-0.001199
3801.97,-0.001247
3802.45,-0.001336
3802.94,-0.001432
3803.42,-0.001495
3803.90,-0.001499
3804.38,-0.001440
3804.86,-0.001331
3805.35,-0.001194
3805.83,-0.001046
3806.31,-0.000908
3806.79,-0.000797
3807.28,-0.000735
3807.76,-0.000735
3808.24,-0.000794
3808.72,-0.000888
3809.20,-0.000985
3809.69,-0.001054
3810.17,-0.001081
3810.65,-0.001068
3811.13,-0.001026
3811.61,-0.000972
3812.10,-0.000920
3812.58,-0.000882
3813.06,-0.000863
3813.54,-0.000858
3814.03,-0.000859
3814.51,-0.000855
3814.99,-0.000837
3815.47,-0.000800
3815.95,-0.000750
3816.44,-0.000697
3816.92,-0.000660
3817.40,-0.000650
3817.88,-0.000669
3818.36,-0.000703
3818.85,-0.000738
3819.33,-0.000760
3819.81,-0.000768
3820.29,-0.000767
3820.78,-0.000769
3821.26,-0.000794
3821.74,-0.000856
3822.22,-0.000956
3822.70,-0.001075
3823.18,-0.001179
3823.67,-0.001242
3824.15,-0.001254
3824.63,-0.001226
3825.11,-0.001172
3825.60,-0.001111
3826.08,-0.001058
3826.56,-0.001026
3827.04,-0.001022
3827.52,-0.001047
3828.01,-0.001090
3828.49,-0.001139
3828.97,-0.001178
3829.45,-0.001199
3829.93,-0.001200
3830.42,-0.001186
3830.90,-0.001166
3831.38,-0.001147
3831.86,-0.001137
3832.34,-0.001140
3832.83,-0.001156
3833.31,-0.001183
3833.79,-0.001217
3834.27,-0.001252
3834.76,-0.001285
3835.24,-0.001313
3835.72,-0.001330
3836.20,-0.001332
3836.68,-0.001315
3837.17,-0.001276
3837.65,-0.001218
3838.13,-0.001151
3838.61,-0.001092
3839.09,-0.001057
3839.58,-0.001059
3840.06,-0.001094
3840.54,-0.001151
3841.02,-0.001207
3841.51,-0.001243
3841.99,-0.001248
3842.47,-0.001220
3842.95,-0.001167
3843.43,-0.001102
3843.92,-0.001035
3844.40,-0.000980
3844.88,-0.000940
3845.36,-0.000917
3845.84,-0.000906
3846.33,-0.000902
3846.81,-0.000897
3847.29,-0.000889
3847.77,-0.000877
3848.26,-0.000864
3848.74,-0.000849
3849.22,-0.000834
3849.70,-0.000817
3850.18,-0.000795
3850.67,-0.000762
3851.15,-0.000714
3851.63,-0.000651
3852.11,-0.000577
3852.59,-0.000506
3853.08,-0.000462
3853.56,-0.000481
3854.04,-0.000595
3854.52,-0.000801
3855.01,-0.001049
3855.49,-0.001258
3855.97,-0.001377
3856.45,-0.001401
3856.93,-0.001355
3857.42,-0.001265
3857.90,-0.001157
3858.38,-0.001050
3858.86,-0.000954
3859.34,-0.000874
3859.83,-0.000814
3860.31,-0.000770
3860.79,-0.000740
3861.27,-0.000718
3861.76,-0.000702
3862.24,-0.000686
3862.72,-0.000664
3863.20,-0.000635
3863.68,-0.000597
3864.16,-0.000555
3864.65,-0.000518
3865.13,-0.000498
3865.61,-0.000502
3866.09,-0.000527
3866.58,-0.000560
3867.06,-0.000583
3867.54,-0.000578
3868.02,-0.000537
3868.50,-0.000461
3868.99,-0.000361
3869.47,-0.000258
3869.95,-0.000178
3870.43,-0.000146
3870.91,-0.000177
3871.40,-0.000264
3871.88,-0.000373
3872.36,-0.000469
3872.84,-0.000534
3873.32,-0.000571
3873.81,-0.000597
3874.29,-0.000632
3874.77,-0.000691
3875.25,-0.000778
3875.74,-0.000880
3876.22,-0.000974
3876.70,-0.001038
3877.18,-0.001060
3877.66,-0.001038
3878.15,-0.000979
3878.63,-0.000895
3879.11,-0.000796
3879.59,-0.000695
3880.07,-0.000603
3880.56,-0.000535
3881.04,-0.000502
3881.52,-0.000511
3882.00,-0.000560
3882.49,-0.000632
3882.97,-0.000704
3883.45,-0.000756
3883.93,-0.000779
3884.41,-0.000769
3884.90,-0.000734
3885.38,-0.000688
3885.86,-0.000648
3886.34,-0.000631
3886.82,-0.000644
3887.31,-0.000679
3887.79,-0.000718
3888.27,-0.000741
3888.75,-0.000739
3889.24,-0.000712
3889.72,-0.000670
3890.20,-0.000625
3890.68,-0.000593
3891.16,-0.000583
3891.65,-0.000603
3892.13,-0.000650
3892.61,-0.000710
3893.09,-0.000766
3893.57,-0.000804
3894.06,-0.000820
3894.54,-0.000817
3895.02,-0.000803
3895.50,-0.000786
3895.99,-0.000770
3896.47,-0.000758
3896.95,-0.000748
3897.43,-0.000740
3897.91,-0.000735
3898.40,-0.000732
3898.88,-0.000735
3899.36,-0.000747
3899.84,-0.000770
3900.32,-0.000802
3900.81,-0.000837
3901.29,-0.000868
3901.77,-0.000883
3902.25,-0.000878
3902.73,-0.000851
3903.22,-0.000808
3903.70,-0.000759
3904.18,-0.000718
3904.66,-0.000697
3905.14,-0.000704
3905.63,-0.000737
3906.11,-0.000789
3906.59,-0.000845
3907.07,-0.000896
3907.56,-0.000936
3908.04,-0.000964
3908.52,-0.000983
3909.00,-0.000998
3909.48,-0.001012
3909.97,-0.001025
3910.45,-0.001037
3910.93,-0.001044
3911.41,-0.001044
3911.89,-0.001033
3912.38,-0.001011
3912.86,-0.000979
3913.34,-0.000938
3913.82,-0.000889
3914.30,-0.000835
3914.79,-0.000776
3915.27,-0.000716
3915.75,-0.000656
3916.23,-0.000602
3916.72,-0.000560
3917.20,-0.000533
3917.68,-0.000526
3918.16,-0.000535
3918.64,-0.000555
3919.13,-0.000577
3919.61,-0.000593
3920.09,-0.000600
3920.57,-0.000597
3921.05,-0.000587
3921.54,-0.000573
3922.02,-0.000560
3922.50,-0.000552
3922.98,-0.000551
3923.47,-0.000561
3923.95,-0.000583
3924.43,-0.000617
3924.91,-0.000662
3925.39,-0.000713
3925.88,-0.000762
3926.36,-0.000800
3926.84,-0.000820
3927.32,-0.000822
3927.80,-0.000809
3928.29,-0.000789
3928.77,-0.000769
3929.25,-0.000758
3929.73,-0.000757
3930.22,-0.000769
3930.70,-0.000792
3931.18,-0.000825
3931.66,-0.000865
3932.14,-0.000911
3932.63,-0.000961
3933.11,-0.001011
3933.59,-0.001054
3934.07,-0.001081
3934.55,-0.001082
3935.04,-0.001054
3935.52,-0.000997
3936.00,-0.000918
3936.48,-0.000828
3936.97,-0.000743
3937.45,-0.000675
3937.93,-0.000633
3938.41,-0.000622
3938.89,-0.000639
3939.38,-0.000673
3939.86,-0.000712
3940.34,-0.000739
3940.82,-0.000745
3941.30,-0.000722
3941.79,-0.000672
3942.27,-0.000606
3942.75,-0.000538
3943.23,-0.000487
3943.71,-0.000466
3944.20,-0.000481
3944.68,-0.000528
3945.16,-0.000591
3945.64,-0.000651
3946.12,-0.000695
3946.61,-0.000715
3947.09,-0.000713
3947.57,-0.000698
3948.05,-0.000683
3948.54,-0.000681
3949.02,-0.000699
3949.50,-0.000738
3949.98,-0.000792
3950.46,-0.000848
3950.95,-0.000896
3951.43,-0.000929
3951.91,-0.000945
3952.39,-0.000945
3952.88,-0.000933
3953.36,-0.000912
3953.84,-0.000884
3954.32,-0.000848
3954.80,-0.000805
3955.28,-0.000757
3955.77,-0.000706
3956.25,-0.000656
3956.73,-0.000612
3957.21,-0.000577
3957.70,-0.000553
3958.18,-0.000540
3958.66,-0.000536
3959.14,-0.000541
3959.62,-0.000554
3960.11,-0.000575
3960.59,-0.000605
3961.07,-0.000641
3961.55,-0.000682
3962.03,-0.000723
3962.52,-0.000760
3963.00,-0.000790
3963.48,-0.000811
3963.96,-0.000823
3964.45,-0.000826
3964.93,-0.000821
3965.41,-0.000806
3965.89,-0.000782
3966.37,-0.000747
3966.86,-0.000702
3967.34,-0.000651
3967.82,-0.000597
3968.30,-0.000546
3968.78,-0.000505
3969.27,-0.000476
3969.75,-0.000460
3970.23,-0.000455
3970.71,-0.000457
3971.20,-0.000461
3971.68,-0.000464
3972.16,-0.000463
3972.64,-0.000457
3973.12,-0.000450
3973.61,-0.000443
3974.09,-0.000438
3974.57,-0.000438
3975.05,-0.000442
3975.53,-0.000452
3976.02,-0.000467
3976.50,-0.000485
3976.98,-0.000505
3977.46,-0.000526
3977.95,-0.000545
3978.43,-0.000561
3978.91,-0.000574
3979.39,-0.000583
3979.87,-0.000587
3980.36,-0.000586
3980.84,-0.000581
3981.32,-0.000572
3981.80,-0.000559
3982.28,-0.000541
3982.77,-0.000519
3983.25,-0.000493
3983.73,-0.000465
3984.21,-0.000438
3984.69,-0.000415
3985.18,-0.000400
3985.66,-0.000397
3986.14,-0.000406
3986.62,-0.000427
3987.11,-0.000455
3987.59,-0.000484
3988.07,-0.000507
3988.55,-0.000517
3989.03,-0.000510
3989.51,-0.000487
3990.00,-0.000449
3990.48,-0.000402
3990.96,-0.000352
3991.44,-0.000307
3991.93,-0.000272
3992.41,-0.000249
3992.89,-0.000239
3993.37,-0.000241
3993.85,-0.000252
3994.34,-0.000268
3994.82,-0.000286
3995.30,-0.000303
3995.78,-0.000319
3996.26,-0.000333
3996.75,-0.000348
3997.23,-0.000369
3997.71,-0.000399
3998.19,-0.000441
3998.68,-0.000493
3999.16,-0.000551
3999.64,-0.000606
4000.12,-0.000650
