波数(cm-1),吸光度
399.67,0.000000
400.16,0.041043
400.64,0.048403
401.12,0.054855
401.60,0.060595
402.09,0.066084
402.57,0.071668
403.05,0.077308
403.53,0.082528
404.01,0.086486
404.50,0.088400
404.98,0.087943
405.46,0.085407
405.94,0.081536
406.42,0.077188
406.91,0.073087
407.39,0.069623
407.87,0.066889
408.35,0.064780
408.83,0.063130
409.32,0.061815
409.80,0.060793
410.28,0.060066
410.76,0.059627
411.25,0.059422
411.73,0.059372
412.21,0.059405
412.69,0.059506
413.17,0.059724
413.66,0.060124
414.14,0.060730
414.62,0.061512
415.10,0.062392
415.58,0.063308
416.07,0.064275
416.55,0.065417
417.03,0.066929
417.51,0.068975
418.00,0.071477
418.48,0.073898
418.96,0.075269
419.44,0.074777
419.92,0.072503
420.41,0.069312
420.89,0.066136
421.37,0.063462
421.85,0.061410
422.33,0.059848
422.82,0.058578
423.30,0.057471
423.78,0.056592
424.26,0.056175
424.74,0.056557
425.23,0.057974
425.71,0.060419
426.19,0.063605
426.67,0.067032
427.16,0.070146
427.64,0.072513
428.12,0.073994
428.60,0.074717
429.08,0.074969
429.57,0.075011
430.05,0.074967
430.53,0.074794
431.01,0.074355
431.49,0.073525
431.98,0.072309
432.46,0.070855
432.94,0.069399
433.42,0.068156
433.90,0.067250
434.39,0.066701
434.87,0.066448
435.35,0.066415
435.83,0.066549
436.32,0.066846
436.80,0.067321
437.28,0.067956
437.76,0.068670
438.24,0.069343
438.73,0.069861
439.21,0.070179
439.69,0.070344
440.17,0.070470
440.65,0.070674
441.14,0.071023
441.62,0.071480
442.10,0.071921
442.58,0.072196
443.07,0.072224
443.55,0.072040
444.03,0.071781
444.51,0.071590
444.99,0.071526
445.48,0.071545
445.96,0.071524
446.44,0.071343
446.92,0.070960
447.40,0.070454
447.89,0.069979
448.37,0.069695
448.85,0.069665
449.33,0.069837
449.81,0.070066
450.30,0.070207
450.78,0.070179
451.26,0.070030
451.74,0.069912
452.23,0.070015
452.71,0.070460
453.19,0.071223
453.67,0.072143
454.15,0.073008
454.64,0.073679
455.12,0.074138
455.60,0.074500
456.08,0.074945
456.56,0.075643
457.05,0.076657
457.53,0.077887
458.01,0.079095
458.49,0.080048
458.98,0.080651
459.46,0.080971
459.94,0.081141
460.42,0.081262
460.90,0.081350
461.39,0.081347
461.87,0.081172
462.35,0.080792
462.83,0.080256
463.31,0.079701
463.80,0.079293
464.28,0.079148
464.76,0.079307
465.24,0.079731
465.72,0.080338
466.21,0.081045
466.69,0.081806
467.17,0.082609
467.65,0.083447
468.14,0.084289
468.62,0.085065
469.10,0.085684
469.58,0.086091
470.06,0.086292
470.55,0.086369
471.03,0.086434
471.51,0.086570
471.99,0.086775
472.47,0.086946
472.96,0.086915
473.44,0.086565
473.92,0.085909
474.40,0.085091
474.88,0.084311
475.37,0.083721
475.85,0.083379
476.33,0.083224
476.81,0.083122
477.30,0.082915
477.78,0.082514
478.26,0.081934
478.74,0.081291
479.22,0.080730
479.71,0.080358
480.19,0.080208
480.67,0.080236
481.15,0.080360
481.63,0.080500
482.12,0.080632
482.60,0.080780
483.08,0.080986
483.56,0.081266
484.05,0.081578
484.53,0.081824
485.01,0.081902
485.49,0.081750
485.97,0.081386
486.46,0.080891
486.94,0.080376
487.42,0.079922
487.90,0.079562
488.38,0.079285
488.87,0.079062
489.35,0.078879
489.83,0.078755
490.31,0.078735
490.79,0.078862
491.28,0.079147
491.76,0.079551
492.24,0.079995
492.72,0.080392
493.21,0.080691
493.69,0.080891
494.17,0.081035
494.65,0.081170
495.13,0.081320
495.62,0.081473
496.10,0.081604
496.58,0.081701
497.06,0.081796
497.54,0.081957
498.03,0.082271
498.51,0.082790
498.99,0.083506
499.47,0.084339
499.95,0.085171
500.44,0.085891
500.92,0.086437
501.40,0.086824
501.88,0.087130
502.37,0.087447
502.85,0.087826
503.33,0.088244
503.81,0.088632
504.29,0.088920
504.78,0.089088
505.26,0.089175
505.74,0.089266
506.22,0.089452
506.70,0.089787
507.19,0.090265
507.67,0.090833
508.15,0.091429
508.63,0.092027
509.12,0.092653
509.60,0.093362
510.08,0.094198
510.56,0.095153
511.04,0.096155
511.53,0.097095
512.01,0.097866
512.49,0.098431
512.97,0.098832
513.45,0.099178
513.94,0.099586
514.42,0.100136
514.90,0.100840
515.38,0.101653
515.86,0.102499
516.35,0.103316
516.83,0.104092
517.31,0.104850
517.79,0.105627
518.28,0.106432
518.76,0.107226
519.24,0.107952
519.72,0.108577
520.20,0.109125
520.69,0.109682
521.17,0.110358
521.65,0.111244
522.13,0.112364
522.61,0.113670
523.10,0.115064
523.58,0.116451
524.06,0.117781
524.54,0.119068
525.03,0.120374
525.51,0.121766
525.99,0.123264
526.47,0.124816
526.95,0.126326
527.44,0.127708
527.92,0.128952
528.40,0.130128
528.88,0.131358
529.36,0.132754
529.85,0.134374
530.33,0.136200
530.81,0.138153
531.29,0.140133
531.77,0.142077
532.26,0.143977
532.74,0.145879
533.22,0.147832
533.70,0.149849
534.19,0.151894
534.67,0.153899
535.15,0.155815
535.63,0.157657
536.11,0.159517
536.60,0.161534
537.08,0.163843
537.56,0.166508
538.04,0.169512
538.52,0.172773
539.01,0.176201
539.49,0.179744
539.97,0.183412
540.45,0.187255
540.93,0.191310
541.42,0.195556
541.90,0.199911
542.38,0.204250
542.86,0.208485
543.35,0.212615
543.83,0.216735
544.31,0.220990
544.79,0.225501
545.27,0.230307
545.76,0.235347
546.24,0.240504
546.72,0.245685
547.20,0.250904
547.68,0.256287
548.17,0.262026
548.65,0.268261
549.13,0.275019
549.61,0.282172
550.10,0.289518
550.58,0.296858
551.06,0.304116
551.54,0.311356
552.02,0.318725
552.51,0.326336
552.99,0.334171
553.47,0.342050
553.95,0.349708
554.43,0.356920
554.92,0.363596
555.40,0.369826
555.88,0.375779
556.36,0.381580
556.84,0.387186
557.33,0.392366
557.81,0.396785
558.29,0.400176
558.77,0.402437
559.26,0.403669
559.74,0.404064
560.22,0.403790
560.70,0.402878
561.18,0.401238
561.67,0.398741
562.15,0.395356
562.63,0.391216
563.11,0.386593
563.59,0.381780
564.08,0.376965
564.56,0.372179
565.04,0.367316
565.52,0.362237
566.00,0.356869
566.49,0.351277
566.97,0.345634
567.45,0.340147
567.93,0.334946
568.42,0.330045
568.90,0.325347
569.38,0.320726
569.86,0.316104
570.34,0.311493
570.83,0.306978
571.31,0.302655
571.79,0.298560
572.27,0.294642
572.75,0.290777
573.24,0.286830
573.72,0.282721
574.20,0.278447
574.68,0.274077
575.17,0.269701
575.65,0.265389
576.13,0.261157
576.61,0.256985
577.09,0.252849
577.58,0.248765
578.06,0.244794
578.54,0.241026
579.02,0.237522
579.50,0.234295
579.99,0.231293
580.47,0.228424
580.95,0.225600
581.43,0.222784
581.91,0.220009
582.40,0.217360
582.88,0.214928
583.36,0.212759
583.84,0.210841
584.33,0.209110
584.81,0.207489
585.29,0.205929
585.77,0.204435
586.25,0.203067
586.74,0.201904
587.22,0.201011
587.70,0.200405
588.18,0.200064
588.66,0.199946
589.15,0.200023
589.63,0.200298
590.11,0.200808
590.59,0.201605
591.08,0.202718
591.56,0.204133
592.04,0.205786
592.52,0.207596
593.00,0.209502
593.49,0.211491
593.97,0.213602
594.45,0.215885
594.93,0.218372
595.41,0.221040
595.90,0.223810
596.38,0.226567
596.86,0.229202
597.34,0.231646
597.82,0.233867
598.31,0.235858
598.79,0.237590
599.27,0.238994
599.75,0.239967
600.24,0.240404
600.72,0.240244
601.20,0.239495
601.68,0.238220
602.16,0.236497
602.65,0.234370
603.13,0.231833
603.61,0.228846
604.09,0.225380
604.57,0.221455
605.06,0.217157
605.54,0.212616
606.02,0.207969
606.50,0.203318
606.98,0.198708
607.47,0.194145
607.95,0.189624
608.43,0.185152
608.91,0.180765
609.40,0.176512
609.88,0.172429
610.36,0.168528
610.84,0.164781
611.32,0.161138
611.81,0.157552
612.29,0.153998
612.77,0.150483
613.25,0.147039
613.73,0.143700
614.22,0.140486
614.70,0.137397
615.18,0.134415
615.66,0.131524
616.15,0.128717
616.63,0.126004
617.11,0.123405
617.59,0.120937
618.07,0.118602
618.56,0.116386
619.04,0.114262
619.52,0.112209
620.00,0.110211
620.48,0.108272
620.97,0.106402
621.45,0.104608
621.93,0.102889
622.41,0.101232
622.89,0.099614
623.38,0.098019
623.86,0.096440
624.34,0.094889
624.82,0.093386
625.31,0.091961
625.79,0.090633
626.27,0.089410
626.75,0.088287
627.23,0.087251
627.72,0.086288
628.20,0.085383
628.68,0.084524
629.16,0.083700
629.64,0.082898
630.13,0.082106
630.61,0.081312
631.09,0.080516
631.57,0.079724
632.05,0.078948
632.54,0.078206
633.02,0.077506
633.50,0.076849
633.98,0.076228
634.47,0.075630
634.95,0.075046
635.43,0.074475
635.91,0.073924
636.39,0.073403
636.88,0.072923
637.36,0.072485
637.84,0.072083
638.32,0.071708
638.80,0.071350
639.29,0.071004
639.77,0.070666
640.25,0.070339
640.73,0.070021
641.22,0.069708
641.70,0.069390
642.18,0.069059
642.66,0.068709
643.14,0.068344
643.63,0.067969
644.11,0.067594
644.59,0.067227
645.07,0.066870
645.55,0.066523
646.04,0.066182
646.52,0.065848
647.00,0.065526
647.48,0.065222
647.96,0.064941
648.45,0.064683
648.93,0.064437
649.41,0.064191
649.89,0.063934
650.38,0.063664
650.86,0.063388
651.34,0.063122
651.82,0.062882
652.30,0.062676
652.79,0.062503
653.27,0.062351
653.75,0.062208
654.23,0.062064
654.71,0.061922
655.20,0.061788
655.68,0.061672
656.16,0.061575
656.64,0.061489
657.13,0.061394
657.61,0.061268
658.09,0.061097
658.57,0.060882
659.05,0.060643
659.54,0.060406
660.02,0.060203
660.50,0.060056
660.98,0.059973
661.46,0.059950
661.95,0.059978
662.43,0.060043
662.91,0.060131
663.39,0.060230
663.87,0.060327
664.36,0.060405
664.84,0.060450
665.32,0.060451
665.80,0.060397
666.29,0.060288
666.77,0.060126
667.25,0.059924
667.73,0.059705
668.21,0.059493
668.70,0.059310
669.18,0.059159
669.66,0.059030
670.14,0.058909
670.62,0.058795
671.11,0.058687
671.59,0.058586
672.07,0.058492
672.55,0.058401
673.03,0.058305
673.52,0.058198
674.00,0.058078
674.48,0.057947
674.96,0.057811
675.45,0.057678
675.93,0.057552
676.41,0.057434
676.89,0.057322
677.37,0.057217
677.86,0.057118
678.34,0.057028
678.82,0.056950
679.30,0.056885
679.78,0.056830
680.27,0.056781
680.75,0.056733
681.23,0.056688
681.71,0.056646
682.20,0.056616
682.68,0.056601
683.16,0.056600
683.64,0.056604
684.12,0.056600
684.61,0.056573
685.09,0.056516
685.57,0.056431
686.05,0.056326
686.53,0.056215
687.02,0.056111
687.50,0.056018
687.98,0.055938
688.46,0.055868
688.94,0.055806
689.43,0.055753
689.91,0.055714
690.39,0.055692
690.87,0.055689
691.36,0.055700
691.84,0.055715
692.32,0.055723
692.80,0.055716
693.28,0.055692
693.77,0.055653
694.25,0.055601
694.73,0.055536
695.21,0.055457
695.69,0.055357
696.18,0.055234
696.66,0.055091
697.14,0.054938
697.62,0.054792
698.11,0.054668
698.59,0.054573
699.07,0.054508
699.55,0.054462
700.03,0.054424
700.52,0.054384
701.00,0.054339
701.48,0.054294
701.96,0.054259
702.44,0.054241
702.93,0.054244
703.41,0.054264
703.89,0.054293
704.37,0.054321
704.85,0.054339
705.34,0.054343
705.82,0.054334
706.30,0.054311
706.78,0.054277
707.27,0.054233
707.75,0.054183
708.23,0.054132
708.71,0.054088
709.19,0.054057
709.68,0.054041
710.16,0.054035
710.64,0.054031
711.12,0.054016
711.60,0.053981
712.09,0.053925
712.57,0.053854
713.05,0.053779
713.53,0.053711
714.01,0.053658
714.50,0.053617
714.98,0.053582
715.46,0.053546
715.94,0.053502
716.43,0.053452
716.91,0.053402
717.39,0.053357
717.87,0.053319
718.35,0.053284
718.84,0.053247
719.32,0.053199
719.80,0.053136
720.28,0.053063
720.76,0.052986
721.25,0.052916
721.73,0.052858
722.21,0.052812
722.69,0.052774
723.17,0.052739
723.66,0.052705
724.14,0.052673
724.62,0.052645
725.10,0.052622
725.59,0.052597
726.07,0.052560
726.55,0.052498
727.03,0.052402
727.51,0.052274
728.00,0.052127
728.48,0.051984
728.96,0.051865
729.44,0.051785
729.92,0.051746
730.41,0.051738
730.89,0.051743
731.37,0.051744
731.85,0.051730
732.34,0.051699
732.82,0.051657
733.30,0.051614
733.78,0.051578
734.26,0.051552
734.75,0.051535
735.23,0.051524
735.71,0.051512
736.19,0.051494
736.67,0.051462
737.16,0.051410
737.64,0.051333
738.12,0.051229
738.60,0.051102
739.08,0.050966
739.57,0.050839
740.05,0.050742
740.53,0.050688
741.01,0.050683
741.50,0.050717
741.98,0.050773
742.46,0.050832
742.94,0.050876
743.42,0.050898
743.91,0.050900
744.39,0.050890
744.87,0.050878
745.35,0.050868
745.83,0.050864
746.32,0.050865
746.80,0.050870
747.28,0.050881
747.76,0.050900
748.25,0.050930
748.73,0.050969
749.21,0.051012
749.69,0.051051
750.17,0.051078
750.66,0.051088
751.14,0.051084
751.62,0.051070
752.10,0.051051
752.58,0.051031
753.07,0.051008
753.55,0.050979
754.03,0.050938
754.51,0.050883
754.99,0.050818
755.48,0.050748
755.96,0.050679
756.44,0.050615
756.92,0.050554
757.41,0.050490
757.89,0.050419
758.37,0.050338
758.85,0.050247
759.33,0.050152
759.82,0.050060
760.30,0.049976
760.78,0.049900
761.26,0.049832
761.74,0.049768
762.23,0.049706
762.71,0.049643
763.19,0.049581
763.67,0.049519
764.15,0.049456
764.64,0.049389
765.12,0.049316
765.60,0.049239
766.08,0.049162
766.57,0.049093
767.05,0.049042
767.53,0.049010
768.01,0.048993
768.49,0.048980
768.98,0.048956
769.46,0.048910
769.94,0.048835
770.42,0.048739
770.90,0.048635
771.39,0.048541
771.87,0.048471
772.35,0.048433
772.83,0.048425
773.32,0.048441
773.80,0.048468
774.28,0.048498
774.76,0.048522
775.24,0.048534
775.73,0.048534
776.21,0.048518
776.69,0.048488
777.17,0.048446
777.65,0.048399
778.14,0.048353
778.62,0.048313
779.10,0.048283
779.58,0.048262
780.06,0.048243
780.55,0.048219
781.03,0.048185
781.51,0.048140
781.99,0.048087
782.48,0.048034
782.96,0.047984
783.44,0.047940
783.92,0.047902
784.40,0.047868
784.89,0.047838
785.37,0.047813
785.85,0.047801
786.33,0.047807
786.81,0.047832
787.30,0.047872
787.78,0.047915
788.26,0.047948
788.74,0.047959
789.23,0.047944
789.71,0.047905
790.19,0.047852
790.67,0.047793
791.15,0.047736
791.64,0.047683
792.12,0.047633
792.60,0.047586
793.08,0.047541
793.56,0.047503
794.05,0.047479
794.53,0.047470
795.01,0.047477
795.49,0.047493
795.97,0.047506
796.46,0.047510
796.94,0.047499
797.42,0.047479
797.90,0.047458
798.39,0.047447
798.87,0.047450
799.35,0.047469
799.83,0.047497
800.31,0.047524
800.80,0.047546
801.28,0.047558
801.76,0.047564
802.24,0.047566
802.72,0.047568
803.21,0.047570
803.69,0.047571
804.17,0.047567
804.65,0.047557
805.13,0.047543
805.62,0.047526
806.10,0.047511
806.58,0.047499
807.06,0.047487
807.55,0.047473
808.03,0.047454
808.51,0.047428
808.99,0.047397
809.47,0.047366
809.96,0.047337
810.44,0.047313
810.92,0.047293
811.40,0.047275
811.88,0.047261
812.37,0.047251
812.85,0.047250
813.33,0.047261
813.81,0.047285
814.30,0.047317
814.78,0.047350
815.26,0.047376
815.74,0.047388
816.22,0.047385
816.71,0.047371
817.19,0.047351
817.67,0.047333
818.15,0.047319
818.63,0.047308
819.12,0.047299
819.60,0.047292
820.08,0.047289
820.56,0.047296
821.04,0.047317
821.53,0.047355
822.01,0.047409
822.49,0.047470
822.97,0.047532
823.46,0.047585
823.94,0.047628
824.42,0.047662
824.90,0.047691
825.38,0.047720
825.87,0.047751
826.35,0.047785
826.83,0.047820
827.31,0.047857
827.79,0.047899
828.28,0.047951
828.76,0.048015
829.24,0.048091
829.72,0.048175
830.21,0.048258
830.69,0.048334
831.17,0.048400
831.65,0.048460
832.13,0.048520
832.62,0.048587
833.10,0.048664
833.58,0.048748
834.06,0.048832
834.54,0.048906
835.03,0.048965
835.51,0.049009
835.99,0.049045
836.47,0.049081
836.95,0.049124
837.44,0.049175
837.92,0.049232
838.40,0.049291
838.88,0.049348
839.37,0.049408
839.85,0.049476
840.33,0.049559
840.81,0.049660
841.29,0.049775
841.78,0.049897
842.26,0.050017
842.74,0.050127
843.22,0.050230
843.70,0.050332
844.19,0.050445
844.67,0.050574
845.15,0.050724
845.63,0.050888
846.11,0.051059
846.60,0.051229
847.08,0.051396
847.56,0.051561
848.04,0.051730
848.53,0.051908
849.01,0.052096
849.49,0.052293
849.97,0.052498
850.45,0.052714
850.94,0.052946
851.42,0.053207
851.90,0.053503
852.38,0.053837
852.86,0.054200
853.35,0.054579
853.83,0.054958
854.31,0.055330
854.79,0.055698
855.27,0.056078
855.76,0.056491
856.24,0.056959
856.72,0.057493
857.20,0.058093
857.69,0.058752
858.17,0.059457
858.65,0.060200
859.13,0.060977
859.61,0.061791
860.10,0.062645
860.58,0.063537
861.06,0.064464
861.54,0.065421
862.02,0.066407
862.51,0.067427
862.99,0.068494
863.47,0.069627
863.95,0.070840
864.44,0.072142
864.92,0.073527
865.40,0.074985
865.88,0.076499
866.36,0.078054
866.85,0.079638
867.33,0.081240
867.81,0.082849
868.29,0.084447
868.77,0.086013
869.26,0.087519
869.74,0.088938
870.22,0.090237
870.70,0.091380
871.18,0.092325
871.67,0.093019
872.15,0.093405
872.63,0.093437
873.11,0.093096
873.60,0.092398
874.08,0.091400
874.56,0.090196
875.04,0.088888
875.52,0.087574
876.01,0.086328
876.49,0.085188
876.97,0.084157
877.45,0.083208
877.93,0.082292
878.42,0.081352
878.90,0.080325
879.38,0.079158
879.86,0.077809
880.35,0.076255
880.83,0.074498
881.31,0.072566
881.79,0.070506
882.27,0.068380
882.76,0.066258
883.24,0.064205
883.72,0.062277
884.20,0.060520
884.68,0.058967
885.17,0.057635
885.65,0.056528
886.13,0.055637
886.61,0.054941
887.09,0.054409
887.58,0.054003
888.06,0.053690
888.54,0.053438
889.02,0.053227
889.51,0.053046
889.99,0.052892
890.47,0.052768
890.95,0.052673
891.43,0.052604
891.92,0.052554
892.40,0.052516
892.88,0.052485
893.36,0.052460
893.84,0.052446
894.33,0.052449
894.81,0.052473
895.29,0.052521
895.77,0.052589
896.25,0.052672
896.74,0.052763
897.22,0.052859
897.70,0.052957
898.18,0.053057
898.67,0.053159
899.15,0.053262
899.63,0.053367
900.11,0.053475
900.59,0.053591
901.08,0.053720
901.56,0.053869
902.04,0.054041
902.52,0.054232
903.00,0.054435
903.49,0.054639
903.97,0.054833
904.45,0.055015
904.93,0.055186
905.42,0.055355
905.90,0.055533
906.38,0.055728
906.86,0.055944
907.34,0.056180
907.83,0.056432
908.31,0.056694
908.79,0.056962
909.27,0.057232
909.75,0.057501
910.24,0.057764
910.72,0.058013
911.20,0.058246
911.68,0.058462
912.16,0.058669
912.65,0.058878
913.13,0.059102
913.61,0.059353
914.09,0.059634
914.58,0.059939
915.06,0.060259
915.54,0.060584
916.02,0.060908
916.50,0.061232
916.99,0.061559
917.47,0.061894
917.95,0.062240
918.43,0.062593
918.91,0.062946
919.40,0.063293
919.88,0.063636
920.36,0.063983
920.84,0.064346
921.33,0.064740
921.81,0.065172
922.29,0.065641
922.77,0.066140
923.25,0.066655
923.74,0.067176
924.22,0.067696
924.70,0.068217
925.18,0.068744
925.66,0.069283
926.15,0.069837
926.63,0.070408
927.11,0.070994
927.59,0.071595
928.07,0.072212
928.56,0.072846
929.04,0.073498
929.52,0.074167
930.00,0.074848
930.49,0.075535
930.97,0.076227
931.45,0.076922
931.93,0.077626
932.41,0.078347
932.90,0.079091
933.38,0.079861
933.86,0.080655
934.34,0.081472
934.82,0.082312
935.31,0.083179
935.79,0.084084
936.27,0.085033
936.75,0.086033
937.23,0.087081
937.72,0.088168
938.20,0.089283
938.68,0.090418
939.16,0.091571
939.65,0.092745
940.13,0.093949
940.61,0.095190
941.09,0.096468
941.57,0.097779
942.06,0.099118
942.54,0.100480
943.02,0.101870
943.50,0.103296
943.98,0.104768
944.47,0.106291
944.95,0.107860
945.43,0.109462
945.91,0.111078
946.39,0.112694
946.88,0.114308
947.36,0.115923
947.84,0.117554
948.32,0.119211
948.81,0.120898
949.29,0.122614
949.77,0.124352
950.25,0.126108
950.73,0.127883
951.22,0.129684
951.70,0.131520
952.18,0.133395
952.66,0.135304
953.14,0.137235
953.63,0.139172
954.11,0.141107
954.59,0.143038
955.07,0.144966
955.56,0.146894
956.04,0.148812
956.52,0.150700
957.00,0.152524
957.48,0.154250
957.97,0.155848
958.45,0.157301
958.93,0.158600
959.41,0.159740
959.89,0.160712
960.38,0.161496
960.86,0.162072
961.34,0.162425
961.82,0.162556
962.30,0.162483
962.79,0.162240
963.27,0.161862
963.75,0.161380
964.23,0.160816
964.72,0.160188
965.20,0.159514
965.68,0.158824
966.16,0.158161
966.64,0.157569
967.13,0.157091
967.61,0.156754
968.09,0.156571
968.57,0.156541
969.05,0.156663
969.54,0.156942
970.02,0.157392
970.50,0.158036
970.98,0.158889
971.47,0.159957
971.95,0.161232
972.43,0.162694
972.91,0.164325
973.39,0.166117
973.88,0.168074
974.36,0.170212
974.84,0.172548
975.32,0.175085
975.80,0.177813
976.29,0.180708
976.77,0.183744
977.25,0.186904
977.73,0.190185
978.21,0.193596
978.70,0.197149
979.18,0.200845
979.66,0.204673
980.14,0.208612
980.63,0.212642
981.11,0.216752
981.59,0.220950
982.07,0.225253
982.55,0.229676
983.04,0.234219
983.52,0.238865
984.00,0.243579
984.48,0.248333
984.96,0.253113
985.45,0.257929
985.93,0.262803
986.41,0.267755
986.89,0.272786
987.37,0.277873
987.86,0.282981
988.34,0.288078
988.82,0.293154
989.30,0.298230
989.79,0.303341
990.27,0.308517
990.75,0.313760
991.23,0.319043
991.71,0.324317
992.20,0.329540
992.68,0.334696
993.16,0.339804
993.64,0.344905
994.12,0.350034
994.61,0.355196
995.09,0.360357
995.57,0.365463
996.05,0.370462
996.54,0.375336
997.02,0.380106
997.50,0.384821
997.98,0.389521
998.46,0.394218
998.95,0.398882
999.43,0.403456
999.91,0.407894
1000.39,0.412186
1000.87,0.416364
1001.36,0.420479
1001.84,0.424575
1002.32,0.428655
1002.80,0.432672
1003.28,0.436550
1003.77,0.440227
1004.25,0.443681
1004.73,0.446943
1005.21,0.450071
1005.70,0.453116
1006.18,0.456090
1006.66,0.458961
1007.14,0.461672
1007.62,0.464179
1008.11,0.466482
1008.59,0.468625
1009.07,0.470673
1009.55,0.472666
1010.03,0.474594
1010.52,0.476390
1011.00,0.477974
1011.48,0.479285
1011.96,0.480317
1012.45,0.481123
1012.93,0.481780
1013.41,0.482342
1013.89,0.482810
1014.37,0.483129
1014.86,0.483224
1015.34,0.483047
1015.82,0.482605
1016.30,0.481961
1016.78,0.481196
1017.27,0.480366
1017.75,0.479470
1018.23,0.478450
1018.71,0.477223
1019.20,0.475741
1019.68,0.474009
1020.16,0.472089
1020.64,0.470063
1021.12,0.467990
1021.61,0.465878
1022.09,0.463687
1022.57,0.461355
1023.05,0.458849
1023.53,0.456187
1024.02,0.453436
1024.50,0.450674
1024.98,0.447952
1025.46,0.445271
1025.94,0.442586
1026.43,0.439837
1026.91,0.436986
1027.39,0.434044
1027.87,0.431060
1028.36,0.428099
1028.84,0.425196
1029.32,0.422340
1029.80,0.419480
1030.28,0.416556
1030.77,0.413532
1031.25,0.410415
1031.73,0.407251
1032.21,0.404099
1032.69,0.400994
1033.18,0.397935
1033.66,0.394889
1034.14,0.391815
1034.62,0.388696
1035.10,0.385553
1035.59,0.382437
1036.07,0.379397
1036.55,0.376458
1037.03,0.373601
1037.52,0.370774
1038.00,0.367917
1038.48,0.364996
1038.96,0.362018
1039.44,0.359021
1039.93,0.356055
1040.41,0.353149
1040.89,0.350299
1041.37,0.347472
1041.85,0.344628
1042.34,0.341745
1042.82,0.338834
1043.30,0.335931
1043.78,0.333078
1044.27,0.330297
1044.75,0.327582
1045.23,0.324901
1045.71,0.322221
1046.19,0.319523
1046.67,0.316820
1047.16,0.314143
1047.64,0.311526
1048.12,0.308985
1048.60,0.306505
1049.09,0.304049
1049.57,0.301580
1050.05,0.299084
1050.53,0.296572
1051.01,0.294081
1051.50,0.291649
1051.98,0.289297
1052.46,0.287017
1052.94,0.284775
1053.42,0.282534
1053.91,0.280269
1054.39,0.277982
1054.87,0.275695
1055.35,0.273433
1055.84,0.271212
1056.32,0.269026
1056.80,0.266851
1057.28,0.264662
1057.76,0.262446
1058.25,0.260211
1058.73,0.257982
1059.21,0.255786
1059.69,0.253636
1060.17,0.251528
1060.66,0.249439
1061.14,0.247346
1061.62,0.245235
1062.10,0.243110
1062.59,0.240989
1063.07,0.238894
1063.55,0.236833
1064.03,0.234801
1064.51,0.232784
1065.00,0.230768
1065.48,0.228749
1065.96,0.226743
1066.44,0.224772
1066.92,0.222856
1067.41,0.221002
1067.89,0.219197
1068.37,0.217418
1068.85,0.215645
1069.34,0.213867
1069.82,0.212095
1070.30,0.210348
1070.78,0.208644
1071.26,0.206987
1071.74,0.205366
1072.23,0.203755
1072.71,0.202130
1073.19,0.200482
1073.67,0.198818
1074.16,0.197157
1074.64,0.195523
1075.12,0.193926
1075.60,0.192364
1076.08,0.190823
1076.57,0.189287
1077.05,0.187752
1077.53,0.186225
1078.01,0.184729
1078.49,0.183283
1078.98,0.181902
1079.46,0.180583
1079.94,0.179313
1080.42,0.178076
1080.91,0.176863
1081.39,0.175672
1081.87,0.174510
1082.35,0.173385
1082.83,0.172298
1083.32,0.171239
1083.80,0.170192
1084.28,0.169147
1084.76,0.168100
1085.24,0.167059
1085.73,0.166040
1086.21,0.165055
1086.69,0.164106
1087.17,0.163182
1087.65,0.162260
1088.14,0.161320
1088.62,0.160351
1089.10,0.159352
1089.58,0.158335
1090.07,0.157314
1090.55,0.156293
1091.03,0.155271
1091.51,0.154233
1091.99,0.153167
1092.48,0.152065
1092.96,0.150928
1093.44,0.149766
1093.92,0.148589
1094.40,0.147404
1094.89,0.146209
1095.37,0.145002
1095.85,0.143777
1096.33,0.142539
1096.82,0.141295
1097.30,0.140057
1097.78,0.138834
1098.26,0.137626
1098.74,0.136423
1099.23,0.135211
1099.71,0.133978
1100.19,0.132719
1100.67,0.131440
1101.15,0.130151
1101.64,0.128864
1102.12,0.127584
1102.60,0.126311
1103.08,0.125036
1103.57,0.123755
1104.05,0.122465
1104.53,0.121171
1105.01,0.119880
1105.49,0.118598
1105.98,0.117324
1106.46,0.116052
1106.94,0.114770
1107.42,0.113472
1107.90,0.112155
1108.39,0.110826
1108.87,0.109495
1109.35,0.108173
1109.83,0.106862
1110.32,0.105559
1110.80,0.104255
1111.28,0.102941
1111.76,0.101610
1112.24,0.100261
1112.72,0.098899
1113.21,0.097527
1113.69,0.096147
1114.17,0.094758
1114.65,0.093358
1115.14,0.091945
1115.62,0.090520
1116.10,0.089088
1116.58,0.087656
1117.06,0.086229
1117.55,0.084807
1118.03,0.083387
1118.51,0.081964
1118.99,0.080536
1119.47,0.079103
1119.96,0.077670
1120.44,0.076245
1120.92,0.074833
1121.40,0.073437
1121.88,0.072055
1122.37,0.070685
1122.85,0.069325
1123.33,0.067978
1123.81,0.066647
1124.30,0.065339
1124.78,0.064058
1125.26,0.062804
1125.74,0.061574
1126.22,0.060364
1126.71,0.059169
1127.19,0.057990
1127.67,0.056833
1128.15,0.055703
1128.63,0.054609
1129.12,0.053552
1129.60,0.052531
1130.08,0.051541
1130.56,0.050574
1131.05,0.049627
1131.53,0.048698
1132.01,0.047787
1132.49,0.046897
1132.97,0.046030
1133.46,0.045186
1133.94,0.044361
1134.42,0.043556
1134.90,0.042770
1135.38,0.042007
1135.87,0.041270
1136.35,0.040566
1136.83,0.039897
1137.31,0.039261
1137.80,0.038655
1138.28,0.038072
1138.76,0.037507
1139.24,0.036958
1139.72,0.036422
1140.21,0.035903
1140.69,0.035399
1141.17,0.034912
1141.65,0.034439
1142.13,0.033979
1142.62,0.033529
1143.10,0.033090
1143.58,0.032665
1144.06,0.032255
1144.55,0.031861
1145.03,0.031482
1145.51,0.031112
1145.99,0.030745
1146.47,0.030379
1146.96,0.030013
1147.44,0.029652
1147.92,0.029299
1148.40,0.028961
1148.88,0.028639
1149.37,0.028333
1149.85,0.028037
1150.33,0.027747
1150.81,0.027457
1151.30,0.027169
1151.78,0.026885
1152.26,0.026608
1152.74,0.026342
1153.22,0.026089
1153.70,0.025845
1154.19,0.025606
1154.67,0.025369
1155.15,0.025129
1155.63,0.024888
1156.12,0.024645
1156.60,0.024405
1157.08,0.024169
1157.56,0.023938
1158.04,0.023715
1158.53,0.023499
1159.01,0.023289
1159.49,0.023086
1159.97,0.022890
1160.45,0.022698
1160.94,0.022510
1161.42,0.022324
1161.90,0.022141
1162.38,0.021962
1162.87,0.021789
1163.35,0.021623
1163.83,0.021466
1164.31,0.021317
1164.79,0.021172
1165.28,0.021026
1165.76,0.020877
1166.24,0.020721
1166.72,0.020560
1167.20,0.020396
1167.69,0.020233
1168.17,0.020073
1168.65,0.019919
1169.13,0.019770
1169.62,0.019626
1170.10,0.019486
1170.58,0.019353
1171.06,0.019225
1171.54,0.019105
1172.03,0.018991
1172.51,0.018883
1172.99,0.018780
1173.47,0.018681
1173.95,0.018585
1174.44,0.018493
1174.92,0.018404
1175.40,0.018317
1175.88,0.018227
1176.37,0.018132
1176.85,0.018027
1177.33,0.017912
1177.81,0.017788
1178.29,0.017662
1178.78,0.017540
1179.26,0.017428
1179.74,0.017328
1180.22,0.017241
1180.70,0.017163
1181.19,0.017090
1181.67,0.017018
1182.15,0.016947
1182.63,0.016875
1183.11,0.016804
1183.60,0.016732
1184.08,0.016657
1184.56,0.016576
1185.04,0.016489
1185.53,0.016395
1186.01,0.016298
1186.49,0.016203
1186.97,0.016116
1187.45,0.016041
1187.94,0.015977
1188.42,0.015923
1188.90,0.015875
1189.38,0.015831
1189.86,0.015788
1190.35,0.015746
1190.83,0.015703
1191.31,0.015658
1191.79,0.015611
1192.28,0.015560
1192.76,0.015501
1193.24,0.015436
1193.72,0.015365
1194.20,0.015290
1194.68,0.015214
1195.17,0.015139
1195.65,0.015067
1196.13,0.014998
1196.61,0.014935
1197.10,0.014878
1197.58,0.014830
1198.06,0.014792
1198.54,0.014760
1199.02,0.014731
1199.51,0.014700
1199.99,0.014661
1200.47,0.014613
1200.95,0.014555
1201.43,0.014492
1201.92,0.014428
1202.40,0.014368
1202.88,0.014313
1203.36,0.014263
1203.85,0.014216
1204.33,0.014173
1204.81,0.014133
1205.29,0.014099
1205.77,0.014073
1206.26,0.014054
1206.74,0.014040
1207.22,0.014026
1207.70,0.014006
1208.18,0.013979
1208.67,0.013945
1209.15,0.013908
1209.63,0.013873
1210.11,0.013845
1210.60,0.013825
1211.08,0.013810
1211.56,0.013795
1212.04,0.013774
1212.52,0.013746
1213.01,0.013713
1213.49,0.013676
1213.97,0.013641
1214.45,0.013610
1214.93,0.013583
1215.42,0.013558
1215.90,0.013532
1216.38,0.013503
1216.86,0.013471
1217.35,0.013436
1217.83,0.013401
1218.31,0.013365
1218.79,0.013329
1219.27,0.013293
1219.76,0.013259
1220.24,0.013231
1220.72,0.013214
1221.20,0.013211
1221.68,0.013222
1222.17,0.013244
1222.65,0.013270
1223.13,0.013290
1223.61,0.013298
1224.09,0.013291
1224.58,0.013270
1225.06,0.013242
1225.54,0.013210
1226.02,0.013179
1226.51,0.013149
1226.99,0.013119
1227.47,0.013087
1227.95,0.013052
1228.43,0.013016
1228.91,0.012983
1229.40,0.012954
1229.88,0.012931
1230.36,0.012911
1230.84,0.012893
1231.33,0.012873
1231.81,0.012851
1232.29,0.012831
1232.77,0.012816
1233.26,0.012810
1233.74,0.012814
1234.22,0.012824
1234.70,0.012835
1235.18,0.012844
1235.66,0.012846
1236.15,0.012842
1236.63,0.012834
1237.11,0.012826
1237.59,0.012819
1238.08,0.012813
1238.56,0.012806
1239.04,0.012799
1239.52,0.012790
1240.00,0.012782
1240.49,0.012778
1240.97,0.012781
1241.45,0.012790
1241.93,0.012802
1242.41,0.012813
1242.90,0.012817
1243.38,0.012813
1243.86,0.012802
1244.34,0.012786
1244.83,0.012771
1245.31,0.012759
1245.79,0.012751
1246.27,0.012748
1246.75,0.012748
1247.24,0.012749
1247.72,0.012752
1248.20,0.012758
1248.68,0.012766
1249.16,0.012776
1249.65,0.012789
1250.13,0.012801
1250.61,0.012814
1251.09,0.012827
1251.58,0.012843
1252.06,0.012863
1252.54,0.012888
1253.02,0.012916
1253.50,0.012942
1253.98,0.012963
1254.47,0.012977
1254.95,0.012984
1255.43,0.012987
1255.91,0.012990
1256.40,0.012995
1256.88,0.013004
1257.36,0.013014
1257.84,0.013024
1258.33,0.013032
1258.81,0.013039
1259.29,0.013049
1259.77,0.013065
1260.25,0.013089
1260.73,0.013120
1261.22,0.013154
1261.70,0.013186
1262.18,0.013209
1262.66,0.013222
1263.15,0.013223
1263.63,0.013215
1264.11,0.013202
1264.59,0.013188
1265.07,0.013175
1265.56,0.013167
1266.04,0.013166
1266.52,0.013176
1267.00,0.013198
1267.48,0.013231
1267.97,0.013271
1268.45,0.013312
1268.93,0.013345
1269.41,0.013365
1269.89,0.013370
1270.38,0.013361
1270.86,0.013344
1271.34,0.013324
1271.82,0.013306
1272.31,0.013292
1272.79,0.013282
1273.27,0.013276
1273.75,0.013273
1274.23,0.013277
1274.72,0.013289
1275.20,0.013314
1275.68,0.013351
1276.16,0.013398
1276.64,0.013447
1277.13,0.013495
1277.61,0.013536
1278.09,0.013568
1278.57,0.013590
1279.06,0.013604
1279.54,0.013610
1280.02,0.013608
1280.50,0.013600
1280.98,0.013587
1281.47,0.013571
1281.95,0.013560
1282.43,0.013557
1282.91,0.013565
1283.39,0.013582
1283.88,0.013605
1284.36,0.013626
1284.84,0.013641
1285.32,0.013649
1285.81,0.013653
1286.29,0.013660
1286.77,0.013673
1287.25,0.013697
1287.73,0.013727
1288.22,0.013758
1288.70,0.013786
1289.18,0.013806
1289.66,0.013821
1290.14,0.013836
1290.63,0.013856
1291.11,0.013884
1291.59,0.013921
1292.07,0.013964
1292.56,0.014007
1293.04,0.014047
1293.52,0.014081
1294.00,0.014109
1294.48,0.014132
1294.96,0.014150
1295.45,0.014162
1295.93,0.014166
1296.41,0.014164
1296.89,0.014158
1297.38,0.014153
1297.86,0.014156
1298.34,0.014170
1298.82,0.014196
1299.30,0.014230
1299.79,0.014268
1300.27,0.014303
1300.75,0.014336
1301.23,0.014368
1301.71,0.014402
1302.20,0.014443
1302.68,0.014490
1303.16,0.014541
1303.64,0.014590
1304.13,0.014634
1304.61,0.014669
1305.09,0.014699
1305.57,0.014726
1306.05,0.014756
1306.54,0.014790
1307.02,0.014827
1307.50,0.014865
1307.98,0.014901
1308.46,0.014935
1308.95,0.014970
1309.43,0.015008
1309.91,0.015051
1310.39,0.015097
1310.88,0.015141
1311.36,0.015177
1311.84,0.015201
1312.32,0.015213
1312.80,0.015220
1313.29,0.015227
1313.77,0.015243
1314.25,0.015270
1314.73,0.015305
1315.21,0.015345
1315.70,0.015384
1316.18,0.015422
1316.66,0.015461
1317.14,0.015507
1317.62,0.015565
1318.11,0.015635
1318.59,0.015713
1319.07,0.015791
1319.55,0.015862
1320.04,0.015921
1320.52,0.015968
1321.00,0.016006
1321.48,0.016042
1321.96,0.016076
1322.45,0.016110
1322.93,0.016140
1323.41,0.016167
1323.89,0.016192
1324.38,0.016221
1324.86,0.016260
1325.34,0.016314
1325.82,0.016383
1326.30,0.016465
1326.79,0.016552
1327.27,0.016637
1327.75,0.016715
1328.23,0.016786
1328.71,0.016850
1329.20,0.016911
1329.68,0.016967
1330.16,0.017018
1330.64,0.017062
1331.12,0.017098
1331.61,0.017129
1332.09,0.017162
1332.57,0.017201
1333.05,0.017252
1333.54,0.017315
1334.02,0.017383
1334.50,0.017451
1334.98,0.017511
1335.46,0.017563
1335.94,0.017607
1336.43,0.017648
1336.91,0.017690
1337.39,0.017737
1337.87,0.017789
1338.36,0.017846
1338.84,0.017911
1339.32,0.017987
1339.80,0.018082
1340.28,0.018200
1340.77,0.018340
1341.25,0.018493
1341.73,0.018648
1342.21,0.018795
1342.69,0.018930
1343.18,0.019055
1343.66,0.019175
1344.14,0.019298
1344.62,0.019425
1345.11,0.019556
1345.59,0.019684
1346.07,0.019800
1346.55,0.019902
1347.03,0.019990
1347.52,0.020070
1348.00,0.020152
1348.48,0.020242
1348.96,0.020342
1349.44,0.020449
1349.93,0.020561
1350.41,0.020675
1350.89,0.020794
1351.37,0.020920
1351.86,0.021061
1352.34,0.021215
1352.82,0.021380
1353.30,0.021546
1353.78,0.021704
1354.27,0.021851
1354.75,0.021987
1355.23,0.022120
1355.71,0.022257
1356.19,0.022404
1356.68,0.022562
1357.16,0.022724
1357.64,0.022886
1358.12,0.023045
1358.61,0.023207
1359.09,0.023378
1359.57,0.023568
1360.05,0.023781
1360.53,0.024018
1361.02,0.024272
1361.50,0.024537
1361.98,0.024807
1362.46,0.025085
1362.94,0.025374
1363.43,0.025678
1363.91,0.025995
1364.39,0.026314
1364.87,0.026623
1365.35,0.026913
1365.84,0.027184
1366.32,0.027446
1366.80,0.027712
1367.28,0.027998
1367.77,0.028313
1368.25,0.028660
1368.73,0.029033
1369.21,0.029420
1369.69,0.029813
1370.18,0.030204
1370.66,0.030593
1371.14,0.030983
1371.62,0.031375
1372.10,0.031769
1372.59,0.032164
1373.07,0.032564
1373.55,0.032977
1374.03,0.033418
1374.52,0.033901
1375.00,0.034430
1375.48,0.034999
1375.96,0.035588
1376.44,0.036179
1376.92,0.036762
1377.41,0.037339
1377.89,0.037919
1378.37,0.038515
1378.85,0.039134
1379.34,0.039773
1379.82,0.040419
1380.30,0.041059
1380.78,0.041681
1381.26,0.042285
1381.75,0.042877
1382.23,0.043468
1382.71,0.044062
1383.19,0.044653
1383.67,0.045230
1384.16,0.045784
1384.64,0.046312
1385.12,0.046828
1385.60,0.047357
1386.09,0.047931
1386.57,0.048579
1387.05,0.049309
1387.53,0.050105
1388.01,0.050927
1388.50,0.051732
1388.98,0.052490
1389.46,0.053199
1389.94,0.053870
1390.42,0.054518
1390.91,0.055151
1391.39,0.055773
1391.87,0.056383
1392.35,0.056981
1392.84,0.057580
1393.32,0.058199
1393.80,0.058862
1394.28,0.059587
1394.76,0.060370
1395.25,0.061185
1395.73,0.061990
1396.21,0.062750
1396.69,0.063457
1397.17,0.064126
1397.66,0.064791
1398.14,0.065482
1398.62,0.066217
1399.10,0.066992
1399.59,0.067783
1400.07,0.068560
1400.55,0.069299
1401.03,0.069993
1401.51,0.070648
1401.99,0.071274
1402.48,0.071879
1402.96,0.072470
1403.44,0.073051
1403.92,0.073628
1404.41,0.074210
1404.89,0.074807
1405.37,0.075421
1405.85,0.076042
1406.33,0.076651
1406.82,0.077224
1407.30,0.077745
1407.78,0.078214
1408.26,0.078638
1408.74,0.079033
1409.23,0.079412
1409.71,0.079779
1410.19,0.080130
1410.67,0.080454
1411.16,0.080745
1411.64,0.081003
1412.12,0.081238
1412.60,0.081462
1413.08,0.081682
1413.57,0.081892
1414.05,0.082073
1414.53,0.082205
1415.01,0.082272
1415.49,0.082270
1415.98,0.082211
1416.46,0.082111
1416.94,0.081988
1417.42,0.081848
1417.90,0.081680
1418.39,0.081462
1418.87,0.081175
1419.35,0.080823
1419.83,0.080441
1420.32,0.080078
1420.80,0.079760
1421.28,0.079485
1421.76,0.079227
1422.24,0.078953
1422.73,0.078635
1423.21,0.078260
1423.69,0.077830
1424.17,0.077364
1424.65,0.076891
1425.14,0.076437
1425.62,0.076015
1426.10,0.075620
1426.58,0.075243
1427.07,0.074872
1427.55,0.074504
1428.03,0.074140
1428.51,0.073786
1428.99,0.073445
1429.48,0.073117
1429.96,0.072797
1430.44,0.072485
1430.92,0.072187
1431.40,0.071915
1431.89,0.071682
1432.37,0.071498
1432.85,0.071358
1433.33,0.071250
1433.82,0.071154
1434.30,0.071054
1434.78,0.070944
1435.26,0.070829
1435.74,0.070725
1436.23,0.070661
1436.71,0.070659
1437.19,0.070727
1437.67,0.070851
1438.15,0.071006
1438.64,0.071177
1439.12,0.071360
1439.60,0.071561
1440.08,0.071785
1440.57,0.072026
1441.05,0.072273
1441.53,0.072508
1442.01,0.072718
1442.49,0.072899
1442.97,0.073057
1443.46,0.073205
1443.94,0.073353
1444.42,0.073504
1444.90,0.073648
1445.39,0.073772
1445.87,0.073864
1446.35,0.073921
1446.83,0.073950
1447.31,0.073964
1447.80,0.073975
1448.28,0.073986
1448.76,0.073992
1449.24,0.073979
1449.72,0.073939
1450.21,0.073874
1450.69,0.073789
1451.17,0.073694
1451.65,0.073592
1452.13,0.073480
1452.62,0.073351
1453.10,0.073199
1453.58,0.073022
1454.06,0.072828
1454.55,0.072625
1455.03,0.072423
1455.51,0.072221
1455.99,0.072005
1456.47,0.071749
1456.96,0.071422
1457.44,0.071020
1457.92,0.070592
1458.40,0.070210
1458.88,0.069919
1459.37,0.069718
1459.85,0.069574
1460.33,0.069455
1460.81,0.069343
1461.30,0.069229
1461.78,0.069116
1462.26,0.069010
1462.74,0.068919
1463.22,0.068846
1463.71,0.068790
1464.19,0.068744
1464.67,0.068699
1465.15,0.068650
1465.63,0.068600
1466.12,0.068560
1466.60,0.068537
1467.08,0.068534
1467.56,0.068544
1468.05,0.068554
1468.53,0.068556
1469.01,0.068542
1469.49,0.068513
1469.97,0.068469
1470.46,0.068414
1470.94,0.068340
1471.42,0.068234
1471.90,0.068071
1472.38,0.067829
1472.87,0.067504
1473.35,0.067127
1473.83,0.066747
1474.31,0.066403
1474.80,0.066098
1475.28,0.065811
1475.76,0.065516
1476.24,0.065195
1476.72,0.064847
1477.20,0.064488
1477.69,0.064138
1478.17,0.063810
1478.65,0.063504
1479.13,0.063206
1479.62,0.062896
1480.10,0.062555
1480.58,0.062175
1481.06,0.061757
1481.55,0.061317
1482.03,0.060873
1482.51,0.060443
1482.99,0.060034
1483.47,0.059643
1483.95,0.059268
1484.44,0.058903
1484.92,0.058551
1485.40,0.058213
1485.88,0.057893
1486.37,0.057591
1486.85,0.057300
1487.33,0.057009
1487.81,0.056709
1488.29,0.056395
1488.78,0.056069
1489.26,0.055737
1489.74,0.055408
1490.22,0.055087
1490.70,0.054776
1491.19,0.054477
1491.67,0.054197
1492.15,0.053942
1492.63,0.053716
1493.12,0.053519
1493.60,0.053343
1494.08,0.053173
1494.56,0.052993
1495.04,0.052783
1495.53,0.052531
1496.01,0.052231
1496.49,0.051897
1496.97,0.051554
1497.45,0.051228
1497.94,0.050934
1498.42,0.050666
1498.90,0.050409
1499.38,0.050149
1499.87,0.049882
1500.35,0.049612
1500.83,0.049346
1501.31,0.049089
1501.79,0.048841
1502.28,0.048596
1502.76,0.048348
1503.24,0.048093
1503.72,0.047830
1504.20,0.047562
1504.69,0.047291
1505.17,0.047010
1505.65,0.046699
1506.13,0.046318
1506.62,0.045818
1507.10,0.045183
1507.58,0.044496
1508.06,0.043898
1508.54,0.043466
1509.03,0.043172
1509.51,0.042942
1509.99,0.042715
1510.47,0.042453
1510.95,0.042144
1511.44,0.041790
1511.92,0.041408
1512.40,0.041019
1512.88,0.040642
1513.36,0.040287
1513.85,0.039954
1514.33,0.039637
1514.81,0.039325
1515.29,0.039010
1515.78,0.038684
1516.26,0.038348
1516.74,0.038007
1517.22,0.037669
1517.70,0.037346
1518.18,0.037043
1518.67,0.036760
1519.15,0.036487
1519.63,0.036209
1520.11,0.035905
1520.60,0.035553
1521.08,0.035135
1521.56,0.034662
1522.04,0.034181
1522.52,0.033766
1523.01,0.033467
1523.49,0.033283
1523.97,0.033178
1524.45,0.033107
1524.93,0.033030
1525.42,0.032919
1525.90,0.032758
1526.38,0.032547
1526.86,0.032300
1527.35,0.032038
1527.83,0.031781
1528.31,0.031535
1528.79,0.031300
1529.27,0.031073
1529.76,0.030849
1530.24,0.030633
1530.72,0.030431
1531.20,0.030247
1531.68,0.030082
1532.17,0.029933
1532.65,0.029788
1533.13,0.029635
1533.61,0.029466
1534.10,0.029286
1534.58,0.029111
1535.06,0.028960
1535.54,0.028837
1536.02,0.028736
1536.51,0.028645
1536.99,0.028551
1537.47,0.028444
1537.95,0.028317
1538.43,0.028165
1538.92,0.027988
1539.40,0.027788
1539.88,0.027575
1540.36,0.027364
1540.85,0.027174
1541.33,0.027022
1541.81,0.026913
1542.29,0.026840
1542.77,0.026791
1543.26,0.026749
1543.74,0.026700
1544.22,0.026632
1544.70,0.026541
1545.18,0.026433
1545.67,0.026320
1546.15,0.026215
1546.63,0.026124
1547.11,0.026046
1547.59,0.025972
1548.08,0.025894
1548.56,0.025802
1549.04,0.025692
1549.52,0.025563
1550.01,0.025422
1550.49,0.025277
1550.97,0.025131
1551.45,0.024986
1551.93,0.024837
1552.42,0.024677
1552.90,0.024505
1553.38,0.024324
1553.86,0.024144
1554.34,0.023978
1554.83,0.023837
1555.31,0.023724
1555.79,0.023635
1556.27,0.023561
1556.76,0.023493
1557.24,0.023426
1557.72,0.023359
1558.20,0.023284
1558.68,0.023188
1559.16,0.023046
1559.65,0.022852
1560.13,0.022647
1560.61,0.022482
1561.09,0.022373
1561.58,0.022310
1562.06,0.022276
1562.54,0.022257
1563.02,0.022240
1563.50,0.022216
1563.99,0.022179
1564.47,0.022129
1564.95,0.022069
1565.43,0.022007
1565.91,0.021948
1566.40,0.021894
1566.88,0.021841
1567.36,0.021782
1567.84,0.021715
1568.33,0.021640
1568.81,0.021565
1569.29,0.021503
1569.77,0.021466
1570.25,0.021454
1570.74,0.021457
1571.22,0.021456
1571.70,0.021438
1572.18,0.021400
1572.66,0.021349
1573.15,0.021291
1573.63,0.021235
1574.11,0.021183
1574.59,0.021134
1575.08,0.021084
1575.56,0.021031
1576.04,0.020975
1576.52,0.020923
1577.00,0.020886
1577.49,0.020868
1577.97,0.020864
1578.45,0.020860
1578.93,0.020845
1579.41,0.020814
1579.90,0.020767
1580.38,0.020709
1580.86,0.020648
1581.34,0.020590
1581.83,0.020540
1582.31,0.020499
1582.79,0.020467
1583.27,0.020439
1583.75,0.020417
1584.23,0.020401
1584.72,0.020397
1585.20,0.020405
1585.68,0.020427
1586.16,0.020458
1586.65,0.020493
1587.13,0.020526
1587.61,0.020556
1588.09,0.020581
1588.57,0.020601
1589.06,0.020615
1589.54,0.020619
1590.02,0.020611
1590.50,0.020589
1590.98,0.020555
1591.47,0.020516
1591.95,0.020482
1592.43,0.020463
1592.91,0.020464
1593.40,0.020484
1593.88,0.020517
1594.36,0.020554
1594.84,0.020585
1595.32,0.020607
1595.81,0.020621
1596.29,0.020632
1596.77,0.020644
1597.25,0.020659
1597.73,0.020676
1598.22,0.020691
1598.70,0.020702
1599.18,0.020709
1599.66,0.020712
1600.14,0.020715
1600.63,0.020718
1601.11,0.020723
1601.59,0.020728
1602.07,0.020733
1602.56,0.020739
1603.04,0.020752
1603.52,0.020777
1604.00,0.020819
1604.48,0.020877
1604.97,0.020945
1605.45,0.021013
1605.93,0.021069
1606.41,0.021109
1606.89,0.021128
1607.38,0.021132
1607.86,0.021128
1608.34,0.021123
1608.82,0.021123
1609.31,0.021130
1609.79,0.021143
1610.27,0.021163
1610.75,0.021189
1611.23,0.021223
1611.72,0.021266
1612.20,0.021316
1612.68,0.021365
1613.16,0.021406
1613.64,0.021432
1614.13,0.021439
1614.61,0.021429
1615.09,0.021408
1615.57,0.021387
1616.06,0.021380
1616.54,0.021399
1617.02,0.021450
1617.50,0.021523
1617.98,0.021603
1618.47,0.021678
1618.95,0.021744
1619.43,0.021803
1619.91,0.021858
1620.39,0.021911
1620.88,0.021962
1621.36,0.022008
1621.84,0.022046
1622.32,0.022074
1622.81,0.022091
1623.29,0.022101
1623.77,0.022108
1624.25,0.022116
1624.73,0.022129
1625.21,0.022146
1625.70,0.022169
1626.18,0.022199
1626.66,0.022241
1627.14,0.022297
1627.63,0.022368
1628.11,0.022453
1628.59,0.022543
1629.07,0.022630
1629.55,0.022705
1630.04,0.022766
1630.52,0.022815
1631.00,0.022852
1631.48,0.022879
1631.96,0.022894
1632.45,0.022895
1632.93,0.022877
1633.41,0.022840
1633.89,0.022786
1634.38,0.022723
1634.86,0.022662
1635.34,0.022616
1635.82,0.022597
1636.30,0.022608
1636.79,0.022636
1637.27,0.022666
1637.75,0.022688
1638.23,0.022701
1638.71,0.022709
1639.20,0.022713
1639.68,0.022712
1640.16,0.022701
1640.64,0.022678
1641.12,0.022641
1641.61,0.022593
1642.09,0.022540
1642.57,0.022487
1643.05,0.022437
1643.54,0.022390
1644.02,0.022339
1644.50,0.022279
1644.98,0.022203
1645.46,0.022111
1645.95,0.022006
1646.43,0.021902
1646.91,0.021817
1647.39,0.021758
1647.88,0.021723
1648.36,0.021693
1648.84,0.021655
1649.32,0.021603
1649.80,0.021543
1650.29,0.021480
1650.77,0.021420
1651.25,0.021364
1651.73,0.021311
1652.21,0.021253
1652.70,0.021184
1653.18,0.021100
1653.66,0.021014
1654.14,0.020950
1654.62,0.020919
1655.11,0.020903
1655.59,0.020883
1656.07,0.020846
1656.55,0.020788
1657.04,0.020710
1657.52,0.020619
1658.00,0.020522
1658.48,0.020425
1658.96,0.020331
1659.45,0.020243
1659.93,0.020157
1660.41,0.020070
1660.89,0.019982
1661.37,0.019893
1661.86,0.019805
1662.34,0.019723
1662.82,0.019649
1663.30,0.019583
1663.79,0.019517
1664.27,0.019447
1664.75,0.019368
1665.23,0.019280
1665.71,0.019185
1666.19,0.019083
1666.68,0.018975
1667.16,0.018858
1667.64,0.018727
1668.12,0.018581
1668.61,0.018418
1669.09,0.018247
1669.57,0.018082
1670.05,0.017940
1670.53,0.017833
1671.02,0.017764
1671.50,0.017720
1671.98,0.017691
1672.46,0.017665
1672.94,0.017636
1673.43,0.017599
1673.91,0.017550
1674.39,0.017482
1674.87,0.017388
1675.36,0.017264
1675.84,0.017112
1676.32,0.016950
1676.80,0.016797
1677.28,0.016664
1677.77,0.016552
1678.25,0.016456
1678.73,0.016364
1679.21,0.016269
1679.69,0.016165
1680.18,0.016055
1680.66,0.015943
1681.14,0.015838
1681.62,0.015744
1682.11,0.015659
1682.59,0.015573
1683.07,0.015470
1683.55,0.015332
1684.03,0.015147
1684.52,0.014930
1685.00,0.014726
1685.48,0.014584
1685.96,0.014509
1686.44,0.014480
1686.93,0.014468
1687.41,0.014456
1687.89,0.014437
1688.37,0.014408
1688.86,0.014368
1689.34,0.014319
1689.82,0.014257
1690.30,0.014182
1690.78,0.014092
1691.27,0.013991
1691.75,0.013885
1692.23,0.013779
1692.71,0.013682
1693.19,0.013597
1693.68,0.013525
1694.16,0.013461
1694.64,0.013400
1695.12,0.013333
1695.60,0.013249
1696.09,0.013144
1696.57,0.013022
1697.05,0.012892
1697.53,0.012768
1698.02,0.012652
1698.50,0.012542
1698.98,0.012431
1699.46,0.012314
1699.94,0.012191
1700.43,0.012071
1700.91,0.011968
1701.39,0.011892
1701.87,0.011840
1702.35,0.011801
1702.84,0.011766
1703.32,0.011729
1703.80,0.011691
1704.28,0.011654
1704.77,0.011619
1705.25,0.011589
1705.73,0.011563
1706.21,0.011538
1706.69,0.011510
1707.17,0.011475
1707.66,0.011428
1708.14,0.011365
1708.62,0.011285
1709.10,0.011186
1709.59,0.011070
1710.07,0.010941
1710.55,0.010810
1711.03,0.010686
1711.51,0.010580
1712.00,0.010498
1712.48,0.010439
1712.96,0.010401
1713.44,0.010376
1713.92,0.010357
1714.41,0.010340
1714.89,0.010322
1715.37,0.010303
1715.85,0.010286
1716.34,0.010271
1716.82,0.010254
1717.30,0.010228
1717.78,0.010184
1718.26,0.010121
1718.75,0.010046
1719.23,0.009968
1719.71,0.009897
1720.19,0.009836
1720.67,0.009784
1721.16,0.009738
1721.64,0.009698
1722.12,0.009663
1722.60,0.009635
1723.09,0.009617
1723.57,0.009608
1724.05,0.009605
1724.53,0.009601
1725.01,0.009590
1725.50,0.009569
1725.98,0.009536
1726.46,0.009493
1726.94,0.009445
1727.42,0.009395
1727.91,0.009345
1728.39,0.009295
1728.87,0.009245
1729.35,0.009196
1729.84,0.009150
1730.32,0.009112
1730.80,0.009086
1731.28,0.009073
1731.76,0.009071
1732.24,0.009072
1732.73,0.009067
1733.21,0.009049
1733.69,0.009012
1734.17,0.008956
1734.66,0.008891
1735.14,0.008830
1735.62,0.008782
1736.10,0.008746
1736.58,0.008714
1737.07,0.008682
1737.55,0.008646
1738.03,0.008609
1738.51,0.008572
1738.99,0.008540
1739.48,0.008515
1739.96,0.008498
1740.44,0.008490
1740.92,0.008487
1741.40,0.008486
1741.89,0.008484
1742.37,0.008481
1742.85,0.008473
1743.33,0.008459
1743.82,0.008437
1744.30,0.008405
1744.78,0.008366
1745.26,0.008328
1745.74,0.008297
1746.23,0.008280
1746.71,0.008279
1747.19,0.008294
1747.67,0.008319
1748.15,0.008347
1748.64,0.008370
1749.12,0.008382
1749.60,0.008385
1750.08,0.008380
1750.57,0.008374
1751.05,0.008369
1751.53,0.008365
1752.01,0.008363
1752.49,0.008363
1752.98,0.008364
1753.46,0.008368
1753.94,0.008376
1754.42,0.008388
1754.90,0.008401
1755.39,0.008413
1755.87,0.008421
1756.35,0.008423
1756.83,0.008419
1757.32,0.008410
1757.80,0.008399
1758.28,0.008385
1758.76,0.008367
1759.24,0.008342
1759.73,0.008306
1760.21,0.008258
1760.69,0.008202
1761.17,0.008143
1761.65,0.008090
1762.14,0.008052
1762.62,0.008034
1763.10,0.008036
1763.58,0.008052
1764.07,0.008076
1764.55,0.008104
1765.03,0.008135
1765.51,0.008169
1765.99,0.008208
1766.47,0.008250
1766.96,0.008290
1767.44,0.008322
1767.92,0.008336
1768.40,0.008327
1768.89,0.008293
1769.37,0.008235
1769.85,0.008161
1770.33,0.008078
1770.82,0.007990
1771.30,0.007906
1771.78,0.007834
1772.26,0.007784
1772.74,0.007764
1773.22,0.007777
1773.71,0.007813
1774.19,0.007858
1774.67,0.007899
1775.15,0.007932
1775.64,0.007954
1776.12,0.007968
1776.60,0.007977
1777.08,0.007983
1777.56,0.007985
1778.05,0.007981
1778.53,0.007970
1779.01,0.007949
1779.49,0.007922
1779.97,0.007893
1780.46,0.007869
1780.94,0.007856
1781.42,0.007855
1781.90,0.007865
1782.38,0.007880
1782.87,0.007897
1783.35,0.007911
1783.83,0.007921
1784.31,0.007926
1784.80,0.007926
1785.28,0.007920
1785.76,0.007907
1786.24,0.007888
1786.72,0.007864
1787.21,0.007840
1787.69,0.007821
1788.17,0.007811
1788.65,0.007811
1789.13,0.007819
1789.62,0.007830
1790.10,0.007838
1790.58,0.007840
1791.06,0.007839
1791.55,0.007838
1792.03,0.007847
1792.51,0.007870
1792.99,0.007905
1793.47,0.007938
1793.96,0.007956
1794.44,0.007951
1794.92,0.007920
1795.40,0.007871
1795.88,0.007813
1796.37,0.007755
1796.85,0.007706
1797.33,0.007669
1797.81,0.007643
1798.30,0.007629
1798.78,0.007624
1799.26,0.007627
1799.74,0.007638
1800.22,0.007657
1800.71,0.007680
1801.19,0.007705
1801.67,0.007724
1802.15,0.007733
1802.63,0.007732
1803.12,0.007726
1803.60,0.007720
1804.08,0.007719
1804.56,0.007723
1805.05,0.007731
1805.53,0.007739
1806.01,0.007742
1806.49,0.007741
1806.97,0.007736
1807.45,0.007732
1807.94,0.007734
1808.42,0.007743
1808.90,0.007759
1809.38,0.007776
1809.87,0.007786
1810.35,0.007783
1810.83,0.007762
1811.31,0.007724
1811.79,0.007673
1812.28,0.007617
1812.76,0.007563
1813.24,0.007517
1813.72,0.007482
1814.20,0.007460
1814.69,0.007452
1815.17,0.007457
1815.65,0.007473
1816.13,0.007496
1816.62,0.007521
1817.10,0.007543
1817.58,0.007558
1818.06,0.007564
1818.54,0.007564
1819.03,0.007561
1819.51,0.007559
1819.99,0.007561
1820.47,0.007567
1820.95,0.007575
1821.44,0.007585
1821.92,0.007594
1822.40,0.007603
1822.88,0.007611
1823.37,0.007619
1823.85,0.007627
1824.33,0.007635
1824.81,0.007641
1825.29,0.007645
1825.78,0.007649
1826.26,0.007654
1826.74,0.007660
1827.22,0.007668
1827.70,0.007676
1828.19,0.007680
1828.67,0.007681
1829.15,0.007681
1829.63,0.007683
1830.12,0.007694
1830.60,0.007715
1831.08,0.007743
1831.56,0.007771
1832.04,0.007792
1832.53,0.007800
1833.01,0.007797
1833.49,0.007790
1833.97,0.007786
1834.45,0.007792
1834.94,0.007810
1835.42,0.007838
1835.90,0.007868
1836.38,0.007889
1836.87,0.007892
1837.35,0.007875
1837.83,0.007839
1838.31,0.007791
1838.79,0.007736
1839.28,0.007684
1839.76,0.007636
1840.24,0.007596
1840.72,0.007565
1841.20,0.007546
1841.69,0.007541
1842.17,0.007554
1842.65,0.007587
1843.13,0.007636
1843.61,0.007698
1844.10,0.007762
1844.58,0.007818
1845.06,0.007862
1845.54,0.007894
1846.03,0.007919
1846.51,0.007940
1846.99,0.007957
1847.47,0.007966
1847.95,0.007965
1848.43,0.007953
1848.92,0.007933
1849.40,0.007912
1849.88,0.007902
1850.36,0.007911
1850.85,0.007942
1851.33,0.007993
1851.81,0.008054
1852.29,0.008115
1852.77,0.008165
1853.26,0.008196
1853.74,0.008205
1854.22,0.008193
1854.70,0.008166
1855.18,0.008131
1855.67,0.008094
1856.15,0.008059
1856.63,0.008030
1857.11,0.008004
1857.60,0.007979
1858.08,0.007951
1858.56,0.007919
1859.04,0.007883
1859.52,0.007848
1860.01,0.007819
1860.49,0.007802
1860.97,0.007801
1861.45,0.007814
1861.93,0.007836
1862.42,0.007858
1862.90,0.007875
1863.38,0.007886
1863.86,0.007892
1864.35,0.007902
1864.83,0.007919
1865.31,0.007946
1865.79,0.007978
1866.27,0.008005
1866.76,0.008018
1867.24,0.008012
1867.72,0.007992
1868.20,0.007971
1868.68,0.007967
1869.17,0.007992
1869.65,0.008046
1870.13,0.008113
1870.61,0.008171
1871.10,0.008202
1871.58,0.008202
1872.06,0.008178
1872.54,0.008146
1873.02,0.008118
1873.51,0.008104
1873.99,0.008103
1874.47,0.008106
1874.95,0.008102
1875.43,0.008079
1875.92,0.008036
1876.40,0.007975
1876.88,0.007909
1877.36,0.007849
1877.84,0.007807
1878.33,0.007785
1878.81,0.007782
1879.29,0.007792
1879.77,0.007810
1880.26,0.007829
1880.74,0.007846
1881.22,0.007859
1881.70,0.007867
1882.18,0.007869
1882.67,0.007864
1883.15,0.007854
1883.63,0.007844
1884.11,0.007837
1884.59,0.007839
1885.08,0.007851
1885.56,0.007874
1886.04,0.007906
1886.52,0.007943
1887.01,0.007986
1887.49,0.008036
1887.97,0.008094
1888.45,0.008162
1888.93,0.008235
1889.41,0.008307
1889.90,0.008368
1890.38,0.008408
1890.86,0.008424
1891.34,0.008420
1891.83,0.008405
1892.31,0.008386
1892.79,0.008370
1893.27,0.008356
1893.75,0.008343
1894.24,0.008323
1894.72,0.008292
1895.20,0.008246
1895.68,0.008185
1896.16,0.008112
1896.65,0.008033
1897.13,0.007958
1897.61,0.007895
1898.09,0.007854
1898.58,0.007843
1899.06,0.007866
1899.54,0.007924
1900.02,0.008010
1900.50,0.008110
1900.99,0.008208
1901.47,0.008290
1901.95,0.008345
1902.43,0.008371
1902.91,0.008375
1903.40,0.008364
1903.88,0.008346
1904.36,0.008324
1904.84,0.008297
1905.33,0.008263
1905.81,0.008217
1906.29,0.008159
1906.77,0.008092
1907.25,0.008021
1907.74,0.007953
1908.22,0.007893
1908.70,0.007846
1909.18,0.007811
1909.66,0.007791
1910.15,0.007784
1910.63,0.007790
1911.11,0.007805
1911.59,0.007823
1912.08,0.007838
1912.56,0.007847
1913.04,0.007849
1913.52,0.007850
1914.00,0.007859
1914.48,0.007885
1914.97,0.007932
1915.45,0.007993
1915.93,0.008056
1916.41,0.008103
1916.90,0.008118
1917.38,0.008092
1917.86,0.008029
1918.34,0.007946
1918.82,0.007863
1919.31,0.007804
1919.79,0.007777
1920.27,0.007780
1920.75,0.007804
1921.23,0.007838
1921.72,0.007874
1922.20,0.007909
1922.68,0.007939
1923.16,0.007961
1923.65,0.007972
1924.13,0.007966
1924.61,0.007944
1925.09,0.007910
1925.57,0.007874
1926.06,0.007843
1926.54,0.007826
1927.02,0.007823
1927.50,0.007831
1927.98,0.007842
1928.47,0.007852
1928.95,0.007860
1929.43,0.007870
1929.91,0.007889
1930.39,0.007919
1930.88,0.007955
1931.36,0.007990
1931.84,0.008007
1932.32,0.007998
1932.81,0.007960
1933.29,0.007901
1933.77,0.007834
1934.25,0.007771
1934.73,0.007721
1935.22,0.007685
1935.70,0.007661
1936.18,0.007653
1936.66,0.007664
1937.14,0.007707
1937.63,0.007789
1938.11,0.007906
1938.59,0.008039
1939.07,0.008153
1939.56,0.008211
1940.04,0.008186
1940.52,0.008071
1941.00,0.007883
1941.48,0.007658
1941.97,0.007440
1942.45,0.007266
1942.93,0.007160
1943.41,0.007127
1943.89,0.007153
1944.38,0.007228
1944.86,0.007347
1945.34,0.007510
1945.82,0.007714
1946.31,0.007945
1946.79,0.008169
1947.27,0.008339
1947.75,0.008417
1948.23,0.008385
1948.72,0.008260
1949.20,0.008082
1949.68,0.007909
1950.16,0.007790
1950.64,0.007748
1951.13,0.007779
1951.61,0.007849
1952.09,0.007922
1952.57,0.007963
1953.06,0.007954
1953.54,0.007895
1954.02,0.007797
1954.50,0.007671
1954.98,0.007529
1955.46,0.007383
1955.95,0.007245
1956.43,0.007135
1956.91,0.007075
1957.39,0.007079
1957.88,0.007149
1958.36,0.007268
1958.84,0.007403
1959.32,0.007517
1959.80,0.007589
1960.29,0.007618
1960.77,0.007627
1961.25,0.007649
1961.73,0.007705
1962.21,0.007792
1962.70,0.007878
1963.18,0.007917
1963.66,0.007866
1964.14,0.007704
1964.62,0.007441
1965.11,0.007115
1965.59,0.006779
1966.07,0.006485
1966.55,0.006276
1967.04,0.006172
1967.52,0.006174
1968.00,0.006271
1968.48,0.006444
1968.96,0.006667
1969.45,0.006905
1969.93,0.007122
1970.41,0.007276
1970.89,0.007336
1971.38,0.007294
1971.86,0.007164
1972.34,0.006982
1972.82,0.006796
1973.30,0.006650
1973.79,0.006575
1974.27,0.006579
1974.75,0.006654
1975.23,0.006781
1975.71,0.006946
1976.20,0.007134
1976.68,0.007328
1977.16,0.007503
1977.64,0.007619
1978.12,0.007643
1978.61,0.007557
1979.09,0.007375
1979.57,0.007139
1980.05,0.006911
1980.54,0.006748
1981.02,0.006682
1981.50,0.006712
1981.98,0.006806
1982.46,0.006921
1982.95,0.007015
1983.43,0.007070
1983.91,0.007092
1984.39,0.007101
1984.87,0.007121
1985.36,0.007159
1985.84,0.007209
1986.32,0.007250
1986.80,0.007257
1987.29,0.007215
1987.77,0.007125
1988.25,0.007003
1988.73,0.006877
1989.21,0.006778
1989.70,0.006730
1990.18,0.006751
1990.66,0.006847
1991.14,0.007018
1991.62,0.007253
1992.11,0.007531
1992.59,0.007810
1993.07,0.008042
1993.55,0.008185
1994.04,0.008216
1994.52,0.008139
1995.00,0.007988
1995.48,0.007808
1995.96,0.007642
1996.44,0.007519
1996.93,0.007447
1997.41,0.007412
1997.89,0.007391
1998.37,0.007357
1998.86,0.007296
1999.34,0.007209
1999.82,0.007109
2000.30,0.007010
2000.78,0.006924
2001.27,0.006851
2001.75,0.006786
2002.23,0.006718
2002.71,0.006645
2003.19,0.006565
2003.68,0.006485
2004.16,0.006414
2004.64,0.006355
2005.12,0.006314
2005.61,0.006298
2006.09,0.006314
2006.57,0.006381
2007.05,0.006517
2007.53,0.006729
2008.02,0.007008
2008.50,0.007321
2008.98,0.007620
2009.46,0.007855
2009.94,0.007989
2010.43,0.008008
2010.91,0.007920
2011.39,0.007744
2011.87,0.007507
2012.36,0.007232
2012.84,0.006940
2013.32,0.006650
2013.80,0.006380
2014.28,0.006149
2014.77,0.005978
2015.25,0.005879
2015.73,0.005852
2016.21,0.005878
2016.69,0.005926
2017.18,0.005959
2017.66,0.005950
2018.14,0.005890
2018.62,0.005791
2019.11,0.005679
2019.59,0.005579
2020.07,0.005512
2020.55,0.005486
2021.03,0.005497
2021.52,0.005537
2022.00,0.005598
2022.48,0.005673
2022.96,0.005755
2023.44,0.005836
2023.93,0.005908
2024.41,0.005963
2024.89,0.006002
2025.37,0.006028
2025.85,0.006054
2026.34,0.006087
2026.82,0.006126
2027.30,0.006159
2027.78,0.006167
2028.27,0.006132
2028.75,0.006051
2029.23,0.005939
2029.71,0.005825
2030.19,0.005746
2030.67,0.005732
2031.16,0.005795
2031.64,0.005925
2032.12,0.006101
2032.60,0.006299
2033.09,0.006497
2033.57,0.006689
2034.05,0.006868
2034.53,0.007022
2035.02,0.007128
2035.50,0.007158
2035.98,0.007085
2036.46,0.006904
2036.94,0.006632
2037.42,0.006313
2037.91,0.005998
2038.39,0.005741
2038.87,0.005578
2039.35,0.005523
2039.84,0.005565
2040.32,0.005677
2040.80,0.005833
2041.28,0.006003
2041.76,0.006169
2042.25,0.006313
2042.73,0.006423
2043.21,0.006491
2043.69,0.006518
2044.17,0.006514
2044.66,0.006497
2045.14,0.006492
2045.62,0.006522
2046.10,0.006596
2046.59,0.006714
2047.07,0.006867
2047.55,0.007041
2048.03,0.007227
2048.51,0.007422
2049.00,0.007623
2049.48,0.007821
2049.96,0.007992
2050.44,0.008104
2050.92,0.008124
2051.41,0.008033
2051.89,0.007838
2052.37,0.007570
2052.85,0.007281
2053.34,0.007024
2053.82,0.006849
2054.30,0.006779
2054.78,0.006813
2055.26,0.006924
2055.75,0.007078
2056.23,0.007240
2056.71,0.007387
2057.19,0.007510
2057.67,0.007611
2058.16,0.007689
2058.64,0.007746
2059.12,0.007780
2059.60,0.007790
2060.08,0.007783
2060.57,0.007769
2061.05,0.007762
2061.53,0.007776
2062.01,0.007815
2062.49,0.007874
2062.98,0.007940
2063.46,0.007999
2063.94,0.008040
2064.42,0.008061
2064.91,0.008069
2065.39,0.008075
2065.87,0.008095
2066.35,0.008138
2066.83,0.008208
2067.32,0.008303
2067.80,0.008416
2068.28,0.008538
2068.76,0.008658
2069.24,0.008764
2069.73,0.008846
2070.21,0.008899
2070.69,0.008920
2071.17,0.008917
2071.66,0.008898
2072.14,0.008878
2072.62,0.008863
2073.10,0.008857
2073.58,0.008855
2074.07,0.008851
2074.55,0.008836
2075.03,0.008810
2075.51,0.008777
2075.99,0.008745
2076.48,0.008724
2076.96,0.008723
2077.44,0.008743
2077.92,0.008785
2078.41,0.008845
2078.89,0.008919
2079.37,0.009003
2079.85,0.009092
2080.33,0.009176
2080.82,0.009243
2081.30,0.009280
2081.78,0.009274
2082.26,0.009226
2082.74,0.009142
2083.23,0.009040
2083.71,0.008940
2084.19,0.008857
2084.67,0.008799
2085.16,0.008760
2085.64,0.008728
2086.12,0.008692
2086.60,0.008643
2087.08,0.008586
2087.57,0.008529
2088.05,0.008485
2088.53,0.008463
2089.01,0.008459
2089.49,0.008465
2089.98,0.008464
2090.46,0.008440
2090.94,0.008384
2091.42,0.008295
2091.90,0.008182
2092.39,0.008062
2092.87,0.007953
2093.35,0.007874
2093.83,0.007839
2094.32,0.007860
2094.80,0.007938
2095.28,0.008063
2095.76,0.008219
2096.24,0.008376
2096.72,0.008505
2097.21,0.008586
2097.69,0.008609
2098.17,0.008585
2098.65,0.008537
2099.14,0.008493
2099.62,0.008475
2100.10,0.008494
2100.58,0.008540
2101.06,0.008597
2101.55,0.008647
2102.03,0.008679
2102.51,0.008696
2102.99,0.008708
2103.47,0.008731
2103.96,0.008772
2104.44,0.008827
2104.92,0.008880
2105.40,0.008914
2105.89,0.008912
2106.37,0.008871
2106.85,0.008798
2107.33,0.008710
2107.81,0.008626
2108.30,0.008560
2108.78,0.008515
2109.26,0.008488
2109.74,0.008472
2110.22,0.008457
2110.71,0.008440
2111.19,0.008421
2111.67,0.008400
2112.15,0.008379
2112.64,0.008358
2113.12,0.008338
2113.60,0.008320
2114.08,0.008306
2114.56,0.008304
2115.05,0.008318
2115.53,0.008350
2116.01,0.008398
2116.49,0.008453
2116.97,0.008507
2117.46,0.008547
2117.94,0.008569
2118.42,0.008567
2118.90,0.008541
2119.39,0.008491
2119.87,0.008419
2120.35,0.008329
2120.83,0.008228
2121.31,0.008128
2121.80,0.008042
2122.28,0.007983
2122.76,0.007958
2123.24,0.007966
2123.72,0.007997
2124.21,0.008037
2124.69,0.008068
2125.17,0.008083
2125.65,0.008079
2126.14,0.008061
2126.62,0.008040
2127.10,0.008020
2127.58,0.008005
2128.06,0.007990
2128.55,0.007966
2129.03,0.007926
2129.51,0.007867
2129.99,0.007789
2130.47,0.007694
2130.96,0.007586
2131.44,0.007468
2131.92,0.007342
2132.40,0.007214
2132.88,0.007096
2133.37,0.007003
2133.85,0.006954
2134.33,0.006962
2134.81,0.007025
2135.30,0.007131
2135.78,0.007253
2136.26,0.007365
2136.74,0.007450
2137.22,0.007505
2137.70,0.007541
2138.19,0.007576
2138.67,0.007626
2139.15,0.007693
2139.63,0.007767
2140.12,0.007833
2140.60,0.007872
2141.08,0.007874
2141.56,0.007840
2142.04,0.007779
2142.53,0.007703
2143.01,0.007619
2143.49,0.007529
2143.97,0.007431
2144.45,0.007326
2144.94,0.007220
2145.42,0.007128
2145.90,0.007068
2146.38,0.007056
2146.86,0.007098
2147.35,0.007185
2147.83,0.007297
2148.31,0.007410
2148.79,0.007502
2149.28,0.007557
2149.76,0.007568
2150.24,0.007533
2150.72,0.007455
2151.20,0.007336
2151.69,0.007183
2152.17,0.007003
2152.65,0.006804
2153.13,0.006594
2153.61,0.006379
2154.10,0.006157
2154.58,0.005921
2155.06,0.005665
2155.54,0.005388
2156.03,0.005103
2156.51,0.004840
2156.99,0.004637
2157.47,0.004536
2157.95,0.004565
2158.44,0.004721
2158.92,0.004970
2159.40,0.005263
2159.88,0.005545
2160.36,0.005784
2160.85,0.005978
2161.33,0.006142
2161.81,0.006302
2162.29,0.006476
2162.78,0.006670
2163.26,0.006874
2163.74,0.007078
2164.22,0.007265
2164.70,0.007418
2165.19,0.007527
2165.67,0.007584
2166.15,0.007581
2166.63,0.007521
2167.11,0.007414
2167.60,0.007276
2168.08,0.007127
2168.56,0.006986
2169.04,0.006863
2169.53,0.006760
2170.01,0.006670
2170.49,0.006580
2170.97,0.006482
2171.45,0.006375
2171.94,0.006269
2172.42,0.006177
2172.90,0.006116
2173.38,0.006094
2173.86,0.006109
2174.35,0.006154
2174.83,0.006215
2175.31,0.006282
2175.79,0.006349
2176.28,0.006415
2176.76,0.006482
2177.24,0.006548
2177.72,0.006611
2178.20,0.006670
2178.68,0.006723
2179.17,0.006773
2179.65,0.006827
2180.13,0.006889
2180.61,0.006959
2181.10,0.007032
2181.58,0.007098
2182.06,0.007150
2182.54,0.007184
2183.02,0.007210
2183.51,0.007238
2183.99,0.007280
2184.47,0.007339
2184.95,0.007408
2185.43,0.007469
2185.92,0.007509
2186.40,0.007518
2186.88,0.007501
2187.36,0.007476
2187.84,0.007465
2188.33,0.007485
2188.81,0.007542
2189.29,0.007626
2189.77,0.007718
2190.26,0.007800
2190.74,0.007856
2191.22,0.007880
2191.70,0.007877
2192.18,0.007853
2192.67,0.007813
2193.15,0.007759
2193.63,0.007690
2194.11,0.007605
2194.59,0.007507
2195.08,0.007401
2195.56,0.007294
2196.04,0.007194
2196.52,0.007105
2197.01,0.007024
2197.49,0.006955
2197.97,0.006897
2198.45,0.006857
2198.93,0.006846
2199.42,0.006870
2199.90,0.006931
2200.38,0.007017
2200.86,0.007110
2201.34,0.007186
2201.83,0.007228
2202.31,0.007232
2202.79,0.007206
2203.27,0.007173
2203.76,0.007156
2204.24,0.007175
2204.72,0.007241
2205.20,0.007349
2205.68,0.007489
2206.17,0.007640
2206.65,0.007786
2207.13,0.007909
2207.61,0.007997
2208.09,0.008042
2208.58,0.008043
2209.06,0.008006
2209.54,0.007943
2210.02,0.007874
2210.51,0.007814
2210.99,0.007777
2211.47,0.007768
2211.95,0.007785
2212.43,0.007818
2212.92,0.007860
2213.40,0.007910
2213.88,0.007973
2214.36,0.008064
2214.84,0.008196
2215.33,0.008373
2215.81,0.008587
2216.29,0.008813
2216.77,0.009019
2217.26,0.009170
2217.74,0.009243
2218.22,0.009225
2218.70,0.009122
2219.18,0.008951
2219.66,0.008736
2220.15,0.008507
2220.63,0.008288
2221.11,0.008100
2221.59,0.007961
2222.08,0.007877
2222.56,0.007854
2223.04,0.007891
2223.52,0.007981
2224.00,0.008113
2224.49,0.008275
2224.97,0.008452
2225.45,0.008629
2225.93,0.008795
2226.41,0.008935
2226.90,0.009036
2227.38,0.009087
2227.86,0.009084
2228.34,0.009028
2228.82,0.008932
2229.31,0.008814
2229.79,0.008694
2230.27,0.008590
2230.75,0.008515
2231.24,0.008471
2231.72,0.008457
2232.20,0.008463
2232.68,0.008484
2233.16,0.008513
2233.65,0.008549
2234.13,0.008588
2234.61,0.008624
2235.09,0.008654
2235.57,0.008671
2236.06,0.008673
2236.54,0.008666
2237.02,0.008655
2237.50,0.008652
2237.99,0.008660
2238.47,0.008679
2238.95,0.008700
2239.43,0.008712
2239.91,0.008707
2240.40,0.008681
2240.88,0.008644
2241.36,0.008610
2241.84,0.008593
2242.32,0.008603
2242.81,0.008635
2243.29,0.008675
2243.77,0.008704
2244.25,0.008705
2244.74,0.008670
2245.22,0.008608
2245.70,0.008534
2246.18,0.008473
2246.66,0.008444
2247.15,0.008454
2247.63,0.008500
2248.11,0.008567
2248.59,0.008635
2249.07,0.008687
2249.56,0.008714
2250.04,0.008716
2250.52,0.008702
2251.00,0.008688
2251.49,0.008690
2251.97,0.008716
2252.45,0.008773
2252.93,0.008857
2253.41,0.008958
2253.90,0.009064
2254.38,0.009159
2254.86,0.009233
2255.34,0.009279
2255.82,0.009293
2256.31,0.009277
2256.79,0.009236
2257.27,0.009176
2257.75,0.009104
2258.24,0.009029
2258.72,0.008959
2259.20,0.008902
2259.68,0.008867
2260.16,0.008857
2260.64,0.008870
2261.13,0.008898
2261.61,0.008931
2262.09,0.008957
2262.57,0.008966
2263.06,0.008955
2263.54,0.008928
2264.02,0.008896
2264.50,0.008871
2264.98,0.008862
2265.47,0.008874
2265.95,0.008906
2266.43,0.008952
2266.91,0.009004
2267.39,0.009054
2267.88,0.009098
2268.36,0.009134
2268.84,0.009162
2269.32,0.009182
2269.80,0.009196
2270.29,0.009204
2270.77,0.009209
2271.25,0.009213
2271.73,0.009219
2272.22,0.009231
2272.70,0.009246
2273.18,0.009261
2273.66,0.009270
2274.14,0.009267
2274.63,0.009249
2275.11,0.009220
2275.59,0.009189
2276.07,0.009167
2276.55,0.009167
2277.04,0.009195
2277.52,0.009250
2278.00,0.009324
2278.48,0.009405
2278.97,0.009476
2279.45,0.009528
2279.93,0.009554
2280.41,0.009561
2280.89,0.009556
2281.38,0.009553
2281.86,0.009566
2282.34,0.009602
2282.82,0.009663
2283.30,0.009743
2283.79,0.009830
2284.27,0.009911
2284.75,0.009975
2285.23,0.010013
2285.72,0.010026
2286.20,0.010018
2286.68,0.009997
2287.16,0.009971
2287.64,0.009945
2288.13,0.009924
2288.61,0.009904
2289.09,0.009884
2289.57,0.009861
2290.05,0.009836
2290.54,0.009808
2291.02,0.009781
2291.50,0.009758
2291.98,0.009741
2292.47,0.009731
2292.95,0.009730
2293.43,0.009738
2293.91,0.009756
2294.39,0.009785
2294.88,0.009823
2295.36,0.009866
2295.84,0.009908
2296.32,0.009939
2296.80,0.009956
2297.29,0.009954
2297.77,0.009937
2298.25,0.009913
2298.73,0.009891
2299.21,0.009880
2299.70,0.009883
2300.18,0.009900
2300.66,0.009922
2301.14,0.009940
2301.62,0.009945
2302.11,0.009930
2302.59,0.009893
2303.07,0.009835
2303.55,0.009760
2304.04,0.009676
2304.52,0.009591
2305.00,0.009509
2305.48,0.009438
2305.96,0.009380
2306.45,0.009338
2306.93,0.009309
2307.41,0.009290
2307.89,0.009275
2308.38,0.009260
2308.86,0.009241
2309.34,0.009221
2309.82,0.009203
2310.30,0.009191
2310.78,0.009191
2311.27,0.009202
2311.75,0.009222
2312.23,0.009246
2312.71,0.009267
2313.20,0.009281
2313.68,0.009286
2314.16,0.009283
2314.64,0.009273
2315.12,0.009261
2315.61,0.009247
2316.09,0.009233
2316.57,0.009221
2317.05,0.009212
2317.53,0.009210
2318.02,0.009218
2318.50,0.009239
2318.98,0.009272
2319.46,0.009318
2319.95,0.009373
2320.43,0.009435
2320.91,0.009503
2321.39,0.009576
2321.87,0.009654
2322.36,0.009733
2322.84,0.009808
2323.32,0.009867
2323.80,0.009901
2324.28,0.009903
2324.77,0.009868
2325.25,0.009802
2325.73,0.009711
2326.21,0.009605
2326.70,0.009493
2327.18,0.009378
2327.66,0.009262
2328.14,0.009147
2328.62,0.009031
2329.11,0.008917
2329.59,0.008812
2330.07,0.008720
2330.55,0.008649
2331.03,0.008602
2331.52,0.008579
2332.00,0.008576
2332.48,0.008587
2332.96,0.008604
2333.45,0.008619
2333.93,0.008626
2334.41,0.008622
2334.89,0.008603
2335.37,0.008572
2335.86,0.008531
2336.34,0.008488
2336.82,0.008448
2337.30,0.008419
2337.78,0.008404
2338.27,0.008403
2338.75,0.008414
2339.23,0.008433
2339.71,0.008455
2340.19,0.008480
2340.68,0.008507
2341.16,0.008538
2341.64,0.008576
2342.12,0.008621
2342.61,0.008671
2343.09,0.008726
2343.57,0.008784
2344.05,0.008845
2344.53,0.008908
2345.02,0.008972
2345.50,0.009036
2345.98,0.009092
2346.46,0.009135
2346.94,0.009160
2347.43,0.009167
2347.91,0.009161
2348.39,0.009148
2348.87,0.009137
2349.35,0.009130
2349.84,0.009130
2350.32,0.009132
2350.80,0.009132
2351.28,0.009124
2351.76,0.009104
2352.25,0.009074
2352.73,0.009038
2353.21,0.009004
2353.69,0.008977
2354.18,0.008955
2354.66,0.008936
2355.14,0.008907
2355.62,0.008861
2356.10,0.008794
2356.59,0.008709
2357.07,0.008616
2357.55,0.008530
2358.03,0.008462
2358.51,0.008419
2359.00,0.008402
2359.48,0.008410
2359.96,0.008436
2360.44,0.008474
2360.93,0.008520
2361.41,0.008566
2361.89,0.008607
2362.37,0.008637
2362.85,0.008649
2363.34,0.008642
2363.82,0.008618
2364.30,0.008583
2364.78,0.008544
2365.26,0.008509
2365.75,0.008483
2366.23,0.008467
2366.71,0.008463
2367.19,0.008466
2367.68,0.008475
2368.16,0.008488
2368.64,0.008501
2369.12,0.008513
2369.60,0.008523
2370.09,0.008531
2370.57,0.008538
2371.05,0.008550
2371.53,0.008571
2372.01,0.008602
2372.50,0.008646
2372.98,0.008697
2373.46,0.008749
2373.94,0.008797
2374.43,0.008834
2374.91,0.008859
2375.39,0.008873
2375.87,0.008880
2376.35,0.008882
2376.84,0.008883
2377.32,0.008884
2377.80,0.008887
2378.28,0.008893
2378.76,0.008906
2379.25,0.008928
2379.73,0.008960
2380.21,0.009002
2380.69,0.009050
2381.17,0.009097
2381.66,0.009136
2382.14,0.009163
2382.62,0.009178
2383.10,0.009181
2383.59,0.009177
2384.07,0.009170
2384.55,0.009162
2385.03,0.009153
2385.51,0.009140
2385.99,0.009124
2386.48,0.009103
2386.96,0.009081
2387.44,0.009064
2387.92,0.009058
2388.41,0.009065
2388.89,0.009087
2389.37,0.009117
2389.85,0.009151
2390.33,0.009182
2390.82,0.009207
2391.30,0.009223
2391.78,0.009234
2392.26,0.009242
2392.74,0.009249
2393.23,0.009256
2393.71,0.009262
2394.19,0.009264
2394.67,0.009264
2395.16,0.009259
2395.64,0.009253
2396.12,0.009245
2396.60,0.009237
2397.08,0.009229
2397.57,0.009218
2398.05,0.009203
2398.53,0.009183
2399.01,0.009156
2399.49,0.009126
2399.98,0.009093
2400.46,0.009061
2400.94,0.009035
2401.42,0.009016
2401.91,0.009006
2402.39,0.009007
2402.87,0.009016
2403.35,0.009034
2403.83,0.009059
2404.32,0.009087
2404.80,0.009120
2405.28,0.009158
2405.76,0.009200
2406.24,0.009248
2406.73,0.009301
2407.21,0.009353
2407.69,0.009399
2408.17,0.009430
2408.66,0.009441
2409.14,0.009428
2409.62,0.009398
2410.10,0.009358
2410.58,0.009320
2411.07,0.009293
2411.55,0.009285
2412.03,0.009293
2412.51,0.009313
2412.99,0.009334
2413.48,0.009350
2413.96,0.009355
2414.44,0.009350
2414.92,0.009340
2415.41,0.009328
2415.89,0.009319
2416.37,0.009316
2416.85,0.009317
2417.33,0.009321
2417.82,0.009327
2418.30,0.009334
2418.78,0.009342
2419.26,0.009351
2419.74,0.009363
2420.23,0.009374
2420.71,0.009385
2421.19,0.009393
2421.67,0.009398
2422.15,0.009399
2422.64,0.009398
2423.12,0.009395
2423.60,0.009389
2424.08,0.009379
2424.57,0.009366
2425.05,0.009349
2425.53,0.009330
2426.01,0.009316
2426.49,0.009311
2426.97,0.009317
2427.46,0.009335
2427.94,0.009361
2428.42,0.009392
2428.90,0.009419
2429.39,0.009439
2429.87,0.009450
2430.35,0.009454
2430.83,0.009452
2431.31,0.009447
2431.80,0.009440
2432.28,0.009429
2432.76,0.009414
2433.24,0.009393
2433.72,0.009365
2434.21,0.009335
2434.69,0.009305
2435.17,0.009282
2435.65,0.009269
2436.14,0.009268
2436.62,0.009278
2437.10,0.009298
2437.58,0.009324
2438.06,0.009355
2438.55,0.009388
2439.03,0.009422
2439.51,0.009455
2439.99,0.009484
2440.47,0.009507
2440.96,0.009523
2441.44,0.009528
2441.92,0.009522
2442.40,0.009507
2442.89,0.009486
2443.37,0.009464
2443.85,0.009444
2444.33,0.009431
2444.81,0.009429
2445.30,0.009436
2445.78,0.009452
2446.26,0.009473
2446.74,0.009495
2447.22,0.009516
2447.71,0.009532
2448.19,0.009544
2448.67,0.009554
2449.15,0.009562
2449.64,0.009571
2450.12,0.009583
2450.60,0.009595
2451.08,0.009608
2451.56,0.009619
2452.05,0.009625
2452.53,0.009628
2453.01,0.009628
2453.49,0.009629
2453.97,0.009634
2454.46,0.009647
2454.94,0.009672
2455.42,0.009709
2455.90,0.009757
2456.39,0.009813
2456.87,0.009871
2457.35,0.009924
2457.83,0.009967
2458.31,0.009993
2458.80,0.010002
2459.28,0.009992
2459.76,0.009965
2460.24,0.009925
2460.72,0.009876
2461.21,0.009822
2461.69,0.009766
2462.17,0.009714
2462.65,0.009669
2463.13,0.009636
2463.62,0.009620
2464.10,0.009622
2464.58,0.009645
2465.06,0.009686
2465.55,0.009740
2466.03,0.009801
2466.51,0.009860
2466.99,0.009911
2467.47,0.009949
2467.95,0.009970
2468.44,0.009975
2468.92,0.009968
2469.40,0.009953
2469.88,0.009936
2470.37,0.009921
2470.85,0.009912
2471.33,0.009910
2471.81,0.009915
2472.29,0.009924
2472.78,0.009934
2473.26,0.009943
2473.74,0.009950
2474.22,0.009954
2474.70,0.009958
2475.19,0.009963
2475.67,0.009970
2476.15,0.009978
2476.63,0.009986
2477.11,0.009990
2477.60,0.009988
2478.08,0.009978
2478.56,0.009962
2479.04,0.009940
2479.53,0.009915
2480.01,0.009891
2480.49,0.009868
2480.97,0.009848
2481.45,0.009830
2481.94,0.009815
2482.42,0.009802
2482.90,0.009793
2483.38,0.009788
2483.86,0.009787
2484.35,0.009790
2484.83,0.009795
2485.31,0.009801
2485.79,0.009810
2486.28,0.009820
2486.76,0.009833
2487.24,0.009847
2487.72,0.009860
2488.20,0.009871
2488.69,0.009874
2489.17,0.009870
2489.65,0.009858
2490.13,0.009844
2490.61,0.009834
2491.10,0.009837
2491.58,0.009857
2492.06,0.009894
2492.54,0.009943
2493.03,0.009995
2493.51,0.010038
2493.99,0.010064
2494.47,0.010066
2494.95,0.010045
2495.44,0.010003
2495.92,0.009949
2496.40,0.009892
2496.88,0.009839
2497.36,0.009796
2497.85,0.009768
2498.33,0.009754
2498.81,0.009755
2499.29,0.009766
2499.78,0.009784
2500.26,0.009803
2500.74,0.009820
2501.22,0.009829
2501.70,0.009829
2502.19,0.009818
2502.67,0.009796
2503.15,0.009767
2503.63,0.009735
2504.11,0.009703
2504.60,0.009678
2505.08,0.009664
2505.56,0.009664
2506.04,0.009679
2506.53,0.009708
2507.01,0.009749
2507.49,0.009798
2507.97,0.009849
2508.45,0.009900
2508.93,0.009948
2509.42,0.009992
2509.90,0.010030
2510.38,0.010060
2510.86,0.010080
2511.35,0.010088
2511.83,0.010082
2512.31,0.010061
2512.79,0.010030
2513.27,0.009993
2513.76,0.009955
2514.24,0.009922
2514.72,0.009895
2515.20,0.009873
2515.68,0.009856
2516.17,0.009842
2516.65,0.009829
2517.13,0.009820
2517.61,0.009820
2518.09,0.009830
2518.58,0.009853
2519.06,0.009888
2519.54,0.009930
2520.02,0.009972
2520.51,0.010007
2520.99,0.010030
2521.47,0.010037
2521.95,0.010029
2522.43,0.010007
2522.92,0.009975
2523.40,0.009936
2523.88,0.009894
2524.36,0.009856
2524.84,0.009826
2525.33,0.009811
2525.81,0.009817
2526.29,0.009845
2526.77,0.009894
2527.26,0.009958
2527.74,0.010030
2528.22,0.010097
2528.70,0.010151
2529.18,0.010185
2529.67,0.010194
2530.15,0.010181
2530.63,0.010150
2531.11,0.010111
2531.59,0.010073
2532.08,0.010046
2532.56,0.010035
2533.04,0.010041
2533.52,0.010059
2534.01,0.010079
2534.49,0.010091
2534.97,0.010087
2535.45,0.010065
2535.93,0.010026
2536.42,0.009981
2536.90,0.009938
2537.38,0.009908
2537.86,0.009892
2538.34,0.009890
2538.83,0.009893
2539.31,0.009896
2539.79,0.009894
2540.27,0.009888
2540.76,0.009883
2541.24,0.009886
2541.72,0.009902
2542.20,0.009934
2542.68,0.009976
2543.17,0.010022
2543.65,0.010063
2544.13,0.010094
2544.61,0.010113
2545.09,0.010121
2545.58,0.010121
2546.06,0.010115
2546.54,0.010105
2547.02,0.010091
2547.50,0.010072
2547.99,0.010049
2548.47,0.010027
2548.95,0.010009
2549.43,0.009999
2549.91,0.009998
2550.40,0.010004
2550.88,0.010013
2551.36,0.010023
2551.84,0.010029
2552.33,0.010033
2552.81,0.010036
2553.29,0.010042
2553.77,0.010053
2554.25,0.010069
2554.74,0.010086
2555.22,0.010099
2555.70,0.010103
2556.18,0.010096
2556.66,0.010078
2557.15,0.010053
2557.63,0.010028
2558.11,0.010007
2558.59,0.009997
2559.07,0.009997
2559.56,0.010008
2560.04,0.010026
2560.52,0.010045
2561.00,0.010059
2561.49,0.010064
2561.97,0.010058
2562.45,0.010041
2562.93,0.010018
2563.41,0.009998
2563.90,0.009985
2564.38,0.009988
2564.86,0.010006
2565.34,0.010036
2565.82,0.010071
2566.31,0.010102
2566.79,0.010121
2567.27,0.010123
2567.75,0.010111
2568.24,0.010089
2568.72,0.010064
2569.20,0.010042
2569.68,0.010026
2570.16,0.010018
2570.65,0.010016
2571.13,0.010020
2571.61,0.010030
2572.09,0.010047
2572.57,0.010074
2573.06,0.010111
2573.54,0.010156
2574.02,0.010203
2574.50,0.010246
2574.99,0.010276
2575.47,0.010286
2575.95,0.010277
2576.43,0.010248
2576.91,0.010207
2577.40,0.010161
2577.88,0.010119
2578.36,0.010087
2578.84,0.010069
2579.32,0.010064
2579.81,0.010072
2580.29,0.010087
2580.77,0.010104
2581.25,0.010119
2581.74,0.010130
2582.22,0.010136
2582.70,0.010138
2583.18,0.010139
2583.66,0.010143
2584.14,0.010154
2584.63,0.010173
2585.11,0.010199
2585.59,0.010232
2586.07,0.010269
2586.56,0.010307
2587.04,0.010343
2587.52,0.010375
2588.00,0.010401
2588.48,0.010420
2588.97,0.010431
2589.45,0.010435
2589.93,0.010433
2590.41,0.010426
2590.89,0.010419
2591.38,0.010413
2591.86,0.010414
2592.34,0.010421
2592.82,0.010437
2593.31,0.010458
2593.79,0.010483
2594.27,0.010510
2594.75,0.010535
2595.23,0.010558
2595.72,0.010578
2596.20,0.010595
2596.68,0.010610
2597.16,0.010623
2597.64,0.010636
2598.13,0.010646
2598.61,0.010652
2599.09,0.010652
2599.57,0.010643
2600.05,0.010624
2600.54,0.010595
2601.02,0.010561
2601.50,0.010526
2601.98,0.010498
2602.47,0.010485
2602.95,0.010491
2603.43,0.010521
2603.91,0.010570
2604.39,0.010632
2604.88,0.010699
2605.36,0.010761
2605.84,0.010810
2606.32,0.010842
2606.80,0.010856
2607.29,0.010854
2607.77,0.010840
2608.25,0.010819
2608.73,0.010798
2609.22,0.010780
2609.70,0.010766
2610.18,0.010759
2610.66,0.010758
2611.14,0.010762
2611.63,0.010768
2612.11,0.010774
2612.59,0.010778
2613.07,0.010781
2613.55,0.010781
2614.04,0.010782
2614.52,0.010784
2615.00,0.010791
2615.48,0.010804
2615.97,0.010825
2616.45,0.010853
2616.93,0.010888
2617.41,0.010928
2617.89,0.010968
2618.38,0.011006
2618.86,0.011038
2619.34,0.011061
2619.82,0.011072
2620.30,0.011070
2620.79,0.011056
2621.27,0.011034
2621.75,0.011006
2622.23,0.010979
2622.72,0.010957
2623.20,0.010943
2623.68,0.010941
2624.16,0.010950
2624.64,0.010968
2625.12,0.010995
2625.61,0.011029
2626.09,0.011068
2626.57,0.011114
2627.05,0.011166
2627.54,0.011225
2628.02,0.011289
2628.50,0.011355
2628.98,0.011418
2629.46,0.011473
2629.95,0.011515
2630.43,0.011542
2630.91,0.011552
2631.39,0.011548
2631.88,0.011535
2632.36,0.011518
2632.84,0.011504
2633.32,0.011496
2633.80,0.011495
2634.28,0.011501
2634.77,0.011511
2635.25,0.011524
2635.73,0.011540
2636.21,0.011556
2636.70,0.011573
2637.18,0.011592
2637.66,0.011612
2638.14,0.011632
2638.62,0.011650
2639.11,0.011664
2639.59,0.011673
2640.07,0.011674
2640.55,0.011669
2641.03,0.011657
2641.52,0.011642
2642.00,0.011625
2642.48,0.011610
2642.96,0.011599
2643.45,0.011595
2643.93,0.011600
2644.41,0.011614
2644.89,0.011634
2645.37,0.011657
2645.86,0.011678
2646.34,0.011694
2646.82,0.011699
2647.30,0.011695
2647.78,0.011682
2648.27,0.011665
2648.75,0.011649
2649.23,0.011638
2649.71,0.011635
2650.20,0.011642
2650.68,0.011658
2651.16,0.011682
2651.64,0.011708
2652.12,0.011735
2652.61,0.011758
2653.09,0.011775
2653.57,0.011785
2654.05,0.011788
2654.53,0.011783
2655.02,0.011775
2655.50,0.011764
2655.98,0.011757
2656.46,0.011754
2656.95,0.011759
2657.43,0.011771
2657.91,0.011790
2658.39,0.011812
2658.87,0.011835
2659.36,0.011855
2659.84,0.011869
2660.32,0.011875
2660.80,0.011871
2661.28,0.011857
2661.77,0.011836
2662.25,0.011810
2662.73,0.011782
2663.21,0.011756
2663.70,0.011737
2664.18,0.011725
2664.66,0.011723
2665.14,0.011727
2665.62,0.011736
2666.11,0.011745
2666.59,0.011753
2667.07,0.011756
2667.55,0.011755
2668.03,0.011752
2668.52,0.011747
2669.00,0.011741
2669.48,0.011738
2669.96,0.011735
2670.44,0.011734
2670.93,0.011735
2671.41,0.011737
2671.89,0.011742
2672.37,0.011750
2672.86,0.011762
2673.34,0.011777
2673.82,0.011796
2674.30,0.011817
2674.78,0.011837
2675.26,0.011854
2675.75,0.011869
2676.23,0.011880
2676.71,0.011889
2677.19,0.011898
2677.68,0.011909
2678.16,0.011924
2678.64,0.011944
2679.12,0.011968
2679.60,0.011992
2680.09,0.012014
2680.57,0.012030
2681.05,0.012039
2681.53,0.012041
2682.01,0.012037
2682.50,0.012029
2682.98,0.012020
2683.46,0.012011
2683.94,0.012002
2684.43,0.011993
2684.91,0.011985
2685.39,0.011976
2685.87,0.011969
2686.35,0.011966
2686.84,0.011968
2687.32,0.011978
2687.80,0.011996
2688.28,0.012021
2688.76,0.012050
2689.25,0.012078
2689.73,0.012104
2690.21,0.012124
2690.69,0.012138
2691.18,0.012145
2691.66,0.012148
2692.14,0.012148
2692.62,0.012149
2693.10,0.012152
2693.59,0.012160
2694.07,0.012174
2694.55,0.012193
2695.03,0.012214
2695.51,0.012234
2696.00,0.012250
2696.48,0.012260
2696.96,0.012263
2697.44,0.012261
2697.93,0.012256
2698.41,0.012251
2698.89,0.012250
2699.37,0.012255
2699.85,0.012264
2700.34,0.012278
2700.82,0.012293
2701.30,0.012309
2701.78,0.012324
2702.26,0.012338
2702.75,0.012350
2703.23,0.012360
2703.71,0.012366
2704.19,0.012369
2704.68,0.012368
2705.16,0.012364
2705.64,0.012358
2706.12,0.012355
2706.60,0.012355
2707.09,0.012360
2707.57,0.012372
2708.05,0.012389
2708.53,0.012411
2709.01,0.012435
2709.50,0.012459
2709.98,0.012482
2710.46,0.012504
2710.94,0.012523
2711.42,0.012540
2711.91,0.012556
2712.39,0.012570
2712.87,0.012585
2713.35,0.012602
2713.84,0.012622
2714.32,0.012645
2714.80,0.012671
2715.28,0.012697
2715.76,0.012722
2716.24,0.012743
2716.73,0.012758
2717.21,0.012765
2717.69,0.012766
2718.17,0.012760
2718.66,0.012749
2719.14,0.012736
2719.62,0.012723
2720.10,0.012711
2720.58,0.012705
2721.07,0.012704
2721.55,0.012711
2722.03,0.012722
2722.51,0.012737
2722.99,0.012754
2723.48,0.012770
2723.96,0.012785
2724.44,0.012800
2724.92,0.012817
2725.41,0.012836
2725.89,0.012858
2726.37,0.012883
2726.85,0.012908
2727.33,0.012931
2727.82,0.012950
2728.30,0.012965
2728.78,0.012976
2729.26,0.012986
2729.74,0.012994
2730.23,0.013003
2730.71,0.013010
2731.19,0.013015
2731.67,0.013016
2732.16,0.013012
2732.64,0.013005
2733.12,0.012998
2733.60,0.012994
2734.08,0.012993
2734.57,0.012999
2735.05,0.013009
2735.53,0.013024
2736.01,0.013042
2736.49,0.013061
2736.98,0.013081
2737.46,0.013100
2737.94,0.013118
2738.42,0.013133
2738.91,0.013146
2739.39,0.013157
2739.87,0.013167
2740.35,0.013179
2740.83,0.013195
2741.32,0.013216
2741.80,0.013240
2742.28,0.013266
2742.76,0.013291
2743.24,0.013311
2743.73,0.013327
2744.21,0.013338
2744.69,0.013350
2745.17,0.013364
2745.66,0.013383
2746.14,0.013406
2746.62,0.013431
2747.10,0.013453
2747.58,0.013468
2748.07,0.013473
2748.55,0.013468
2749.03,0.013455
2749.51,0.013438
2749.99,0.013420
2750.48,0.013405
2750.96,0.013396
2751.44,0.013396
2751.92,0.013404
2752.40,0.013421
2752.89,0.013446
2753.37,0.013475
2753.85,0.013505
2754.33,0.013533
2754.82,0.013555
2755.30,0.013570
2755.78,0.013579
2756.26,0.013584
2756.74,0.013588
2757.22,0.013595
2757.71,0.013604
2758.19,0.013616
2758.67,0.013631
2759.15,0.013647
2759.64,0.013663
2760.12,0.013680
2760.60,0.013699
2761.08,0.013718
2761.56,0.013739
2762.05,0.013758
2762.53,0.013773
2763.01,0.013781
2763.49,0.013785
2763.97,0.013784
2764.46,0.013782
2764.94,0.013785
2765.42,0.013793
2765.90,0.013807
2766.39,0.013827
2766.87,0.013849
2767.35,0.013869
2767.83,0.013887
2768.31,0.013901
2768.80,0.013913
2769.28,0.013923
2769.76,0.013931
2770.24,0.013936
2770.72,0.013937
2771.21,0.013934
2771.69,0.013925
2772.17,0.013913
2772.65,0.013901
2773.14,0.013893
2773.62,0.013891
2774.10,0.013897
2774.58,0.013912
2775.06,0.013933
2775.55,0.013959
2776.03,0.013987
2776.51,0.014016
2776.99,0.014045
2777.47,0.014071
2777.96,0.014095
2778.44,0.014116
2778.92,0.014133
2779.40,0.014145
2779.89,0.014154
2780.37,0.014159
2780.85,0.014161
2781.33,0.014162
2781.81,0.014161
2782.30,0.014160
2782.78,0.014159
2783.26,0.014161
2783.74,0.014165
2784.22,0.014176
2784.71,0.014193
2785.19,0.014217
2785.67,0.014246
2786.15,0.014275
2786.63,0.014300
2787.12,0.014316
2787.60,0.014322
2788.08,0.014317
2788.56,0.014305
2789.05,0.014289
2789.53,0.014274
2790.01,0.014264
2790.49,0.014260
2790.97,0.014263
2791.46,0.014270
2791.94,0.014277
2792.42,0.014283
2792.90,0.014288
2793.38,0.014290
2793.87,0.014292
2794.35,0.014296
2794.83,0.014304
2795.31,0.014318
2795.80,0.014339
2796.28,0.014365
2796.76,0.014396
2797.24,0.014427
2797.72,0.014457
2798.20,0.014482
2798.69,0.014499
2799.17,0.014507
2799.65,0.014508
2800.13,0.014503
2800.62,0.014496
2801.10,0.014493
2801.58,0.014495
2802.06,0.014506
2802.54,0.014526
2803.03,0.014554
2803.51,0.014586
2803.99,0.014620
2804.47,0.014652
2804.95,0.014681
2805.44,0.014706
2805.92,0.014725
2806.40,0.014740
2806.88,0.014751
2807.36,0.014756
2807.85,0.014757
2808.33,0.014753
2808.81,0.014746
2809.29,0.014737
2809.78,0.014729
2810.26,0.014726
2810.74,0.014730
2811.22,0.014742
2811.70,0.014763
2812.19,0.014790
2812.67,0.014821
2813.15,0.014853
2813.63,0.014881
2814.11,0.014903
2814.60,0.014916
2815.08,0.014923
2815.56,0.014925
2816.04,0.014926
2816.53,0.014929
2817.01,0.014938
2817.49,0.014954
2817.97,0.014978
2818.45,0.015007
2818.94,0.015039
2819.42,0.015071
2819.90,0.015099
2820.38,0.015123
2820.86,0.015140
2821.35,0.015149
2821.83,0.015152
2822.31,0.015147
2822.79,0.015137
2823.28,0.015123
2823.76,0.015109
2824.24,0.015098
2824.72,0.015093
2825.20,0.015098
2825.69,0.015111
2826.17,0.015133
2826.65,0.015159
2827.13,0.015188
2827.61,0.015216
2828.10,0.015242
2828.58,0.015264
2829.06,0.015284
2829.54,0.015302
2830.03,0.015319
2830.51,0.015334
2830.99,0.015348
2831.47,0.015360
2831.95,0.015370
2832.44,0.015380
2832.92,0.015391
2833.40,0.015404
2833.88,0.015420
2834.36,0.015436
2834.85,0.015452
2835.33,0.015464
2835.81,0.015472
2836.29,0.015475
2836.77,0.015474
2837.26,0.015472
2837.74,0.015471
2838.22,0.015474
2838.70,0.015483
2839.18,0.015497
2839.67,0.015517
2840.15,0.015542
2840.63,0.015572
2841.11,0.015605
2841.60,0.015642
2842.08,0.015680
2842.56,0.015715
2843.04,0.015746
2843.52,0.015767
2844.01,0.015775
2844.49,0.015770
2844.97,0.015754
2845.45,0.015729
2845.93,0.015703
2846.42,0.015683
2846.90,0.015673
2847.38,0.015677
2847.86,0.015695
2848.34,0.015722
2848.83,0.015753
2849.31,0.015781
2849.79,0.015803
2850.27,0.015814
2850.76,0.015817
2851.24,0.015815
2851.72,0.015812
2852.20,0.015813
2852.68,0.015821
2853.17,0.015838
2853.65,0.015863
2854.13,0.015891
2854.61,0.015922
2855.09,0.015951
2855.58,0.015977
2856.06,0.016000
2856.54,0.016020
2857.02,0.016037
2857.51,0.016052
2857.99,0.016067
2858.47,0.016080
2858.95,0.016093
2859.43,0.016104
2859.92,0.016114
2860.40,0.016124
2860.88,0.016134
2861.36,0.016145
2861.84,0.016157
2862.33,0.016171
2862.81,0.016187
2863.29,0.016203
2863.77,0.016220
2864.26,0.016235
2864.74,0.016249
2865.22,0.016261
2865.70,0.016271
2866.18,0.016281
2866.67,0.016292
2867.15,0.016304
2867.63,0.016319
2868.11,0.016335
2868.59,0.016350
2869.08,0.016363
2869.56,0.016375
2870.04,0.016384
2870.52,0.016394
2871.01,0.016407
2871.49,0.016423
2871.97,0.016445
2872.45,0.016471
2872.93,0.016499
2873.41,0.016527
2873.90,0.016553
2874.38,0.016576
2874.86,0.016595
2875.34,0.016611
2875.83,0.016625
2876.31,0.016637
2876.79,0.016648
2877.27,0.016660
2877.75,0.016672
2878.24,0.016687
2878.72,0.016704
2879.20,0.016725
2879.68,0.016749
2880.16,0.016776
2880.65,0.016803
2881.13,0.016829
2881.61,0.016852
2882.09,0.016872
2882.58,0.016888
2883.06,0.016901
2883.54,0.016910
2884.02,0.016916
2884.50,0.016919
2884.99,0.016917
2885.47,0.016912
2885.95,0.016904
2886.43,0.016896
2886.91,0.016893
2887.40,0.016895
2887.88,0.016904
2888.36,0.016919
2888.84,0.016939
2889.32,0.016959
2889.81,0.016977
2890.29,0.016991
2890.77,0.017001
2891.25,0.017009
2891.74,0.017016
2892.22,0.017028
2892.70,0.017044
2893.18,0.017068
2893.66,0.017096
2894.15,0.017128
2894.63,0.017160
2895.11,0.017187
2895.59,0.017207
2896.07,0.017218
2896.56,0.017220
2897.04,0.017216
2897.52,0.017211
2898.00,0.017210
2898.49,0.017219
2898.97,0.017239
2899.45,0.017272
2899.93,0.017313
2900.41,0.017359
2900.90,0.017402
2901.38,0.017440
2901.86,0.017468
2902.34,0.017488
2902.82,0.017503
2903.31,0.017515
2903.79,0.017527
2904.27,0.017542
2904.75,0.017559
2905.24,0.017576
2905.72,0.017591
2906.20,0.017602
2906.68,0.017608
2907.16,0.017610
2907.65,0.017607
2908.13,0.017602
2908.61,0.017596
2909.09,0.017590
2909.57,0.017588
2910.06,0.017590
2910.54,0.017599
2911.02,0.017615
2911.50,0.017640
2911.99,0.017671
2912.47,0.017707
2912.95,0.017744
2913.43,0.017781
2913.91,0.017816
2914.39,0.017848
2914.88,0.017877
2915.36,0.017903
2915.84,0.017927
2916.32,0.017946
2916.81,0.017958
2917.29,0.017962
2917.77,0.017956
2918.25,0.017942
2918.73,0.017923
2919.22,0.017904
2919.70,0.017890
2920.18,0.017884
2920.66,0.017887
2921.14,0.017897
2921.63,0.017910
2922.11,0.017924
2922.59,0.017935
2923.07,0.017946
2923.55,0.017958
2924.04,0.017974
2924.52,0.017995
2925.00,0.018019
2925.48,0.018042
2925.97,0.018059
2926.45,0.018064
2926.93,0.018056
2927.41,0.018034
2927.89,0.018006
2928.38,0.017978
2928.86,0.017957
2929.34,0.017948
2929.82,0.017953
2930.30,0.017971
2930.79,0.018001
2931.27,0.018038
2931.75,0.018079
2932.23,0.018122
2932.72,0.018165
2933.20,0.018208
2933.68,0.018248
2934.16,0.018285
2934.64,0.018317
2935.13,0.018348
2935.61,0.018378
2936.09,0.018409
2936.57,0.018446
2937.05,0.018489
2937.54,0.018537
2938.02,0.018587
2938.50,0.018637
2938.98,0.018681
2939.47,0.018716
2939.95,0.018740
2940.43,0.018753
2940.91,0.018755
2941.39,0.018748
2941.88,0.018736
2942.36,0.018722
2942.84,0.018710
2943.32,0.018704
2943.80,0.018706
2944.29,0.018718
2944.77,0.018738
2945.25,0.018765
2945.73,0.018796
2946.22,0.018827
2946.70,0.018856
2947.18,0.018881
2947.66,0.018902
2948.14,0.018918
2948.62,0.018930
2949.11,0.018939
2949.59,0.018946
2950.07,0.018951
2950.55,0.018958
2951.04,0.018969
2951.52,0.018987
2952.00,0.019012
2952.48,0.019042
2952.97,0.019075
2953.45,0.019106
2953.93,0.019132
2954.41,0.019148
2954.89,0.019156
2955.38,0.019158
2955.86,0.019156
2956.34,0.019154
2956.82,0.019155
2957.30,0.019158
2957.79,0.019163
2958.27,0.019168
2958.75,0.019172
2959.23,0.019175
2959.71,0.019176
2960.20,0.019176
2960.68,0.019175
2961.16,0.019174
2961.64,0.019175
2962.12,0.019179
2962.61,0.019190
2963.09,0.019211
2963.57,0.019242
2964.05,0.019282
2964.53,0.019326
2965.02,0.019370
2965.50,0.019406
2965.98,0.019430
2966.46,0.019444
2966.95,0.019450
2967.43,0.019454
2967.91,0.019462
2968.39,0.019478
2968.88,0.019502
2969.36,0.019534
2969.84,0.019567
2970.32,0.019600
2970.80,0.019628
2971.28,0.019652
2971.77,0.019671
2972.25,0.019685
2972.73,0.019695
2973.21,0.019701
2973.70,0.019701
2974.18,0.019697
2974.66,0.019691
2975.14,0.019687
2975.62,0.019688
2976.11,0.019700
2976.59,0.019723
2977.07,0.019757
2977.55,0.019800
2978.03,0.019845
2978.52,0.019888
2979.00,0.019923
2979.48,0.019948
2979.96,0.019960
2980.45,0.019960
2980.93,0.019952
2981.41,0.019939
2981.89,0.019929
2982.37,0.019927
2982.86,0.019937
2983.34,0.019961
2983.82,0.019997
2984.30,0.020043
2984.78,0.020092
2985.27,0.020138
2985.75,0.020178
2986.23,0.020210
2986.71,0.020236
2987.20,0.020258
2987.68,0.020279
2988.16,0.020301
2988.64,0.020324
2989.12,0.020347
2989.61,0.020370
2990.09,0.020392
2990.57,0.020412
2991.05,0.020430
2991.53,0.020447
2992.02,0.020465
2992.50,0.020485
2992.98,0.020506
2993.46,0.020530
2993.95,0.020558
2994.43,0.020590
2994.91,0.020625
2995.39,0.020663
2995.87,0.020700
2996.36,0.020733
2996.84,0.020760
2997.32,0.020779
2997.80,0.020791
2998.28,0.020798
2998.77,0.020804
2999.25,0.020811
2999.73,0.020819
3000.21,0.020829
3000.69,0.020837
3001.18,0.020841
3001.66,0.020840
3002.14,0.020834
3002.62,0.020827
3003.11,0.020821
3003.59,0.020820
3004.07,0.020827
3004.55,0.020842
3005.03,0.020864
3005.51,0.020892
3006.00,0.020924
3006.48,0.020957
3006.96,0.020990
3007.44,0.021021
3007.93,0.021047
3008.41,0.021065
3008.89,0.021076
3009.37,0.021078
3009.85,0.021072
3010.34,0.021061
3010.82,0.021049
3011.30,0.021040
3011.78,0.021035
3012.26,0.021036
3012.75,0.021044
3013.23,0.021059
3013.71,0.021078
3014.19,0.021101
3014.68,0.021128
3015.16,0.021157
3015.64,0.021189
3016.12,0.021225
3016.60,0.021263
3017.09,0.021303
3017.57,0.021343
3018.05,0.021380
3018.53,0.021410
3019.01,0.021431
3019.50,0.021441
3019.98,0.021439
3020.46,0.021430
3020.94,0.021418
3021.43,0.021410
3021.91,0.021412
3022.39,0.021426
3022.87,0.021452
3023.35,0.021486
3023.84,0.021522
3024.32,0.021556
3024.80,0.021583
3025.28,0.021606
3025.76,0.021626
3026.25,0.021646
3026.73,0.021670
3027.21,0.021697
3027.69,0.021725
3028.18,0.021752
3028.66,0.021773
3029.14,0.021788
3029.62,0.021798
3030.10,0.021807
3030.59,0.021820
3031.07,0.021838
3031.55,0.021865
3032.03,0.021897
3032.51,0.021933
3033.00,0.021969
3033.48,0.022002
3033.96,0.022030
3034.44,0.022053
3034.93,0.022071
3035.41,0.022085
3035.89,0.022093
3036.37,0.022097
3036.85,0.022099
3037.34,0.022101
3037.82,0.022108
3038.30,0.022122
3038.78,0.022147
3039.26,0.022181
3039.75,0.022221
3040.23,0.022260
3040.71,0.022292
3041.19,0.022313
3041.67,0.022320
3042.16,0.022315
3042.64,0.022301
3043.12,0.022285
3043.60,0.022269
3044.09,0.022259
3044.57,0.022254
3045.05,0.022255
3045.53,0.022262
3046.01,0.022274
3046.49,0.022291
3046.98,0.022312
3047.46,0.022337
3047.94,0.022364
3048.42,0.022390
3048.91,0.022414
3049.39,0.022434
3049.87,0.022450
3050.35,0.022464
3050.83,0.022479
3051.32,0.022498
3051.80,0.022523
3052.28,0.022554
3052.76,0.022591
3053.24,0.022629
3053.73,0.022666
3054.21,0.022700
3054.69,0.022728
3055.17,0.022753
3055.66,0.022777
3056.14,0.022803
3056.62,0.022835
3057.10,0.022874
3057.58,0.022919
3058.07,0.022969
3058.55,0.023019
3059.03,0.023062
3059.51,0.023095
3059.99,0.023114
3060.48,0.023122
3060.96,0.023120
3061.44,0.023114
3061.92,0.023111
3062.41,0.023114
3062.89,0.023124
3063.37,0.023142
3063.85,0.023162
3064.33,0.023182
3064.82,0.023198
3065.30,0.023210
3065.78,0.023220
3066.26,0.023231
3066.74,0.023247
3067.23,0.023269
3067.71,0.023299
3068.19,0.023334
3068.67,0.023372
3069.16,0.023412
3069.64,0.023451
3070.12,0.023489
3070.60,0.023525
3071.08,0.023559
3071.57,0.023589
3072.05,0.023614
3072.53,0.023633
3073.01,0.023646
3073.49,0.023654
3073.98,0.023661
3074.46,0.023672
3074.94,0.023688
3075.42,0.023710
3075.90,0.023735
3076.39,0.023760
3076.87,0.023779
3077.35,0.023789
3077.83,0.023789
3078.32,0.023782
3078.80,0.023772
3079.28,0.023764
3079.76,0.023762
3080.24,0.023771
3080.73,0.023789
3081.21,0.023816
3081.69,0.023850
3082.17,0.023886
3082.65,0.023923
3083.14,0.023958
3083.62,0.023988
3084.10,0.024012
3084.58,0.024028
3085.07,0.024037
3085.55,0.024040
3086.03,0.024040
3086.51,0.024038
3086.99,0.024038
3087.47,0.024040
3087.96,0.024044
3088.44,0.024049
3088.92,0.024055
3089.40,0.024060
3089.89,0.024065
3090.37,0.024071
3090.85,0.024079
3091.33,0.024092
3091.81,0.024111
3092.30,0.024136
3092.78,0.024168
3093.26,0.024206
3093.74,0.024247
3094.22,0.024291
3094.71,0.024334
3095.19,0.024376
3095.67,0.024415
3096.15,0.024452
3096.64,0.024487
3097.12,0.024523
3097.60,0.024560
3098.08,0.024600
3098.56,0.024642
3099.05,0.024683
3099.53,0.024721
3100.01,0.024753
3100.49,0.024777
3100.97,0.024793
3101.46,0.024804
3101.94,0.024813
3102.42,0.024824
3102.90,0.024839
3103.39,0.024858
3103.87,0.024878
3104.35,0.024897
3104.83,0.024914
3105.31,0.024925
3105.80,0.024932
3106.28,0.024937
3106.76,0.024942
3107.24,0.024948
3107.72,0.024959
3108.21,0.024977
3108.69,0.025003
3109.17,0.025040
3109.65,0.025086
3110.14,0.025140
3110.62,0.025197
3111.10,0.025250
3111.58,0.025292
3112.06,0.025317
3112.55,0.025321
3113.03,0.025307
3113.51,0.025281
3113.99,0.025252
3114.47,0.025228
3114.96,0.025216
3115.44,0.025217
3115.92,0.025232
3116.40,0.025257
3116.88,0.025287
3117.37,0.025318
3117.85,0.025350
3118.33,0.025381
3118.81,0.025411
3119.30,0.025440
3119.78,0.025467
3120.26,0.025492
3120.74,0.025515
3121.22,0.025535
3121.71,0.025556
3122.19,0.025578
3122.67,0.025603
3123.15,0.025631
3123.63,0.025659
3124.12,0.025686
3124.60,0.025710
3125.08,0.025732
3125.56,0.025753
3126.04,0.025775
3126.53,0.025799
3127.01,0.025824
3127.49,0.025847
3127.97,0.025864
3128.45,0.025874
3128.94,0.025876
3129.42,0.025873
3129.90,0.025870
3130.38,0.025872
3130.87,0.025882
3131.35,0.025900
3131.83,0.025922
3132.31,0.025941
3132.79,0.025955
3133.28,0.025963
3133.76,0.025966
3134.24,0.025969
3134.72,0.025977
3135.20,0.025994
3135.69,0.026019
3136.17,0.026050
3136.65,0.026083
3137.13,0.026115
3137.61,0.026147
3138.10,0.026181
3138.58,0.026221
3139.06,0.026269
3139.54,0.026326
3140.03,0.026387
3140.51,0.026445
3140.99,0.026495
3141.47,0.026528
3141.95,0.026545
3142.44,0.026546
3142.92,0.026538
3143.40,0.026528
3143.88,0.026523
3144.36,0.026528
3144.85,0.026547
3145.33,0.026578
3145.81,0.026619
3146.29,0.026665
3146.78,0.026711
3147.26,0.026752
3147.74,0.026784
3148.22,0.026807
3148.70,0.026823
3149.19,0.026835
3149.67,0.026849
3150.15,0.026868
3150.63,0.026893
3151.11,0.026923
3151.60,0.026955
3152.08,0.026984
3152.56,0.027008
3153.04,0.027025
3153.53,0.027038
3154.01,0.027051
3154.49,0.027068
3154.97,0.027093
3155.45,0.027126
3155.94,0.027167
3156.42,0.027211
3156.90,0.027256
3157.38,0.027297
3157.86,0.027334
3158.35,0.027367
3158.83,0.027396
3159.31,0.027422
3159.79,0.027448
3160.28,0.027473
3160.76,0.027496
3161.24,0.027518
3161.72,0.027538
3162.20,0.027554
3162.68,0.027566
3163.17,0.027573
3163.65,0.027576
3164.13,0.027575
3164.61,0.027572
3165.10,0.027570
3165.58,0.027572
3166.06,0.027579
3166.54,0.027593
3167.02,0.027611
3167.51,0.027631
3167.99,0.027649
3168.47,0.027661
3168.95,0.027666
3169.43,0.027667
3169.92,0.027664
3170.40,0.027664
3170.88,0.027669
3171.36,0.027684
3171.85,0.027708
3172.33,0.027743
3172.81,0.027787
3173.29,0.027836
3173.77,0.027887
3174.26,0.027936
3174.74,0.027979
3175.22,0.028014
3175.70,0.028040
3176.18,0.028055
3176.67,0.028063
3177.15,0.028064
3177.63,0.028063
3178.11,0.028061
3178.59,0.028063
3179.08,0.028070
3179.56,0.028084
3180.04,0.028107
3180.52,0.028136
3181.01,0.028172
3181.49,0.028210
3181.97,0.028248
3182.45,0.028283
3182.93,0.028313
3183.42,0.028339
3183.90,0.028363
3184.38,0.028389
3184.86,0.028420
3185.34,0.028458
3185.83,0.028502
3186.31,0.028548
3186.79,0.028591
3187.27,0.028625
3187.76,0.028648
3188.24,0.028662
3188.72,0.028671
3189.20,0.028679
3189.68,0.028693
3190.17,0.028715
3190.65,0.028744
3191.13,0.028776
3191.61,0.028807
3192.09,0.028833
3192.58,0.028849
3193.06,0.028857
3193.54,0.028857
3194.02,0.028853
3194.51,0.028848
3194.99,0.028846
3195.47,0.028851
3195.95,0.028866
3196.43,0.028892
3196.92,0.028931
3197.40,0.028981
3197.88,0.029038
3198.36,0.029094
3198.84,0.029142
3199.33,0.029175
3199.81,0.029188
3200.29,0.029180
3200.77,0.029157
3201.26,0.029125
3201.74,0.029092
3202.22,0.029067
3202.70,0.029054
3203.18,0.029055
3203.66,0.029068
3204.15,0.029091
3204.63,0.029117
3205.11,0.029144
3205.59,0.029167
3206.08,0.029186
3206.56,0.029199
3207.04,0.029208
3207.52,0.029215
3208.00,0.029224
3208.49,0.029238
3208.97,0.029258
3209.45,0.029284
3209.93,0.029316
3210.41,0.029348
3210.90,0.029376
3211.38,0.029398
3211.86,0.029411
3212.34,0.029416
3212.82,0.029417
3213.31,0.029420
3213.79,0.029432
3214.27,0.029456
3214.75,0.029495
3215.24,0.029546
3215.72,0.029604
3216.20,0.029662
3216.68,0.029711
3217.16,0.029748
3217.65,0.029771
3218.13,0.029782
3218.61,0.029785
3219.09,0.029787
3219.57,0.029793
3220.06,0.029808
3220.54,0.029833
3221.02,0.029866
3221.50,0.029904
3221.99,0.029941
3222.47,0.029971
3222.95,0.029990
3223.43,0.029997
3223.91,0.029990
3224.40,0.029972
3224.88,0.029948
3225.36,0.029922
3225.84,0.029900
3226.32,0.029889
3226.81,0.029893
3227.29,0.029913
3227.77,0.029950
3228.25,0.029998
3228.74,0.030053
3229.22,0.030109
3229.70,0.030161
3230.18,0.030206
3230.66,0.030241
3231.15,0.030269
3231.63,0.030292
3232.11,0.030311
3232.59,0.030329
3233.07,0.030345
3233.56,0.030359
3234.04,0.030368
3234.52,0.030369
3235.00,0.030360
3235.49,0.030340
3235.97,0.030310
3236.45,0.030273
3236.93,0.030233
3237.41,0.030196
3237.90,0.030167
3238.38,0.030151
3238.86,0.030151
3239.34,0.030166
3239.82,0.030193
3240.31,0.030229
3240.79,0.030269
3241.27,0.030309
3241.75,0.030347
3242.24,0.030383
3242.72,0.030415
3243.20,0.030444
3243.68,0.030469
3244.16,0.030488
3244.64,0.030498
3245.13,0.030497
3245.61,0.030485
3246.09,0.030464
3246.57,0.030436
3247.06,0.030408
3247.54,0.030383
3248.02,0.030367
3248.50,0.030360
3248.98,0.030364
3249.47,0.030376
3249.95,0.030393
3250.43,0.030412
3250.91,0.030432
3251.39,0.030450
3251.88,0.030466
3252.36,0.030482
3252.84,0.030497
3253.32,0.030513
3253.80,0.030526
3254.29,0.030534
3254.77,0.030533
3255.25,0.030519
3255.73,0.030492
3256.22,0.030454
3256.70,0.030412
3257.18,0.030374
3257.66,0.030349
3258.14,0.030345
3258.63,0.030367
3259.11,0.030415
3259.59,0.030484
3260.07,0.030569
3260.55,0.030659
3261.04,0.030747
3261.52,0.030825
3262.00,0.030888
3262.48,0.030932
3262.97,0.030956
3263.45,0.030963
3263.93,0.030955
3264.41,0.030936
3264.89,0.030911
3265.38,0.030885
3265.86,0.030859
3266.34,0.030836
3266.82,0.030817
3267.30,0.030803
3267.79,0.030795
3268.27,0.030794
3268.75,0.030800
3269.23,0.030810
3269.72,0.030823
3270.20,0.030832
3270.68,0.030834
3271.16,0.030825
3271.64,0.030807
3272.13,0.030786
3272.61,0.030772
3273.09,0.030776
3273.57,0.030804
3274.05,0.030858
3274.54,0.030932
3275.02,0.031014
3275.50,0.031092
3275.98,0.031152
3276.47,0.031189
3276.95,0.031202
3277.43,0.031196
3277.91,0.031180
3278.39,0.031160
3278.88,0.031144
3279.36,0.031133
3279.84,0.031128
3280.32,0.031128
3280.80,0.031129
3281.29,0.031130
3281.77,0.031128
3282.25,0.031119
3282.73,0.031102
3283.22,0.031076
3283.70,0.031044
3284.18,0.031014
3284.66,0.030994
3285.14,0.030992
3285.62,0.031015
3286.11,0.031062
3286.59,0.031128
3287.07,0.031199
3287.55,0.031261
3288.04,0.031300
3288.52,0.031309
3289.00,0.031287
3289.48,0.031243
3289.96,0.031190
3290.45,0.031143
3290.93,0.031116
3291.41,0.031119
3291.89,0.031153
3292.38,0.031215
3292.86,0.031294
3293.34,0.031379
3293.82,0.031457
3294.30,0.031520
3294.78,0.031562
3295.27,0.031585
3295.75,0.031592
3296.23,0.031588
3296.71,0.031580
3297.20,0.031570
3297.68,0.031557
3298.16,0.031542
3298.64,0.031521
3299.12,0.031496
3299.61,0.031470
3300.09,0.031448
3300.57,0.031436
3301.05,0.031438
3301.53,0.031454
3302.02,0.031483
3302.50,0.031519
3302.98,0.031555
3303.46,0.031588
3303.95,0.031614
3304.43,0.031635
3304.91,0.031651
3305.39,0.031664
3305.87,0.031675
3306.36,0.031681
3306.84,0.031681
3307.32,0.031674
3307.80,0.031662
3308.28,0.031649
3308.77,0.031640
3309.25,0.031641
3309.73,0.031655
3310.21,0.031679
3310.70,0.031710
3311.18,0.031740
3311.66,0.031763
3312.14,0.031774
3312.62,0.031772
3313.11,0.031759
3313.59,0.031740
3314.07,0.031719
3314.55,0.031701
3315.03,0.031688
3315.52,0.031683
3316.00,0.031684
3316.48,0.031694
3316.96,0.031710
3317.45,0.031733
3317.93,0.031763
3318.41,0.031797
3318.89,0.031834
3319.37,0.031867
3319.86,0.031894
3320.34,0.031911
3320.82,0.031916
3321.30,0.031909
3321.78,0.031895
3322.27,0.031880
3322.75,0.031869
3323.23,0.031866
3323.71,0.031872
3324.20,0.031887
3324.68,0.031905
3325.16,0.031921
3325.64,0.031930
3326.12,0.031929
3326.61,0.031919
3327.09,0.031904
3327.57,0.031889
3328.05,0.031880
3328.53,0.031881
3329.02,0.031894
3329.50,0.031918
3329.98,0.031949
3330.46,0.031982
3330.94,0.032010
3331.43,0.032028
3331.91,0.032030
3332.39,0.032017
3332.87,0.031990
3333.36,0.031954
3333.84,0.031916
3334.32,0.031883
3334.80,0.031859
3335.28,0.031848
3335.76,0.031851
3336.25,0.031864
3336.73,0.031885
3337.21,0.031913
3337.69,0.031943
3338.18,0.031975
3338.66,0.032007
3339.14,0.032036
3339.62,0.032058
3340.10,0.032071
3340.59,0.032072
3341.07,0.032063
3341.55,0.032049
3342.03,0.032037
3342.51,0.032035
3343.00,0.032047
3343.48,0.032076
3343.96,0.032119
3344.44,0.032168
3344.93,0.032215
3345.41,0.032254
3345.89,0.032278
3346.37,0.032285
3346.85,0.032276
3347.34,0.032256
3347.82,0.032229
3348.30,0.032201
3348.78,0.032176
3349.26,0.032159
3349.75,0.032149
3350.23,0.032145
3350.71,0.032139
3351.19,0.032126
3351.68,0.032100
3352.16,0.032061
3352.64,0.032010
3353.12,0.031959
3353.60,0.031919
3354.09,0.031901
3354.57,0.031915
3355.05,0.031960
3355.53,0.032034
3356.01,0.032125
3356.50,0.032225
3356.98,0.032323
3357.46,0.032412
3357.94,0.032488
3358.43,0.032545
3358.91,0.032580
3359.39,0.032590
3359.87,0.032572
3360.35,0.032527
3360.84,0.032464
3361.32,0.032394
3361.80,0.032331
3362.28,0.032289
3362.76,0.032275
3363.25,0.032287
3363.73,0.032319
3364.21,0.032359
3364.69,0.032397
3365.17,0.032424
3365.66,0.032437
3366.14,0.032438
3366.62,0.032430
3367.10,0.032413
3367.59,0.032390
3368.07,0.032359
3368.55,0.032322
3369.03,0.032281
3369.51,0.032241
3370.00,0.032208
3370.48,0.032187
3370.96,0.032177
3371.44,0.032176
3371.92,0.032179
3372.41,0.032181
3372.89,0.032177
3373.37,0.032168
3373.85,0.032156
3374.33,0.032145
3374.82,0.032138
3375.30,0.032135
3375.78,0.032134
3376.26,0.032132
3376.74,0.032125
3377.23,0.032113
3377.71,0.032099
3378.19,0.032086
3378.67,0.032076
3379.16,0.032071
3379.64,0.032068
3380.12,0.032064
3380.60,0.032056
3381.08,0.032042
3381.57,0.032023
3382.05,0.032003
3382.53,0.031986
3383.01,0.031978
3383.49,0.031981
3383.98,0.031996
3384.46,0.032021
3384.94,0.032053
3385.42,0.032090
3385.91,0.032128
3386.39,0.032167
3386.87,0.032206
3387.35,0.032247
3387.83,0.032288
3388.32,0.032329
3388.80,0.032367
3389.28,0.032398
3389.76,0.032418
3390.24,0.032425
3390.73,0.032419
3391.21,0.032400
3391.69,0.032373
3392.17,0.032341
3392.66,0.032307
3393.14,0.032271
3393.62,0.032232
3394.10,0.032190
3394.58,0.032143
3395.07,0.032096
3395.55,0.032051
3396.03,0.032016
3396.51,0.031995
3396.99,0.031992
3397.48,0.032003
3397.96,0.032022
3398.44,0.032041
3398.92,0.032054
3399.41,0.032056
3399.89,0.032047
3400.37,0.032031
3400.85,0.032011
3401.33,0.031990
3401.82,0.031968
3402.30,0.031943
3402.78,0.031916
3403.26,0.031889
3403.74,0.031866
3404.23,0.031854
3404.71,0.031859
3405.19,0.031880
3405.67,0.031913
3406.15,0.031945
3406.64,0.031964
3407.12,0.031959
3407.60,0.031926
3408.08,0.031870
3408.57,0.031800
3409.05,0.031733
3409.53,0.031679
3410.01,0.031646
3410.49,0.031634
3410.97,0.031637
3411.46,0.031645
3411.94,0.031648
3412.42,0.031640
3412.90,0.031620
3413.39,0.031592
3413.87,0.031561
3414.35,0.031534
3414.83,0.031516
3415.31,0.031508
3415.80,0.031509
3416.28,0.031516
3416.76,0.031524
3417.24,0.031527
3417.72,0.031522
3418.21,0.031507
3418.69,0.031482
3419.17,0.031450
3419.65,0.031413
3420.14,0.031374
3420.62,0.031334
3421.10,0.031296
3421.58,0.031261
3422.06,0.031230
3422.55,0.031205
3423.03,0.031188
3423.51,0.031181
3423.99,0.031185
3424.47,0.031198
3424.96,0.031218
3425.44,0.031242
3425.92,0.031264
3426.40,0.031280
3426.89,0.031287
3427.37,0.031280
3427.85,0.031257
3428.33,0.031220
3428.81,0.031169
3429.30,0.031109
3429.78,0.031046
3430.26,0.030984
3430.74,0.030929
3431.22,0.030881
3431.71,0.030841
3432.19,0.030806
3432.67,0.030772
3433.15,0.030738
3433.64,0.030705
3434.12,0.030675
3434.60,0.030655
3435.08,0.030645
3435.56,0.030644
3436.05,0.030648
3436.53,0.030646
3437.01,0.030632
3437.49,0.030601
3437.97,0.030555
3438.46,0.030500
3438.94,0.030446
3439.42,0.030403
3439.90,0.030377
3440.39,0.030365
3440.87,0.030363
3441.35,0.030360
3441.83,0.030349
3442.31,0.030324
3442.80,0.030285
3443.28,0.030239
3443.76,0.030193
3444.24,0.030155
3444.72,0.030131
3445.21,0.030123
3445.69,0.030128
3446.17,0.030144
3446.65,0.030162
3447.13,0.030174
3447.62,0.030171
3448.10,0.030147
3448.58,0.030100
3449.06,0.030031
3449.55,0.029951
3450.03,0.029870
3450.51,0.029798
3450.99,0.029742
3451.47,0.029704
3451.95,0.029682
3452.44,0.029670
3452.92,0.029658
3453.40,0.029640
3453.88,0.029613
3454.37,0.029574
3454.85,0.029526
3455.33,0.029470
3455.81,0.029410
3456.29,0.029350
3456.78,0.029293
3457.26,0.029242
3457.74,0.029203
3458.22,0.029176
3458.70,0.029160
3459.19,0.029150
3459.67,0.029139
3460.15,0.029121
3460.63,0.029091
3461.11,0.029050
3461.60,0.029004
3462.08,0.028960
3462.56,0.028925
3463.04,0.028901
3463.53,0.028885
3464.01,0.028866
3464.49,0.028835
3464.97,0.028784
3465.45,0.028713
3465.94,0.028630
3466.42,0.028547
3466.90,0.028476
3467.38,0.028426
3467.86,0.028401
3468.35,0.028393
3468.83,0.028394
3469.31,0.028392
3469.79,0.028377
3470.28,0.028348
3470.76,0.028304
3471.24,0.028253
3471.72,0.028200
3472.20,0.028149
3472.69,0.028103
3473.17,0.028061
3473.65,0.028020
3474.13,0.027976
3474.61,0.027929
3475.10,0.027878
3475.58,0.027828
3476.06,0.027783
3476.54,0.027748
3477.03,0.027725
3477.51,0.027711
3477.99,0.027703
3478.47,0.027692
3478.95,0.027670
3479.44,0.027632
3479.92,0.027577
3480.40,0.027508
3480.88,0.027437
3481.36,0.027374
3481.85,0.027331
3482.33,0.027314
3482.81,0.027322
3483.29,0.027348
3483.78,0.027376
3484.26,0.027394
3484.74,0.027388
3485.22,0.027350
3485.70,0.027279
3486.19,0.027179
3486.67,0.027058
3487.15,0.026930
3487.63,0.026808
3488.11,0.026709
3488.60,0.026645
3489.08,0.026623
3489.56,0.026642
3490.04,0.026693
3490.53,0.026759
3491.01,0.026822
3491.49,0.026867
3491.97,0.026884
3492.45,0.026872
3492.93,0.026834
3493.42,0.026779
3493.90,0.026715
3494.38,0.026647
3494.86,0.026575
3495.35,0.026500
3495.83,0.026419
3496.31,0.026329
3496.79,0.026232
3497.27,0.026133
3497.76,0.026035
3498.24,0.025948
3498.72,0.025874
3499.20,0.025819
3499.68,0.025781
3500.17,0.025761
3500.65,0.025755
3501.13,0.025759
3501.61,0.025767
3502.09,0.025772
3502.58,0.025768
3503.06,0.025750
3503.54,0.025715
3504.02,0.025666
3504.51,0.025606
3504.99,0.025540
3505.47,0.025471
3505.95,0.025401
3506.43,0.025330
3506.92,0.025259
3507.40,0.025190
3507.88,0.025126
3508.36,0.025073
3508.84,0.025037
3509.33,0.025019
3509.81,0.025019
3510.29,0.025031
3510.77,0.025047
3511.26,0.025055
3511.74,0.025047
3512.22,0.025020
3512.70,0.024972
3513.18,0.024908
3513.67,0.024831
3514.15,0.024748
3514.63,0.024663
3515.11,0.024582
3515.59,0.024512
3516.08,0.024457
3516.56,0.024419
3517.04,0.024397
3517.52,0.024389
3518.01,0.024387
3518.49,0.024386
3518.97,0.024379
3519.45,0.024364
3519.93,0.024340
3520.42,0.024309
3520.90,0.024277
3521.38,0.024244
3521.86,0.024212
3522.34,0.024184
3522.83,0.024158
3523.31,0.024133
3523.79,0.024107
3524.27,0.024075
3524.76,0.024034
3525.24,0.023977
3525.72,0.023899
3526.20,0.023801
3526.68,0.023685
3527.17,0.023559
3527.65,0.023437
3528.13,0.023332
3528.61,0.023258
3529.09,0.023222
3529.58,0.023226
3530.06,0.023267
3530.54,0.023337
3531.02,0.023426
3531.51,0.023524
3531.99,0.023619
3532.47,0.023700
3532.95,0.023755
3533.43,0.023772
3533.91,0.023745
3534.40,0.023673
3534.88,0.023560
3535.36,0.023417
3535.84,0.023261
3536.33,0.023105
3536.81,0.022962
3537.29,0.022838
3537.77,0.022734
3538.25,0.022645
3538.74,0.022568
3539.22,0.022499
3539.70,0.022440
3540.18,0.022393
3540.66,0.022359
3541.15,0.022335
3541.63,0.022316
3542.11,0.022295
3542.59,0.022266
3543.07,0.022227
3543.56,0.022178
3544.04,0.022128
3544.52,0.022083
3545.00,0.022050
3545.49,0.022028
3545.97,0.022009
3546.45,0.021984
3546.93,0.021941
3547.41,0.021878
3547.90,0.021799
3548.38,0.021719
3548.86,0.021653
3549.34,0.021611
3549.82,0.021600
3550.31,0.021616
3550.79,0.021648
3551.27,0.021683
3551.75,0.021708
3552.24,0.021709
3552.72,0.021680
3553.20,0.021618
3553.68,0.021528
3554.16,0.021420
3554.65,0.021305
3555.13,0.021193
3555.61,0.021093
3556.09,0.021008
3556.57,0.020941
3557.06,0.020890
3557.54,0.020853
3558.02,0.020825
3558.50,0.020800
3558.99,0.020774
3559.47,0.020742
3559.95,0.020704
3560.43,0.020660
3560.91,0.020615
3561.40,0.020575
3561.88,0.020546
3562.36,0.020533
3562.84,0.020537
3563.32,0.020555
3563.81,0.020579
3564.29,0.020601
3564.77,0.020611
3565.25,0.020598
3565.74,0.020555
3566.22,0.020475
3566.70,0.020359
3567.18,0.020211
3567.66,0.020046
3568.15,0.019887
3568.63,0.019755
3569.11,0.019663
3569.59,0.019614
3570.07,0.019599
3570.56,0.019605
3571.04,0.019622
3571.52,0.019642
3572.00,0.019658
3572.49,0.019666
3572.97,0.019662
3573.45,0.019640
3573.93,0.019597
3574.41,0.019527
3574.89,0.019429
3575.38,0.019305
3575.86,0.019162
3576.34,0.019013
3576.82,0.018870
3577.31,0.018748
3577.79,0.018657
3578.27,0.018601
3578.75,0.018577
3579.23,0.018580
3579.72,0.018599
3580.20,0.018626
3580.68,0.018653
3581.16,0.018677
3581.64,0.018694
3582.13,0.018700
3582.61,0.018694
3583.09,0.018669
3583.57,0.018620
3584.05,0.018542
3584.54,0.018434
3585.02,0.018298
3585.50,0.018140
3585.98,0.017969
3586.47,0.017798
3586.95,0.017641
3587.43,0.017514
3587.91,0.017430
3588.39,0.017396
3588.88,0.017406
3589.36,0.017445
3589.84,0.017490
3590.32,0.017521
3590.80,0.017526
3591.29,0.017501
3591.77,0.017445
3592.25,0.017362
3592.73,0.017259
3593.22,0.017140
3593.70,0.017012
3594.18,0.016882
3594.66,0.016756
3595.14,0.016641
3595.63,0.016545
3596.11,0.016477
3596.59,0.016446
3597.07,0.016458
3597.55,0.016513
3598.04,0.016605
3598.52,0.016716
3599.00,0.016824
3599.48,0.016903
3599.97,0.016930
3600.45,0.016891
3600.93,0.016786
3601.41,0.016630
3601.89,0.016450
3602.38,0.016281
3602.86,0.016146
3603.34,0.016059
3603.82,0.016017
3604.30,0.016005
3604.79,0.016004
3605.27,0.015998
3605.75,0.015977
3606.23,0.015937
3606.72,0.015879
3607.20,0.015807
3607.68,0.015724
3608.16,0.015628
3608.64,0.015516
3609.12,0.015384
3609.61,0.015234
3610.09,0.015076
3610.57,0.014925
3611.05,0.014799
3611.54,0.014709
3612.02,0.014665
3612.50,0.014667
3612.98,0.014710
3613.46,0.014782
3613.95,0.014869
3614.43,0.014949
3614.91,0.015005
3615.39,0.015026
3615.88,0.015009
3616.36,0.014961
3616.84,0.014892
3617.32,0.014810
3617.80,0.014727
3618.29,0.014647
3618.77,0.014576
3619.25,0.014512
3619.73,0.014454
3620.21,0.014395
3620.70,0.014331
3621.18,0.014261
3621.66,0.014189
3622.14,0.014121
3622.62,0.014062
3623.11,0.014014
3623.59,0.013978
3624.07,0.013949
3624.55,0.013923
3625.03,0.013893
3625.52,0.013857
3626.00,0.013810
3626.48,0.013754
3626.96,0.013688
3627.45,0.013614
3627.93,0.013531
3628.41,0.013440
3628.89,0.013340
3629.37,0.013234
3629.86,0.013132
3630.34,0.013045
3630.82,0.012982
3631.30,0.012942
3631.78,0.012916
3632.27,0.012896
3632.75,0.012874
3633.23,0.012850
3633.71,0.012822
3634.20,0.012791
3634.68,0.012760
3635.16,0.012731
3635.64,0.012702
3636.12,0.012674
3636.61,0.012646
3637.09,0.012619
3637.57,0.012597
3638.05,0.012582
3638.53,0.012577
3639.02,0.012586
3639.50,0.012606
3639.98,0.012631
3640.46,0.012654
3640.95,0.012664
3641.43,0.012654
3641.91,0.012618
3642.39,0.012555
3642.87,0.012464
3643.36,0.012354
3643.84,0.012230
3644.32,0.012103
3644.80,0.011980
3645.28,0.011866
3645.77,0.011765
3646.25,0.011677
3646.73,0.011599
3647.21,0.011528
3647.70,0.011458
3648.18,0.011386
3648.66,0.011312
3649.14,0.011243
3649.62,0.011195
3650.11,0.011179
3650.59,0.011203
3651.07,0.011255
3651.55,0.011307
3652.03,0.011333
3652.52,0.011313
3653.00,0.011247
3653.48,0.011145
3653.96,0.011023
3654.44,0.010893
3654.93,0.010770
3655.41,0.010663
3655.89,0.010583
3656.37,0.010538
3656.86,0.010534
3657.34,0.010569
3657.82,0.010637
3658.30,0.010722
3658.78,0.010813
3659.27,0.010898
3659.75,0.010973
3660.23,0.011032
3660.71,0.011070
3661.19,0.011082
3661.68,0.011064
3662.16,0.011014
3662.64,0.010933
3663.12,0.010829
3663.60,0.010711
3664.09,0.010592
3664.57,0.010484
3665.05,0.010395
3665.53,0.010330
3666.01,0.010287
3666.50,0.010261
3666.98,0.010243
3667.46,0.010223
3667.94,0.010193
3668.43,0.010148
3668.91,0.010088
3669.39,0.010014
3669.87,0.009936
3670.35,0.009867
3670.84,0.009815
3671.32,0.009783
3671.80,0.009763
3672.28,0.009742
3672.76,0.009710
3673.25,0.009668
3673.73,0.009618
3674.21,0.009572
3674.69,0.009543
3675.18,0.009546
3675.66,0.009595
3676.14,0.009691
3676.62,0.009815
3677.10,0.009928
3677.59,0.009997
3678.07,0.010014
3678.55,0.009991
3679.03,0.009950
3679.51,0.009904
3680.00,0.009862
3680.48,0.009827
3680.96,0.009798
3681.44,0.009772
3681.93,0.009748
3682.41,0.009724
3682.89,0.009699
3683.37,0.009673
3683.85,0.009647
3684.34,0.009618
3684.82,0.009588
3685.30,0.009557
3685.78,0.009524
3686.26,0.009491
3686.75,0.009459
3687.23,0.009428
3687.71,0.009396
3688.19,0.009362
3688.68,0.009324
3689.16,0.009283
3689.64,0.009244
3690.12,0.009215
3690.60,0.009206
3691.09,0.009219
3691.57,0.009250
3692.05,0.009286
3692.53,0.009316
3693.01,0.009329
3693.50,0.009322
3693.98,0.009296
3694.46,0.009257
3694.94,0.009210
3695.42,0.009161
3695.91,0.009112
3696.39,0.009065
3696.87,0.009022
3697.35,0.008985
3697.84,0.008958
3698.32,0.008947
3698.80,0.008955
3699.28,0.008982
3699.76,0.009025
3700.24,0.009073
3700.73,0.009114
3701.21,0.009133
3701.69,0.009118
3702.17,0.009065
3702.66,0.008980
3703.14,0.008880
3703.62,0.008785
3704.10,0.008711
3704.58,0.008663
3705.07,0.008637
3705.55,0.008622
3706.03,0.008609
3706.51,0.008590
3706.99,0.008563
3707.48,0.008532
3707.96,0.008502
3708.44,0.008485
3708.92,0.008487
3709.41,0.008517
3709.89,0.008574
3710.37,0.008656
3710.85,0.008753
3711.33,0.008851
3711.82,0.008934
3712.30,0.008986
3712.78,0.008997
3713.26,0.008965
3713.74,0.008898
3714.23,0.008807
3714.71,0.008704
3715.19,0.008598
3715.67,0.008498
3716.16,0.008407
3716.64,0.008331
3717.12,0.008273
3717.60,0.008234
3718.08,0.008212
3718.57,0.008201
3719.05,0.008193
3719.53,0.008177
3720.01,0.008141
3720.49,0.008082
3720.98,0.008003
3721.46,0.007915
3721.94,0.007833
3722.42,0.007772
3722.91,0.007747
3723.39,0.007762
3723.87,0.007814
3724.35,0.007895
3724.83,0.007996
3725.32,0.008111
3725.80,0.008237
3726.28,0.008376
3726.76,0.008523
3727.24,0.008665
3727.73,0.008786
3728.21,0.008863
3728.69,0.008884
3729.17,0.008845
3729.66,0.008757
3730.14,0.008634
3730.62,0.008493
3731.10,0.008352
3731.58,0.008223
3732.07,0.008117
3732.55,0.008042
3733.03,0.008004
3733.51,0.008002
3733.99,0.008032
3734.48,0.008086
3734.96,0.008152
3735.44,0.008214
3735.92,0.008258
3736.40,0.008268
3736.89,0.008242
3737.37,0.008188
3737.85,0.008130
3738.33,0.008088
3738.82,0.008076
3739.30,0.008096
3739.78,0.008140
3740.26,0.008194
3740.74,0.008243
3741.22,0.008273
3741.71,0.008276
3742.19,0.008250
3742.67,0.008202
3743.15,0.008142
3743.64,0.008081
3744.12,0.008032
3744.60,0.008003
3745.08,0.007995
3745.56,0.008004
3746.05,0.008015
3746.53,0.008017
3747.01,0.008010
3747.49,0.007998
3747.97,0.007991
3748.46,0.007995
3748.94,0.008014
3749.42,0.008048
3749.90,0.008097
3750.39,0.008159
3750.87,0.008232
3751.35,0.008311
3751.83,0.008396
3752.31,0.008484
3752.80,0.008572
3753.28,0.008655
3753.76,0.008724
3754.24,0.008775
3754.72,0.008805
3755.21,0.008812
3755.69,0.008795
3756.17,0.008751
3756.65,0.008676
3757.14,0.008567
3757.62,0.008424
3758.10,0.008253
3758.58,0.008071
3759.06,0.007908
3759.55,0.007791
3760.03,0.007745
3760.51,0.007780
3760.99,0.007883
3761.47,0.008027
3761.96,0.008174
3762.44,0.008299
3762.92,0.008386
3763.40,0.008439
3763.89,0.008471
3764.37,0.008497
3764.85,0.008531
3765.33,0.008579
3765.81,0.008635
3766.30,0.008688
3766.78,0.008719
3767.26,0.008717
3767.74,0.008683
3768.22,0.008626
3768.71,0.008564
3769.19,0.008512
3769.67,0.008482
3770.15,0.008479
3770.64,0.008500
3771.12,0.008532
3771.60,0.008565
3772.08,0.008589
3772.56,0.008601
3773.05,0.008605
3773.53,0.008605
3774.01,0.008604
3774.49,0.008602
3774.97,0.008596
3775.46,0.008582
3775.94,0.008559
3776.42,0.008525
3776.90,0.008484
3777.38,0.008443
3777.87,0.008408
3778.35,0.008389
3778.83,0.008392
3779.31,0.008420
3779.80,0.008473
3780.28,0.008543
3780.76,0.008617
3781.24,0.008682
3781.72,0.008728
3782.20,0.008751
3782.69,0.008754
3783.17,0.008744
3783.65,0.008729
3784.13,0.008716
3784.62,0.008711
3785.10,0.008717
3785.58,0.008736
3786.06,0.008765
3786.54,0.008801
3787.03,0.008838
3787.51,0.008873
3787.99,0.008900
3788.47,0.008918
3788.95,0.008922
3789.44,0.008913
3789.92,0.008889
3790.40,0.008852
3790.88,0.008803
3791.36,0.008746
3791.85,0.008685
3792.33,0.008621
3792.81,0.008557
3793.29,0.008495
3793.78,0.008437
3794.26,0.008384
3794.74,0.008338
3795.22,0.008300
3795.70,0.008273
3796.19,0.008255
3796.67,0.008245
3797.15,0.008236
3797.63,0.008222
3798.11,0.008194
3798.60,0.008147
3799.08,0.008081
3799.56,0.007999
3800.04,0.007906
3800.53,0.007813
3801.01,0.007732
3801.49,0.007683
3801.97,0.007689
3802.45,0.007763
3802.94,0.007899
3803.42,0.008068
3803.90,0.008227
3804.38,0.008344
3804.86,0.008410
3805.35,0.008426
3805.83,0.008405
3806.31,0.008358
3806.79,0.008300
3807.28,0.008244
3807.76,0.008202
3808.24,0.008181
3808.72,0.008179
3809.20,0.008190
3809.69,0.008203
3810.17,0.008214
3810.65,0.008225
3811.13,0.008238
3811.61,0.008255
3812.10,0.008276
3812.58,0.008298
3813.06,0.008313
3813.54,0.008315
3814.03,0.008299
3814.51,0.008261
3814.99,0.008202
3815.47,0.008129
3815.95,0.008050
3816.44,0.007975
3816.92,0.007915
3817.40,0.007876
3817.88,0.007856
3818.36,0.007844
3818.85,0.007833
3819.33,0.007815
3819.81,0.007791
3820.29,0.007763
3820.78,0.007740
3821.26,0.007734
3821.74,0.007760
3822.22,0.007829
3822.70,0.007937
3823.18,0.008064
3823.67,0.008184
3824.15,0.008280
3824.63,0.008342
3825.11,0.008371
3825.60,0.008369
3826.08,0.008342
3826.56,0.008299
3827.04,0.008249
3827.52,0.008206
3828.01,0.008181
3828.49,0.008179
3828.97,0.008199
3829.45,0.008232
3829.93,0.008271
3830.42,0.008306
3830.90,0.008332
3831.38,0.008348
3831.86,0.008356
3832.34,0.008359
3832.83,0.008362
3833.31,0.008366
3833.79,0.008371
3834.27,0.008375
3834.76,0.008376
3835.24,0.008374
3835.72,0.008373
3836.20,0.008377
3836.68,0.008395
3837.17,0.008433
3837.65,0.008494
3838.13,0.008571
3838.61,0.008652
3839.09,0.008719
3839.58,0.008756
3840.06,0.008758
3840.54,0.008732
3841.02,0.008694
3841.51,0.008661
3841.99,0.008650
3842.47,0.008665
3842.95,0.008704
3843.43,0.008760
3843.92,0.008822
3844.40,0.008880
3844.88,0.008925
3845.36,0.008951
3845.84,0.008956
3846.33,0.008945
3846.81,0.008919
3847.29,0.008886
3847.77,0.008849
3848.26,0.008812
3848.74,0.008778
3849.22,0.008747
3849.70,0.008718
3850.18,0.008685
3850.67,0.008643
3851.15,0.008584
3851.63,0.008504
3852.11,0.008401
3852.59,0.008279
3853.08,0.008155
3853.56,0.008056
3854.04,0.008019
3854.52,0.008072
3855.01,0.008207
3855.49,0.008378
3855.97,0.008537
3856.45,0.008663
3856.93,0.008754
3857.42,0.008818
3857.90,0.008864
3858.38,0.008897
3858.86,0.008918
3859.34,0.008925
3859.83,0.008917
3860.31,0.008892
3860.79,0.008854
3861.27,0.008804
3861.76,0.008748
3862.24,0.008691
3862.72,0.008642
3863.20,0.008606
3863.68,0.008590
3864.16,0.008598
3864.65,0.008628
3865.13,0.008675
3865.61,0.008723
3866.09,0.008758
3866.58,0.008764
3867.06,0.008738
3867.54,0.008684
3868.02,0.008616
3868.50,0.008549
3868.99,0.008496
3869.47,0.008468
3869.95,0.008467
3870.43,0.008488
3870.91,0.008516
3871.40,0.008534
3871.88,0.008532
3872.36,0.008515
3872.84,0.008497
3873.32,0.008494
3873.81,0.008516
3874.29,0.008562
3874.77,0.008622
3875.25,0.008678
3875.74,0.008710
3876.22,0.008707
3876.70,0.008672
3877.18,0.008616
3877.66,0.008556
3878.15,0.008506
3878.63,0.008473
3879.11,0.008463
3879.59,0.008473
3880.07,0.008501
3880.56,0.008538
3881.04,0.008574
3881.52,0.008600
3882.00,0.008608
3882.49,0.008596
3882.97,0.008572
3883.45,0.008544
3883.93,0.008525
3884.41,0.008526
3884.90,0.008559
3885.38,0.008630
3885.86,0.008738
3886.34,0.008870
3886.82,0.009001
3887.31,0.009101
3887.79,0.009148
3888.27,0.009141
3888.75,0.009095
3889.24,0.009029
3889.72,0.008962
3890.20,0.008908
3890.68,0.008878
3891.16,0.008876
3891.65,0.008902
3892.13,0.008949
3892.61,0.009003
3893.09,0.009049
3893.57,0.009073
3894.06,0.009073
3894.54,0.009051
3895.02,0.009019
3895.50,0.008986
3895.99,0.008960
3896.47,0.008946
3896.95,0.008946
3897.43,0.008958
3897.91,0.008980
3898.40,0.009007
3898.88,0.009034
3899.36,0.009059
3899.84,0.009078
3900.32,0.009086
3900.81,0.009079
3901.29,0.009053
3901.77,0.009007
3902.25,0.008942
3902.73,0.008867
3903.22,0.008793
3903.70,0.008733
3904.18,0.008701
3904.66,0.008702
3905.14,0.008735
3905.63,0.008789
3906.11,0.008850
3906.59,0.008902
3907.07,0.008940
3907.56,0.008960
3908.04,0.008968
3908.52,0.008968
3909.00,0.008962
3909.48,0.008954
3909.97,0.008943
3910.45,0.008928
3910.93,0.008910
3911.41,0.008889
3911.89,0.008864
3912.38,0.008837
3912.86,0.008808
3913.34,0.008778
3913.82,0.008748
3914.30,0.008723
3914.79,0.008709
3915.27,0.008713
3915.75,0.008739
3916.23,0.008787
3916.72,0.008853
3917.20,0.008925
3917.68,0.008987
3918.16,0.009027
3918.64,0.009040
3919.13,0.009028
3919.61,0.009004
3920.09,0.008980
3920.57,0.008967
3921.05,0.008969
3921.54,0.008984
3922.02,0.009006
3922.50,0.009031
3922.98,0.009056
3923.47,0.009078
3923.95,0.009097
3924.43,0.009112
3924.91,0.009115
3925.39,0.009102
3925.88,0.009068
3926.36,0.009015
3926.84,0.008950
3927.32,0.008887
3927.80,0.008839
3928.29,0.008813
3928.77,0.008810
3929.25,0.008826
3929.73,0.008851
3930.22,0.008876
3930.70,0.008896
3931.18,0.008912
3931.66,0.008927
3932.14,0.008953
3932.63,0.008997
3933.11,0.009062
3933.59,0.009142
3934.07,0.009227
3934.55,0.009300
3935.04,0.009349
3935.52,0.009366
3936.00,0.009349
3936.48,0.009301
3936.97,0.009228
3937.45,0.009141
3937.93,0.009049
3938.41,0.008964
3938.89,0.008897
3939.38,0.008855
3939.86,0.008840
3940.34,0.008850
3940.82,0.008879
3941.30,0.008916
3941.79,0.008951
3942.27,0.008979
3942.75,0.008996
3943.23,0.009000
3943.71,0.008996
3944.20,0.008985
3944.68,0.008972
3945.16,0.008957
3945.64,0.008944
3946.12,0.008933
3946.61,0.008926
3947.09,0.008925
3947.57,0.008932
3948.05,0.008945
3948.54,0.008961
3949.02,0.008974
3949.50,0.008978
3949.98,0.008971
3950.46,0.008952
3950.95,0.008927
3951.43,0.008902
3951.91,0.008885
3952.39,0.008881
3952.88,0.008890
3953.36,0.008908
3953.84,0.008931
3954.32,0.008949
3954.80,0.008956
3955.28,0.008947
3955.77,0.008918
3956.25,0.008872
3956.73,0.008814
3957.21,0.008751
3957.70,0.008693
3958.18,0.008649
3958.66,0.008624
3959.14,0.008622
3959.62,0.008640
3960.11,0.008675
3960.59,0.008722
3961.07,0.008777
3961.55,0.008834
3962.03,0.008893
3962.52,0.008948
3963.00,0.008998
3963.48,0.009037
3963.96,0.009060
3964.45,0.009064
3964.93,0.009049
3965.41,0.009019
3965.89,0.008981
3966.37,0.008943
3966.86,0.008915
3967.34,0.008899
3967.82,0.008898
3968.30,0.008906
3968.78,0.008919
3969.27,0.008929
3969.75,0.008932
3970.23,0.008927
3970.71,0.008916
3971.20,0.008903
3971.68,0.008890
3972.16,0.008882
3972.64,0.008880
3973.12,0.008886
3973.61,0.008897
3974.09,0.008914
3974.57,0.008934
3975.05,0.008957
3975.53,0.008983
3976.02,0.009010
3976.50,0.009039
3976.98,0.009070
3977.46,0.009101
3977.95,0.009129
3978.43,0.009150
3978.91,0.009156
3979.39,0.009143
3979.87,0.009109
3980.36,0.009054
3980.84,0.008987
3981.32,0.008918
3981.80,0.008860
3982.28,0.008826
3982.77,0.008823
3983.25,0.008854
3983.73,0.008912
3984.21,0.008989
3984.69,0.009072
3985.18,0.009149
3985.66,0.009211
3986.14,0.009250
3986.62,0.009261
3987.11,0.009245
3987.59,0.009201
3988.07,0.009136
3988.55,0.009056
3989.03,0.008973
3989.51,0.008897
3990.00,0.008840
3990.48,0.008805
3990.96,0.008795
3991.44,0.008803
3991.93,0.008822
3992.41,0.008842
3992.89,0.008857
3993.37,0.008865
3993.85,0.008869
3994.34,0.008876
3994.82,0.008890
3995.30,0.008916
3995.78,0.008950
3996.26,0.008986
3996.75,0.009017
3997.23,0.009034
3997.71,0.009033
3998.19,0.009017
3998.68,0.008992
3999.16,0.008965
3999.64,0.008948
4000.12,0.008945
