波数(cm-1),吸光度
399.67,0.000000
400.16,0.163532
400.64,0.124944
401.12,0.084785
401.60,0.047764
402.09,0.016775
402.57,-0.006367
403.05,-0.021140
403.53,-0.028165
404.01,-0.029219
404.50,-0.027056
404.98,-0.024585
405.46,-0.024008
405.94,-0.025919
406.42,-0.029535
406.91,-0.033295
407.39,-0.035727
407.87,-0.035865
408.35,-0.033446
408.83,-0.028809
409.32,-0.022581
409.80,-0.015366
410.28,-0.007581
410.76,0.000397
411.25,0.008100
411.73,0.014989
412.21,0.020589
412.69,0.024875
413.17,0.028410
413.66,0.032276
414.14,0.037580
414.62,0.044943
415.10,0.054239
415.58,0.064610
416.07,0.074819
416.55,0.083472
417.03,0.089433
417.51,0.091850
418.00,0.090284
418.48,0.084999
418.96,0.077482
419.44,0.070102
419.92,0.064427
420.41,0.060307
420.89,0.056623
421.37,0.052453
421.85,0.047371
422.33,0.041504
422.82,0.035375
423.30,0.029829
423.78,0.025737
424.26,0.023674
424.74,0.023868
425.23,0.026191
425.71,0.030357
426.19,0.036039
426.67,0.042922
427.16,0.050653
427.64,0.058752
428.12,0.066670
428.60,0.073811
429.08,0.079569
429.57,0.083445
430.05,0.085092
430.53,0.084513
431.01,0.082205
431.49,0.079176
431.98,0.076648
432.46,0.075501
432.94,0.076037
433.42,0.077852
433.90,0.080110
434.39,0.081822
434.87,0.082328
435.35,0.081593
435.83,0.080223
436.32,0.079119
436.80,0.078990
437.28,0.080034
437.76,0.081827
438.24,0.083561
438.73,0.084378
439.21,0.083857
439.69,0.082197
440.17,0.080176
440.65,0.078754
441.14,0.078735
441.62,0.080390
442.10,0.083290
442.58,0.086381
443.07,0.088421
443.55,0.088621
444.03,0.086894
444.51,0.083817
444.99,0.080221
445.48,0.076972
445.96,0.074738
446.44,0.073921
446.92,0.074666
447.40,0.076813
447.89,0.079906
448.37,0.083219
448.85,0.085925
449.33,0.087247
449.81,0.086606
450.30,0.083843
450.78,0.079284
451.26,0.073758
451.74,0.068329
452.23,0.064107
452.71,0.061918
453.19,0.062060
453.67,0.064332
454.15,0.068203
454.64,0.073131
455.12,0.078687
455.60,0.084597
456.08,0.090604
456.56,0.096206
457.05,0.100585
457.53,0.102808
458.01,0.102262
458.49,0.099239
458.98,0.094919
459.46,0.090863
459.94,0.088202
460.42,0.087364
460.90,0.088126
461.39,0.089863
461.87,0.091843
462.35,0.093510
462.83,0.094675
463.31,0.095461
463.80,0.096118
464.28,0.096771
464.76,0.097294
465.24,0.097320
465.72,0.096445
466.21,0.094415
466.69,0.091323
467.17,0.087587
467.65,0.083845
468.14,0.080690
468.62,0.078479
469.10,0.077337
469.58,0.077249
470.06,0.078230
470.55,0.080442
471.03,0.084136
471.51,0.089454
471.99,0.096114
472.47,0.103268
472.96,0.109581
473.44,0.113742
473.92,0.115145
474.40,0.114044
474.88,0.111349
475.37,0.108072
475.85,0.105043
476.33,0.102636
476.81,0.100766
477.30,0.099026
477.78,0.096956
478.26,0.094328
478.74,0.091269
479.22,0.088235
479.71,0.085806
480.19,0.084529
480.67,0.084690
481.15,0.086239
481.63,0.088776
482.12,0.091693
482.60,0.094323
483.08,0.096104
483.56,0.096760
484.05,0.096329
484.53,0.095190
485.01,0.093918
485.49,0.093169
485.97,0.093435
486.46,0.094869
486.94,0.097258
487.42,0.100059
487.90,0.102586
488.38,0.104137
488.87,0.104268
489.35,0.102937
489.83,0.100530
490.31,0.097703
490.79,0.095116
491.28,0.093255
491.76,0.092246
492.24,0.091913
492.72,0.091899
493.21,0.091889
493.69,0.091722
494.17,0.091424
494.65,0.091117
495.13,0.090913
495.62,0.090833
496.10,0.090813
496.58,0.090765
497.06,0.090691
497.54,0.090722
498.03,0.091115
498.51,0.092138
498.99,0.093953
499.47,0.096574
499.95,0.099854
500.44,0.103558
500.92,0.107412
501.40,0.111198
501.88,0.114768
502.37,0.118008
502.85,0.120798
503.33,0.122993
503.81,0.124450
504.29,0.125102
504.78,0.125008
505.26,0.124347
505.74,0.123338
506.22,0.122159
506.70,0.120856
507.19,0.119334
507.67,0.117426
508.15,0.115049
508.63,0.112324
509.12,0.109616
509.60,0.107445
510.08,0.106286
510.56,0.106457
511.04,0.107958
511.53,0.110475
512.01,0.113458
512.49,0.116361
512.97,0.118835
513.45,0.120820
513.94,0.122514
514.42,0.124240
514.90,0.126311
515.38,0.128885
515.86,0.131923
516.35,0.135185
516.83,0.138324
517.31,0.140955
517.79,0.142756
518.28,0.143544
518.76,0.143296
519.24,0.142187
519.72,0.140560
520.20,0.138920
520.69,0.137807
521.17,0.137650
521.65,0.138698
522.13,0.140918
522.61,0.144031
523.10,0.147567
523.58,0.151045
524.06,0.154091
524.54,0.156499
525.03,0.158258
525.51,0.159469
525.99,0.160271
526.47,0.160767
526.95,0.161035
527.44,0.161167
527.92,0.161289
528.40,0.161576
528.88,0.162187
529.36,0.163204
529.85,0.164602
530.33,0.166265
530.81,0.168066
531.29,0.169942
531.77,0.171967
532.26,0.174317
532.74,0.177185
533.22,0.180633
533.70,0.184508
534.19,0.188429
534.67,0.191929
535.15,0.194623
535.63,0.196374
536.11,0.197353
536.60,0.197958
537.08,0.198640
537.56,0.199692
538.04,0.201189
538.52,0.203001
539.01,0.204941
539.49,0.206905
539.97,0.208960
540.45,0.211302
540.93,0.214141
541.42,0.217553
541.90,0.221413
542.38,0.225423
542.86,0.229288
543.35,0.232897
543.83,0.236442
544.31,0.240391
544.79,0.245318
545.27,0.251729
545.76,0.259826
546.24,0.269440
546.72,0.280034
547.20,0.290913
547.68,0.301381
548.17,0.310903
548.65,0.319207
549.13,0.326250
549.61,0.332205
550.10,0.337402
550.58,0.342333
551.06,0.347552
551.54,0.353519
552.02,0.360505
552.51,0.368457
552.99,0.377032
553.47,0.385684
553.95,0.393932
554.43,0.401578
554.92,0.408808
555.40,0.416094
555.88,0.423911
556.36,0.432436
556.84,0.441337
557.33,0.449798
557.81,0.456755
558.29,0.461387
558.77,0.463384
559.26,0.463050
559.74,0.461038
560.22,0.458049
560.70,0.454527
561.18,0.450575
561.67,0.446109
562.15,0.441069
562.63,0.435586
563.11,0.429993
563.59,0.424667
564.08,0.419815
564.56,0.415368
565.04,0.410997
565.52,0.406303
566.00,0.401001
566.49,0.395100
566.97,0.388886
567.45,0.382807
567.93,0.377224
568.42,0.372277
568.90,0.367818
569.38,0.363521
569.86,0.359028
570.34,0.354122
570.83,0.348802
571.31,0.343225
571.79,0.337603
572.27,0.332083
572.75,0.326737
573.24,0.321585
573.72,0.316666
574.20,0.312103
574.68,0.308088
575.17,0.304811
575.65,0.302367
576.13,0.300670
576.61,0.299454
577.09,0.298325
577.58,0.296932
578.06,0.295057
578.54,0.292654
579.02,0.289806
579.50,0.286643
579.99,0.283264
580.47,0.279690
580.95,0.275879
581.43,0.271768
581.91,0.267327
582.40,0.262571
582.88,0.257563
583.36,0.252378
583.84,0.247105
584.33,0.241850
584.81,0.236746
585.29,0.231986
585.77,0.227795
586.25,0.224400
586.74,0.221994
587.22,0.220680
587.70,0.220458
588.18,0.221223
588.66,0.222807
589.15,0.225003
589.63,0.227600
590.11,0.230416
590.59,0.233275
591.08,0.235994
591.56,0.238406
592.04,0.240376
592.52,0.241863
593.00,0.242961
593.49,0.243910
593.97,0.245031
594.45,0.246607
594.93,0.248826
595.41,0.251702
595.90,0.255094
596.38,0.258744
596.86,0.262377
597.34,0.265770
597.82,0.268750
598.31,0.271185
598.79,0.272937
599.27,0.273835
599.75,0.273731
600.24,0.272575
600.72,0.270503
601.20,0.267822
601.68,0.264939
602.16,0.262206
602.65,0.259774
603.13,0.257552
603.61,0.255224
604.09,0.252402
604.57,0.248727
605.06,0.244036
605.54,0.238401
606.02,0.232099
606.50,0.225503
606.98,0.218958
607.47,0.212728
607.95,0.206935
608.43,0.201575
608.91,0.196546
609.40,0.191695
609.88,0.186856
610.36,0.181876
610.84,0.176670
611.32,0.171239
611.81,0.165695
612.29,0.160237
612.77,0.155118
613.25,0.150577
613.73,0.146749
614.22,0.143648
614.70,0.141146
615.18,0.139032
615.66,0.137050
616.15,0.134992
616.63,0.132760
617.11,0.130365
617.59,0.127909
618.07,0.125511
618.56,0.123255
619.04,0.121144
619.52,0.119114
620.00,0.117052
620.48,0.114859
620.97,0.112479
621.45,0.109915
621.93,0.107220
622.41,0.104470
622.89,0.101745
623.38,0.099103
623.86,0.096590
624.34,0.094248
624.82,0.092121
625.31,0.090260
625.79,0.088702
626.27,0.087454
626.75,0.086467
627.23,0.085640
627.72,0.084850
628.20,0.083975
628.68,0.082951
629.16,0.081789
629.64,0.080584
630.13,0.079478
630.61,0.078619
631.09,0.078119
631.57,0.078011
632.05,0.078243
632.54,0.078696
633.02,0.079224
633.50,0.079681
633.98,0.079951
634.47,0.079965
634.95,0.079694
635.43,0.079145
635.91,0.078356
636.39,0.077394
636.88,0.076356
637.36,0.075354
637.84,0.074525
638.32,0.073999
638.80,0.073866
639.29,0.074159
639.77,0.074825
640.25,0.075733
640.73,0.076692
641.22,0.077510
641.70,0.078037
642.18,0.078192
642.66,0.077985
643.14,0.077494
643.63,0.076835
644.11,0.076113
644.59,0.075400
645.07,0.074715
645.55,0.074034
646.04,0.073314
646.52,0.072519
647.00,0.071647
647.48,0.070732
647.96,0.069839
648.45,0.069042
648.93,0.068409
649.41,0.067980
649.89,0.067757
650.38,0.067710
650.86,0.067782
651.34,0.067903
651.82,0.067998
652.30,0.068008
652.79,0.067897
653.27,0.067659
653.75,0.067321
654.23,0.066938
654.71,0.066574
655.20,0.066285
655.68,0.066100
656.16,0.066023
656.64,0.066032
657.13,0.066102
657.61,0.066221
658.09,0.066405
658.57,0.066690
659.05,0.067114
659.54,0.067686
660.02,0.068365
660.50,0.069055
660.98,0.069628
661.46,0.069950
661.95,0.069936
662.43,0.069579
662.91,0.068967
663.39,0.068255
663.87,0.067626
664.36,0.067245
664.84,0.067207
665.32,0.067545
665.80,0.068228
666.29,0.069189
666.77,0.070305
667.25,0.071380
667.73,0.072165
668.21,0.072417
668.70,0.072058
669.18,0.071247
669.66,0.070267
670.14,0.069343
670.62,0.068572
671.11,0.067977
671.59,0.067555
672.07,0.067306
672.55,0.067245
673.03,0.067379
673.52,0.067693
674.00,0.068119
674.48,0.068545
674.96,0.068833
675.45,0.068856
675.93,0.068546
676.41,0.067926
676.89,0.067114
677.37,0.066289
677.86,0.065648
678.34,0.065339
678.82,0.065417
679.30,0.065845
679.78,0.066513
680.27,0.067297
680.75,0.068087
681.23,0.068822
681.71,0.069488
682.20,0.070082
682.68,0.070585
683.16,0.070937
683.64,0.071042
684.12,0.070814
684.61,0.070220
685.09,0.069318
685.57,0.068253
686.05,0.067229
686.53,0.066455
687.02,0.066073
687.50,0.066139
687.98,0.066607
688.46,0.067352
688.94,0.068196
689.43,0.068963
689.91,0.069521
690.39,0.069789
690.87,0.069744
691.36,0.069410
691.84,0.068857
692.32,0.068183
692.80,0.067505
693.28,0.066944
693.77,0.066588
694.25,0.066473
694.73,0.066566
695.21,0.066779
695.69,0.066997
696.18,0.067112
696.66,0.067068
697.14,0.066869
697.62,0.066571
698.11,0.066243
698.59,0.065935
699.07,0.065648
699.55,0.065336
700.03,0.064931
700.52,0.064380
701.00,0.063684
701.48,0.062908
701.96,0.062176
702.44,0.061627
702.93,0.061387
703.41,0.061521
703.89,0.062011
704.37,0.062755
704.85,0.063603
705.34,0.064395
705.82,0.064996
706.30,0.065342
706.78,0.065445
707.27,0.065382
707.75,0.065262
708.23,0.065188
708.71,0.065219
709.19,0.065340
709.68,0.065471
710.16,0.065488
710.64,0.065275
711.12,0.064765
711.60,0.063972
712.09,0.062989
712.57,0.061970
713.05,0.061068
713.53,0.060386
714.01,0.059957
714.50,0.059738
714.98,0.059641
715.46,0.059570
715.94,0.059470
716.43,0.059335
716.91,0.059210
717.39,0.059164
717.87,0.059254
718.35,0.059511
718.84,0.059923
719.32,0.060446
719.80,0.061017
720.28,0.061575
720.76,0.062063
721.25,0.062434
721.73,0.062655
722.21,0.062698
722.69,0.062555
723.17,0.062235
723.66,0.061772
724.14,0.061220
724.62,0.060632
725.10,0.060056
725.59,0.059522
726.07,0.059050
726.55,0.058659
727.03,0.058383
727.51,0.058271
728.00,0.058378
728.48,0.058737
728.96,0.059332
729.44,0.060085
729.92,0.060872
730.41,0.061545
730.89,0.061984
731.37,0.062137
731.85,0.062032
732.34,0.061759
732.82,0.061423
733.30,0.061110
733.78,0.060850
734.26,0.060614
734.75,0.060339
735.23,0.059964
735.71,0.059467
736.19,0.058878
736.67,0.058270
737.16,0.057738
737.64,0.057369
738.12,0.057220
738.60,0.057310
739.08,0.057623
739.57,0.058124
740.05,0.058762
740.53,0.059476
741.01,0.060200
741.50,0.060852
741.98,0.061344
742.46,0.061605
742.94,0.061588
743.42,0.061290
743.91,0.060757
744.39,0.060075
744.87,0.059348
745.35,0.058674
745.83,0.058133
746.32,0.057771
746.80,0.057599
747.28,0.057601
747.76,0.057741
748.25,0.057969
748.73,0.058234
749.21,0.058487
749.69,0.058694
750.17,0.058840
750.66,0.058929
751.14,0.058983
751.62,0.059028
752.10,0.059086
752.58,0.059165
753.07,0.059261
753.55,0.059359
754.03,0.059442
754.51,0.059495
754.99,0.059504
755.48,0.059453
755.96,0.059324
756.44,0.059099
756.92,0.058768
757.41,0.058346
757.89,0.057875
758.37,0.057422
758.85,0.057055
759.33,0.056821
759.82,0.056722
760.30,0.056714
760.78,0.056722
761.26,0.056664
761.74,0.056492
762.23,0.056207
762.71,0.055856
763.19,0.055501
763.67,0.055193
764.15,0.054943
764.64,0.054721
765.12,0.054474
765.60,0.054169
766.08,0.053818
766.57,0.053493
767.05,0.053304
767.53,0.053353
768.01,0.053706
768.49,0.054348
768.98,0.055195
769.46,0.056107
769.94,0.056941
770.42,0.057588
770.90,0.057986
771.39,0.058127
771.87,0.058041
772.35,0.057774
772.83,0.057377
773.32,0.056906
773.80,0.056423
774.28,0.055994
774.76,0.055681
775.24,0.055531
775.73,0.055549
776.21,0.055695
776.69,0.055885
777.17,0.056020
777.65,0.056007
778.14,0.055797
778.62,0.055395
779.10,0.054860
779.58,0.054282
780.06,0.053757
780.55,0.053370
781.03,0.053170
781.51,0.053166
781.99,0.053323
782.48,0.053570
782.96,0.053808
783.44,0.053922
783.92,0.053816
784.40,0.053432
784.89,0.052778
785.37,0.051927
785.85,0.051019
786.33,0.050215
786.81,0.049647
787.30,0.049396
787.78,0.049462
788.26,0.049775
788.74,0.050223
789.23,0.050695
789.71,0.051122
790.19,0.051485
790.67,0.051816
791.15,0.052167
791.64,0.052586
792.12,0.053093
792.60,0.053674
793.08,0.054281
793.56,0.054853
794.05,0.055319
794.53,0.055613
795.01,0.055684
795.49,0.055500
795.97,0.055061
796.46,0.054412
796.94,0.053643
797.42,0.052879
797.90,0.052241
798.39,0.051832
798.87,0.051687
799.35,0.051772
799.83,0.051984
800.31,0.052191
800.80,0.052276
801.28,0.052160
801.76,0.051836
802.24,0.051354
802.72,0.050808
803.21,0.050297
803.69,0.049909
804.17,0.049702
804.65,0.049695
805.13,0.049873
805.62,0.050190
806.10,0.050578
806.58,0.050955
807.06,0.051238
807.55,0.051372
808.03,0.051340
808.51,0.051175
808.99,0.050950
809.47,0.050760
809.96,0.050678
810.44,0.050732
810.92,0.050891
811.40,0.051075
811.88,0.051193
812.37,0.051168
812.85,0.050978
813.33,0.050658
813.81,0.050288
814.30,0.049955
814.78,0.049733
815.26,0.049657
815.74,0.049718
816.22,0.049882
816.71,0.050099
817.19,0.050322
817.67,0.050512
818.15,0.050633
818.63,0.050657
819.12,0.050562
819.60,0.050346
820.08,0.050032
820.56,0.049674
821.04,0.049347
821.53,0.049122
822.01,0.049052
822.49,0.049140
822.97,0.049349
823.46,0.049607
823.94,0.049838
824.42,0.049993
824.90,0.050056
825.38,0.050053
825.87,0.050030
826.35,0.050039
826.83,0.050113
827.31,0.050256
827.79,0.050447
828.28,0.050647
828.76,0.050807
829.24,0.050875
829.72,0.050811
830.21,0.050585
830.69,0.050189
831.17,0.049641
831.65,0.048990
832.13,0.048306
832.62,0.047666
833.10,0.047143
833.58,0.046779
834.06,0.046582
834.54,0.046528
835.03,0.046582
835.51,0.046711
835.99,0.046901
836.47,0.047163
836.95,0.047514
837.44,0.047963
837.92,0.048493
838.40,0.049056
838.88,0.049584
839.37,0.050019
839.85,0.050329
840.33,0.050531
840.81,0.050679
841.29,0.050851
841.78,0.051117
842.26,0.051509
842.74,0.052007
843.22,0.052545
843.70,0.053033
844.19,0.053375
844.67,0.053512
845.15,0.053426
845.63,0.053157
846.11,0.052783
846.60,0.052401
847.08,0.052102
847.56,0.051942
848.04,0.051927
848.53,0.052021
849.01,0.052156
849.49,0.052262
849.97,0.052289
850.45,0.052230
850.94,0.052120
851.42,0.052023
851.90,0.052000
852.38,0.052095
852.86,0.052309
853.35,0.052609
853.83,0.052937
854.31,0.053246
854.79,0.053512
855.27,0.053750
855.76,0.054002
856.24,0.054321
856.72,0.054756
857.20,0.055332
857.69,0.056058
858.17,0.056931
858.65,0.057954
859.13,0.059143
859.61,0.060523
860.10,0.062117
860.58,0.063935
861.06,0.065957
861.54,0.068142
862.02,0.070428
862.51,0.072746
862.99,0.075035
863.47,0.077236
863.95,0.079298
864.44,0.081183
864.92,0.082868
865.40,0.084361
865.88,0.085708
866.36,0.086995
866.85,0.088319
867.33,0.089768
867.81,0.091384
868.29,0.093148
868.77,0.094979
869.26,0.096753
869.74,0.098355
870.22,0.099690
870.70,0.100706
871.18,0.101387
871.67,0.101725
872.15,0.101700
872.63,0.101273
873.11,0.100396
873.60,0.099045
874.08,0.097244
874.56,0.095085
875.04,0.092710
875.52,0.090285
876.01,0.087975
876.49,0.085898
876.97,0.084111
877.45,0.082612
877.93,0.081348
878.42,0.080234
878.90,0.079167
879.38,0.078042
879.86,0.076760
880.35,0.075235
880.83,0.073412
881.31,0.071278
881.79,0.068865
882.27,0.066249
882.76,0.063545
883.24,0.060882
883.72,0.058377
884.20,0.056127
884.68,0.054190
885.17,0.052584
885.65,0.051294
886.13,0.050278
886.61,0.049484
887.09,0.048846
887.58,0.048306
888.06,0.047810
888.54,0.047323
889.02,0.046834
889.51,0.046356
889.99,0.045922
890.47,0.045566
890.95,0.045308
891.43,0.045139
891.92,0.045026
892.40,0.044915
892.88,0.044757
893.36,0.044533
893.84,0.044251
894.33,0.043952
894.81,0.043686
895.29,0.043495
895.77,0.043401
896.25,0.043398
896.74,0.043472
897.22,0.043607
897.70,0.043798
898.18,0.044046
898.67,0.044349
899.15,0.044684
899.63,0.045007
900.11,0.045265
900.59,0.045413
901.08,0.045448
901.56,0.045410
902.04,0.045384
902.52,0.045464
903.00,0.045711
903.49,0.046127
903.97,0.046636
904.45,0.047120
904.93,0.047445
905.42,0.047518
905.90,0.047320
906.38,0.046912
906.86,0.046411
907.34,0.045950
907.83,0.045646
908.31,0.045563
908.79,0.045712
909.27,0.046063
909.75,0.046563
910.24,0.047158
910.72,0.047791
911.20,0.048411
911.68,0.048959
912.16,0.049372
912.65,0.049593
913.13,0.049585
913.61,0.049347
914.09,0.048922
914.58,0.048394
915.06,0.047872
915.54,0.047458
916.02,0.047236
916.50,0.047251
916.99,0.047507
917.47,0.047975
917.95,0.048605
918.43,0.049339
918.91,0.050113
919.40,0.050868
919.88,0.051550
920.36,0.052118
920.84,0.052547
921.33,0.052838
921.81,0.053015
922.29,0.053119
922.77,0.053209
923.25,0.053338
923.74,0.053544
924.22,0.053843
924.70,0.054224
925.18,0.054663
925.66,0.055126
926.15,0.055589
926.63,0.056047
927.11,0.056509
927.59,0.057000
928.07,0.057546
928.56,0.058160
929.04,0.058837
929.52,0.059553
930.00,0.060272
930.49,0.060957
930.97,0.061585
931.45,0.062157
931.93,0.062694
932.41,0.063233
932.90,0.063814
933.38,0.064464
933.86,0.065192
934.34,0.065989
934.82,0.066834
935.31,0.067703
935.79,0.068575
936.27,0.069442
936.75,0.070304
937.23,0.071169
937.72,0.072047
938.20,0.072952
938.68,0.073898
939.16,0.074903
939.65,0.075983
940.13,0.077151
940.61,0.078410
941.09,0.079753
941.57,0.081165
942.06,0.082631
942.54,0.084140
943.02,0.085696
943.50,0.087313
943.98,0.089011
944.47,0.090798
944.95,0.092669
945.43,0.094595
945.91,0.096540
946.39,0.098467
946.88,0.100358
947.36,0.102215
947.84,0.104058
948.32,0.105913
948.81,0.107793
949.29,0.109695
949.77,0.111600
950.25,0.113485
950.73,0.115338
951.22,0.117166
951.70,0.118995
952.18,0.120856
952.66,0.122764
953.14,0.124713
953.63,0.126664
954.11,0.128565
954.59,0.130363
955.07,0.132026
955.56,0.133555
956.04,0.134980
956.52,0.136351
957.00,0.137715
957.48,0.139110
957.97,0.140546
958.45,0.142007
958.93,0.143449
959.41,0.144810
959.89,0.146022
960.38,0.147012
960.86,0.147719
961.34,0.148107
961.82,0.148168
962.30,0.147926
962.79,0.147433
963.27,0.146756
963.75,0.145960
964.23,0.145100
964.72,0.144214
965.20,0.143323
965.68,0.142440
966.16,0.141577
966.64,0.140749
967.13,0.139980
967.61,0.139295
968.09,0.138719
968.57,0.138276
969.05,0.137981
969.54,0.137847
970.02,0.137886
970.50,0.138112
970.98,0.138540
971.47,0.139187
971.95,0.140066
972.43,0.141182
972.91,0.142539
973.39,0.144128
973.88,0.145941
974.36,0.147961
974.84,0.150172
975.32,0.152558
975.80,0.155104
976.29,0.157804
976.77,0.160664
977.25,0.163702
977.73,0.166947
978.21,0.170430
978.70,0.174167
979.18,0.178156
979.66,0.182366
980.14,0.186747
980.63,0.191243
981.11,0.195808
981.59,0.200421
982.07,0.205087
982.55,0.209840
983.04,0.214720
983.52,0.219769
984.00,0.225024
984.48,0.230512
984.96,0.236253
985.45,0.242257
985.93,0.248517
986.41,0.255006
986.89,0.261668
987.37,0.268433
987.86,0.275227
988.34,0.282001
988.82,0.288749
989.30,0.295513
989.79,0.302362
990.27,0.309361
990.75,0.316542
991.23,0.323887
991.71,0.331335
992.20,0.338797
992.68,0.346194
993.16,0.353480
993.64,0.360640
994.12,0.367680
994.61,0.374615
995.09,0.381457
995.57,0.388219
996.05,0.394928
996.54,0.401634
997.02,0.408396
997.50,0.415261
997.98,0.422233
998.46,0.429254
998.95,0.436207
999.43,0.442959
999.91,0.449419
1000.39,0.455570
1000.87,0.461486
1001.36,0.467286
1001.84,0.473096
1002.32,0.478974
1002.80,0.484898
1003.28,0.490773
1003.77,0.496484
1004.25,0.501943
1004.73,0.507118
1005.21,0.512031
1005.70,0.516725
1006.18,0.521235
1006.66,0.525566
1007.14,0.529713
1007.62,0.533682
1008.11,0.537507
1008.59,0.541252
1009.07,0.544975
1009.55,0.548684
1010.03,0.552312
1010.52,0.555728
1011.00,0.558792
1011.48,0.561400
1011.96,0.563540
1012.45,0.565284
1012.93,0.566756
1013.41,0.568057
1013.89,0.569222
1014.37,0.570211
1014.86,0.570933
1015.34,0.571303
1015.82,0.571269
1016.30,0.570829
1016.78,0.570000
1017.27,0.568796
1017.75,0.567208
1018.23,0.565225
1018.71,0.562873
1019.20,0.560242
1019.68,0.557491
1020.16,0.554802
1020.64,0.552292
1021.12,0.549974
1021.61,0.547725
1022.09,0.545341
1022.57,0.542597
1023.05,0.539345
1023.53,0.535568
1024.02,0.531368
1024.50,0.526913
1024.98,0.522366
1025.46,0.517849
1025.94,0.513424
1026.43,0.509123
1026.91,0.504992
1027.39,0.501097
1027.87,0.497513
1028.36,0.494281
1028.84,0.491367
1029.32,0.488643
1029.80,0.485912
1030.28,0.482982
1030.77,0.479711
1031.25,0.476061
1031.73,0.472092
1032.21,0.467926
1032.69,0.463688
1033.18,0.459459
1033.66,0.455269
1034.14,0.451111
1034.62,0.446970
1035.10,0.442843
1035.59,0.438748
1036.07,0.434710
1036.55,0.430742
1037.03,0.426840
1037.52,0.422984
1038.00,0.419163
1038.48,0.415384
1038.96,0.411681
1039.44,0.408095
1039.93,0.404647
1040.41,0.401326
1040.89,0.398079
1041.37,0.394843
1041.85,0.391562
1042.34,0.388229
1042.82,0.384880
1043.30,0.381587
1043.78,0.378423
1044.27,0.375423
1044.75,0.372575
1045.23,0.369818
1045.71,0.367072
1046.19,0.364256
1046.67,0.361316
1047.16,0.358231
1047.64,0.355004
1048.12,0.351658
1048.60,0.348225
1049.09,0.344755
1049.57,0.341308
1050.05,0.337954
1050.53,0.334760
1051.01,0.331764
1051.50,0.328966
1051.98,0.326318
1052.46,0.323748
1052.94,0.321178
1053.42,0.318560
1053.91,0.315885
1054.39,0.313183
1054.87,0.310499
1055.35,0.307868
1055.84,0.305304
1056.32,0.302794
1056.80,0.300312
1057.28,0.297836
1057.76,0.295355
1058.25,0.292867
1058.73,0.290360
1059.21,0.287810
1059.69,0.285178
1060.17,0.282427
1060.66,0.279555
1061.14,0.276602
1061.62,0.273656
1062.10,0.270817
1062.59,0.268161
1063.07,0.265700
1063.55,0.263377
1064.03,0.261078
1064.51,0.258682
1065.00,0.256116
1065.48,0.253382
1065.96,0.250561
1066.44,0.247771
1066.92,0.245132
1067.41,0.242707
1067.89,0.240490
1068.37,0.238412
1068.85,0.236378
1069.34,0.234304
1069.82,0.232141
1070.30,0.229888
1070.78,0.227576
1071.26,0.225252
1071.74,0.222960
1072.23,0.220731
1072.71,0.218590
1073.19,0.216547
1073.67,0.214602
1074.16,0.212735
1074.64,0.210913
1075.12,0.209078
1075.60,0.207174
1076.08,0.205164
1076.57,0.203043
1077.05,0.200850
1077.53,0.198644
1078.01,0.196492
1078.49,0.194436
1078.98,0.192475
1079.46,0.190578
1079.94,0.188701
1080.42,0.186816
1080.91,0.184931
1081.39,0.183091
1081.87,0.181363
1082.35,0.179810
1082.83,0.178461
1083.32,0.177307
1083.80,0.176300
1084.28,0.175378
1084.76,0.174478
1085.24,0.173551
1085.73,0.172569
1086.21,0.171506
1086.69,0.170341
1087.17,0.169052
1087.65,0.167621
1088.14,0.166049
1088.62,0.164357
1089.10,0.162591
1089.58,0.160801
1090.07,0.159030
1090.55,0.157301
1091.03,0.155618
1091.51,0.153976
1091.99,0.152382
1092.48,0.150857
1092.96,0.149441
1093.44,0.148180
1093.92,0.147099
1094.40,0.146190
1094.89,0.145399
1095.37,0.144650
1095.85,0.143853
1096.33,0.142934
1096.82,0.141852
1097.30,0.140600
1097.78,0.139194
1098.26,0.137662
1098.74,0.136035
1099.23,0.134341
1099.71,0.132606
1100.19,0.130862
1100.67,0.129141
1101.15,0.127467
1101.64,0.125851
1102.12,0.124281
1102.60,0.122726
1103.08,0.121145
1103.57,0.119509
1104.05,0.117809
1104.53,0.116064
1105.01,0.114308
1105.49,0.112585
1105.98,0.110922
1106.46,0.109328
1106.94,0.107786
1107.42,0.106269
1107.90,0.104751
1108.39,0.103213
1108.87,0.101650
1109.35,0.100064
1109.83,0.098457
1110.32,0.096829
1110.80,0.095173
1111.28,0.093483
1111.76,0.091764
1112.24,0.090028
1112.72,0.088299
1113.21,0.086599
1113.69,0.084941
1114.17,0.083321
1114.65,0.081717
1115.14,0.080097
1115.62,0.078428
1116.10,0.076690
1116.58,0.074879
1117.06,0.073008
1117.55,0.071101
1118.03,0.069188
1118.51,0.067296
1118.99,0.065445
1119.47,0.063646
1119.96,0.061905
1120.44,0.060218
1120.92,0.058579
1121.40,0.056975
1121.88,0.055393
1122.37,0.053817
1122.85,0.052235
1123.33,0.050640
1123.81,0.049037
1124.30,0.047434
1124.78,0.045848
1125.26,0.044293
1125.74,0.042780
1126.22,0.041311
1126.71,0.039881
1127.19,0.038480
1127.67,0.037095
1128.15,0.035717
1128.63,0.034346
1129.12,0.032986
1129.60,0.031652
1130.08,0.030356
1130.56,0.029113
1131.05,0.027929
1131.53,0.026804
1132.01,0.025729
1132.49,0.024687
1132.97,0.023659
1133.46,0.022631
1133.94,0.021591
1134.42,0.020541
1134.90,0.019492
1135.38,0.018465
1135.87,0.017483
1136.35,0.016572
1136.83,0.015752
1137.31,0.015034
1137.80,0.014424
1138.28,0.013916
1138.76,0.013499
1139.24,0.013156
1139.72,0.012863
1140.21,0.012591
1140.69,0.012307
1141.17,0.011980
1141.65,0.011587
1142.13,0.011116
1142.62,0.010578
1143.10,0.009999
1143.58,0.009419
1144.06,0.008881
1144.55,0.008419
1145.03,0.008048
1145.51,0.007762
1145.99,0.007537
1146.47,0.007338
1146.96,0.007134
1147.44,0.006902
1147.92,0.006632
1148.40,0.006329
1148.88,0.006003
1149.37,0.005665
1149.85,0.005323
1150.33,0.004982
1150.81,0.004642
1151.30,0.004302
1151.78,0.003964
1152.26,0.003633
1152.74,0.003313
1153.22,0.003013
1153.70,0.002739
1154.19,0.002500
1154.67,0.002305
1155.15,0.002165
1155.63,0.002089
1156.12,0.002083
1156.60,0.002142
1157.08,0.002250
1157.56,0.002381
1158.04,0.002500
1158.53,0.002570
1159.01,0.002564
1159.49,0.002465
1159.97,0.002275
1160.45,0.002009
1160.94,0.001694
1161.42,0.001358
1161.90,0.001029
1162.38,0.000726
1162.87,0.000461
1163.35,0.000233
1163.83,0.000039
1164.31,-0.000128
1164.79,-0.000276
1165.28,-0.000405
1165.76,-0.000512
1166.24,-0.000590
1166.72,-0.000628
1167.20,-0.000616
1167.69,-0.000548
1168.17,-0.000428
1168.65,-0.000269
1169.13,-0.000094
1169.62,0.000070
1170.10,0.000192
1170.58,0.000244
1171.06,0.000205
1171.54,0.000063
1172.03,-0.000184
1172.51,-0.000524
1172.99,-0.000937
1173.47,-0.001390
1173.95,-0.001842
1174.44,-0.002251
1174.92,-0.002574
1175.40,-0.002780
1175.88,-0.002853
1176.37,-0.002800
1176.85,-0.002645
1177.33,-0.002430
1177.81,-0.002208
1178.29,-0.002023
1178.78,-0.001910
1179.26,-0.001885
1179.74,-0.001944
1180.22,-0.002064
1180.70,-0.002215
1181.19,-0.002370
1181.67,-0.002508
1182.15,-0.002619
1182.63,-0.002701
1183.11,-0.002755
1183.60,-0.002782
1184.08,-0.002776
1184.56,-0.002732
1185.04,-0.002647
1185.53,-0.002526
1186.01,-0.002388
1186.49,-0.002258
1186.97,-0.002161
1187.45,-0.002112
1187.94,-0.002111
1188.42,-0.002136
1188.90,-0.002159
1189.38,-0.002152
1189.86,-0.002105
1190.35,-0.002027
1190.83,-0.001943
1191.31,-0.001883
1191.79,-0.001865
1192.28,-0.001886
1192.76,-0.001918
1193.24,-0.001922
1193.72,-0.001866
1194.20,-0.001739
1194.68,-0.001563
1195.17,-0.001381
1195.65,-0.001244
1196.13,-0.001193
1196.61,-0.001236
1197.10,-0.001354
1197.58,-0.001504
1198.06,-0.001644
1198.54,-0.001745
1199.02,-0.001801
1199.51,-0.001829
1199.99,-0.001852
1200.47,-0.001887
1200.95,-0.001934
1201.43,-0.001979
1201.92,-0.002000
1202.40,-0.001984
1202.88,-0.001934
1203.36,-0.001870
1203.85,-0.001824
1204.33,-0.001822
1204.81,-0.001873
1205.29,-0.001972
1205.77,-0.002094
1206.26,-0.002217
1206.74,-0.002321
1207.22,-0.002400
1207.70,-0.002458
1208.18,-0.002503
1208.67,-0.002540
1209.15,-0.002567
1209.63,-0.002580
1210.11,-0.002573
1210.60,-0.002549
1211.08,-0.002520
1211.56,-0.002502
1212.04,-0.002509
1212.52,-0.002545
1213.01,-0.002602
1213.49,-0.002665
1213.97,-0.002715
1214.45,-0.002745
1214.93,-0.002754
1215.42,-0.002753
1215.90,-0.002748
1216.38,-0.002743
1216.86,-0.002727
1217.35,-0.002682
1217.83,-0.002590
1218.31,-0.002441
1218.79,-0.002247
1219.27,-0.002036
1219.76,-0.001850
1220.24,-0.001727
1220.72,-0.001693
1221.20,-0.001754
1221.68,-0.001893
1222.17,-0.002078
1222.65,-0.002271
1223.13,-0.002441
1223.61,-0.002565
1224.09,-0.002637
1224.58,-0.002662
1225.06,-0.002649
1225.54,-0.002608
1226.02,-0.002545
1226.51,-0.002458
1226.99,-0.002347
1227.47,-0.002210
1227.95,-0.002055
1228.43,-0.001899
1228.91,-0.001768
1229.40,-0.001692
1229.88,-0.001692
1230.36,-0.001777
1230.84,-0.001936
1231.33,-0.002137
1231.81,-0.002338
1232.29,-0.002500
1232.77,-0.002595
1233.26,-0.002613
1233.74,-0.002564
1234.22,-0.002468
1234.70,-0.002344
1235.18,-0.002203
1235.66,-0.002047
1236.15,-0.001869
1236.63,-0.001671
1237.11,-0.001460
1237.59,-0.001259
1238.08,-0.001092
1238.56,-0.000981
1239.04,-0.000932
1239.52,-0.000928
1240.00,-0.000939
1240.49,-0.000934
1240.97,-0.000889
1241.45,-0.000804
1241.93,-0.000696
1242.41,-0.000597
1242.90,-0.000543
1243.38,-0.000556
1243.86,-0.000641
1244.34,-0.000788
1244.83,-0.000976
1245.31,-0.001178
1245.79,-0.001371
1246.27,-0.001536
1246.75,-0.001657
1247.24,-0.001723
1247.72,-0.001729
1248.20,-0.001676
1248.68,-0.001579
1249.16,-0.001460
1249.65,-0.001345
1250.13,-0.001258
1250.61,-0.001208
1251.09,-0.001186
1251.58,-0.001173
1252.06,-0.001146
1252.54,-0.001088
1253.02,-0.001001
1253.50,-0.000903
1253.98,-0.000822
1254.47,-0.000781
1254.95,-0.000790
1255.43,-0.000838
1255.91,-0.000900
1256.40,-0.000945
1256.88,-0.000951
1257.36,-0.000913
1257.84,-0.000847
1258.33,-0.000783
1258.81,-0.000752
1259.29,-0.000779
1259.77,-0.000870
1260.25,-0.001013
1260.73,-0.001178
1261.22,-0.001331
1261.70,-0.001437
1262.18,-0.001466
1262.66,-0.001404
1263.15,-0.001252
1263.63,-0.001024
1264.11,-0.000748
1264.59,-0.000458
1265.07,-0.000190
1265.56,0.000029
1266.04,0.000185
1266.52,0.000279
1267.00,0.000324
1267.48,0.000337
1267.97,0.000330
1268.45,0.000306
1268.93,0.000259
1269.41,0.000176
1269.89,0.000050
1270.38,-0.000119
1270.86,-0.000316
1271.34,-0.000516
1271.82,-0.000689
1272.31,-0.000808
1272.79,-0.000858
1273.27,-0.000836
1273.75,-0.000750
1274.23,-0.000620
1274.72,-0.000469
1275.20,-0.000321
1275.68,-0.000197
1276.16,-0.000113
1276.64,-0.000078
1277.13,-0.000090
1277.61,-0.000141
1278.09,-0.000216
1278.57,-0.000299
1279.06,-0.000374
1279.54,-0.000429
1280.02,-0.000453
1280.50,-0.000435
1280.98,-0.000362
1281.47,-0.000221
1281.95,-0.000003
1282.43,0.000294
1282.91,0.000652
1283.39,0.001042
1283.88,0.001421
1284.36,0.001748
1284.84,0.001993
1285.32,0.002149
1285.81,0.002228
1286.29,0.002255
1286.77,0.002259
1287.25,0.002261
1287.73,0.002265
1288.22,0.002267
1288.70,0.002257
1289.18,0.002229
1289.66,0.002188
1290.14,0.002145
1290.63,0.002115
1291.11,0.002102
1291.59,0.002101
1292.07,0.002100
1292.56,0.002085
1293.04,0.002049
1293.52,0.002000
1294.00,0.001956
1294.48,0.001937
1294.96,0.001958
1295.45,0.002022
1295.93,0.002113
1296.41,0.002209
1296.89,0.002287
1297.38,0.002331
1297.86,0.002340
1298.34,0.002325
1298.82,0.002300
1299.30,0.002277
1299.79,0.002264
1300.27,0.002258
1300.75,0.002256
1301.23,0.002252
1301.71,0.002249
1302.20,0.002253
1302.68,0.002274
1303.16,0.002326
1303.64,0.002420
1304.13,0.002564
1304.61,0.002758
1305.09,0.002995
1305.57,0.003252
1306.05,0.003499
1306.54,0.003698
1307.02,0.003816
1307.50,0.003837
1307.98,0.003766
1308.46,0.003635
1308.95,0.003496
1309.43,0.003403
1309.91,0.003398
1310.39,0.003497
1310.88,0.003686
1311.36,0.003933
1311.84,0.004195
1312.32,0.004435
1312.80,0.004637
1313.29,0.004800
1313.77,0.004932
1314.25,0.005043
1314.73,0.005135
1315.21,0.005199
1315.70,0.005221
1316.18,0.005193
1316.66,0.005119
1317.14,0.005013
1317.62,0.004903
1318.11,0.004813
1318.59,0.004764
1319.07,0.004762
1319.55,0.004806
1320.04,0.004890
1320.52,0.005010
1321.00,0.005163
1321.48,0.005350
1321.96,0.005566
1322.45,0.005800
1322.93,0.006034
1323.41,0.006249
1323.89,0.006428
1324.38,0.006562
1324.86,0.006653
1325.34,0.006713
1325.82,0.006753
1326.30,0.006786
1326.79,0.006818
1327.27,0.006851
1327.75,0.006885
1328.23,0.006916
1328.71,0.006943
1329.20,0.006964
1329.68,0.006977
1330.16,0.006979
1330.64,0.006973
1331.12,0.006966
1331.61,0.006974
1332.09,0.007014
1332.57,0.007105
1333.05,0.007254
1333.54,0.007456
1334.02,0.007694
1334.50,0.007942
1334.98,0.008181
1335.46,0.008397
1335.94,0.008595
1336.43,0.008789
1336.91,0.009001
1337.39,0.009251
1337.87,0.009548
1338.36,0.009888
1338.84,0.010253
1339.32,0.010614
1339.80,0.010939
1340.28,0.011199
1340.77,0.011376
1341.25,0.011464
1341.73,0.011473
1342.21,0.011423
1342.69,0.011340
1343.18,0.011255
1343.66,0.011203
1344.14,0.011208
1344.62,0.011288
1345.11,0.011442
1345.59,0.011659
1346.07,0.011918
1346.55,0.012200
1347.03,0.012491
1347.52,0.012789
1348.00,0.013097
1348.48,0.013415
1348.96,0.013737
1349.44,0.014051
1349.93,0.014337
1350.41,0.014583
1350.89,0.014785
1351.37,0.014953
1351.86,0.015106
1352.34,0.015265
1352.82,0.015451
1353.30,0.015676
1353.78,0.015953
1354.27,0.016288
1354.75,0.016690
1355.23,0.017164
1355.71,0.017707
1356.19,0.018299
1356.68,0.018909
1357.16,0.019498
1357.64,0.020029
1358.12,0.020481
1358.61,0.020856
1359.09,0.021179
1359.57,0.021489
1360.05,0.021828
1360.53,0.022232
1361.02,0.022716
1361.50,0.023277
1361.98,0.023890
1362.46,0.024519
1362.94,0.025121
1363.43,0.025667
1363.91,0.026144
1364.39,0.026564
1364.87,0.026952
1365.35,0.027342
1365.84,0.027770
1366.32,0.028265
1366.80,0.028849
1367.28,0.029528
1367.77,0.030290
1368.25,0.031103
1368.73,0.031919
1369.21,0.032694
1369.69,0.033396
1370.18,0.034023
1370.66,0.034594
1371.14,0.035145
1371.62,0.035718
1372.10,0.036352
1372.59,0.037083
1373.07,0.037943
1373.55,0.038953
1374.03,0.040118
1374.52,0.041414
1375.00,0.042786
1375.48,0.044158
1375.96,0.045464
1376.44,0.046666
1376.92,0.047765
1377.41,0.048785
1377.89,0.049763
1378.37,0.050736
1378.85,0.051722
1379.34,0.052725
1379.82,0.053729
1380.30,0.054714
1380.78,0.055665
1381.26,0.056573
1381.75,0.057438
1382.23,0.058262
1382.71,0.059041
1383.19,0.059773
1383.67,0.060455
1384.16,0.061102
1384.64,0.061744
1385.12,0.062431
1385.60,0.063225
1386.09,0.064179
1386.57,0.065319
1387.05,0.066623
1387.53,0.068018
1388.01,0.069394
1388.50,0.070660
1388.98,0.071773
1389.46,0.072746
1389.94,0.073621
1390.42,0.074445
1390.91,0.075248
1391.39,0.076047
1391.87,0.076850
1392.35,0.077673
1392.84,0.078542
1393.32,0.079499
1393.80,0.080583
1394.28,0.081810
1394.76,0.083145
1395.25,0.084495
1395.73,0.085748
1396.21,0.086812
1396.69,0.087666
1397.17,0.088348
1397.66,0.088941
1398.14,0.089528
1398.62,0.090172
1399.10,0.090904
1399.59,0.091715
1400.07,0.092564
1400.55,0.093402
1401.03,0.094197
1401.51,0.094935
1401.99,0.095624
1402.48,0.096282
1402.96,0.096927
1403.44,0.097579
1403.92,0.098251
1404.41,0.098946
1404.89,0.099651
1405.37,0.100341
1405.85,0.100984
1406.33,0.101556
1406.82,0.102054
1407.30,0.102499
1407.78,0.102924
1408.26,0.103366
1408.74,0.103846
1409.23,0.104360
1409.71,0.104884
1410.19,0.105370
1410.67,0.105776
1411.16,0.106075
1411.64,0.106270
1412.12,0.106386
1412.60,0.106457
1413.08,0.106506
1413.57,0.106534
1414.05,0.106520
1414.53,0.106439
1415.01,0.106273
1415.49,0.106026
1415.98,0.105726
1416.46,0.105407
1416.94,0.105104
1417.42,0.104834
1417.90,0.104589
1418.39,0.104334
1418.87,0.104025
1419.35,0.103628
1419.83,0.103140
1420.32,0.102588
1420.80,0.102009
1421.28,0.101420
1421.76,0.100823
1422.24,0.100215
1422.73,0.099592
1423.21,0.098960
1423.69,0.098333
1424.17,0.097727
1424.65,0.097147
1425.14,0.096585
1425.62,0.096022
1426.10,0.095438
1426.58,0.094826
1427.07,0.094193
1427.55,0.093554
1428.03,0.092930
1428.51,0.092332
1428.99,0.091763
1429.48,0.091217
1429.96,0.090685
1430.44,0.090168
1430.92,0.089678
1431.40,0.089235
1431.89,0.088853
1432.37,0.088531
1432.85,0.088253
1433.33,0.087991
1433.82,0.087721
1434.30,0.087432
1434.78,0.087133
1435.26,0.086853
1435.74,0.086625
1436.23,0.086476
1436.71,0.086405
1437.19,0.086375
1437.67,0.086331
1438.15,0.086244
1438.64,0.086128
1439.12,0.086021
1439.60,0.085960
1440.08,0.085964
1440.57,0.086025
1441.05,0.086116
1441.53,0.086203
1442.01,0.086255
1442.49,0.086263
1442.97,0.086243
1443.46,0.086225
1443.94,0.086238
1444.42,0.086293
1444.90,0.086379
1445.39,0.086469
1445.87,0.086529
1446.35,0.086534
1446.83,0.086473
1447.31,0.086351
1447.80,0.086177
1448.28,0.085964
1448.76,0.085715
1449.24,0.085435
1449.72,0.085123
1450.21,0.084787
1450.69,0.084432
1451.17,0.084063
1451.65,0.083683
1452.13,0.083284
1452.62,0.082860
1453.10,0.082408
1453.58,0.081933
1454.06,0.081448
1454.55,0.080973
1455.03,0.080528
1455.51,0.080128
1455.99,0.079786
1456.47,0.079509
1456.96,0.079302
1457.44,0.079159
1457.92,0.079070
1458.40,0.079015
1458.88,0.078966
1459.37,0.078896
1459.85,0.078782
1460.33,0.078608
1460.81,0.078374
1461.30,0.078095
1461.78,0.077798
1462.26,0.077519
1462.74,0.077299
1463.22,0.077169
1463.71,0.077148
1464.19,0.077232
1464.67,0.077385
1465.15,0.077554
1465.63,0.077682
1466.12,0.077746
1466.60,0.077753
1467.08,0.077731
1467.56,0.077699
1468.05,0.077662
1468.53,0.077610
1469.01,0.077525
1469.49,0.077392
1469.97,0.077201
1470.46,0.076953
1470.94,0.076653
1471.42,0.076310
1471.90,0.075932
1472.38,0.075529
1472.87,0.075115
1473.35,0.074713
1473.83,0.074350
1474.31,0.074045
1474.80,0.073806
1475.28,0.073633
1475.76,0.073516
1476.24,0.073439
1476.72,0.073373
1477.20,0.073288
1477.69,0.073154
1478.17,0.072950
1478.65,0.072673
1479.13,0.072331
1479.62,0.071946
1480.10,0.071545
1480.58,0.071163
1481.06,0.070830
1481.55,0.070565
1482.03,0.070361
1482.51,0.070194
1482.99,0.070026
1483.47,0.069819
1483.95,0.069553
1484.44,0.069226
1484.92,0.068849
1485.40,0.068440
1485.88,0.068017
1486.37,0.067589
1486.85,0.067161
1487.33,0.066733
1487.81,0.066308
1488.29,0.065903
1488.78,0.065544
1489.26,0.065261
1489.74,0.065067
1490.22,0.064945
1490.70,0.064844
1491.19,0.064710
1491.67,0.064506
1492.15,0.064231
1492.63,0.063909
1493.12,0.063570
1493.60,0.063235
1494.08,0.062906
1494.56,0.062571
1495.04,0.062205
1495.53,0.061775
1496.01,0.061257
1496.49,0.060652
1496.97,0.059994
1497.45,0.059346
1497.94,0.058767
1498.42,0.058290
1498.90,0.057905
1499.38,0.057581
1499.87,0.057276
1500.35,0.056953
1500.83,0.056590
1501.31,0.056179
1501.79,0.055718
1502.28,0.055211
1502.76,0.054662
1503.24,0.054080
1503.72,0.053469
1504.20,0.052839
1504.69,0.052204
1505.17,0.051580
1505.65,0.050988
1506.13,0.050445
1506.62,0.049953
1507.10,0.049463
1507.58,0.048901
1508.06,0.048223
1508.54,0.047461
1509.03,0.046693
1509.51,0.045989
1509.99,0.045393
1510.47,0.044927
1510.95,0.044594
1511.44,0.044371
1511.92,0.044213
1512.40,0.044055
1512.88,0.043827
1513.36,0.043483
1513.85,0.043003
1514.33,0.042397
1514.81,0.041690
1515.29,0.040919
1515.78,0.040116
1516.26,0.039309
1516.74,0.038523
1517.22,0.037781
1517.70,0.037108
1518.18,0.036521
1518.67,0.036032
1519.15,0.035640
1519.63,0.035340
1520.11,0.035114
1520.60,0.034934
1521.08,0.034751
1521.56,0.034506
1522.04,0.034152
1522.52,0.033688
1523.01,0.033156
1523.49,0.032609
1523.97,0.032069
1524.45,0.031535
1524.93,0.030994
1525.42,0.030437
1525.90,0.029872
1526.38,0.029331
1526.86,0.028857
1527.35,0.028486
1527.83,0.028231
1528.31,0.028079
1528.79,0.027997
1529.27,0.027946
1529.76,0.027898
1530.24,0.027835
1530.72,0.027750
1531.20,0.027642
1531.68,0.027514
1532.17,0.027365
1532.65,0.027193
1533.13,0.026988
1533.61,0.026740
1534.10,0.026442
1534.58,0.026101
1535.06,0.025731
1535.54,0.025345
1536.02,0.024950
1536.51,0.024548
1536.99,0.024136
1537.47,0.023713
1537.95,0.023277
1538.43,0.022826
1538.92,0.022363
1539.40,0.021902
1539.88,0.021485
1540.36,0.021189
1540.85,0.021103
1541.33,0.021260
1541.81,0.021600
1542.29,0.022012
1542.77,0.022384
1543.26,0.022630
1543.74,0.022704
1544.22,0.022590
1544.70,0.022310
1545.18,0.021922
1545.67,0.021502
1546.15,0.021117
1546.63,0.020800
1547.11,0.020556
1547.59,0.020371
1548.08,0.020230
1548.56,0.020126
1549.04,0.020057
1549.52,0.020021
1550.01,0.020006
1550.49,0.019984
1550.97,0.019921
1551.45,0.019790
1551.93,0.019588
1552.42,0.019338
1552.90,0.019080
1553.38,0.018857
1553.86,0.018710
1554.34,0.018646
1554.83,0.018638
1555.31,0.018618
1555.79,0.018504
1556.27,0.018234
1556.76,0.017769
1557.24,0.017099
1557.72,0.016241
1558.20,0.015276
1558.68,0.014408
1559.16,0.013986
1559.65,0.014272
1560.13,0.015068
1560.61,0.015899
1561.09,0.016478
1561.58,0.016779
1562.06,0.016871
1562.54,0.016834
1563.02,0.016726
1563.50,0.016601
1563.99,0.016504
1564.47,0.016472
1564.95,0.016526
1565.43,0.016658
1565.91,0.016829
1566.40,0.016984
1566.88,0.017071
1567.36,0.017059
1567.84,0.016940
1568.33,0.016732
1568.81,0.016466
1569.29,0.016194
1569.77,0.015969
1570.25,0.015825
1570.74,0.015761
1571.22,0.015748
1571.70,0.015749
1572.18,0.015742
1572.66,0.015719
1573.15,0.015686
1573.63,0.015652
1574.11,0.015630
1574.59,0.015641
1575.08,0.015716
1575.56,0.015888
1576.04,0.016181
1576.52,0.016576
1577.00,0.016995
1577.49,0.017329
1577.97,0.017501
1578.45,0.017503
1578.93,0.017372
1579.41,0.017166
1579.90,0.016940
1580.38,0.016740
1580.86,0.016593
1581.34,0.016510
1581.83,0.016482
1582.31,0.016495
1582.79,0.016532
1583.27,0.016587
1583.75,0.016666
1584.23,0.016778
1584.72,0.016926
1585.20,0.017099
1585.68,0.017274
1586.16,0.017420
1586.65,0.017519
1587.13,0.017566
1587.61,0.017577
1588.09,0.017575
1588.57,0.017580
1589.06,0.017595
1589.54,0.017607
1590.02,0.017592
1590.50,0.017532
1590.98,0.017426
1591.47,0.017297
1591.95,0.017186
1592.43,0.017136
1592.91,0.017176
1593.40,0.017315
1593.88,0.017534
1594.36,0.017797
1594.84,0.018068
1595.32,0.018316
1595.81,0.018521
1596.29,0.018675
1596.77,0.018775
1597.25,0.018816
1597.73,0.018799
1598.22,0.018729
1598.70,0.018625
1599.18,0.018513
1599.66,0.018430
1600.14,0.018407
1600.63,0.018456
1601.11,0.018571
1601.59,0.018721
1602.07,0.018864
1602.56,0.018961
1603.04,0.018991
1603.52,0.018957
1604.00,0.018883
1604.48,0.018802
1604.97,0.018746
1605.45,0.018738
1605.93,0.018787
1606.41,0.018893
1606.89,0.019049
1607.38,0.019242
1607.86,0.019458
1608.34,0.019674
1608.82,0.019869
1609.31,0.020022
1609.79,0.020122
1610.27,0.020174
1610.75,0.020194
1611.23,0.020206
1611.72,0.020230
1612.20,0.020277
1612.68,0.020345
1613.16,0.020423
1613.64,0.020495
1614.13,0.020550
1614.61,0.020586
1615.09,0.020613
1615.57,0.020651
1616.06,0.020728
1616.54,0.020864
1617.02,0.021057
1617.50,0.021276
1617.98,0.021465
1618.47,0.021585
1618.95,0.021621
1619.43,0.021583
1619.91,0.021493
1620.39,0.021380
1620.88,0.021275
1621.36,0.021210
1621.84,0.021222
1622.32,0.021340
1622.81,0.021571
1623.29,0.021883
1623.77,0.022199
1624.25,0.022432
1624.73,0.022521
1625.21,0.022465
1625.70,0.022309
1626.18,0.022126
1626.66,0.021980
1627.14,0.021919
1627.63,0.021964
1628.11,0.022101
1628.59,0.022288
1629.07,0.022473
1629.55,0.022616
1630.04,0.022702
1630.52,0.022740
1631.00,0.022744
1631.48,0.022725
1631.96,0.022679
1632.45,0.022591
1632.93,0.022441
1633.41,0.022217
1633.89,0.021924
1634.38,0.021599
1634.86,0.021319
1635.34,0.021199
1635.82,0.021356
1636.30,0.021830
1636.79,0.022515
1637.27,0.023212
1637.75,0.023765
1638.23,0.024115
1638.71,0.024281
1639.20,0.024308
1639.68,0.024237
1640.16,0.024106
1640.64,0.023939
1641.12,0.023762
1641.61,0.023593
1642.09,0.023450
1642.57,0.023340
1643.05,0.023262
1643.54,0.023208
1644.02,0.023167
1644.50,0.023127
1644.98,0.023079
1645.46,0.023014
1645.95,0.022923
1646.43,0.022789
1646.91,0.022582
1647.39,0.022280
1647.88,0.021885
1648.36,0.021440
1648.84,0.021000
1649.32,0.020609
1649.80,0.020288
1650.29,0.020035
1650.77,0.019843
1651.25,0.019699
1651.73,0.019596
1652.21,0.019538
1652.70,0.019549
1653.18,0.019667
1653.66,0.019906
1654.14,0.020193
1654.62,0.020408
1655.11,0.020489
1655.59,0.020446
1656.07,0.020322
1656.55,0.020156
1657.04,0.019984
1657.52,0.019829
1658.00,0.019712
1658.48,0.019634
1658.96,0.019589
1659.45,0.019556
1659.93,0.019513
1660.41,0.019442
1660.89,0.019333
1661.37,0.019189
1661.86,0.019017
1662.34,0.018832
1662.82,0.018642
1663.30,0.018455
1663.79,0.018278
1664.27,0.018115
1664.75,0.017970
1665.23,0.017844
1665.71,0.017732
1666.19,0.017617
1666.68,0.017482
1667.16,0.017305
1667.64,0.017070
1668.12,0.016776
1668.61,0.016447
1669.09,0.016129
1669.57,0.015874
1670.05,0.015707
1670.53,0.015605
1671.02,0.015505
1671.50,0.015345
1671.98,0.015097
1672.46,0.014777
1672.94,0.014424
1673.43,0.014082
1673.91,0.013784
1674.39,0.013545
1674.87,0.013361
1675.36,0.013207
1675.84,0.013050
1676.32,0.012870
1676.80,0.012672
1677.28,0.012476
1677.77,0.012298
1678.25,0.012145
1678.73,0.012008
1679.21,0.011871
1679.69,0.011718
1680.18,0.011538
1680.66,0.011334
1681.14,0.011118
1681.62,0.010904
1682.11,0.010703
1682.59,0.010513
1683.07,0.010319
1683.55,0.010107
1684.03,0.009865
1684.52,0.009607
1685.00,0.009369
1685.48,0.009176
1685.96,0.009017
1686.44,0.008863
1686.93,0.008684
1687.41,0.008474
1687.89,0.008236
1688.37,0.007989
1688.86,0.007752
1689.34,0.007535
1689.82,0.007336
1690.30,0.007134
1690.78,0.006899
1691.27,0.006608
1691.75,0.006262
1692.23,0.005882
1692.71,0.005506
1693.19,0.005168
1693.68,0.004898
1694.16,0.004707
1694.64,0.004586
1695.12,0.004503
1695.60,0.004398
1696.09,0.004207
1696.57,0.003887
1697.05,0.003461
1697.53,0.002994
1698.02,0.002569
1698.50,0.002246
1698.98,0.002076
1699.46,0.002112
1699.94,0.002392
1700.43,0.002898
1700.91,0.003490
1701.39,0.003963
1701.87,0.004172
1702.35,0.004112
1702.84,0.003859
1703.32,0.003499
1703.80,0.003094
1704.28,0.002682
1704.77,0.002291
1705.25,0.001945
1705.73,0.001662
1706.21,0.001452
1706.69,0.001309
1707.17,0.001217
1707.66,0.001155
1708.14,0.001104
1708.62,0.001051
1709.10,0.000990
1709.59,0.000919
1710.07,0.000842
1710.55,0.000768
1711.03,0.000707
1711.51,0.000668
1712.00,0.000648
1712.48,0.000638
1712.96,0.000619
1713.44,0.000566
1713.92,0.000458
1714.41,0.000285
1714.89,0.000057
1715.37,-0.000195
1715.85,-0.000430
1716.34,-0.000606
1716.82,-0.000701
1717.30,-0.000723
1717.78,-0.000711
1718.26,-0.000719
1718.75,-0.000789
1719.23,-0.000930
1719.71,-0.001121
1720.19,-0.001338
1720.67,-0.001561
1721.16,-0.001781
1721.64,-0.001993
1722.12,-0.002191
1722.60,-0.002366
1723.09,-0.002507
1723.57,-0.002603
1724.05,-0.002653
1724.53,-0.002669
1725.01,-0.002667
1725.50,-0.002668
1725.98,-0.002686
1726.46,-0.002726
1726.94,-0.002782
1727.42,-0.002846
1727.91,-0.002908
1728.39,-0.002962
1728.87,-0.003001
1729.35,-0.003022
1729.84,-0.003021
1730.32,-0.002993
1730.80,-0.002933
1731.28,-0.002840
1731.76,-0.002718
1732.24,-0.002575
1732.73,-0.002425
1733.21,-0.002289
1733.69,-0.002199
1734.17,-0.002196
1734.66,-0.002313
1735.14,-0.002546
1735.62,-0.002854
1736.10,-0.003189
1736.58,-0.003516
1737.07,-0.003818
1737.55,-0.004084
1738.03,-0.004294
1738.51,-0.004421
1738.99,-0.004437
1739.48,-0.004322
1739.96,-0.004093
1740.44,-0.003802
1740.92,-0.003528
1741.40,-0.003340
1741.89,-0.003274
1742.37,-0.003337
1742.85,-0.003515
1743.33,-0.003782
1743.82,-0.004108
1744.30,-0.004461
1744.78,-0.004812
1745.26,-0.005132
1745.74,-0.005402
1746.23,-0.005604
1746.71,-0.005727
1747.19,-0.005763
1747.67,-0.005709
1748.15,-0.005574
1748.64,-0.005371
1749.12,-0.005127
1749.60,-0.004871
1750.08,-0.004634
1750.57,-0.004446
1751.05,-0.004330
1751.53,-0.004299
1752.01,-0.004348
1752.49,-0.004456
1752.98,-0.004591
1753.46,-0.004721
1753.94,-0.004827
1754.42,-0.004900
1754.90,-0.004943
1755.39,-0.004962
1755.87,-0.004971
1756.35,-0.004977
1756.83,-0.004985
1757.32,-0.004995
1757.80,-0.005003
1758.28,-0.005009
1758.76,-0.005021
1759.24,-0.005052
1759.73,-0.005116
1760.21,-0.005221
1760.69,-0.005363
1761.17,-0.005523
1761.65,-0.005664
1762.14,-0.005743
1762.62,-0.005735
1763.10,-0.005643
1763.58,-0.005496
1764.07,-0.005337
1764.55,-0.005198
1765.03,-0.005092
1765.51,-0.005017
1765.99,-0.004961
1766.47,-0.004912
1766.96,-0.004866
1767.44,-0.004833
1767.92,-0.004831
1768.40,-0.004886
1768.89,-0.005011
1769.37,-0.005205
1769.85,-0.005451
1770.33,-0.005719
1770.82,-0.005979
1771.30,-0.006198
1771.78,-0.006341
1772.26,-0.006377
1772.74,-0.006290
1773.22,-0.006089
1773.71,-0.005812
1774.19,-0.005506
1774.67,-0.005210
1775.15,-0.004949
1775.64,-0.004740
1776.12,-0.004589
1776.60,-0.004501
1777.08,-0.004472
1777.56,-0.004493
1778.05,-0.004550
1778.53,-0.004629
1779.01,-0.004724
1779.49,-0.004833
1779.97,-0.004960
1780.46,-0.005104
1780.94,-0.005257
1781.42,-0.005398
1781.90,-0.005500
1782.38,-0.005539
1782.87,-0.005505
1783.35,-0.005409
1783.83,-0.005283
1784.31,-0.005172
1784.80,-0.005124
1785.28,-0.005177
1785.76,-0.005342
1786.24,-0.005592
1786.72,-0.005874
1787.21,-0.006132
1787.69,-0.006322
1788.17,-0.006427
1788.65,-0.006454
1789.13,-0.006427
1789.62,-0.006380
1790.10,-0.006341
1790.58,-0.006326
1791.06,-0.006337
1791.55,-0.006360
1792.03,-0.006377
1792.51,-0.006373
1792.99,-0.006351
1793.47,-0.006329
1793.96,-0.006325
1794.44,-0.006349
1794.92,-0.006395
1795.40,-0.006448
1795.88,-0.006491
1796.37,-0.006508
1796.85,-0.006489
1797.33,-0.006428
1797.81,-0.006320
1798.30,-0.006158
1798.78,-0.005939
1799.26,-0.005665
1799.74,-0.005353
1800.22,-0.005038
1800.71,-0.004775
1801.19,-0.004615
1801.67,-0.004594
1802.15,-0.004702
1802.63,-0.004897
1803.12,-0.005111
1803.60,-0.005289
1804.08,-0.005404
1804.56,-0.005463
1805.05,-0.005503
1805.53,-0.005570
1806.01,-0.005700
1806.49,-0.005903
1806.97,-0.006155
1807.45,-0.006404
1807.94,-0.006591
1808.42,-0.006669
1808.90,-0.006625
1809.38,-0.006478
1809.87,-0.006284
1810.35,-0.006111
1810.83,-0.006016
1811.31,-0.006033
1811.79,-0.006164
1812.28,-0.006384
1812.76,-0.006654
1813.24,-0.006933
1813.72,-0.007193
1814.20,-0.007408
1814.69,-0.007556
1815.17,-0.007618
1815.65,-0.007571
1816.13,-0.007401
1816.62,-0.007114
1817.10,-0.006739
1817.58,-0.006328
1818.06,-0.005943
1818.54,-0.005646
1819.03,-0.005470
1819.51,-0.005424
1819.99,-0.005492
1820.47,-0.005642
1820.95,-0.005838
1821.44,-0.006045
1821.92,-0.006241
1822.40,-0.006409
1822.88,-0.006535
1823.37,-0.006605
1823.85,-0.006600
1824.33,-0.006507
1824.81,-0.006318
1825.29,-0.006049
1825.78,-0.005737
1826.26,-0.005433
1826.74,-0.005186
1827.22,-0.005029
1827.70,-0.004973
1828.19,-0.005009
1828.67,-0.005115
1829.15,-0.005261
1829.63,-0.005406
1830.12,-0.005519
1830.60,-0.005577
1831.08,-0.005588
1831.56,-0.005581
1832.04,-0.005592
1832.53,-0.005652
1833.01,-0.005771
1833.49,-0.005942
1833.97,-0.006144
1834.45,-0.006347
1834.94,-0.006517
1835.42,-0.006626
1835.90,-0.006663
1836.38,-0.006635
1836.87,-0.006566
1837.35,-0.006486
1837.83,-0.006427
1838.31,-0.006408
1838.79,-0.006434
1839.28,-0.006491
1839.76,-0.006556
1840.24,-0.006601
1840.72,-0.006601
1841.20,-0.006537
1841.69,-0.006401
1842.17,-0.006194
1842.65,-0.005924
1843.13,-0.005616
1843.61,-0.005305
1844.10,-0.005033
1844.58,-0.004843
1845.06,-0.004763
1845.54,-0.004799
1846.03,-0.004939
1846.51,-0.005167
1846.99,-0.005470
1847.47,-0.005837
1847.95,-0.006250
1848.43,-0.006681
1848.92,-0.007081
1849.40,-0.007395
1849.88,-0.007569
1850.36,-0.007571
1850.85,-0.007406
1851.33,-0.007116
1851.81,-0.006771
1852.29,-0.006440
1852.77,-0.006182
1853.26,-0.006027
1853.74,-0.005969
1854.22,-0.005974
1854.70,-0.005994
1855.18,-0.005989
1855.67,-0.005943
1856.15,-0.005868
1856.63,-0.005795
1857.11,-0.005761
1857.60,-0.005790
1858.08,-0.005880
1858.56,-0.006000
1859.04,-0.006106
1859.52,-0.006154
1860.01,-0.006121
1860.49,-0.006014
1860.97,-0.005868
1861.45,-0.005734
1861.93,-0.005653
1862.42,-0.005650
1862.90,-0.005716
1863.38,-0.005820
1863.86,-0.005924
1864.35,-0.005995
1864.83,-0.006022
1865.31,-0.006012
1865.79,-0.005989
1866.27,-0.005975
1866.76,-0.005977
1867.24,-0.005981
1867.72,-0.005953
1868.20,-0.005848
1868.68,-0.005636
1869.17,-0.005317
1869.65,-0.004938
1870.13,-0.004571
1870.61,-0.004279
1871.10,-0.004104
1871.58,-0.004049
1872.06,-0.004104
1872.54,-0.004254
1873.02,-0.004486
1873.51,-0.004790
1873.99,-0.005154
1874.47,-0.005551
1874.95,-0.005946
1875.43,-0.006296
1875.92,-0.006567
1876.40,-0.006744
1876.88,-0.006839
1877.36,-0.006886
1877.84,-0.006926
1878.33,-0.006987
1878.81,-0.007072
1879.29,-0.007152
1879.77,-0.007184
1880.26,-0.007128
1880.74,-0.006968
1881.22,-0.006726
1881.70,-0.006451
1882.18,-0.006198
1882.67,-0.006003
1883.15,-0.005860
1883.63,-0.005724
1884.11,-0.005531
1884.59,-0.005225
1885.08,-0.004792
1885.56,-0.004269
1886.04,-0.003745
1886.52,-0.003324
1887.01,-0.003089
1887.49,-0.003082
1887.97,-0.003295
1888.45,-0.003679
1888.93,-0.004154
1889.41,-0.004637
1889.90,-0.005066
1890.38,-0.005414
1890.86,-0.005691
1891.34,-0.005930
1891.83,-0.006167
1892.31,-0.006416
1892.79,-0.006669
1893.27,-0.006898
1893.75,-0.007063
1894.24,-0.007124
1894.72,-0.007050
1895.20,-0.006830
1895.68,-0.006483
1896.16,-0.006054
1896.65,-0.005605
1897.13,-0.005199
1897.61,-0.004885
1898.09,-0.004687
1898.58,-0.004601
1899.06,-0.004600
1899.54,-0.004650
1900.02,-0.004715
1900.50,-0.004773
1900.99,-0.004815
1901.47,-0.004854
1901.95,-0.004906
1902.43,-0.004991
1902.91,-0.005118
1903.40,-0.005283
1903.88,-0.005474
1904.36,-0.005670
1904.84,-0.005857
1905.33,-0.006021
1905.81,-0.006158
1906.29,-0.006263
1906.77,-0.006331
1907.25,-0.006349
1907.74,-0.006306
1908.22,-0.006189
1908.70,-0.006000
1909.18,-0.005753
1909.66,-0.005482
1910.15,-0.005225
1910.63,-0.005017
1911.11,-0.004877
1911.59,-0.004801
1912.08,-0.004765
1912.56,-0.004731
1913.04,-0.004665
1913.52,-0.004548
1914.00,-0.004380
1914.48,-0.004184
1914.97,-0.003993
1915.45,-0.003847
1915.93,-0.003775
1916.41,-0.003790
1916.90,-0.003888
1917.38,-0.004055
1917.86,-0.004265
1918.34,-0.004495
1918.82,-0.004728
1919.31,-0.004948
1919.79,-0.005144
1920.27,-0.005305
1920.75,-0.005421
1921.23,-0.005489
1921.72,-0.005520
1922.20,-0.005544
1922.68,-0.005605
1923.16,-0.005755
1923.65,-0.006032
1924.13,-0.006441
1924.61,-0.006947
1925.09,-0.007492
1925.57,-0.008018
1926.06,-0.008490
1926.54,-0.008896
1927.02,-0.009240
1927.50,-0.009524
1927.98,-0.009728
1928.47,-0.009806
1928.95,-0.009685
1929.43,-0.009291
1929.91,-0.008590
1930.39,-0.007611
1930.88,-0.006471
1931.36,-0.005347
1931.84,-0.004451
1932.32,-0.003955
1932.81,-0.003936
1933.29,-0.004363
1933.77,-0.005101
1934.25,-0.005951
1934.73,-0.006693
1935.22,-0.007153
1935.70,-0.007235
1936.18,-0.006940
1936.66,-0.006358
1937.14,-0.005636
1937.63,-0.004952
1938.11,-0.004466
1938.59,-0.004301
1939.07,-0.004514
1939.56,-0.005078
1940.04,-0.005891
1940.52,-0.006804
1941.00,-0.007664
1941.48,-0.008332
1941.97,-0.008717
1942.45,-0.008785
1942.93,-0.008564
1943.41,-0.008115
1943.89,-0.007507
1944.38,-0.006788
1944.86,-0.005985
1945.34,-0.005122
1945.82,-0.004261
1946.31,-0.003501
1946.79,-0.002975
1947.27,-0.002811
1947.75,-0.003073
1948.23,-0.003736
1948.72,-0.004682
1949.20,-0.005748
1949.68,-0.006763
1950.16,-0.007593
1950.64,-0.008179
1951.13,-0.008519
1951.61,-0.008653
1952.09,-0.008620
1952.57,-0.008449
1953.06,-0.008146
1953.54,-0.007716
1954.02,-0.007185
1954.50,-0.006606
1954.98,-0.006042
1955.46,-0.005543
1955.95,-0.005109
1956.43,-0.004694
1956.91,-0.004219
1957.39,-0.003625
1957.88,-0.002902
1958.36,-0.002115
1958.84,-0.001380
1959.32,-0.000827
1959.80,-0.000555
1960.29,-0.000598
1960.77,-0.000938
1961.25,-0.001535
1961.73,-0.002362
1962.21,-0.003416
1962.70,-0.004715
1963.18,-0.006257
1963.66,-0.007988
1964.14,-0.009779
1964.62,-0.011446
1965.11,-0.012756
1965.59,-0.013489
1966.07,-0.013492
1966.55,-0.012711
1967.04,-0.011204
1967.52,-0.009121
1968.00,-0.006669
1968.48,-0.004055
1968.96,-0.001490
1969.45,0.000820
1969.93,0.002708
1970.41,0.004047
1970.89,0.004787
1971.38,0.004955
1971.86,0.004632
1972.34,0.003929
1972.82,0.002939
1973.30,0.001746
1973.79,0.000417
1974.27,-0.000980
1974.75,-0.002340
1975.23,-0.003532
1975.71,-0.004401
1976.20,-0.004809
1976.68,-0.004694
1977.16,-0.004107
1977.64,-0.003240
1978.12,-0.002347
1978.61,-0.001667
1979.09,-0.001330
1979.57,-0.001332
1980.05,-0.001563
1980.54,-0.001890
1981.02,-0.002225
1981.50,-0.002557
1981.98,-0.002933
1982.46,-0.003412
1982.95,-0.004001
1983.43,-0.004623
1983.91,-0.005136
1984.39,-0.005364
1984.87,-0.005180
1985.36,-0.004564
1985.84,-0.003616
1986.32,-0.002523
1986.80,-0.001480
1987.29,-0.000655
1987.77,-0.000127
1988.25,0.000101
1988.73,0.000087
1989.21,-0.000095
1989.70,-0.000377
1990.18,-0.000714
1990.66,-0.001083
1991.14,-0.001468
1991.62,-0.001852
1992.11,-0.002226
1992.59,-0.002605
1993.07,-0.003037
1993.55,-0.003596
1994.04,-0.004357
1994.52,-0.005351
1995.00,-0.006541
1995.48,-0.007808
1995.96,-0.008985
1996.44,-0.009899
1996.93,-0.010418
1997.41,-0.010517
1997.89,-0.010280
1998.37,-0.009892
1998.86,-0.009558
1999.34,-0.009448
1999.82,-0.009647
2000.30,-0.010128
2000.78,-0.010769
2001.27,-0.011395
2001.75,-0.011855
2002.23,-0.012056
2002.71,-0.011985
2003.19,-0.011699
2003.68,-0.011287
2004.16,-0.010834
2004.64,-0.010379
2005.12,-0.009903
2005.61,-0.009341
2006.09,-0.008623
2006.57,-0.007714
2007.05,-0.006663
2007.53,-0.005602
2008.02,-0.004734
2008.50,-0.004240
2008.98,-0.004212
2009.46,-0.004596
2009.94,-0.005213
2010.43,-0.005824
2010.91,-0.006206
2011.39,-0.006242
2011.87,-0.005935
2012.36,-0.005401
2012.84,-0.004787
2013.32,-0.004200
2013.80,-0.003654
2014.28,-0.003069
2014.77,-0.002324
2015.25,-0.001345
2015.73,-0.000175
2016.21,0.000992
2016.69,0.001864
2017.18,0.002163
2017.66,0.001725
2018.14,0.000581
2018.62,-0.001053
2019.11,-0.002813
2019.59,-0.004323
2020.07,-0.005295
2020.55,-0.005577
2021.03,-0.005183
2021.52,-0.004232
2022.00,-0.002892
2022.48,-0.001319
2022.96,0.000336
2023.44,0.001921
2023.93,0.003277
2024.41,0.004228
2024.89,0.004607
2025.37,0.004302
2025.85,0.003279
2026.34,0.001623
2026.82,-0.000479
2027.30,-0.002734
2027.78,-0.004821
2028.27,-0.006480
2028.75,-0.007542
2029.23,-0.007978
2029.71,-0.007869
2030.19,-0.007373
2030.67,-0.006659
2031.16,-0.005869
2031.64,-0.005083
2032.12,-0.004287
2032.60,-0.003395
2033.09,-0.002284
2033.57,-0.000856
2034.05,0.000906
2034.53,0.002894
2035.02,0.004891
2035.50,0.006602
2035.98,0.007749
2036.46,0.008171
2036.94,0.007846
2037.42,0.006915
2037.91,0.005617
2038.39,0.004259
2038.87,0.003107
2039.35,0.002316
2039.84,0.001894
2040.32,0.001693
2040.80,0.001470
2041.28,0.000957
2041.76,-0.000029
2042.25,-0.001522
2042.73,-0.003369
2043.21,-0.005274
2043.69,-0.006874
2044.17,-0.007843
2044.66,-0.008005
2045.14,-0.007361
2045.62,-0.006084
2046.10,-0.004453
2046.59,-0.002786
2047.07,-0.001344
2047.55,-0.000249
2048.03,0.000516
2048.51,0.001073
2049.00,0.001567
2049.48,0.002111
2049.96,0.002729
2050.44,0.003369
2050.92,0.003938
2051.41,0.004353
2051.89,0.004580
2052.37,0.004629
2052.85,0.004538
2053.34,0.004351
2053.82,0.004100
2054.30,0.003800
2054.78,0.003464
2055.26,0.003115
2055.75,0.002789
2056.23,0.002526
2056.71,0.002350
2057.19,0.002248
2057.67,0.002162
2058.16,0.001995
2058.64,0.001650
2059.12,0.001052
2059.60,0.000183
2060.08,-0.000914
2060.57,-0.002145
2061.05,-0.003388
2061.53,-0.004521
2062.01,-0.005426
2062.49,-0.006010
2062.98,-0.006206
2063.46,-0.005978
2063.94,-0.005335
2064.42,-0.004346
2064.91,-0.003156
2065.39,-0.001958
2065.87,-0.000973
2066.35,-0.000383
2066.83,-0.000267
2067.32,-0.000581
2067.80,-0.001174
2068.28,-0.001856
2068.76,-0.002448
2069.24,-0.002853
2069.73,-0.003080
2070.21,-0.003217
2070.69,-0.003376
2071.17,-0.003625
2071.66,-0.003942
2072.14,-0.004215
2072.62,-0.004292
2073.10,-0.004030
2073.58,-0.003382
2074.07,-0.002414
2074.55,-0.001316
2075.03,-0.000320
2075.51,0.000353
2075.99,0.000559
2076.48,0.000283
2076.96,-0.000368
2077.44,-0.001188
2077.92,-0.001952
2078.41,-0.002452
2078.89,-0.002564
2079.37,-0.002272
2079.85,-0.001662
2080.33,-0.000891
2080.82,-0.000132
2081.30,0.000458
2081.78,0.000792
2082.26,0.000873
2082.74,0.000782
2083.23,0.000640
2083.71,0.000561
2084.19,0.000614
2084.67,0.000792
2085.16,0.001016
2085.64,0.001160
2086.12,0.001097
2086.60,0.000736
2087.08,0.000044
2087.57,-0.000946
2088.05,-0.002143
2088.53,-0.003420
2089.01,-0.004639
2089.49,-0.005659
2089.98,-0.006357
2090.46,-0.006646
2090.94,-0.006485
2091.42,-0.005893
2091.90,-0.004958
2092.39,-0.003837
2092.87,-0.002724
2093.35,-0.001805
2093.83,-0.001237
2094.32,-0.001090
2094.80,-0.001359
2095.28,-0.001966
2095.76,-0.002804
2096.24,-0.003752
2096.72,-0.004699
2097.21,-0.005557
2097.69,-0.006244
2098.17,-0.006685
2098.65,-0.006815
2099.14,-0.006587
2099.62,-0.005991
2100.10,-0.005069
2100.58,-0.003917
2101.06,-0.002668
2101.55,-0.001451
2102.03,-0.000383
2102.51,0.000457
2102.99,0.001021
2103.47,0.001283
2103.96,0.001234
2104.44,0.000888
2104.92,0.000300
2105.40,-0.000429
2105.89,-0.001162
2106.37,-0.001746
2106.85,-0.002070
2107.33,-0.002100
2107.81,-0.001897
2108.30,-0.001592
2108.78,-0.001339
2109.26,-0.001239
2109.74,-0.001295
2110.22,-0.001404
2110.71,-0.001407
2111.19,-0.001173
2111.67,-0.000659
2112.15,0.000042
2112.64,0.000745
2113.12,0.001223
2113.60,0.001317
2114.08,0.001000
2114.56,0.000392
2115.05,-0.000286
2115.53,-0.000801
2116.01,-0.000975
2116.49,-0.000772
2116.97,-0.000282
2117.46,0.000303
2117.94,0.000792
2118.42,0.001041
2118.90,0.001000
2119.39,0.000720
2119.87,0.000315
2120.35,-0.000080
2120.83,-0.000365
2121.31,-0.000492
2121.80,-0.000478
2122.28,-0.000385
2122.76,-0.000306
2123.24,-0.000333
2123.72,-0.000534
2124.21,-0.000937
2124.69,-0.001519
2125.17,-0.002206
2125.65,-0.002889
2126.14,-0.003455
2126.62,-0.003822
2127.10,-0.003967
2127.58,-0.003933
2128.06,-0.003824
2128.55,-0.003771
2129.03,-0.003877
2129.51,-0.004193
2129.99,-0.004696
2130.47,-0.005308
2130.96,-0.005914
2131.44,-0.006402
2131.92,-0.006690
2132.40,-0.006737
2132.88,-0.006550
2133.37,-0.006171
2133.85,-0.005689
2134.33,-0.005231
2134.81,-0.004942
2135.30,-0.004971
2135.78,-0.005409
2136.26,-0.006242
2136.74,-0.007325
2137.22,-0.008412
2137.70,-0.009232
2138.19,-0.009574
2138.67,-0.009388
2139.15,-0.008816
2139.63,-0.008153
2140.12,-0.007696
2140.60,-0.007636
2141.08,-0.007940
2141.56,-0.008375
2142.04,-0.008572
2142.53,-0.008192
2143.01,-0.007087
2143.49,-0.005372
2143.97,-0.003409
2144.45,-0.001653
2144.94,-0.000526
2145.42,-0.000249
2145.90,-0.000794
2146.38,-0.001910
2146.86,-0.003245
2147.35,-0.004482
2147.83,-0.005412
2148.31,-0.005980
2148.79,-0.006235
2149.28,-0.006270
2149.76,-0.006159
2150.24,-0.005949
2150.72,-0.005681
2151.20,-0.005402
2151.69,-0.005175
2152.17,-0.005053
2152.65,-0.005042
2153.13,-0.005081
2153.61,-0.005055
2154.10,-0.004857
2154.58,-0.004445
2155.06,-0.003899
2155.54,-0.003406
2156.03,-0.003212
2156.51,-0.003516
2156.99,-0.004382
2157.47,-0.005703
2157.95,-0.007223
2158.44,-0.008622
2158.92,-0.009601
2159.40,-0.009985
2159.88,-0.009732
2160.36,-0.008879
2160.85,-0.007480
2161.33,-0.005581
2161.81,-0.003240
2162.29,-0.000565
2162.78,0.002255
2163.26,0.004975
2163.74,0.007376
2164.22,0.009289
2164.70,0.010657
2165.19,0.011529
2165.67,0.012009
2166.15,0.012189
2166.63,0.012088
2167.11,0.011636
2167.60,0.010723
2168.08,0.009267
2168.56,0.007282
2169.04,0.004910
2169.53,0.002391
2170.01,0.000015
2170.49,-0.001990
2170.97,-0.003497
2171.45,-0.004490
2171.94,-0.005030
2172.42,-0.005204
2172.90,-0.005093
2173.38,-0.004753
2173.86,-0.004241
2174.35,-0.003627
2174.83,-0.002990
2175.31,-0.002402
2175.79,-0.001894
2176.28,-0.001434
2176.76,-0.000933
2177.24,-0.000283
2177.72,0.000579
2178.20,0.001639
2178.68,0.002795
2179.17,0.003897
2179.65,0.004796
2180.13,0.005404
2180.61,0.005711
2181.10,0.005775
2181.58,0.005672
2182.06,0.005460
2182.54,0.005151
2183.02,0.004720
2183.51,0.004139
2183.99,0.003418
2184.47,0.002607
2184.95,0.001787
2185.43,0.001019
2185.92,0.000308
2186.40,-0.000407
2186.88,-0.001217
2187.36,-0.002180
2187.84,-0.003282
2188.33,-0.004415
2188.81,-0.005420
2189.29,-0.006141
2189.77,-0.006512
2190.26,-0.006577
2190.74,-0.006477
2191.22,-0.006370
2191.70,-0.006361
2192.18,-0.006453
2192.67,-0.006546
2193.15,-0.006489
2193.63,-0.006147
2194.11,-0.005472
2194.59,-0.004517
2195.08,-0.003413
2195.56,-0.002300
2196.04,-0.001287
2196.52,-0.000418
2197.01,0.000320
2197.49,0.000961
2197.97,0.001511
2198.45,0.001940
2198.93,0.002189
2199.42,0.002212
2199.90,0.002008
2200.38,0.001638
2200.86,0.001201
2201.34,0.000790
2201.83,0.000449
2202.31,0.000156
2202.79,-0.000158
2203.27,-0.000563
2203.76,-0.001080
2204.24,-0.001660
2204.72,-0.002196
2205.20,-0.002578
2205.68,-0.002740
2206.17,-0.002697
2206.65,-0.002530
2207.13,-0.002346
2207.61,-0.002212
2208.09,-0.002118
2208.58,-0.001966
2209.06,-0.001619
2209.54,-0.000969
2210.02,0.000009
2210.51,0.001220
2210.99,0.002470
2211.47,0.003503
2211.95,0.004099
2212.43,0.004130
2212.92,0.003591
2213.40,0.002595
2213.88,0.001334
2214.36,0.000032
2214.84,-0.001115
2215.33,-0.001952
2215.81,-0.002386
2216.29,-0.002402
2216.77,-0.002054
2217.26,-0.001465
2217.74,-0.000795
2218.22,-0.000224
2218.70,0.000088
2219.18,0.000045
2219.66,-0.000376
2220.15,-0.001116
2220.63,-0.002068
2221.11,-0.003098
2221.59,-0.004090
2222.08,-0.004958
2222.56,-0.005639
2223.04,-0.006092
2223.52,-0.006289
2224.00,-0.006224
2224.49,-0.005925
2224.97,-0.005465
2225.45,-0.004966
2225.93,-0.004561
2226.41,-0.004369
2226.90,-0.004446
2227.38,-0.004757
2227.86,-0.005175
2228.34,-0.005524
2228.82,-0.005648
2229.31,-0.005448
2229.79,-0.004925
2230.27,-0.004166
2230.75,-0.003308
2231.24,-0.002480
2231.72,-0.001756
2232.20,-0.001150
2232.68,-0.000638
2233.16,-0.000206
2233.65,0.000113
2234.13,0.000235
2234.61,0.000051
2235.09,-0.000511
2235.57,-0.001434
2236.06,-0.002585
2236.54,-0.003737
2237.02,-0.004653
2237.50,-0.005141
2237.99,-0.005128
2238.47,-0.004674
2238.95,-0.003953
2239.43,-0.003187
2239.91,-0.002558
2240.40,-0.002174
2240.88,-0.002046
2241.36,-0.002111
2241.84,-0.002277
2242.32,-0.002467
2242.81,-0.002636
2243.29,-0.002768
2243.77,-0.002852
2244.25,-0.002865
2244.74,-0.002767
2245.22,-0.002520
2245.70,-0.002118
2246.18,-0.001616
2246.66,-0.001121
2247.15,-0.000775
2247.63,-0.000702
2248.11,-0.000953
2248.59,-0.001479
2249.07,-0.002132
2249.56,-0.002727
2250.04,-0.003084
2250.52,-0.003116
2251.00,-0.002856
2251.49,-0.002463
2251.97,-0.002161
2252.45,-0.002159
2252.93,-0.002599
2253.41,-0.003488
2253.90,-0.004710
2254.38,-0.006045
2254.86,-0.007251
2255.34,-0.008134
2255.82,-0.008584
2256.31,-0.008605
2256.79,-0.008289
2257.27,-0.007784
2257.75,-0.007229
2258.24,-0.006729
2258.72,-0.006336
2259.20,-0.006046
2259.68,-0.005822
2260.16,-0.005615
2260.64,-0.005386
2261.13,-0.005111
2261.61,-0.004785
2262.09,-0.004416
2262.57,-0.004017
2263.06,-0.003609
2263.54,-0.003215
2264.02,-0.002862
2264.50,-0.002579
2264.98,-0.002389
2265.47,-0.002294
2265.95,-0.002274
2266.43,-0.002289
2266.91,-0.002281
2267.39,-0.002205
2267.88,-0.002043
2268.36,-0.001813
2268.84,-0.001565
2269.32,-0.001370
2269.80,-0.001293
2270.29,-0.001369
2270.77,-0.001597
2271.25,-0.001940
2271.73,-0.002346
2272.22,-0.002766
2272.70,-0.003166
2273.18,-0.003536
2273.66,-0.003874
2274.14,-0.004179
2274.63,-0.004440
2275.11,-0.004633
2275.59,-0.004735
2276.07,-0.004737
2276.55,-0.004655
2277.04,-0.004531
2277.52,-0.004419
2278.00,-0.004368
2278.48,-0.004395
2278.97,-0.004477
2279.45,-0.004554
2279.93,-0.004551
2280.41,-0.004406
2280.89,-0.004085
2281.38,-0.003603
2281.86,-0.003011
2282.34,-0.002382
2282.82,-0.001782
2283.30,-0.001255
2283.79,-0.000817
2284.27,-0.000456
2284.75,-0.000144
2285.23,0.000142
2285.72,0.000418
2286.20,0.000679
2286.68,0.000907
2287.16,0.001072
2287.64,0.001139
2288.13,0.001081
2288.61,0.000882
2289.09,0.000546
2289.57,0.000100
2290.05,-0.000412
2290.54,-0.000930
2291.02,-0.001400
2291.50,-0.001778
2291.98,-0.002044
2292.47,-0.002204
2292.95,-0.002289
2293.43,-0.002341
2293.91,-0.002399
2294.39,-0.002488
2294.88,-0.002615
2295.36,-0.002772
2295.84,-0.002939
2296.32,-0.003095
2296.80,-0.003229
2297.29,-0.003331
2297.77,-0.003399
2298.25,-0.003430
2298.73,-0.003423
2299.21,-0.003377
2299.70,-0.003299
2300.18,-0.003209
2300.66,-0.003135
2301.14,-0.003107
2301.62,-0.003149
2302.11,-0.003258
2302.59,-0.003404
2303.07,-0.003532
2303.55,-0.003579
2304.04,-0.003489
2304.52,-0.003237
2305.00,-0.002838
2305.48,-0.002349
2305.96,-0.001851
2306.45,-0.001424
2306.93,-0.001128
2307.41,-0.000984
2307.89,-0.000973
2308.38,-0.001037
2308.86,-0.001111
2309.34,-0.001137
2309.82,-0.001086
2310.30,-0.000964
2310.78,-0.000809
2311.27,-0.000682
2311.75,-0.000638
2312.23,-0.000718
2312.71,-0.000937
2313.20,-0.001284
2313.68,-0.001729
2314.16,-0.002234
2314.64,-0.002767
2315.12,-0.003300
2315.61,-0.003811
2316.09,-0.004278
2316.57,-0.004676
2317.05,-0.004976
2317.53,-0.005148
2318.02,-0.005176
2318.50,-0.005063
2318.98,-0.004833
2319.46,-0.004537
2319.95,-0.004230
2320.43,-0.003961
2320.91,-0.003756
2321.39,-0.003613
2321.87,-0.003507
2322.36,-0.003400
2322.84,-0.003263
2323.32,-0.003084
2323.80,-0.002873
2324.28,-0.002653
2324.77,-0.002451
2325.25,-0.002288
2325.73,-0.002172
2326.21,-0.002103
2326.70,-0.002077
2327.18,-0.002096
2327.66,-0.002164
2328.14,-0.002286
2328.62,-0.002462
2329.11,-0.002677
2329.59,-0.002905
2330.07,-0.003105
2330.55,-0.003233
2331.03,-0.003253
2331.52,-0.003139
2332.00,-0.002884
2332.48,-0.002497
2332.96,-0.002000
2333.45,-0.001430
2333.93,-0.000833
2334.41,-0.000269
2334.89,0.000195
2335.37,0.000503
2335.86,0.000621
2336.34,0.000552
2336.82,0.000346
2337.30,0.000089
2337.78,-0.000118
2338.27,-0.000199
2338.75,-0.000117
2339.23,0.000103
2339.71,0.000388
2340.19,0.000639
2340.68,0.000773
2341.16,0.000746
2341.64,0.000572
2342.12,0.000305
2342.61,0.000024
2343.09,-0.000195
2343.57,-0.000314
2344.05,-0.000332
2344.53,-0.000284
2345.02,-0.000219
2345.50,-0.000189
2345.98,-0.000229
2346.46,-0.000348
2346.94,-0.000536
2347.43,-0.000768
2347.91,-0.001016
2348.39,-0.001252
2348.87,-0.001452
2349.35,-0.001601
2349.84,-0.001687
2350.32,-0.001707
2350.80,-0.001657
2351.28,-0.001543
2351.76,-0.001367
2352.25,-0.001135
2352.73,-0.000850
2353.21,-0.000520
2353.69,-0.000164
2354.18,0.000178
2354.66,0.000445
2355.14,0.000562
2355.62,0.000456
2356.10,0.000088
2356.59,-0.000527
2357.07,-0.001311
2357.55,-0.002150
2358.03,-0.002915
2358.51,-0.003513
2359.00,-0.003915
2359.48,-0.004163
2359.96,-0.004344
2360.44,-0.004548
2360.93,-0.004830
2361.41,-0.005175
2361.89,-0.005503
2362.37,-0.005699
2362.85,-0.005659
2363.34,-0.005330
2363.82,-0.004735
2364.30,-0.003962
2364.78,-0.003147
2365.26,-0.002430
2365.75,-0.001908
2366.23,-0.001621
2366.71,-0.001548
2367.19,-0.001623
2367.68,-0.001766
2368.16,-0.001907
2368.64,-0.002011
2369.12,-0.002081
2369.60,-0.002148
2370.09,-0.002256
2370.57,-0.002439
2371.05,-0.002707
2371.53,-0.003036
2372.01,-0.003372
2372.50,-0.003645
2372.98,-0.003789
2373.46,-0.003756
2373.94,-0.003532
2374.43,-0.003140
2374.91,-0.002634
2375.39,-0.002083
2375.87,-0.001561
2376.35,-0.001132
2376.84,-0.000837
2377.32,-0.000696
2377.80,-0.000701
2378.28,-0.000828
2378.76,-0.001033
2379.25,-0.001269
2379.73,-0.001493
2380.21,-0.001667
2380.69,-0.001775
2381.17,-0.001817
2381.66,-0.001816
2382.14,-0.001805
2382.62,-0.001821
2383.10,-0.001893
2383.59,-0.002035
2384.07,-0.002243
2384.55,-0.002493
2385.03,-0.002753
2385.51,-0.002988
2385.99,-0.003171
2386.48,-0.003291
2386.96,-0.003347
2387.44,-0.003349
2387.92,-0.003311
2388.41,-0.003245
2388.89,-0.003157
2389.37,-0.003046
2389.85,-0.002908
2390.33,-0.002738
2390.82,-0.002535
2391.30,-0.002304
2391.78,-0.002056
2392.26,-0.001806
2392.74,-0.001574
2393.23,-0.001378
2393.71,-0.001236
2394.19,-0.001163
2394.67,-0.001170
2395.16,-0.001262
2395.64,-0.001440
2396.12,-0.001694
2396.60,-0.002009
2397.08,-0.002357
2397.57,-0.002709
2398.05,-0.003030
2398.53,-0.003290
2399.01,-0.003471
2399.49,-0.003569
2399.98,-0.003594
2400.46,-0.003567
2400.94,-0.003511
2401.42,-0.003442
2401.91,-0.003361
2402.39,-0.003257
2402.87,-0.003108
2403.35,-0.002892
2403.83,-0.002602
2404.32,-0.002248
2404.80,-0.001862
2405.28,-0.001491
2405.76,-0.001180
2406.24,-0.000966
2406.73,-0.000864
2407.21,-0.000864
2407.69,-0.000943
2408.17,-0.001067
2408.66,-0.001210
2409.14,-0.001357
2409.62,-0.001508
2410.10,-0.001672
2410.58,-0.001865
2411.07,-0.002100
2411.55,-0.002381
2412.03,-0.002702
2412.51,-0.003045
2412.99,-0.003381
2413.48,-0.003671
2413.96,-0.003871
2414.44,-0.003940
2414.92,-0.003848
2415.41,-0.003588
2415.89,-0.003181
2416.37,-0.002678
2416.85,-0.002147
2417.33,-0.001659
2417.82,-0.001274
2418.30,-0.001019
2418.78,-0.000892
2419.26,-0.000864
2419.74,-0.000896
2420.23,-0.000957
2420.71,-0.001035
2421.19,-0.001137
2421.67,-0.001278
2422.15,-0.001469
2422.64,-0.001699
2423.12,-0.001929
2423.60,-0.002104
2424.08,-0.002168
2424.57,-0.002084
2425.05,-0.001854
2425.53,-0.001521
2426.01,-0.001165
2426.49,-0.000878
2426.97,-0.000743
2427.46,-0.000816
2427.94,-0.001110
2428.42,-0.001600
2428.90,-0.002223
2429.39,-0.002903
2429.87,-0.003550
2430.35,-0.004083
2430.83,-0.004438
2431.31,-0.004574
2431.80,-0.004486
2432.28,-0.004200
2432.76,-0.003779
2433.24,-0.003307
2433.72,-0.002873
2434.21,-0.002554
2434.69,-0.002393
2435.17,-0.002386
2435.65,-0.002487
2436.14,-0.002623
2436.62,-0.002717
2437.10,-0.002710
2437.58,-0.002585
2438.06,-0.002366
2438.55,-0.002111
2439.03,-0.001886
2439.51,-0.001741
2439.99,-0.001692
2440.47,-0.001719
2440.96,-0.001770
2441.44,-0.001784
2441.92,-0.001721
2442.40,-0.001573
2442.89,-0.001371
2443.37,-0.001177
2443.85,-0.001067
2444.33,-0.001106
2444.81,-0.001326
2445.30,-0.001720
2445.78,-0.002241
2446.26,-0.002817
2446.74,-0.003360
2447.22,-0.003792
2447.71,-0.004059
2448.19,-0.004137
2448.67,-0.004035
2449.15,-0.003789
2449.64,-0.003455
2450.12,-0.003087
2450.60,-0.002735
2451.08,-0.002431
2451.56,-0.002185
2452.05,-0.001992
2452.53,-0.001835
2453.01,-0.001705
2453.49,-0.001597
2453.97,-0.001520
2454.46,-0.001489
2454.94,-0.001514
2455.42,-0.001594
2455.90,-0.001712
2456.39,-0.001840
2456.87,-0.001956
2457.35,-0.002049
2457.83,-0.002134
2458.31,-0.002247
2458.80,-0.002428
2459.28,-0.002703
2459.76,-0.003064
2460.24,-0.003463
2460.72,-0.003816
2461.21,-0.004031
2461.69,-0.004034
2462.17,-0.003794
2462.65,-0.003336
2463.13,-0.002729
2463.62,-0.002071
2464.10,-0.001452
2464.58,-0.000939
2465.06,-0.000562
2465.55,-0.000316
2466.03,-0.000177
2466.51,-0.000116
2466.99,-0.000112
2467.47,-0.000157
2467.95,-0.000252
2468.44,-0.000396
2468.92,-0.000584
2469.40,-0.000800
2469.88,-0.001024
2470.37,-0.001234
2470.85,-0.001418
2471.33,-0.001574
2471.81,-0.001712
2472.29,-0.001851
2472.78,-0.002015
2473.26,-0.002224
2473.74,-0.002489
2474.22,-0.002804
2474.70,-0.003139
2475.19,-0.003450
2475.67,-0.003673
2476.15,-0.003748
2476.63,-0.003635
2477.11,-0.003328
2477.60,-0.002859
2478.08,-0.002292
2478.56,-0.001709
2479.04,-0.001178
2479.53,-0.000734
2480.01,-0.000380
2480.49,-0.000087
2480.97,0.000176
2481.45,0.000424
2481.94,0.000639
2482.42,0.000771
2482.90,0.000759
2483.38,0.000563
2483.86,0.000185
2484.35,-0.000324
2484.83,-0.000879
2485.31,-0.001386
2485.79,-0.001774
2486.28,-0.002021
2486.76,-0.002150
2487.24,-0.002216
2487.72,-0.002271
2488.20,-0.002348
2488.69,-0.002443
2489.17,-0.002525
2489.65,-0.002554
2490.13,-0.002501
2490.61,-0.002362
2491.10,-0.002157
2491.58,-0.001913
2492.06,-0.001652
2492.54,-0.001378
2493.03,-0.001082
2493.51,-0.000751
2493.99,-0.000385
2494.47,-0.000006
2494.95,0.000340
2495.44,0.000597
2495.92,0.000722
2496.40,0.000689
2496.88,0.000505
2497.36,0.000200
2497.85,-0.000178
2498.33,-0.000581
2498.81,-0.000964
2499.29,-0.001287
2499.78,-0.001515
2500.26,-0.001621
2500.74,-0.001589
2501.22,-0.001427
2501.70,-0.001174
2502.19,-0.000906
2502.67,-0.000710
2503.15,-0.000669
2503.63,-0.000832
2504.11,-0.001192
2504.60,-0.001680
2505.08,-0.002188
2505.56,-0.002600
2506.04,-0.002826
2506.53,-0.002823
2507.01,-0.002609
2507.49,-0.002247
2507.97,-0.001822
2508.45,-0.001412
2508.93,-0.001079
2509.42,-0.000857
2509.90,-0.000758
2510.38,-0.000784
2510.86,-0.000930
2511.35,-0.001187
2511.83,-0.001533
2512.31,-0.001933
2512.79,-0.002341
2513.27,-0.002703
2513.76,-0.002978
2514.24,-0.003144
2514.72,-0.003207
2515.20,-0.003190
2515.68,-0.003130
2516.17,-0.003056
2516.65,-0.002982
2517.13,-0.002906
2517.61,-0.002815
2518.09,-0.002701
2518.58,-0.002564
2519.06,-0.002416
2519.54,-0.002274
2520.02,-0.002150
2520.51,-0.002044
2520.99,-0.001943
2521.47,-0.001825
2521.95,-0.001672
2522.43,-0.001485
2522.92,-0.001284
2523.40,-0.001105
2523.88,-0.000986
2524.36,-0.000956
2524.84,-0.001017
2525.33,-0.001148
2525.81,-0.001306
2526.29,-0.001447
2526.77,-0.001534
2527.26,-0.001548
2527.74,-0.001494
2528.22,-0.001390
2528.70,-0.001264
2529.18,-0.001136
2529.67,-0.001021
2530.15,-0.000921
2530.63,-0.000831
2531.11,-0.000743
2531.59,-0.000649
2532.08,-0.000544
2532.56,-0.000422
2533.04,-0.000282
2533.52,-0.000123
2534.01,0.000053
2534.49,0.000240
2534.97,0.000427
2535.45,0.000598
2535.93,0.000734
2536.42,0.000815
2536.90,0.000824
2537.38,0.000752
2537.86,0.000596
2538.34,0.000361
2538.83,0.000057
2539.31,-0.000296
2539.79,-0.000673
2540.27,-0.001043
2540.76,-0.001368
2541.24,-0.001606
2541.72,-0.001717
2542.20,-0.001672
2542.68,-0.001460
2543.17,-0.001098
2543.65,-0.000631
2544.13,-0.000127
2544.61,0.000333
2545.09,0.000674
2545.58,0.000845
2546.06,0.000829
2546.54,0.000650
2547.02,0.000362
2547.50,0.000038
2547.99,-0.000246
2548.47,-0.000438
2548.95,-0.000510
2549.43,-0.000466
2549.91,-0.000330
2550.40,-0.000138
2550.88,0.000075
2551.36,0.000285
2551.84,0.000474
2552.33,0.000633
2552.81,0.000751
2553.29,0.000814
2553.77,0.000801
2554.25,0.000694
2554.74,0.000480
2555.22,0.000159
2555.70,-0.000250
2556.18,-0.000708
2556.66,-0.001166
2557.15,-0.001567
2557.63,-0.001854
2558.11,-0.001988
2558.59,-0.001948
2559.07,-0.001740
2559.56,-0.001395
2560.04,-0.000970
2560.52,-0.000538
2561.00,-0.000164
2561.49,0.000092
2561.97,0.000204
2562.45,0.000177
2562.93,0.000050
2563.41,-0.000118
2563.90,-0.000266
2564.38,-0.000343
2564.86,-0.000322
2565.34,-0.000210
2565.82,-0.000037
2566.31,0.000147
2566.79,0.000292
2567.27,0.000350
2567.75,0.000291
2568.24,0.000106
2568.72,-0.000193
2569.20,-0.000575
2569.68,-0.000988
2570.16,-0.001370
2570.65,-0.001659
2571.13,-0.001797
2571.61,-0.001749
2572.09,-0.001511
2572.57,-0.001109
2573.06,-0.000600
2573.54,-0.000055
2574.02,0.000450
2574.50,0.000854
2574.99,0.001119
2575.47,0.001230
2575.95,0.001193
2576.43,0.001029
2576.91,0.000769
2577.40,0.000451
2577.88,0.000115
2578.36,-0.000189
2578.84,-0.000416
2579.32,-0.000525
2579.81,-0.000492
2580.29,-0.000319
2580.77,-0.000039
2581.25,0.000293
2581.74,0.000610
2582.22,0.000846
2582.70,0.000953
2583.18,0.000910
2583.66,0.000721
2584.14,0.000413
2584.63,0.000021
2585.11,-0.000416
2585.59,-0.000859
2586.07,-0.001277
2586.56,-0.001638
2587.04,-0.001919
2587.52,-0.002102
2588.00,-0.002181
2588.48,-0.002162
2588.97,-0.002068
2589.45,-0.001931
2589.93,-0.001782
2590.41,-0.001650
2590.89,-0.001550
2591.38,-0.001486
2591.86,-0.001451
2592.34,-0.001432
2592.82,-0.001416
2593.31,-0.001386
2593.79,-0.001322
2594.27,-0.001205
2594.75,-0.001013
2595.23,-0.000732
2595.72,-0.000366
2596.20,0.000059
2596.68,0.000495
2597.16,0.000874
2597.64,0.001128
2598.13,0.001206
2598.61,0.001090
2599.09,0.000799
2599.57,0.000385
2600.05,-0.000078
2600.54,-0.000515
2601.02,-0.000870
2601.50,-0.001112
2601.98,-0.001239
2602.47,-0.001266
2602.95,-0.001225
2603.43,-0.001144
2603.91,-0.001047
2604.39,-0.000949
2604.88,-0.000856
2605.36,-0.000765
2605.84,-0.000664
2606.32,-0.000538
2606.80,-0.000372
2607.29,-0.000154
2607.77,0.000113
2608.25,0.000411
2608.73,0.000705
2609.22,0.000948
2609.70,0.001094
2610.18,0.001110
2610.66,0.000987
2611.14,0.000746
2611.63,0.000435
2612.11,0.000116
2612.59,-0.000148
2613.07,-0.000307
2613.55,-0.000341
2614.04,-0.000257
2614.52,-0.000090
2615.00,0.000112
2615.48,0.000295
2615.97,0.000416
2616.45,0.000453
2616.93,0.000406
2617.41,0.000299
2617.89,0.000170
2618.38,0.000065
2618.86,0.000021
2619.34,0.000059
2619.82,0.000179
2620.30,0.000364
2620.79,0.000582
2621.27,0.000798
2621.75,0.000986
2622.23,0.001131
2622.72,0.001230
2623.20,0.001287
2623.68,0.001308
2624.16,0.001297
2624.64,0.001252
2625.12,0.001169
2625.61,0.001051
2626.09,0.000911
2626.57,0.000772
2627.05,0.000665
2627.54,0.000618
2628.02,0.000647
2628.50,0.000753
2628.98,0.000921
2629.46,0.001119
2629.95,0.001315
2630.43,0.001481
2630.91,0.001597
2631.39,0.001657
2631.88,0.001664
2632.36,0.001627
2632.84,0.001554
2633.32,0.001457
2633.80,0.001348
2634.28,0.001244
2634.77,0.001160
2635.25,0.001115
2635.73,0.001121
2636.21,0.001179
2636.70,0.001276
2637.18,0.001389
2637.66,0.001484
2638.14,0.001530
2638.62,0.001502
2639.11,0.001391
2639.59,0.001207
2640.07,0.000974
2640.55,0.000732
2641.03,0.000523
2641.52,0.000387
2642.00,0.000354
2642.48,0.000435
2642.96,0.000622
2643.45,0.000889
2643.93,0.001199
2644.41,0.001507
2644.89,0.001774
2645.37,0.001973
2645.86,0.002092
2646.34,0.002134
2646.82,0.002113
2647.30,0.002048
2647.78,0.001954
2648.27,0.001841
2648.75,0.001714
2649.23,0.001573
2649.71,0.001425
2650.20,0.001276
2650.68,0.001140
2651.16,0.001027
2651.64,0.000946
2652.12,0.000894
2652.61,0.000863
2653.09,0.000836
2653.57,0.000802
2654.05,0.000753
2654.53,0.000692
2655.02,0.000630
2655.50,0.000581
2655.98,0.000556
2656.46,0.000558
2656.95,0.000582
2657.43,0.000618
2657.91,0.000658
2658.39,0.000697
2658.87,0.000741
2659.36,0.000801
2659.84,0.000890
2660.32,0.001018
2660.80,0.001183
2661.28,0.001373
2661.77,0.001572
2662.25,0.001757
2662.73,0.001910
2663.21,0.002020
2663.70,0.002082
2664.18,0.002094
2664.66,0.002058
2665.14,0.001973
2665.62,0.001841
2666.11,0.001668
2666.59,0.001467
2667.07,0.001265
2667.55,0.001094
2668.03,0.000989
2668.52,0.000976
2669.00,0.001063
2669.48,0.001237
2669.96,0.001464
2670.44,0.001698
2670.93,0.001891
2671.41,0.002009
2671.89,0.002041
2672.37,0.001997
2672.86,0.001907
2673.34,0.001809
2673.82,0.001735
2674.30,0.001706
2674.78,0.001724
2675.26,0.001774
2675.75,0.001836
2676.23,0.001884
2676.71,0.001900
2677.19,0.001876
2677.68,0.001813
2678.16,0.001725
2678.64,0.001628
2679.12,0.001546
2679.60,0.001497
2680.09,0.001500
2680.57,0.001563
2681.05,0.001687
2681.53,0.001857
2682.01,0.002047
2682.50,0.002222
2682.98,0.002346
2683.46,0.002386
2683.94,0.002327
2684.43,0.002171
2684.91,0.001942
2685.39,0.001678
2685.87,0.001420
2686.35,0.001208
2686.84,0.001065
2687.32,0.000999
2687.80,0.001003
2688.28,0.001060
2688.76,0.001145
2689.25,0.001233
2689.73,0.001304
2690.21,0.001341
2690.69,0.001329
2691.18,0.001264
2691.66,0.001147
2692.14,0.000989
2692.62,0.000814
2693.10,0.000654
2693.59,0.000545
2694.07,0.000520
2694.55,0.000601
2695.03,0.000793
2695.51,0.001085
2696.00,0.001446
2696.48,0.001839
2696.96,0.002224
2697.44,0.002565
2697.93,0.002838
2698.41,0.003028
2698.89,0.003132
2699.37,0.003156
2699.85,0.003111
2700.34,0.003012
2700.82,0.002874
2701.30,0.002712
2701.78,0.002540
2702.26,0.002369
2702.75,0.002211
2703.23,0.002076
2703.71,0.001974
2704.19,0.001917
2704.68,0.001911
2705.16,0.001957
2705.64,0.002048
2706.12,0.002166
2706.60,0.002288
2707.09,0.002384
2707.57,0.002432
2708.05,0.002422
2708.53,0.002358
2709.01,0.002260
2709.50,0.002158
2709.98,0.002082
2710.46,0.002053
2710.94,0.002079
2711.42,0.002148
2711.91,0.002241
2712.39,0.002332
2712.87,0.002400
2713.35,0.002437
2713.84,0.002444
2714.32,0.002434
2714.80,0.002422
2715.28,0.002422
2715.76,0.002438
2716.24,0.002468
2716.73,0.002503
2717.21,0.002535
2717.69,0.002553
2718.17,0.002557
2718.66,0.002550
2719.14,0.002543
2719.62,0.002550
2720.10,0.002585
2720.58,0.002654
2721.07,0.002759
2721.55,0.002891
2722.03,0.003034
2722.51,0.003169
2722.99,0.003281
2723.48,0.003361
2723.96,0.003407
2724.44,0.003429
2724.92,0.003437
2725.41,0.003441
2725.89,0.003441
2726.37,0.003433
2726.85,0.003403
2727.33,0.003343
2727.82,0.003250
2728.30,0.003137
2728.78,0.003029
2729.26,0.002956
2729.74,0.002942
2730.23,0.002998
2730.71,0.003116
2731.19,0.003270
2731.67,0.003422
2732.16,0.003538
2732.64,0.003598
2733.12,0.003596
2733.60,0.003547
2734.08,0.003473
2734.57,0.003397
2735.05,0.003332
2735.53,0.003283
2736.01,0.003241
2736.49,0.003194
2736.98,0.003129
2737.46,0.003038
2737.94,0.002923
2738.42,0.002793
2738.91,0.002663
2739.39,0.002555
2739.87,0.002490
2740.35,0.002491
2740.83,0.002572
2741.32,0.002742
2741.80,0.002988
2742.28,0.003287
2742.76,0.003595
2743.24,0.003863
2743.73,0.004048
2744.21,0.004122
2744.69,0.004084
2745.17,0.003954
2745.66,0.003774
2746.14,0.003589
2746.62,0.003433
2747.10,0.003324
2747.58,0.003259
2748.07,0.003218
2748.55,0.003177
2749.03,0.003121
2749.51,0.003047
2749.99,0.002968
2750.48,0.002906
2750.96,0.002882
2751.44,0.002912
2751.92,0.002997
2752.40,0.003124
2752.89,0.003273
2753.37,0.003421
2753.85,0.003544
2754.33,0.003630
2754.82,0.003673
2755.30,0.003675
2755.78,0.003644
2756.26,0.003592
2756.74,0.003534
2757.22,0.003485
2757.71,0.003458
2758.19,0.003463
2758.67,0.003504
2759.15,0.003580
2759.64,0.003688
2760.12,0.003820
2760.60,0.003973
2761.08,0.004140
2761.56,0.004320
2762.05,0.004505
2762.53,0.004685
2763.01,0.004843
2763.49,0.004958
2763.97,0.005009
2764.46,0.004983
2764.94,0.004880
2765.42,0.004717
2765.90,0.004519
2766.39,0.004326
2766.87,0.004169
2767.35,0.004068
2767.83,0.004026
2768.31,0.004029
2768.80,0.004051
2769.28,0.004063
2769.76,0.004043
2770.24,0.003981
2770.72,0.003884
2771.21,0.003768
2771.69,0.003659
2772.17,0.003580
2772.65,0.003550
2773.14,0.003577
2773.62,0.003662
2774.10,0.003795
2774.58,0.003962
2775.06,0.004145
2775.55,0.004327
2776.03,0.004490
2776.51,0.004621
2776.99,0.004711
2777.47,0.004758
2777.96,0.004767
2778.44,0.004743
2778.92,0.004698
2779.40,0.004639
2779.89,0.004570
2780.37,0.004496
2780.85,0.004418
2781.33,0.004343
2781.81,0.004286
2782.30,0.004265
2782.78,0.004304
2783.26,0.004421
2783.74,0.004624
2784.22,0.004901
2784.71,0.005225
2785.19,0.005558
2785.67,0.005853
2786.15,0.006075
2786.63,0.006203
2787.12,0.006231
2787.60,0.006175
2788.08,0.006059
2788.56,0.005908
2789.05,0.005745
2789.53,0.005581
2790.01,0.005421
2790.49,0.005264
2790.97,0.005108
2791.46,0.004954
2791.94,0.004806
2792.42,0.004674
2792.90,0.004573
2793.38,0.004513
2793.87,0.004504
2794.35,0.004552
2794.83,0.004652
2795.31,0.004792
2795.80,0.004951
2796.28,0.005105
2796.76,0.005229
2797.24,0.005302
2797.72,0.005318
2798.20,0.005284
2798.69,0.005222
2799.17,0.005160
2799.65,0.005127
2800.13,0.005140
2800.62,0.005202
2801.10,0.005297
2801.58,0.005397
2802.06,0.005470
2802.54,0.005490
2803.03,0.005448
2803.51,0.005353
2803.99,0.005236
2804.47,0.005132
2804.95,0.005081
2805.44,0.005108
2805.92,0.005220
2806.40,0.005401
2806.88,0.005618
2807.36,0.005831
2807.85,0.005998
2808.33,0.006094
2808.81,0.006111
2809.29,0.006064
2809.78,0.005981
2810.26,0.005898
2810.74,0.005844
2811.22,0.005837
2811.70,0.005874
2812.19,0.005936
2812.67,0.005998
2813.15,0.006032
2813.63,0.006017
2814.11,0.005943
2814.60,0.005814
2815.08,0.005642
2815.56,0.005443
2816.04,0.005237
2816.53,0.005047
2817.01,0.004895
2817.49,0.004804
2817.97,0.004796
2818.45,0.004881
2818.94,0.005060
2819.42,0.005313
2819.90,0.005609
2820.38,0.005907
2820.86,0.006169
2821.35,0.006373
2821.83,0.006509
2822.31,0.006589
2822.79,0.006632
2823.28,0.006655
2823.76,0.006671
2824.24,0.006679
2824.72,0.006673
2825.20,0.006649
2825.69,0.006608
2826.17,0.006565
2826.65,0.006542
2827.13,0.006559
2827.61,0.006628
2828.10,0.006741
2828.58,0.006878
2829.06,0.007007
2829.54,0.007103
2830.03,0.007150
2830.51,0.007154
2830.99,0.007133
2831.47,0.007116
2831.95,0.007127
2832.44,0.007177
2832.92,0.007264
2833.40,0.007372
2833.88,0.007478
2834.36,0.007559
2834.85,0.007600
2835.33,0.007595
2835.81,0.007545
2836.29,0.007461
2836.77,0.007356
2837.26,0.007248
2837.74,0.007154
2838.22,0.007091
2838.70,0.007069
2839.18,0.007091
2839.67,0.007152
2840.15,0.007237
2840.63,0.007328
2841.11,0.007404
2841.60,0.007453
2842.08,0.007466
2842.56,0.007443
2843.04,0.007391
2843.52,0.007316
2844.01,0.007225
2844.49,0.007122
2844.97,0.007015
2845.45,0.006913
2845.93,0.006830
2846.42,0.006784
2846.90,0.006791
2847.38,0.006859
2847.86,0.006987
2848.34,0.007161
2848.83,0.007359
2849.31,0.007552
2849.79,0.007717
2850.27,0.007836
2850.76,0.007903
2851.24,0.007917
2851.72,0.007886
2852.20,0.007821
2852.68,0.007736
2853.17,0.007643
2853.65,0.007557
2854.13,0.007490
2854.61,0.007448
2855.09,0.007433
2855.58,0.007436
2856.06,0.007445
2856.54,0.007442
2857.02,0.007415
2857.51,0.007362
2857.99,0.007292
2858.47,0.007225
2858.95,0.007186
2859.43,0.007198
2859.92,0.007272
2860.40,0.007407
2860.88,0.007587
2861.36,0.007785
2861.84,0.007969
2862.33,0.008111
2862.81,0.008192
2863.29,0.008200
2863.77,0.008140
2864.26,0.008028
2864.74,0.007889
2865.22,0.007757
2865.70,0.007666
2866.18,0.007647
2866.67,0.007715
2867.15,0.007873
2867.63,0.008099
2868.11,0.008362
2868.59,0.008619
2869.08,0.008831
2869.56,0.008970
2870.04,0.009028
2870.52,0.009011
2871.01,0.008935
2871.49,0.008816
2871.97,0.008669
2872.45,0.008501
2872.93,0.008318
2873.41,0.008135
2873.90,0.007974
2874.38,0.007872
2874.86,0.007867
2875.34,0.007981
2875.83,0.008211
2876.31,0.008518
2876.79,0.008833
2877.27,0.009071
2877.75,0.009162
2878.24,0.009068
2878.72,0.008802
2879.20,0.008422
2879.68,0.008017
2880.16,0.007679
2880.65,0.007470
2881.13,0.007414
2881.61,0.007492
2882.09,0.007654
2882.58,0.007839
2883.06,0.008001
2883.54,0.008119
2884.02,0.008201
2884.50,0.008276
2884.99,0.008372
2885.47,0.008513
2885.95,0.008703
2886.43,0.008931
2886.91,0.009172
2887.40,0.009401
2887.88,0.009595
2888.36,0.009737
2888.84,0.009820
2889.32,0.009846
2889.81,0.009824
2890.29,0.009767
2890.77,0.009696
2891.25,0.009631
2891.74,0.009590
2892.22,0.009580
2892.70,0.009593
2893.18,0.009611
2893.66,0.009608
2894.15,0.009560
2894.63,0.009456
2895.11,0.009299
2895.59,0.009113
2896.07,0.008927
2896.56,0.008775
2897.04,0.008682
2897.52,0.008663
2898.00,0.008721
2898.49,0.008856
2898.97,0.009064
2899.45,0.009337
2899.93,0.009663
2900.41,0.010018
2900.90,0.010365
2901.38,0.010659
2901.86,0.010852
2902.34,0.010910
2902.82,0.010823
2903.31,0.010614
2903.79,0.010328
2904.27,0.010026
2904.75,0.009765
2905.24,0.009582
2905.72,0.009486
2906.20,0.009463
2906.68,0.009483
2907.16,0.009519
2907.65,0.009553
2908.13,0.009588
2908.61,0.009640
2909.09,0.009732
2909.57,0.009884
2910.06,0.010099
2910.54,0.010362
2911.02,0.010644
2911.50,0.010904
2911.99,0.011104
2912.47,0.011222
2912.95,0.011250
2913.43,0.011201
2913.91,0.011101
2914.39,0.010986
2914.88,0.010887
2915.36,0.010826
2915.84,0.010808
2916.32,0.010824
2916.81,0.010854
2917.29,0.010874
2917.77,0.010867
2918.25,0.010821
2918.73,0.010736
2919.22,0.010620
2919.70,0.010483
2920.18,0.010341
2920.66,0.010206
2921.14,0.010090
2921.63,0.010007
2922.11,0.009966
2922.59,0.009973
2923.07,0.010025
2923.55,0.010113
2924.04,0.010215
2924.52,0.010312
2925.00,0.010390
2925.48,0.010450
2925.97,0.010508
2926.45,0.010593
2926.93,0.010735
2927.41,0.010951
2927.89,0.011234
2928.38,0.011552
2928.86,0.011856
2929.34,0.012093
2929.82,0.012224
2930.30,0.012236
2930.79,0.012147
2931.27,0.012000
2931.75,0.011846
2932.23,0.011732
2932.72,0.011687
2933.20,0.011719
2933.68,0.011815
2934.16,0.011952
2934.64,0.012106
2935.13,0.012259
2935.61,0.012398
2936.09,0.012518
2936.57,0.012616
2937.05,0.012688
2937.54,0.012728
2938.02,0.012731
2938.50,0.012696
2938.98,0.012628
2939.47,0.012541
2939.95,0.012454
2940.43,0.012388
2940.91,0.012359
2941.39,0.012373
2941.88,0.012426
2942.36,0.012500
2942.84,0.012572
2943.32,0.012622
2943.80,0.012638
2944.29,0.012625
2944.77,0.012604
2945.25,0.012604
2945.73,0.012658
2946.22,0.012783
2946.70,0.012979
2947.18,0.013221
2947.66,0.013464
2948.14,0.013659
2948.62,0.013764
2949.11,0.013758
2949.59,0.013646
2950.07,0.013460
2950.55,0.013248
2951.04,0.013059
2951.52,0.012930
2952.00,0.012883
2952.48,0.012914
2952.97,0.013007
2953.45,0.013132
2953.93,0.013262
2954.41,0.013373
2954.89,0.013450
2955.38,0.013485
2955.86,0.013477
2956.34,0.013424
2956.82,0.013329
2957.30,0.013191
2957.79,0.013017
2958.27,0.012817
2958.75,0.012610
2959.23,0.012428
2959.71,0.012306
2960.20,0.012281
2960.68,0.012380
2961.16,0.012608
2961.64,0.012941
2962.12,0.013333
2962.61,0.013717
2963.09,0.014025
2963.57,0.014202
2964.05,0.014223
2964.53,0.014098
2965.02,0.013868
2965.50,0.013592
2965.98,0.013335
2966.46,0.013145
2966.95,0.013050
2967.43,0.013054
2967.91,0.013139
2968.39,0.013273
2968.88,0.013421
2969.36,0.013556
2969.84,0.013660
2970.32,0.013729
2970.80,0.013775
2971.28,0.013818
2971.77,0.013886
2972.25,0.013999
2972.73,0.014161
2973.21,0.014359
2973.70,0.014554
2974.18,0.014698
2974.66,0.014745
2975.14,0.014673
2975.62,0.014492
2976.11,0.014245
2976.59,0.013996
2977.07,0.013815
2977.55,0.013744
2978.03,0.013792
2978.52,0.013927
2979.00,0.014099
2979.48,0.014247
2979.96,0.014334
2980.45,0.014352
2980.93,0.014323
2981.41,0.014286
2981.89,0.014277
2982.37,0.014316
2982.86,0.014399
2983.34,0.014501
2983.82,0.014588
2984.30,0.014632
2984.78,0.014615
2985.27,0.014538
2985.75,0.014413
2986.23,0.014263
2986.71,0.014110
2987.20,0.013979
2987.68,0.013890
2988.16,0.013858
2988.64,0.013890
2989.12,0.013980
2989.61,0.014111
2990.09,0.014255
2990.57,0.014381
2991.05,0.014468
2991.53,0.014510
2992.02,0.014521
2992.50,0.014529
2992.98,0.014570
2993.46,0.014668
2993.95,0.014833
2994.43,0.015055
2994.91,0.015312
2995.39,0.015575
2995.87,0.015823
2996.36,0.016043
2996.84,0.016227
2997.32,0.016372
2997.80,0.016469
2998.28,0.016507
2998.77,0.016476
2999.25,0.016371
2999.73,0.016203
3000.21,0.015998
3000.69,0.015786
3001.18,0.015597
3001.66,0.015450
3002.14,0.015350
3002.62,0.015290
3003.11,0.015262
3003.59,0.015263
3004.07,0.015302
3004.55,0.015395
3005.03,0.015553
3005.51,0.015775
3006.00,0.016038
3006.48,0.016304
3006.96,0.016526
3007.44,0.016663
3007.93,0.016698
3008.41,0.016639
3008.89,0.016521
3009.37,0.016387
3009.85,0.016282
3010.34,0.016232
3010.82,0.016243
3011.30,0.016301
3011.78,0.016378
3012.26,0.016445
3012.75,0.016478
3013.23,0.016467
3013.71,0.016413
3014.19,0.016331
3014.68,0.016237
3015.16,0.016149
3015.64,0.016080
3016.12,0.016038
3016.60,0.016022
3017.09,0.016031
3017.57,0.016064
3018.05,0.016124
3018.53,0.016216
3019.01,0.016344
3019.50,0.016512
3019.98,0.016710
3020.46,0.016922
3020.94,0.017120
3021.43,0.017274
3021.91,0.017361
3022.39,0.017374
3022.87,0.017322
3023.35,0.017230
3023.84,0.017134
3024.32,0.017065
3024.80,0.017043
3025.28,0.017075
3025.76,0.017153
3026.25,0.017261
3026.73,0.017382
3027.21,0.017500
3027.69,0.017605
3028.18,0.017690
3028.66,0.017751
3029.14,0.017788
3029.62,0.017802
3030.10,0.017801
3030.59,0.017798
3031.07,0.017807
3031.55,0.017837
3032.03,0.017890
3032.51,0.017954
3033.00,0.018008
3033.48,0.018030
3033.96,0.018007
3034.44,0.017940
3034.93,0.017848
3035.41,0.017754
3035.89,0.017680
3036.37,0.017637
3036.85,0.017615
3037.34,0.017598
3037.82,0.017566
3038.30,0.017511
3038.78,0.017447
3039.26,0.017407
3039.75,0.017432
3040.23,0.017558
3040.71,0.017795
3041.19,0.018124
3041.67,0.018498
3042.16,0.018849
3042.64,0.019117
3043.12,0.019253
3043.60,0.019240
3044.09,0.019091
3044.57,0.018846
3045.05,0.018557
3045.53,0.018277
3046.01,0.018056
3046.49,0.017929
3046.98,0.017912
3047.46,0.018008
3047.94,0.018208
3048.42,0.018490
3048.91,0.018822
3049.39,0.019174
3049.87,0.019511
3050.35,0.019805
3050.83,0.020035
3051.32,0.020188
3051.80,0.020257
3052.28,0.020247
3052.76,0.020164
3053.24,0.020024
3053.73,0.019844
3054.21,0.019649
3054.69,0.019465
3055.17,0.019314
3055.66,0.019218
3056.14,0.019189
3056.62,0.019228
3057.10,0.019323
3057.58,0.019454
3058.07,0.019593
3058.55,0.019713
3059.03,0.019792
3059.51,0.019823
3059.99,0.019810
3060.48,0.019775
3060.96,0.019746
3061.44,0.019759
3061.92,0.019840
3062.41,0.020001
3062.89,0.020240
3063.37,0.020534
3063.85,0.020849
3064.33,0.021147
3064.82,0.021396
3065.30,0.021569
3065.78,0.021657
3066.26,0.021663
3066.74,0.021597
3067.23,0.021481
3067.71,0.021337
3068.19,0.021195
3068.67,0.021079
3069.16,0.021012
3069.64,0.021010
3070.12,0.021071
3070.60,0.021182
3071.08,0.021312
3071.57,0.021432
3072.05,0.021512
3072.53,0.021539
3073.01,0.021519
3073.49,0.021477
3073.98,0.021446
3074.46,0.021456
3074.94,0.021521
3075.42,0.021637
3075.90,0.021782
3076.39,0.021924
3076.87,0.022033
3077.35,0.022091
3077.83,0.022097
3078.32,0.022062
3078.80,0.022004
3079.28,0.021942
3079.76,0.021881
3080.24,0.021821
3080.73,0.021752
3081.21,0.021662
3081.69,0.021545
3082.17,0.021408
3082.65,0.021262
3083.14,0.021130
3083.62,0.021032
3084.10,0.020982
3084.58,0.020983
3085.07,0.021024
3085.55,0.021085
3086.03,0.021140
3086.51,0.021170
3086.99,0.021166
3087.47,0.021134
3087.96,0.021094
3088.44,0.021077
3088.92,0.021111
3089.40,0.021218
3089.89,0.021400
3090.37,0.021641
3090.85,0.021908
3091.33,0.022161
3091.81,0.022355
3092.30,0.022460
3092.78,0.022459
3093.26,0.022360
3093.74,0.022189
3094.22,0.021990
3094.71,0.021817
3095.19,0.021717
3095.67,0.021723
3096.15,0.021844
3096.64,0.022062
3097.12,0.022331
3097.60,0.022594
3098.08,0.022802
3098.56,0.022925
3099.05,0.022964
3099.53,0.022952
3100.01,0.022942
3100.49,0.022981
3100.97,0.023097
3101.46,0.023286
3101.94,0.023506
3102.42,0.023699
3102.90,0.023805
3103.39,0.023789
3103.87,0.023653
3104.35,0.023433
3104.83,0.023184
3105.31,0.022965
3105.80,0.022815
3106.28,0.022749
3106.76,0.022757
3107.24,0.022817
3107.72,0.022906
3108.21,0.023012
3108.69,0.023135
3109.17,0.023283
3109.65,0.023460
3110.14,0.023657
3110.62,0.023854
3111.10,0.024020
3111.58,0.024124
3112.06,0.024148
3112.55,0.024094
3113.03,0.023985
3113.51,0.023857
3113.99,0.023753
3114.47,0.023705
3114.96,0.023730
3115.44,0.023826
3115.92,0.023973
3116.40,0.024146
3116.88,0.024321
3117.37,0.024487
3117.85,0.024646
3118.33,0.024811
3118.81,0.024998
3119.30,0.025219
3119.78,0.025471
3120.26,0.025737
3120.74,0.025986
3121.22,0.026183
3121.71,0.026301
3122.19,0.026326
3122.67,0.026264
3123.15,0.026132
3123.63,0.025956
3124.12,0.025756
3124.60,0.025545
3125.08,0.025324
3125.56,0.025087
3126.04,0.024834
3126.53,0.024570
3127.01,0.024311
3127.49,0.024081
3127.97,0.023907
3128.45,0.023806
3128.94,0.023793
3129.42,0.023871
3129.90,0.024039
3130.38,0.024294
3130.87,0.024631
3131.35,0.025038
3131.83,0.025493
3132.31,0.025959
3132.79,0.026388
3133.28,0.026724
3133.76,0.026924
3134.24,0.026965
3134.72,0.026851
3135.20,0.026613
3135.69,0.026301
3136.17,0.025972
3136.65,0.025672
3137.13,0.025438
3137.61,0.025294
3138.10,0.025252
3138.58,0.025323
3139.06,0.025510
3139.54,0.025809
3140.03,0.026201
3140.51,0.026654
3140.99,0.027122
3141.47,0.027549
3141.95,0.027887
3142.44,0.028109
3142.92,0.028208
3143.40,0.028206
3143.88,0.028140
3144.36,0.028052
3144.85,0.027975
3145.33,0.027925
3145.81,0.027899
3146.29,0.027884
3146.78,0.027862
3147.26,0.027824
3147.74,0.027774
3148.22,0.027730
3148.70,0.027716
3149.19,0.027750
3149.67,0.027836
3150.15,0.027955
3150.63,0.028073
3151.11,0.028142
3151.60,0.028125
3152.08,0.028007
3152.56,0.027804
3153.04,0.027564
3153.53,0.027349
3154.01,0.027225
3154.49,0.027231
3154.97,0.027373
3155.45,0.027621
3155.94,0.027922
3156.42,0.028217
3156.90,0.028461
3157.38,0.028636
3157.86,0.028750
3158.35,0.028830
3158.83,0.028901
3159.31,0.028978
3159.79,0.029057
3160.28,0.029122
3160.76,0.029149
3161.24,0.029120
3161.72,0.029033
3162.20,0.028897
3162.68,0.028729
3163.17,0.028546
3163.65,0.028360
3164.13,0.028174
3164.61,0.027990
3165.10,0.027806
3165.58,0.027625
3166.06,0.027453
3166.54,0.027297
3167.02,0.027165
3167.51,0.027064
3167.99,0.026999
3168.47,0.026980
3168.95,0.027015
3169.43,0.027107
3169.92,0.027249
3170.40,0.027423
3170.88,0.027595
3171.36,0.027734
3171.85,0.027817
3172.33,0.027845
3172.81,0.027847
3173.29,0.027872
3173.77,0.027972
3174.26,0.028176
3174.74,0.028479
3175.22,0.028841
3175.70,0.029201
3176.18,0.029496
3176.67,0.029691
3177.15,0.029786
3177.63,0.029810
3178.11,0.029807
3178.59,0.029808
3179.08,0.029816
3179.56,0.029807
3180.04,0.029738
3180.52,0.029576
3181.01,0.029313
3181.49,0.028981
3181.97,0.028640
3182.45,0.028356
3182.93,0.028185
3183.42,0.028156
3183.90,0.028263
3184.38,0.028479
3184.86,0.028766
3185.34,0.029093
3185.83,0.029439
3186.31,0.029789
3186.79,0.030131
3187.27,0.030444
3187.76,0.030703
3188.24,0.030880
3188.72,0.030957
3189.20,0.030936
3189.68,0.030840
3190.17,0.030707
3190.65,0.030579
3191.13,0.030493
3191.61,0.030468
3192.09,0.030504
3192.58,0.030580
3193.06,0.030667
3193.54,0.030733
3194.02,0.030746
3194.51,0.030687
3194.99,0.030552
3195.47,0.030354
3195.95,0.030124
3196.43,0.029904
3196.92,0.029742
3197.40,0.029671
3197.88,0.029706
3198.36,0.029836
3198.84,0.030028
3199.33,0.030241
3199.81,0.030444
3200.29,0.030629
3200.77,0.030818
3201.26,0.031049
3201.74,0.031358
3202.22,0.031763
3202.70,0.032243
3203.18,0.032748
3203.66,0.033199
3204.15,0.033519
3204.63,0.033654
3205.11,0.033582
3205.59,0.033323
3206.08,0.032927
3206.56,0.032463
3207.04,0.031997
3207.52,0.031585
3208.00,0.031264
3208.49,0.031051
3208.97,0.030948
3209.45,0.030938
3209.93,0.030997
3210.41,0.031092
3210.90,0.031190
3211.38,0.031266
3211.86,0.031308
3212.34,0.031321
3212.82,0.031319
3213.31,0.031323
3213.79,0.031345
3214.27,0.031390
3214.75,0.031450
3215.24,0.031511
3215.72,0.031571
3216.20,0.031637
3216.68,0.031730
3217.16,0.031875
3217.65,0.032089
3218.13,0.032363
3218.61,0.032661
3219.09,0.032925
3219.57,0.033097
3220.06,0.033141
3220.54,0.033057
3221.02,0.032889
3221.50,0.032713
3221.99,0.032614
3222.47,0.032650
3222.95,0.032840
3223.43,0.033152
3223.91,0.033519
3224.40,0.033860
3224.88,0.034108
3225.36,0.034233
3225.84,0.034244
3226.32,0.034183
3226.81,0.034102
3227.29,0.034048
3227.77,0.034041
3228.25,0.034076
3228.74,0.034127
3229.22,0.034165
3229.70,0.034168
3230.18,0.034131
3230.66,0.034068
3231.15,0.033996
3231.63,0.033934
3232.11,0.033888
3232.59,0.033856
3233.07,0.033828
3233.56,0.033802
3234.04,0.033785
3234.52,0.033795
3235.00,0.033857
3235.49,0.033987
3235.97,0.034185
3236.45,0.034426
3236.93,0.034661
3237.41,0.034833
3237.90,0.034893
3238.38,0.034811
3238.86,0.034591
3239.34,0.034270
3239.82,0.033911
3240.31,0.033581
3240.79,0.033344
3241.27,0.033247
3241.75,0.033310
3242.24,0.033526
3242.72,0.033863
3243.20,0.034274
3243.68,0.034696
3244.16,0.035064
3244.64,0.035319
3245.13,0.035417
3245.61,0.035337
3246.09,0.035091
3246.57,0.034725
3247.06,0.034303
3247.54,0.033894
3248.02,0.033561
3248.50,0.033334
3248.98,0.033213
3249.47,0.033167
3249.95,0.033151
3250.43,0.033123
3250.91,0.033058
3251.39,0.032960
3251.88,0.032860
3252.36,0.032801
3252.84,0.032820
3253.32,0.032935
3253.80,0.033131
3254.29,0.033371
3254.77,0.033598
3255.25,0.033759
3255.73,0.033825
3256.22,0.033789
3256.70,0.033672
3257.18,0.033510
3257.66,0.033338
3258.14,0.033187
3258.63,0.033072
3259.11,0.033004
3259.59,0.032993
3260.07,0.033054
3260.55,0.033208
3261.04,0.033466
3261.52,0.033829
3262.00,0.034267
3262.48,0.034734
3262.97,0.035166
3263.45,0.035507
3263.93,0.035725
3264.41,0.035822
3264.89,0.035835
3265.38,0.035813
3265.86,0.035803
3266.34,0.035827
3266.82,0.035876
3267.30,0.035911
3267.79,0.035889
3268.27,0.035775
3268.75,0.035567
3269.23,0.035289
3269.72,0.034992
3270.20,0.034733
3270.68,0.034554
3271.16,0.034475
3271.64,0.034490
3272.13,0.034574
3272.61,0.034693
3273.09,0.034812
3273.57,0.034903
3274.05,0.034944
3274.54,0.034919
3275.02,0.034819
3275.50,0.034645
3275.98,0.034408
3276.47,0.034135
3276.95,0.033862
3277.43,0.033626
3277.91,0.033456
3278.39,0.033367
3278.88,0.033358
3279.36,0.033417
3279.84,0.033533
3280.32,0.033697
3280.80,0.033913
3281.29,0.034190
3281.77,0.034528
3282.25,0.034917
3282.73,0.035324
3283.22,0.035707
3283.70,0.036016
3284.18,0.036216
3284.66,0.036291
3285.14,0.036253
3285.62,0.036134
3286.11,0.035976
3286.59,0.035822
3287.07,0.035704
3287.55,0.035638
3288.04,0.035626
3288.52,0.035655
3289.00,0.035703
3289.48,0.035745
3289.96,0.035757
3290.45,0.035728
3290.93,0.035661
3291.41,0.035578
3291.89,0.035516
3292.38,0.035519
3292.86,0.035616
3293.34,0.035815
3293.82,0.036091
3294.30,0.036393
3294.78,0.036662
3295.27,0.036848
3295.75,0.036932
3296.23,0.036924
3296.71,0.036866
3297.20,0.036800
3297.68,0.036759
3298.16,0.036750
3298.64,0.036752
3299.12,0.036726
3299.61,0.036638
3300.09,0.036473
3300.57,0.036243
3301.05,0.035980
3301.53,0.035725
3302.02,0.035515
3302.50,0.035372
3302.98,0.035301
3303.46,0.035296
3303.95,0.035346
3304.43,0.035438
3304.91,0.035562
3305.39,0.035702
3305.87,0.035840
3306.36,0.035949
3306.84,0.036010
3307.32,0.036011
3307.80,0.035957
3308.28,0.035871
3308.77,0.035783
3309.25,0.035725
3309.73,0.035710
3310.21,0.035738
3310.70,0.035792
3311.18,0.035850
3311.66,0.035896
3312.14,0.035926
3312.62,0.035947
3313.11,0.035973
3313.59,0.036010
3314.07,0.036058
3314.55,0.036100
3315.03,0.036117
3315.52,0.036090
3316.00,0.036008
3316.48,0.035874
3316.96,0.035699
3317.45,0.035509
3317.93,0.035333
3318.41,0.035206
3318.89,0.035168
3319.37,0.035249
3319.86,0.035471
3320.34,0.035830
3320.82,0.036296
3321.30,0.036806
3321.78,0.037281
3322.27,0.037642
3322.75,0.037829
3323.23,0.037815
3323.71,0.037617
3324.20,0.037283
3324.68,0.036873
3325.16,0.036448
3325.64,0.036056
3326.12,0.035726
3326.61,0.035479
3327.09,0.035331
3327.57,0.035299
3328.05,0.035396
3328.53,0.035618
3329.02,0.035934
3329.50,0.036286
3329.98,0.036591
3330.46,0.036770
3330.94,0.036764
3331.43,0.036554
3331.91,0.036169
3332.39,0.035680
3332.87,0.035175
3333.36,0.034737
3333.84,0.034432
3334.32,0.034292
3334.80,0.034316
3335.28,0.034480
3335.76,0.034748
3336.25,0.035075
3336.73,0.035420
3337.21,0.035746
3337.69,0.036027
3338.18,0.036244
3338.66,0.036392
3339.14,0.036473
3339.62,0.036495
3340.10,0.036463
3340.59,0.036381
3341.07,0.036254
3341.55,0.036088
3342.03,0.035905
3342.51,0.035742
3343.00,0.035641
3343.48,0.035646
3343.96,0.035778
3344.44,0.036024
3344.93,0.036333
3345.41,0.036626
3345.89,0.036824
3346.37,0.036862
3346.85,0.036723
3347.34,0.036431
3347.82,0.036056
3348.30,0.035677
3348.78,0.035370
3349.26,0.035189
3349.75,0.035156
3350.23,0.035272
3350.71,0.035516
3351.19,0.035866
3351.68,0.036291
3352.16,0.036756
3352.64,0.037222
3353.12,0.037645
3353.60,0.037989
3354.09,0.038234
3354.57,0.038385
3355.05,0.038470
3355.53,0.038526
3356.01,0.038587
3356.50,0.038666
3356.98,0.038749
3357.46,0.038802
3357.94,0.038793
3358.43,0.038706
3358.91,0.038559
3359.39,0.038394
3359.87,0.038266
3360.35,0.038218
3360.84,0.038261
3361.32,0.038369
3361.80,0.038489
3362.28,0.038566
3362.76,0.038561
3363.25,0.038474
3363.73,0.038339
3364.21,0.038210
3364.69,0.038143
3365.17,0.038171
3365.66,0.038297
3366.14,0.038497
3366.62,0.038731
3367.10,0.038952
3367.59,0.039120
3368.07,0.039208
3368.55,0.039194
3369.03,0.039067
3369.51,0.038825
3370.00,0.038477
3370.48,0.038051
3370.96,0.037587
3371.44,0.037142
3371.92,0.036760
3372.41,0.036476
3372.89,0.036297
3373.37,0.036207
3373.85,0.036173
3374.33,0.036166
3374.82,0.036170
3375.30,0.036191
3375.78,0.036245
3376.26,0.036351
3376.74,0.036512
3377.23,0.036710
3377.71,0.036904
3378.19,0.037045
3378.67,0.037092
3379.16,0.037022
3379.64,0.036844
3380.12,0.036586
3380.60,0.036294
3381.08,0.036011
3381.57,0.035771
3382.05,0.035593
3382.53,0.035483
3383.01,0.035438
3383.49,0.035447
3383.98,0.035496
3384.46,0.035561
3384.94,0.035616
3385.42,0.035629
3385.91,0.035574
3386.39,0.035433
3386.87,0.035207
3387.35,0.034909
3387.83,0.034565
3388.32,0.034206
3388.80,0.033861
3389.28,0.033557
3389.76,0.033320
3390.24,0.033180
3390.73,0.033168
3391.21,0.033311
3391.69,0.033624
3392.17,0.034097
3392.66,0.034688
3393.14,0.035326
3393.62,0.035922
3394.10,0.036399
3394.58,0.036706
3395.07,0.036833
3395.55,0.036810
3396.03,0.036688
3396.51,0.036521
3396.99,0.036341
3397.48,0.036159
3397.96,0.035967
3398.44,0.035747
3398.92,0.035494
3399.41,0.035223
3399.89,0.034962
3400.37,0.034750
3400.85,0.034615
3401.33,0.034565
3401.82,0.034584
3402.30,0.034640
3402.78,0.034693
3403.26,0.034712
3403.74,0.034684
3404.23,0.034614
3404.71,0.034521
3405.19,0.034428
3405.67,0.034357
3406.15,0.034328
3406.64,0.034351
3407.12,0.034435
3407.60,0.034580
3408.08,0.034776
3408.57,0.034995
3409.05,0.035195
3409.53,0.035325
3410.01,0.035328
3410.49,0.035172
3410.97,0.034850
3411.46,0.034398
3411.94,0.033881
3412.42,0.033381
3412.90,0.032976
3413.39,0.032712
3413.87,0.032596
3414.35,0.032594
3414.83,0.032645
3415.31,0.032676
3415.80,0.032628
3416.28,0.032473
3416.76,0.032215
3417.24,0.031888
3417.72,0.031544
3418.21,0.031242
3418.69,0.031032
3419.17,0.030949
3419.65,0.031014
3420.14,0.031230
3420.62,0.031588
3421.10,0.032068
3421.58,0.032641
3422.06,0.033273
3422.55,0.033923
3423.03,0.034550
3423.51,0.035109
3423.99,0.035562
3424.47,0.035880
3424.96,0.036045
3425.44,0.036056
3425.92,0.035934
3426.40,0.035715
3426.89,0.035449
3427.37,0.035183
3427.85,0.034957
3428.33,0.034790
3428.81,0.034674
3429.30,0.034577
3429.78,0.034457
3430.26,0.034270
3430.74,0.033989
3431.22,0.033612
3431.71,0.033172
3432.19,0.032726
3432.67,0.032342
3433.15,0.032086
3433.64,0.032001
3434.12,0.032091
3434.60,0.032324
3435.08,0.032632
3435.56,0.032939
3436.05,0.033166
3436.53,0.033262
3437.01,0.033211
3437.49,0.033035
3437.97,0.032782
3438.46,0.032511
3438.94,0.032273
3439.42,0.032095
3439.90,0.031973
3440.39,0.031879
3440.87,0.031774
3441.35,0.031624
3441.83,0.031413
3442.31,0.031152
3442.80,0.030874
3443.28,0.030626
3443.76,0.030448
3444.24,0.030367
3444.72,0.030385
3445.21,0.030485
3445.69,0.030642
3446.17,0.030828
3446.65,0.031027
3447.13,0.031232
3447.62,0.031439
3448.10,0.031647
3448.58,0.031843
3449.06,0.032004
3449.55,0.032100
3450.03,0.032102
3450.51,0.031995
3450.99,0.031785
3451.47,0.031499
3451.95,0.031187
3452.44,0.030907
3452.92,0.030717
3453.40,0.030654
3453.88,0.030725
3454.37,0.030902
3454.85,0.031133
3455.33,0.031353
3455.81,0.031497
3456.29,0.031527
3456.78,0.031431
3457.26,0.031230
3457.74,0.030963
3458.22,0.030679
3458.70,0.030425
3459.19,0.030227
3459.67,0.030100
3460.15,0.030038
3460.63,0.030025
3461.11,0.030043
3461.60,0.030069
3462.08,0.030088
3462.56,0.030084
3463.04,0.030051
3463.53,0.029986
3464.01,0.029895
3464.49,0.029791
3464.97,0.029688
3465.45,0.029599
3465.94,0.029531
3466.42,0.029480
3466.90,0.029438
3467.38,0.029392
3467.86,0.029338
3468.35,0.029280
3468.83,0.029231
3469.31,0.029209
3469.79,0.029227
3470.28,0.029280
3470.76,0.029342
3471.24,0.029371
3471.72,0.029316
3472.20,0.029137
3472.69,0.028817
3473.17,0.028368
3473.65,0.027837
3474.13,0.027288
3474.61,0.026790
3475.10,0.026406
3475.58,0.026174
3476.06,0.026109
3476.54,0.026201
3477.03,0.026423
3477.51,0.026740
3477.99,0.027112
3478.47,0.027500
3478.95,0.027864
3479.44,0.028165
3479.92,0.028370
3480.40,0.028455
3480.88,0.028413
3481.36,0.028261
3481.85,0.028034
3482.33,0.027784
3482.81,0.027559
3483.29,0.027396
3483.78,0.027299
3484.26,0.027245
3484.74,0.027186
3485.22,0.027072
3485.70,0.026862
3486.19,0.026546
3486.67,0.026147
3487.15,0.025724
3487.63,0.025359
3488.11,0.025129
3488.60,0.025097
3489.08,0.025280
3489.56,0.025646
3490.04,0.026119
3490.53,0.026594
3491.01,0.026972
3491.49,0.027170
3491.97,0.027147
3492.45,0.026909
3492.93,0.026505
3493.42,0.026009
3493.90,0.025507
3494.38,0.025084
3494.86,0.024800
3495.35,0.024691
3495.83,0.024759
3496.31,0.024979
3496.79,0.025301
3497.27,0.025660
3497.76,0.025994
3498.24,0.026247
3498.72,0.026378
3499.20,0.026373
3499.68,0.026237
3500.17,0.025992
3500.65,0.025669
3501.13,0.025306
3501.61,0.024938
3502.09,0.024592
3502.58,0.024293
3503.06,0.024053
3503.54,0.023875
3504.02,0.023747
3504.51,0.023649
3504.99,0.023551
3505.47,0.023424
3505.95,0.023246
3506.43,0.023012
3506.92,0.022735
3507.40,0.022445
3507.88,0.022184
3508.36,0.021998
3508.84,0.021923
3509.33,0.021976
3509.81,0.022141
3510.29,0.022375
3510.77,0.022609
3511.26,0.022775
3511.74,0.022829
3512.22,0.022762
3512.70,0.022602
3513.18,0.022397
3513.67,0.022207
3514.15,0.022071
3514.63,0.022007
3515.11,0.022002
3515.59,0.022028
3516.08,0.022055
3516.56,0.022067
3517.04,0.022072
3517.52,0.022100
3518.01,0.022190
3518.49,0.022368
3518.97,0.022634
3519.45,0.022957
3519.93,0.023284
3520.42,0.023558
3520.90,0.023738
3521.38,0.023817
3521.86,0.023817
3522.34,0.023775
3522.83,0.023728
3523.31,0.023692
3523.79,0.023652
3524.27,0.023576
3524.76,0.023429
3525.24,0.023199
3525.72,0.022908
3526.20,0.022610
3526.68,0.022365
3527.17,0.022216
3527.65,0.022168
3528.13,0.022184
3528.61,0.022194
3529.09,0.022124
3529.58,0.021931
3530.06,0.021615
3530.54,0.021225
3531.02,0.020832
3531.51,0.020506
3531.99,0.020291
3532.47,0.020189
3532.95,0.020171
3533.43,0.020189
3533.91,0.020203
3534.40,0.020186
3534.88,0.020138
3535.36,0.020076
3535.84,0.020028
3536.33,0.020017
3536.81,0.020053
3537.29,0.020131
3537.77,0.020230
3538.25,0.020323
3538.74,0.020378
3539.22,0.020367
3539.70,0.020266
3540.18,0.020060
3540.66,0.019747
3541.15,0.019346
3541.63,0.018896
3542.11,0.018450
3542.59,0.018072
3543.07,0.017816
3543.56,0.017716
3544.04,0.017772
3544.52,0.017955
3545.00,0.018212
3545.49,0.018473
3545.97,0.018678
3546.45,0.018789
3546.93,0.018789
3547.41,0.018686
3547.90,0.018493
3548.38,0.018227
3548.86,0.017901
3549.34,0.017526
3549.82,0.017123
3550.31,0.016718
3550.79,0.016350
3551.27,0.016059
3551.75,0.015879
3552.24,0.015821
3552.72,0.015863
3553.20,0.015955
3553.68,0.016019
3554.16,0.015985
3554.65,0.015817
3555.13,0.015521
3555.61,0.015151
3556.09,0.014780
3556.57,0.014491
3557.06,0.014342
3557.54,0.014357
3558.02,0.014522
3558.50,0.014789
3558.99,0.015092
3559.47,0.015363
3559.95,0.015558
3560.43,0.015655
3560.91,0.015666
3561.40,0.015619
3561.88,0.015551
3562.36,0.015494
3562.84,0.015466
3563.32,0.015470
3563.81,0.015501
3564.29,0.015553
3564.77,0.015622
3565.25,0.015709
3565.74,0.015811
3566.22,0.015919
3566.70,0.016008
3567.18,0.016036
3567.66,0.015948
3568.15,0.015703
3568.63,0.015297
3569.11,0.014771
3569.59,0.014200
3570.07,0.013658
3570.56,0.013213
3571.04,0.012905
3571.52,0.012757
3572.00,0.012776
3572.49,0.012954
3572.97,0.013265
3573.45,0.013667
3573.93,0.014115
3574.41,0.014556
3574.89,0.014949
3575.38,0.015271
3575.86,0.015513
3576.34,0.015677
3576.82,0.015771
3577.31,0.015788
3577.79,0.015716
3578.27,0.015534
3578.75,0.015223
3579.23,0.014783
3579.72,0.014239
3580.20,0.013640
3580.68,0.013051
3581.16,0.012531
3581.64,0.012124
3582.13,0.011845
3582.61,0.011686
3583.09,0.011623
3583.57,0.011634
3584.05,0.011708
3584.54,0.011848
3585.02,0.012068
3585.50,0.012378
3585.98,0.012778
3586.47,0.013244
3586.95,0.013718
3587.43,0.014110
3587.91,0.014315
3588.39,0.014247
3588.88,0.013881
3589.36,0.013270
3589.84,0.012524
3590.32,0.011759
3590.80,0.011054
3591.29,0.010451
3591.77,0.009953
3592.25,0.009550
3592.73,0.009228
3593.22,0.008977
3593.70,0.008800
3594.18,0.008716
3594.66,0.008749
3595.14,0.008925
3595.63,0.009252
3596.11,0.009708
3596.59,0.010240
3597.07,0.010770
3597.55,0.011222
3598.04,0.011533
3598.52,0.011672
3599.00,0.011644
3599.48,0.011477
3599.97,0.011216
3600.45,0.010900
3600.93,0.010559
3601.41,0.010206
3601.89,0.009840
3602.38,0.009464
3602.86,0.009087
3603.34,0.008730
3603.82,0.008421
3604.30,0.008177
3604.79,0.008005
3605.27,0.007889
3605.75,0.007802
3606.23,0.007706
3606.72,0.007575
3607.20,0.007397
3607.68,0.007189
3608.16,0.006993
3608.64,0.006864
3609.12,0.006854
3609.61,0.006988
3610.09,0.007253
3610.57,0.007602
3611.05,0.007974
3611.54,0.008309
3612.02,0.008553
3612.50,0.008664
3612.98,0.008606
3613.46,0.008362
3613.95,0.007945
3614.43,0.007416
3614.91,0.006874
3615.39,0.006426
3615.88,0.006155
3616.36,0.006090
3616.84,0.006205
3617.32,0.006429
3617.80,0.006660
3618.29,0.006800
3618.77,0.006761
3619.25,0.006505
3619.73,0.006065
3620.21,0.005543
3620.70,0.005076
3621.18,0.004770
3621.66,0.004661
3622.14,0.004710
3622.62,0.004837
3623.11,0.004951
3623.59,0.004987
3624.07,0.004912
3624.55,0.004721
3625.03,0.004430
3625.52,0.004071
3626.00,0.003681
3626.48,0.003282
3626.96,0.002889
3627.45,0.002498
3627.93,0.002097
3628.41,0.001679
3628.89,0.001255
3629.37,0.000875
3629.86,0.000624
3630.34,0.000580
3630.82,0.000754
3631.30,0.001091
3631.78,0.001509
3632.27,0.001954
3632.75,0.002402
3633.23,0.002848
3633.71,0.003294
3634.20,0.003727
3634.68,0.004113
3635.16,0.004405
3635.64,0.004549
3636.12,0.004515
3636.61,0.004303
3637.09,0.003957
3637.57,0.003537
3638.05,0.003120
3638.53,0.002771
3639.02,0.002527
3639.50,0.002387
3639.98,0.002313
3640.46,0.002246
3640.95,0.002132
3641.43,0.001939
3641.91,0.001678
3642.39,0.001396
3642.87,0.001160
3643.36,0.001032
3643.84,0.001048
3644.32,0.001205
3644.80,0.001467
3645.28,0.001777
3645.77,0.002080
3646.25,0.002333
3646.73,0.002510
3647.21,0.002602
3647.70,0.002625
3648.18,0.002612
3648.66,0.002612
3649.14,0.002682
3649.62,0.002857
3650.11,0.003129
3650.59,0.003435
3651.07,0.003668
3651.55,0.003736
3652.03,0.003591
3652.52,0.003255
3653.00,0.002796
3653.48,0.002291
3653.96,0.001803
3654.44,0.001376
3654.93,0.001040
3655.41,0.000817
3655.89,0.000719
3656.37,0.000751
3656.86,0.000894
3657.34,0.001105
3657.82,0.001307
3658.30,0.001428
3658.78,0.001412
3659.27,0.001238
3659.75,0.000920
3660.23,0.000499
3660.71,0.000033
3661.19,-0.000411
3661.68,-0.000764
3662.16,-0.000975
3662.64,-0.001020
3663.12,-0.000906
3663.60,-0.000671
3664.09,-0.000359
3664.57,-0.000020
3665.05,0.000311
3665.53,0.000609
3666.01,0.000852
3666.50,0.001017
3666.98,0.001076
3667.46,0.000995
3667.94,0.000745
3668.43,0.000321
3668.91,-0.000245
3669.39,-0.000878
3669.87,-0.001452
3670.35,-0.001815
3670.84,-0.001864
3671.32,-0.001608
3671.80,-0.001192
3672.28,-0.000800
3672.76,-0.000570
3673.25,-0.000535
3673.73,-0.000649
3674.21,-0.000817
3674.69,-0.000928
3675.18,-0.000877
3675.66,-0.000586
3676.14,-0.000076
3676.62,0.000490
3677.10,0.000852
3677.59,0.000830
3678.07,0.000421
3678.55,-0.000244
3679.03,-0.001005
3679.51,-0.001723
3680.00,-0.002287
3680.48,-0.002633
3680.96,-0.002737
3681.44,-0.002630
3681.93,-0.002386
3682.41,-0.002106
3682.89,-0.001893
3683.37,-0.001816
3683.85,-0.001915
3684.34,-0.002184
3684.82,-0.002581
3685.30,-0.003032
3685.78,-0.003451
3686.26,-0.003761
3686.75,-0.003902
3687.23,-0.003845
3687.71,-0.003593
3688.19,-0.003189
3688.68,-0.002710
3689.16,-0.002264
3689.64,-0.001964
3690.12,-0.001867
3690.60,-0.001936
3691.09,-0.002048
3691.57,-0.002064
3692.05,-0.001891
3692.53,-0.001528
3693.01,-0.001056
3693.50,-0.000604
3693.98,-0.000301
3694.46,-0.000226
3694.94,-0.000410
3695.42,-0.000820
3695.91,-0.001378
3696.39,-0.001976
3696.87,-0.002512
3697.35,-0.002915
3697.84,-0.003161
3698.32,-0.003282
3698.80,-0.003344
3699.28,-0.003415
3699.76,-0.003533
3700.24,-0.003695
3700.73,-0.003854
3701.21,-0.003945
3701.69,-0.003898
3702.17,-0.003682
3702.66,-0.003319
3703.14,-0.002896
3703.62,-0.002522
3704.10,-0.002280
3704.58,-0.002201
3705.07,-0.002260
3705.55,-0.002399
3706.03,-0.002551
3706.51,-0.002666
3706.99,-0.002722
3707.48,-0.002720
3707.96,-0.002686
3708.44,-0.002657
3708.92,-0.002669
3709.41,-0.002746
3709.89,-0.002891
3710.37,-0.003087
3710.85,-0.003299
3711.33,-0.003485
3711.82,-0.003608
3712.30,-0.003643
3712.78,-0.003585
3713.26,-0.003446
3713.74,-0.003246
3714.23,-0.003011
3714.71,-0.002768
3715.19,-0.002542
3715.67,-0.002361
3716.16,-0.002246
3716.64,-0.002210
3717.12,-0.002250
3717.60,-0.002346
3718.08,-0.002462
3718.57,-0.002555
3719.05,-0.002592
3719.53,-0.002568
3720.01,-0.002518
3720.49,-0.002502
3720.98,-0.002594
3721.46,-0.002845
3721.94,-0.003261
3722.42,-0.003786
3722.91,-0.004311
3723.39,-0.004716
3723.87,-0.004906
3724.35,-0.004850
3724.83,-0.004593
3725.32,-0.004229
3725.80,-0.003865
3726.28,-0.003577
3726.76,-0.003402
3727.24,-0.003330
3727.73,-0.003325
3728.21,-0.003347
3728.69,-0.003374
3729.17,-0.003406
3729.66,-0.003458
3730.14,-0.003540
3730.62,-0.003655
3731.10,-0.003788
3731.58,-0.003916
3732.07,-0.004011
3732.55,-0.004044
3733.03,-0.003995
3733.51,-0.003854
3733.99,-0.003615
3734.48,-0.003272
3734.96,-0.002823
3735.44,-0.002284
3735.92,-0.001712
3736.40,-0.001212
3736.89,-0.000914
3737.37,-0.000900
3737.85,-0.001158
3738.33,-0.001584
3738.82,-0.002044
3739.30,-0.002423
3739.78,-0.002661
3740.26,-0.002749
3740.74,-0.002717
3741.22,-0.002611
3741.71,-0.002477
3742.19,-0.002336
3742.67,-0.002177
3743.15,-0.001955
3743.64,-0.001603
3744.12,-0.001063
3744.60,-0.000325
3745.08,0.000516
3745.56,0.001262
3746.05,0.001683
3746.53,0.001685
3747.01,0.001351
3747.49,0.000850
3747.97,0.000320
3748.46,-0.000169
3748.94,-0.000603
3749.42,-0.001001
3749.90,-0.001387
3750.39,-0.001772
3750.87,-0.002122
3751.35,-0.002364
3751.83,-0.002413
3752.31,-0.002228
3752.80,-0.001848
3753.28,-0.001387
3753.76,-0.000970
3754.24,-0.000692
3754.72,-0.000587
3755.21,-0.000637
3755.69,-0.000798
3756.17,-0.001024
3756.65,-0.001286
3757.14,-0.001573
3757.62,-0.001896
3758.10,-0.002274
3758.58,-0.002727
3759.06,-0.003250
3759.55,-0.003804
3760.03,-0.004311
3760.51,-0.004675
3760.99,-0.004810
3761.47,-0.004677
3761.96,-0.004302
3762.44,-0.003768
3762.92,-0.003188
3763.40,-0.002661
3763.89,-0.002262
3764.37,-0.002038
3764.85,-0.002003
3765.33,-0.002152
3765.81,-0.002449
3766.30,-0.002840
3766.78,-0.003257
3767.26,-0.003635
3767.74,-0.003934
3768.22,-0.004132
3768.71,-0.004223
3769.19,-0.004202
3769.67,-0.004069
3770.15,-0.003828
3770.64,-0.003501
3771.12,-0.003134
3771.60,-0.002781
3772.08,-0.002488
3772.56,-0.002272
3773.05,-0.002119
3773.53,-0.001999
3774.01,-0.001878
3774.49,-0.001740
3774.97,-0.001586
3775.46,-0.001440
3775.94,-0.001337
3776.42,-0.001314
3776.90,-0.001393
3777.38,-0.001578
3777.87,-0.001845
3778.35,-0.002149
3778.83,-0.002439
3779.31,-0.002656
3779.80,-0.002756
3780.28,-0.002722
3780.76,-0.002569
3781.24,-0.002348
3781.72,-0.002116
3782.20,-0.001928
3782.69,-0.001811
3783.17,-0.001768
3783.65,-0.001785
3784.13,-0.001834
3784.62,-0.001886
3785.10,-0.001913
3785.58,-0.001899
3786.06,-0.001851
3786.54,-0.001794
3787.03,-0.001770
3787.51,-0.001822
3787.99,-0.001982
3788.47,-0.002261
3788.95,-0.002648
3789.44,-0.003109
3789.92,-0.003597
3790.40,-0.004054
3790.88,-0.004425
3791.36,-0.004667
3791.85,-0.004755
3792.33,-0.004685
3792.81,-0.004478
3793.29,-0.004175
3793.78,-0.003826
3794.26,-0.003480
3794.74,-0.003182
3795.22,-0.002955
3795.70,-0.002810
3796.19,-0.002737
3796.67,-0.002719
3797.15,-0.002735
3797.63,-0.002766
3798.11,-0.002806
3798.60,-0.002861
3799.08,-0.002944
3799.56,-0.003067
3800.04,-0.003236
3800.53,-0.003444
3801.01,-0.003675
3801.49,-0.003890
3801.97,-0.004038
3802.45,-0.004070
3802.94,-0.003963
3803.42,-0.003745
3803.90,-0.003479
3804.38,-0.003229
3804.86,-0.003026
3805.35,-0.002877
3805.83,-0.002764
3806.31,-0.002655
3806.79,-0.002513
3807.28,-0.002302
3807.76,-0.002004
3808.24,-0.001642
3808.72,-0.001275
3809.20,-0.000973
3809.69,-0.000790
3810.17,-0.000745
3810.65,-0.000825
3811.13,-0.001003
3811.61,-0.001249
3812.10,-0.001536
3812.58,-0.001844
3813.06,-0.002161
3813.54,-0.002487
3814.03,-0.002817
3814.51,-0.003144
3814.99,-0.003444
3815.47,-0.003670
3815.95,-0.003765
3816.44,-0.003677
3816.92,-0.003400
3817.40,-0.002996
3817.88,-0.002587
3818.36,-0.002286
3818.85,-0.002147
3819.33,-0.002156
3819.81,-0.002250
3820.29,-0.002353
3820.78,-0.002381
3821.26,-0.002271
3821.74,-0.002012
3822.22,-0.001671
3822.70,-0.001378
3823.18,-0.001244
3823.67,-0.001310
3824.15,-0.001534
3824.63,-0.001847
3825.11,-0.002189
3825.60,-0.002521
3826.08,-0.002833
3826.56,-0.003124
3827.04,-0.003403
3827.52,-0.003670
3828.01,-0.003913
3828.49,-0.004106
3828.97,-0.004221
3829.45,-0.004234
3829.93,-0.004140
3830.42,-0.003950
3830.90,-0.003692
3831.38,-0.003403
3831.86,-0.003131
3832.34,-0.002919
3832.83,-0.002797
3833.31,-0.002774
3833.79,-0.002840
3834.27,-0.002977
3834.76,-0.003171
3835.24,-0.003417
3835.72,-0.003721
3836.20,-0.004081
3836.68,-0.004480
3837.17,-0.004871
3837.65,-0.005174
3838.13,-0.005294
3838.61,-0.005149
3839.09,-0.004712
3839.58,-0.004037
3840.06,-0.003255
3840.54,-0.002532
3841.02,-0.001996
3841.51,-0.001713
3841.99,-0.001672
3842.47,-0.001816
3842.95,-0.002059
3843.43,-0.002318
3843.92,-0.002526
3844.40,-0.002635
3844.88,-0.002623
3845.36,-0.002499
3845.84,-0.002297
3846.33,-0.002072
3846.81,-0.001884
3847.29,-0.001790
3847.77,-0.001834
3848.26,-0.002036
3848.74,-0.002389
3849.22,-0.002862
3849.70,-0.003400
3850.18,-0.003934
3850.67,-0.004402
3851.15,-0.004756
3851.63,-0.004972
3852.11,-0.005044
3852.59,-0.004974
3853.08,-0.004754
3853.56,-0.004363
3854.04,-0.003799
3854.52,-0.003126
3855.01,-0.002495
3855.49,-0.002071
3855.97,-0.001937
3856.45,-0.002066
3856.93,-0.002372
3857.42,-0.002756
3857.90,-0.003133
3858.38,-0.003438
3858.86,-0.003640
3859.34,-0.003742
3859.83,-0.003778
3860.31,-0.003795
3860.79,-0.003839
3861.27,-0.003944
3861.76,-0.004115
3862.24,-0.004333
3862.72,-0.004562
3863.20,-0.004768
3863.68,-0.004924
3864.16,-0.005026
3864.65,-0.005082
3865.13,-0.005102
3865.61,-0.005089
3866.09,-0.005030
3866.58,-0.004909
3867.06,-0.004713
3867.54,-0.004437
3868.02,-0.004075
3868.50,-0.003616
3868.99,-0.003041
3869.47,-0.002328
3869.95,-0.001476
3870.43,-0.000540
3870.91,0.000342
3871.40,0.000996
3871.88,0.001281
3872.36,0.001165
3872.84,0.000711
3873.32,0.000023
3873.81,-0.000794
3874.29,-0.001653
3874.77,-0.002462
3875.25,-0.003134
3875.74,-0.003604
3876.22,-0.003847
3876.70,-0.003896
3877.18,-0.003819
3877.66,-0.003700
3878.15,-0.003616
3878.63,-0.003629
3879.11,-0.003781
3879.59,-0.004092
3880.07,-0.004548
3880.56,-0.005084
3881.04,-0.005602
3881.52,-0.005985
3882.00,-0.006148
3882.49,-0.006081
3882.97,-0.005845
3883.45,-0.005530
3883.93,-0.005209
3884.41,-0.004919
3884.90,-0.004658
3885.38,-0.004406
3885.86,-0.004139
3886.34,-0.003859
3886.82,-0.003600
3887.31,-0.003425
3887.79,-0.003381
3888.27,-0.003483
3888.75,-0.003702
3889.24,-0.003993
3889.72,-0.004306
3890.20,-0.004598
3890.68,-0.004834
3891.16,-0.004984
3891.65,-0.005020
3892.13,-0.004921
3892.61,-0.004682
3893.09,-0.004320
3893.57,-0.003876
3894.06,-0.003403
3894.54,-0.002960
3895.02,-0.002592
3895.50,-0.002329
3895.99,-0.002183
3896.47,-0.002152
3896.95,-0.002218
3897.43,-0.002353
3897.91,-0.002526
3898.40,-0.002702
3898.88,-0.002841
3899.36,-0.002911
3899.84,-0.002882
3900.32,-0.002741
3900.81,-0.002504
3901.29,-0.002211
3901.77,-0.001926
3902.25,-0.001707
3902.73,-0.001601
3903.22,-0.001621
3903.70,-0.001752
3904.18,-0.001959
3904.66,-0.002210
3905.14,-0.002484
3905.63,-0.002782
3906.11,-0.003111
3906.59,-0.003471
3907.07,-0.003836
3907.56,-0.004160
3908.04,-0.004386
3908.52,-0.004468
3909.00,-0.004393
3909.48,-0.004182
3909.97,-0.003893
3910.45,-0.003599
3910.93,-0.003371
3911.41,-0.003248
3911.89,-0.003225
3912.38,-0.003250
3912.86,-0.003255
3913.34,-0.003176
3913.82,-0.002984
3914.30,-0.002696
3914.79,-0.002369
3915.27,-0.002077
3915.75,-0.001886
3916.23,-0.001837
3916.72,-0.001934
3917.20,-0.002144
3917.68,-0.002407
3918.16,-0.002656
3918.64,-0.002842
3919.13,-0.002943
3919.61,-0.002966
3920.09,-0.002938
3920.57,-0.002893
3921.05,-0.002861
3921.54,-0.002863
3922.02,-0.002908
3922.50,-0.002993
3922.98,-0.003103
3923.47,-0.003215
3923.95,-0.003300
3924.43,-0.003335
3924.91,-0.003302
3925.39,-0.003201
3925.88,-0.003053
3926.36,-0.002891
3926.84,-0.002753
3927.32,-0.002666
3927.80,-0.002639
3928.29,-0.002669
3928.77,-0.002739
3929.25,-0.002832
3929.73,-0.002930
3930.22,-0.003020
3930.70,-0.003096
3931.18,-0.003157
3931.66,-0.003212
3932.14,-0.003272
3932.63,-0.003346
3933.11,-0.003438
3933.59,-0.003534
3934.07,-0.003609
3934.55,-0.003628
3935.04,-0.003568
3935.52,-0.003419
3936.00,-0.003198
3936.48,-0.002939
3936.97,-0.002685
3937.45,-0.002479
3937.93,-0.002346
3938.41,-0.002293
3938.89,-0.002299
3939.38,-0.002338
3939.86,-0.002378
3940.34,-0.002403
3940.82,-0.002416
3941.30,-0.002434
3941.79,-0.002474
3942.27,-0.002548
3942.75,-0.002654
3943.23,-0.002774
3943.71,-0.002885
3944.20,-0.002968
3944.68,-0.003017
3945.16,-0.003035
3945.64,-0.003031
3946.12,-0.003007
3946.61,-0.002956
3947.09,-0.002870
3947.57,-0.002744
3948.05,-0.002584
3948.54,-0.002407
3949.02,-0.002237
3949.50,-0.002090
3949.98,-0.001964
3950.46,-0.001839
3950.95,-0.001688
3951.43,-0.001499
3951.91,-0.001289
3952.39,-0.001109
3952.88,-0.001027
3953.36,-0.001102
3953.84,-0.001362
3954.32,-0.001788
3954.80,-0.002312
3955.28,-0.002837
3955.77,-0.003268
3956.25,-0.003535
3956.73,-0.003613
3957.21,-0.003519
3957.70,-0.003302
3958.18,-0.003026
3958.66,-0.002745
3959.14,-0.002496
3959.62,-0.002302
3960.11,-0.002171
3960.59,-0.002107
3961.07,-0.002110
3961.55,-0.002174
3962.03,-0.002282
3962.52,-0.002406
3963.00,-0.002516
3963.48,-0.002584
3963.96,-0.002597
3964.45,-0.002557
3964.93,-0.002484
3965.41,-0.002397
3965.89,-0.002313
3966.37,-0.002236
3966.86,-0.002164
3967.34,-0.002091
3967.82,-0.002016
3968.30,-0.001949
3968.78,-0.001907
3969.27,-0.001904
3969.75,-0.001949
3970.23,-0.002032
3970.71,-0.002131
3971.20,-0.002219
3971.68,-0.002276
3972.16,-0.002292
3972.64,-0.002272
3973.12,-0.002232
3973.61,-0.002188
3974.09,-0.002151
3974.57,-0.002123
3975.05,-0.002103
3975.53,-0.002088
3976.02,-0.002085
3976.50,-0.002105
3976.98,-0.002162
3977.46,-0.002267
3977.95,-0.002420
3978.43,-0.002604
3978.91,-0.002792
3979.39,-0.002951
3979.87,-0.003053
3980.36,-0.003083
3980.84,-0.003044
3981.32,-0.002954
3981.80,-0.002848
3982.28,-0.002758
3982.77,-0.002713
3983.25,-0.002724
3983.73,-0.002780
3984.21,-0.002851
3984.69,-0.002898
3985.18,-0.002887
3985.66,-0.002803
3986.14,-0.002661
3986.62,-0.002497
3987.11,-0.002369
3987.59,-0.002322
3988.07,-0.002380
3988.55,-0.002526
3989.03,-0.002713
3989.51,-0.002875
3990.00,-0.002953
3990.48,-0.002920
3990.96,-0.002790
3991.44,-0.002618
3991.93,-0.002469
3992.41,-0.002400
3992.89,-0.002430
3993.37,-0.002538
3993.85,-0.002670
3994.34,-0.002762
3994.82,-0.002771
3995.30,-0.002686
3995.78,-0.002531
3996.26,-0.002355
3996.75,-0.002214
3997.23,-0.002146
3997.71,-0.002164
3998.19,-0.002257
3998.68,-0.002396
3999.16,-0.002546
3999.64,-0.002677
4000.12,-0.002766
