波数(cm-1),吸光度
399.67,0.000000
400.16,0.242847
400.64,0.260659
401.12,0.267344
401.60,0.263710
402.09,0.252198
402.57,0.235385
403.05,0.215369
403.53,0.193795
404.01,0.172377
404.50,0.152854
404.98,0.136813
405.46,0.125590
405.94,0.119878
406.42,0.119774
406.91,0.124752
407.39,0.133723
407.87,0.145141
408.35,0.157345
408.83,0.169159
409.32,0.179997
409.80,0.189608
410.28,0.197593
410.76,0.202963
411.25,0.204239
411.73,0.200253
412.21,0.190892
412.69,0.177583
413.17,0.162670
413.66,0.148812
414.14,0.138166
414.62,0.132084
415.10,0.131200
415.58,0.135286
416.07,0.143428
416.55,0.154131
417.03,0.165790
417.51,0.176738
418.00,0.185046
418.48,0.188664
418.96,0.186044
419.44,0.177671
419.92,0.166289
420.41,0.155165
420.89,0.146152
421.37,0.139506
421.85,0.134772
422.33,0.131416
422.82,0.129135
423.30,0.127976
423.78,0.128251
424.26,0.130299
424.74,0.134272
425.23,0.139935
425.71,0.146665
426.19,0.153485
426.67,0.159356
427.16,0.163492
427.64,0.165617
428.12,0.166097
428.60,0.165713
429.08,0.165357
429.57,0.165689
430.05,0.167081
430.53,0.169639
431.01,0.173321
431.49,0.178064
431.98,0.183848
432.46,0.190604
432.94,0.198057
433.42,0.205571
433.90,0.212227
434.39,0.216884
434.87,0.218657
435.35,0.217339
435.83,0.213613
436.32,0.208793
436.80,0.204154
437.28,0.200390
437.76,0.197244
438.24,0.193789
438.73,0.188990
439.21,0.182453
439.69,0.174694
440.17,0.167002
440.65,0.160820
441.14,0.157344
441.62,0.157084
442.10,0.159666
442.58,0.163885
443.07,0.168164
443.55,0.171327
444.03,0.172973
444.51,0.173555
444.99,0.173896
445.48,0.174764
445.96,0.176458
446.44,0.178723
446.92,0.180868
447.40,0.182147
447.89,0.182114
448.37,0.180751
448.85,0.178397
449.33,0.175530
449.81,0.172587
450.30,0.169833
450.78,0.167383
451.26,0.165240
451.74,0.163352
452.23,0.161656
452.71,0.160101
453.19,0.158679
453.67,0.157465
454.15,0.156645
454.64,0.156495
455.12,0.157373
455.60,0.159622
456.08,0.163458
456.56,0.168844
457.05,0.175353
457.53,0.182218
458.01,0.188546
458.49,0.193852
458.98,0.198312
459.46,0.202622
459.94,0.207463
460.42,0.213125
460.90,0.219313
461.39,0.225228
461.87,0.229781
462.35,0.231998
462.83,0.231466
463.31,0.228361
463.80,0.223273
464.28,0.216845
464.76,0.209643
465.24,0.202148
465.72,0.194845
466.21,0.188416
466.69,0.183676
467.17,0.181357
467.65,0.181896
468.14,0.185130
468.62,0.190269
469.10,0.195984
469.58,0.200899
470.06,0.204015
470.55,0.204965
471.03,0.204082
471.51,0.202163
471.99,0.200141
472.47,0.198644
472.96,0.197814
473.44,0.197301
473.92,0.196592
474.40,0.195290
474.88,0.193319
475.37,0.190889
475.85,0.188407
476.33,0.186371
476.81,0.185248
477.30,0.185451
477.78,0.187202
478.26,0.190465
478.74,0.194908
479.22,0.199927
479.71,0.204725
480.19,0.208336
480.67,0.209900
481.15,0.208899
481.63,0.205409
482.12,0.200203
482.60,0.194632
483.08,0.190342
483.56,0.188716
484.05,0.190608
484.53,0.196024
485.01,0.204124
485.49,0.213407
485.97,0.222175
486.46,0.229112
486.94,0.233397
487.42,0.234844
487.90,0.233777
488.38,0.230893
488.87,0.227063
489.35,0.223120
489.83,0.219766
490.31,0.217390
490.79,0.216066
491.28,0.215620
491.76,0.215748
492.24,0.216156
492.72,0.216663
493.21,0.217262
493.69,0.218072
494.17,0.219228
494.65,0.220790
495.13,0.222711
495.62,0.224875
496.10,0.227182
496.58,0.229606
497.06,0.232215
497.54,0.235098
498.03,0.238265
498.51,0.241540
498.99,0.244576
499.47,0.246911
499.95,0.248175
500.44,0.248265
500.92,0.247453
501.40,0.246340
501.88,0.245616
502.37,0.245798
502.85,0.246938
503.33,0.248615
503.81,0.250122
504.29,0.250856
504.78,0.250530
505.26,0.249272
505.74,0.247487
506.22,0.245685
506.70,0.244281
507.19,0.243460
507.67,0.243193
508.15,0.243317
508.63,0.243683
509.12,0.244227
509.60,0.244990
510.08,0.246034
510.56,0.247354
511.04,0.248833
511.53,0.250279
512.01,0.251492
512.49,0.252372
512.97,0.252934
513.45,0.253279
513.94,0.253510
514.42,0.253700
514.90,0.253895
515.38,0.254175
515.86,0.254722
516.35,0.255844
516.83,0.257865
517.31,0.260995
517.79,0.265152
518.28,0.269929
518.76,0.274651
519.24,0.278651
519.72,0.281569
520.20,0.283470
520.69,0.284782
521.17,0.286021
521.65,0.287579
522.13,0.289546
522.61,0.291746
523.10,0.293860
523.58,0.295655
524.06,0.297120
524.54,0.298498
525.03,0.300125
525.51,0.302220
525.99,0.304691
526.47,0.307141
526.95,0.309044
527.44,0.310040
527.92,0.310153
528.40,0.309782
528.88,0.309509
529.36,0.309802
529.85,0.310870
530.33,0.312581
530.81,0.314591
531.29,0.316507
531.77,0.318116
532.26,0.319450
532.74,0.320712
533.22,0.322095
533.70,0.323627
534.19,0.325115
534.67,0.326234
535.15,0.326703
535.63,0.326452
536.11,0.325676
536.60,0.324754
537.08,0.324078
537.56,0.323900
538.04,0.324334
538.52,0.325437
539.01,0.327313
539.49,0.330200
539.97,0.334404
540.45,0.340115
540.93,0.347218
541.42,0.355137
541.90,0.362953
542.38,0.369580
542.86,0.374259
543.35,0.376889
543.83,0.378095
544.31,0.378937
544.79,0.380478
545.27,0.383435
545.76,0.387889
546.24,0.393333
546.72,0.398900
547.20,0.403833
547.68,0.407761
548.17,0.410826
548.65,0.413474
549.13,0.416201
549.61,0.419282
550.10,0.422677
550.58,0.426114
551.06,0.429271
551.54,0.431977
552.02,0.434273
552.51,0.436389
552.99,0.438618
553.47,0.441234
553.95,0.444411
554.43,0.448206
554.92,0.452564
555.40,0.457306
555.88,0.462103
556.36,0.466431
556.84,0.469662
557.33,0.471181
557.81,0.470585
558.29,0.467899
558.77,0.463612
559.26,0.458546
559.74,0.453509
560.22,0.449106
560.70,0.445555
561.18,0.442710
561.67,0.440211
562.15,0.437699
562.63,0.435001
563.11,0.432154
563.59,0.429342
564.08,0.426746
564.56,0.424445
565.04,0.422357
565.52,0.420291
566.00,0.418015
566.49,0.415342
566.97,0.412153
567.45,0.408363
567.93,0.403907
568.42,0.398723
568.90,0.392801
569.38,0.386243
569.86,0.379293
570.34,0.372309
570.83,0.365640
571.31,0.359558
571.79,0.354180
572.27,0.349484
572.75,0.345392
573.24,0.341857
573.72,0.338920
574.20,0.336696
574.68,0.335283
575.17,0.334649
575.65,0.334531
576.13,0.334456
576.61,0.333883
577.09,0.332371
577.58,0.329812
578.06,0.326438
578.54,0.322732
579.02,0.319174
579.50,0.316100
579.99,0.313579
580.47,0.311417
580.95,0.309253
581.43,0.306723
581.91,0.303652
582.40,0.300110
582.88,0.296396
583.36,0.292894
583.84,0.289989
584.33,0.287941
584.81,0.286840
585.29,0.286616
585.77,0.287073
586.25,0.287958
586.74,0.289006
587.22,0.290011
587.70,0.290847
588.18,0.291459
588.66,0.291860
589.15,0.292090
589.63,0.292184
590.11,0.292145
590.59,0.291933
591.08,0.291493
591.56,0.290809
592.04,0.289959
592.52,0.289141
593.00,0.288611
593.49,0.288617
593.97,0.289289
594.45,0.290574
594.93,0.292244
595.41,0.293976
595.90,0.295490
596.38,0.296653
596.86,0.297561
597.34,0.298499
597.82,0.299823
598.31,0.301761
598.79,0.304283
599.27,0.307030
599.75,0.309409
600.24,0.310739
600.72,0.310446
601.20,0.308287
601.68,0.304379
602.16,0.299142
602.65,0.293110
603.13,0.286837
603.61,0.280783
604.09,0.275251
604.57,0.270425
605.06,0.266343
605.54,0.262915
606.02,0.259938
606.50,0.257151
606.98,0.254312
607.47,0.251239
607.95,0.247881
608.43,0.244300
608.91,0.240626
609.40,0.236963
609.88,0.233324
610.36,0.229599
610.84,0.225614
611.32,0.221209
611.81,0.216332
612.29,0.211088
612.77,0.205720
613.25,0.200531
613.73,0.195752
614.22,0.191499
614.70,0.187742
615.18,0.184355
615.66,0.181183
616.15,0.178124
616.63,0.175159
617.11,0.172337
617.59,0.169714
618.07,0.167301
618.56,0.165038
619.04,0.162815
619.52,0.160519
620.00,0.158080
620.48,0.155499
620.97,0.152841
621.45,0.150197
621.93,0.147643
622.41,0.145227
622.89,0.142969
623.38,0.140883
623.86,0.139009
624.34,0.137414
624.82,0.136168
625.31,0.135322
625.79,0.134859
626.27,0.134699
626.75,0.134704
627.23,0.134737
627.72,0.134710
628.20,0.134603
628.68,0.134462
629.16,0.134361
629.64,0.134363
630.13,0.134480
630.61,0.134672
631.09,0.134856
631.57,0.134948
632.05,0.134890
632.54,0.134655
633.02,0.134245
633.50,0.133664
633.98,0.132904
634.47,0.131946
634.95,0.130776
635.43,0.129416
635.91,0.127938
636.39,0.126472
636.88,0.125180
637.36,0.124208
637.84,0.123665
638.32,0.123590
638.80,0.123946
639.29,0.124630
639.77,0.125500
640.25,0.126409
640.73,0.127216
641.22,0.127829
641.70,0.128212
642.18,0.128389
642.66,0.128442
643.14,0.128486
643.63,0.128650
644.11,0.129023
644.59,0.129635
645.07,0.130431
645.55,0.131288
646.04,0.132032
646.52,0.132488
647.00,0.132538
647.48,0.132144
647.96,0.131369
648.45,0.130350
648.93,0.129281
649.41,0.128348
649.89,0.127688
650.38,0.127374
650.86,0.127400
651.34,0.127704
651.82,0.128186
652.30,0.128754
652.79,0.129346
653.27,0.129947
653.75,0.130582
654.23,0.131291
654.71,0.132101
655.20,0.132988
655.68,0.133864
656.16,0.134585
656.64,0.135003
657.13,0.135002
657.61,0.134552
658.09,0.133723
658.57,0.132673
659.05,0.131605
659.54,0.130687
660.02,0.130030
660.50,0.129650
660.98,0.129500
661.46,0.129512
661.95,0.129653
662.43,0.129945
662.91,0.130453
663.39,0.131242
663.87,0.132328
664.36,0.133651
664.84,0.135091
665.32,0.136489
665.80,0.137667
666.29,0.138469
666.77,0.138745
667.25,0.138397
667.73,0.137437
668.21,0.136091
668.70,0.134761
669.18,0.133806
669.66,0.133363
670.14,0.133350
670.62,0.133611
671.11,0.134010
671.59,0.134466
672.07,0.134942
672.55,0.135430
673.03,0.135940
673.52,0.136486
674.00,0.137070
674.48,0.137670
674.96,0.138225
675.45,0.138636
675.93,0.138794
676.41,0.138602
676.89,0.138023
677.37,0.137098
677.86,0.135950
678.34,0.134751
678.82,0.133661
679.30,0.132806
679.78,0.132242
680.27,0.131964
680.75,0.131915
681.23,0.132022
681.71,0.132209
682.20,0.132405
682.68,0.132543
683.16,0.132557
683.64,0.132383
684.12,0.131986
684.61,0.131384
685.09,0.130670
685.57,0.129993
686.05,0.129527
686.53,0.129412
687.02,0.129701
687.50,0.130331
687.98,0.131137
688.46,0.131909
688.94,0.132443
689.43,0.132620
689.91,0.132439
690.39,0.132009
690.87,0.131496
691.36,0.131054
691.84,0.130794
692.32,0.130741
692.80,0.130844
693.28,0.131002
693.77,0.131096
694.25,0.131027
694.73,0.130728
695.21,0.130178
695.69,0.129406
696.18,0.128491
696.66,0.127539
697.14,0.126674
697.62,0.126011
698.11,0.125616
698.59,0.125503
699.07,0.125623
699.55,0.125895
700.03,0.126228
700.52,0.126563
701.00,0.126895
701.48,0.127262
701.96,0.127718
702.44,0.128290
702.93,0.128949
703.41,0.129601
703.89,0.130114
704.37,0.130358
704.85,0.130264
705.34,0.129849
705.82,0.129210
706.30,0.128483
706.78,0.127794
707.27,0.127222
707.75,0.126774
708.23,0.126403
708.71,0.126036
709.19,0.125619
709.68,0.125137
710.16,0.124619
710.64,0.124123
711.12,0.123706
711.60,0.123407
712.09,0.123236
712.57,0.123174
713.05,0.123193
713.53,0.123270
714.01,0.123387
714.50,0.123532
714.98,0.123687
715.46,0.123823
715.94,0.123902
716.43,0.123897
716.91,0.123804
717.39,0.123651
717.87,0.123503
718.35,0.123446
718.84,0.123556
719.32,0.123875
719.80,0.124390
720.28,0.125035
720.76,0.125704
721.25,0.126284
721.73,0.126692
722.21,0.126884
722.69,0.126865
723.17,0.126671
723.66,0.126351
724.14,0.125947
724.62,0.125478
725.10,0.124950
725.59,0.124358
726.07,0.123710
726.55,0.123030
727.03,0.122365
727.51,0.121771
728.00,0.121298
728.48,0.120967
728.96,0.120761
729.44,0.120623
729.92,0.120473
730.41,0.120229
730.89,0.119831
731.37,0.119266
731.85,0.118570
732.34,0.117819
732.82,0.117106
733.30,0.116522
733.78,0.116132
734.26,0.115959
734.75,0.115988
735.23,0.116168
735.71,0.116433
736.19,0.116711
736.67,0.116940
737.16,0.117074
737.64,0.117084
738.12,0.116961
738.60,0.116717
739.08,0.116386
739.57,0.116023
740.05,0.115694
740.53,0.115469
741.01,0.115399
741.50,0.115498
741.98,0.115736
742.46,0.116040
742.94,0.116307
743.42,0.116436
743.91,0.116363
744.39,0.116074
744.87,0.115618
745.35,0.115084
745.83,0.114585
746.32,0.114207
746.80,0.113992
747.28,0.113923
747.76,0.113939
748.25,0.113968
748.73,0.113953
749.21,0.113883
749.69,0.113788
750.17,0.113734
750.66,0.113780
751.14,0.113955
751.62,0.114240
752.10,0.114572
752.58,0.114862
753.07,0.115028
753.55,0.115027
754.03,0.114865
754.51,0.114600
754.99,0.114308
755.48,0.114068
755.96,0.113930
756.44,0.113901
756.92,0.113942
757.41,0.113985
757.89,0.113949
758.37,0.113759
758.85,0.113365
759.33,0.112753
759.82,0.111952
760.30,0.111032
760.78,0.110099
761.26,0.109280
761.74,0.108688
762.23,0.108405
762.71,0.108452
763.19,0.108783
763.67,0.109293
764.15,0.109837
764.64,0.110281
765.12,0.110517
765.60,0.110491
766.08,0.110210
766.57,0.109730
767.05,0.109131
767.53,0.108490
768.01,0.107878
768.49,0.107340
768.98,0.106902
769.46,0.106572
769.94,0.106345
770.42,0.106208
770.90,0.106143
771.39,0.106131
771.87,0.106161
772.35,0.106227
772.83,0.106329
773.32,0.106467
773.80,0.106628
774.28,0.106780
774.76,0.106874
775.24,0.106855
775.73,0.106687
776.21,0.106371
776.69,0.105961
777.17,0.105552
777.65,0.105260
778.14,0.105175
778.62,0.105331
779.10,0.105689
779.58,0.106147
780.06,0.106573
780.55,0.106845
781.03,0.106894
781.51,0.106718
781.99,0.106371
782.48,0.105929
782.96,0.105458
783.44,0.104987
783.92,0.104503
784.40,0.103973
784.89,0.103372
785.37,0.102704
785.85,0.102018
786.33,0.101393
786.81,0.100910
787.30,0.100634
787.78,0.100585
788.26,0.100747
788.74,0.101070
789.23,0.101500
789.71,0.101995
790.19,0.102523
790.67,0.103061
791.15,0.103579
791.64,0.104025
792.12,0.104334
792.60,0.104435
793.08,0.104283
793.56,0.103883
794.05,0.103303
794.53,0.102666
795.01,0.102114
795.49,0.101776
795.97,0.101726
796.46,0.101961
796.94,0.102407
797.42,0.102944
797.90,0.103455
798.39,0.103849
798.87,0.104084
799.35,0.104170
799.83,0.104137
800.31,0.104016
800.80,0.103815
801.28,0.103524
801.76,0.103127
802.24,0.102632
802.72,0.102094
803.21,0.101603
803.69,0.101275
804.17,0.101204
804.65,0.101421
805.13,0.101882
805.62,0.102470
806.10,0.103042
806.58,0.103463
807.06,0.103650
807.55,0.103591
808.03,0.103331
808.51,0.102939
808.99,0.102471
809.47,0.101956
809.96,0.101398
810.44,0.100802
810.92,0.100199
811.40,0.099657
811.88,0.099267
812.37,0.099114
812.85,0.099227
813.33,0.099566
813.81,0.100018
814.30,0.100444
814.78,0.100721
815.26,0.100788
815.74,0.100668
816.22,0.100454
816.71,0.100269
817.19,0.100205
817.67,0.100299
818.15,0.100520
818.63,0.100793
819.12,0.101030
819.60,0.101168
820.08,0.101194
820.56,0.101133
821.04,0.101031
821.53,0.100930
822.01,0.100856
822.49,0.100819
822.97,0.100817
823.46,0.100856
823.94,0.100953
824.42,0.101131
824.90,0.101405
825.38,0.101773
825.87,0.102207
826.35,0.102658
826.83,0.103076
827.31,0.103414
827.79,0.103638
828.28,0.103734
828.76,0.103692
829.24,0.103502
829.72,0.103161
830.21,0.102674
830.69,0.102072
831.17,0.101412
831.65,0.100777
832.13,0.100258
832.62,0.099925
833.10,0.099816
833.58,0.099925
834.06,0.100211
834.54,0.100615
835.03,0.101080
835.51,0.101570
835.99,0.102068
836.47,0.102575
836.95,0.103093
837.44,0.103613
837.92,0.104119
838.40,0.104581
838.88,0.104977
839.37,0.105294
839.85,0.105541
840.33,0.105739
840.81,0.105920
841.29,0.106117
841.78,0.106355
842.26,0.106645
842.74,0.106985
843.22,0.107365
843.70,0.107765
844.19,0.108166
844.67,0.108555
845.15,0.108928
845.63,0.109294
846.11,0.109677
846.60,0.110101
847.08,0.110591
847.56,0.111155
848.04,0.111785
848.53,0.112452
849.01,0.113124
849.49,0.113764
849.97,0.114345
850.45,0.114852
850.94,0.115276
851.42,0.115620
851.90,0.115890
852.38,0.116111
852.86,0.116322
853.35,0.116584
853.83,0.116973
854.31,0.117558
854.79,0.118375
855.27,0.119410
855.76,0.120597
856.24,0.121837
856.72,0.123026
857.20,0.124101
857.69,0.125063
858.17,0.125977
858.65,0.126943
859.13,0.128059
859.61,0.129379
860.10,0.130893
860.58,0.132536
861.06,0.134220
861.54,0.135880
862.02,0.137489
862.51,0.139066
862.99,0.140655
863.47,0.142294
863.95,0.143984
864.44,0.145687
864.92,0.147333
865.40,0.148857
865.88,0.150216
866.36,0.151406
866.85,0.152450
867.33,0.153374
867.81,0.154196
868.29,0.154917
868.77,0.155530
869.26,0.156039
869.74,0.156464
870.22,0.156833
870.70,0.157161
871.18,0.157427
871.67,0.157556
872.15,0.157440
872.63,0.156970
873.11,0.156079
873.60,0.154777
874.08,0.153149
874.56,0.151336
875.04,0.149482
875.52,0.147690
876.01,0.146007
876.49,0.144423
876.97,0.142892
877.45,0.141357
877.93,0.139780
878.42,0.138135
878.90,0.136405
879.38,0.134572
879.86,0.132611
880.35,0.130498
880.83,0.128229
881.31,0.125829
881.79,0.123355
882.27,0.120882
882.76,0.118486
883.24,0.116232
883.72,0.114151
884.20,0.112261
884.68,0.110567
885.17,0.109076
885.65,0.107803
886.13,0.106762
886.61,0.105958
887.09,0.105370
887.58,0.104957
888.06,0.104659
888.54,0.104412
889.02,0.104174
889.51,0.103928
889.99,0.103683
890.47,0.103460
890.95,0.103283
891.43,0.103163
891.92,0.103102
892.40,0.103096
892.88,0.103148
893.36,0.103271
893.84,0.103491
894.33,0.103831
894.81,0.104302
895.29,0.104892
895.77,0.105567
896.25,0.106280
896.74,0.106981
897.22,0.107629
897.70,0.108194
898.18,0.108653
898.67,0.108986
899.15,0.109174
899.63,0.109203
900.11,0.109073
900.59,0.108809
901.08,0.108464
901.56,0.108105
902.04,0.107804
902.52,0.107619
903.00,0.107579
903.49,0.107684
903.97,0.107913
904.45,0.108241
904.93,0.108645
905.42,0.109117
905.90,0.109655
906.38,0.110254
906.86,0.110900
907.34,0.111564
907.83,0.112210
908.31,0.112809
908.79,0.113355
909.27,0.113871
909.75,0.114402
910.24,0.115002
910.72,0.115712
911.20,0.116544
911.68,0.117463
912.16,0.118402
912.65,0.119279
913.13,0.120020
913.61,0.120587
914.09,0.120992
914.58,0.121298
915.06,0.121603
915.54,0.122000
916.02,0.122561
916.50,0.123301
916.99,0.124176
917.47,0.125096
917.95,0.125956
918.43,0.126679
918.91,0.127233
919.40,0.127650
919.88,0.128013
920.36,0.128427
920.84,0.128977
921.33,0.129704
921.81,0.130596
922.29,0.131596
922.77,0.132628
923.25,0.133623
923.74,0.134540
924.22,0.135369
924.70,0.136119
925.18,0.136809
925.66,0.137456
926.15,0.138077
926.63,0.138690
927.11,0.139333
927.59,0.140052
928.07,0.140898
928.56,0.141909
929.04,0.143088
929.52,0.144400
930.00,0.145774
930.49,0.147130
930.97,0.148399
931.45,0.149546
931.93,0.150577
932.41,0.151531
932.90,0.152464
933.38,0.153424
933.86,0.154447
934.34,0.155549
934.82,0.156734
935.31,0.158000
935.79,0.159341
936.27,0.160744
936.75,0.162188
937.23,0.163638
937.72,0.165060
938.20,0.166428
938.68,0.167741
939.16,0.169030
939.65,0.170355
940.13,0.171786
940.61,0.173381
941.09,0.175173
941.57,0.177158
942.06,0.179300
942.54,0.181540
943.02,0.183817
943.50,0.186071
943.98,0.188254
944.47,0.190329
944.95,0.192264
945.43,0.194037
945.91,0.195639
946.39,0.197077
946.88,0.198369
947.36,0.199537
947.84,0.200609
948.32,0.201602
948.81,0.202537
949.29,0.203442
949.77,0.204371
950.25,0.205392
950.73,0.206590
951.22,0.208035
951.70,0.209756
952.18,0.211731
952.66,0.213883
953.14,0.216102
953.63,0.218273
954.11,0.220312
954.59,0.222179
955.07,0.223873
955.56,0.225415
956.04,0.226828
956.52,0.228125
957.00,0.229305
957.48,0.230378
957.97,0.231365
958.45,0.232310
958.93,0.233262
959.41,0.234251
959.89,0.235271
960.38,0.236275
960.86,0.237193
961.34,0.237959
961.82,0.238542
962.30,0.238959
962.79,0.239266
963.27,0.239534
963.75,0.239815
964.23,0.240128
964.72,0.240455
965.20,0.240768
965.68,0.241053
966.16,0.241333
966.64,0.241671
967.13,0.242159
967.61,0.242892
968.09,0.243936
968.57,0.245319
969.05,0.247024
969.54,0.249000
970.02,0.251169
970.50,0.253444
970.98,0.255744
971.47,0.258000
971.95,0.260175
972.43,0.262275
972.91,0.264357
973.39,0.266513
973.88,0.268853
974.36,0.271474
974.84,0.274422
975.32,0.277686
975.80,0.281196
976.29,0.284866
976.77,0.288618
977.25,0.292416
977.73,0.296273
978.21,0.300226
978.70,0.304306
979.18,0.308502
979.66,0.312750
980.14,0.316958
980.63,0.321039
981.11,0.324944
981.59,0.328682
982.07,0.332309
982.55,0.335899
983.04,0.339500
983.52,0.343121
984.00,0.346736
984.48,0.350307
984.96,0.353814
985.45,0.357269
985.93,0.360708
986.41,0.364164
986.89,0.367643
987.37,0.371117
987.86,0.374536
988.34,0.377864
988.82,0.381108
989.30,0.384329
989.79,0.387619
990.27,0.391064
990.75,0.394705
991.23,0.398514
991.71,0.402405
992.20,0.406261
992.68,0.409986
993.16,0.413530
993.64,0.416901
994.12,0.420145
994.61,0.423324
995.09,0.426494
995.57,0.429693
996.05,0.432947
996.54,0.436263
997.02,0.439631
997.50,0.443005
997.98,0.446301
998.46,0.449411
998.95,0.452229
999.43,0.454702
999.91,0.456859
1000.39,0.458820
1000.87,0.460753
1001.36,0.462800
1001.84,0.465022
1002.32,0.467362
1002.80,0.469674
1003.28,0.471774
1003.77,0.473533
1004.25,0.474930
1004.73,0.476054
1005.21,0.477050
1005.70,0.478050
1006.18,0.479116
1006.66,0.480217
1007.14,0.481262
1007.62,0.482149
1008.11,0.482828
1008.59,0.483306
1009.07,0.483632
1009.55,0.483849
1010.03,0.483970
1010.52,0.483976
1011.00,0.483846
1011.48,0.483604
1011.96,0.483334
1012.45,0.483153
1012.93,0.483162
1013.41,0.483372
1013.89,0.483675
1014.37,0.483858
1014.86,0.483693
1015.34,0.483032
1015.82,0.481872
1016.30,0.480368
1016.78,0.478763
1017.27,0.477301
1017.75,0.476111
1018.23,0.475180
1018.71,0.474366
1019.20,0.473485
1019.68,0.472381
1020.16,0.470991
1020.64,0.469349
1021.12,0.467555
1021.61,0.465713
1022.09,0.463887
1022.57,0.462095
1023.05,0.460323
1023.53,0.458548
1024.02,0.456759
1024.50,0.454950
1024.98,0.453100
1025.46,0.451163
1025.94,0.449068
1026.43,0.446743
1026.91,0.444146
1027.39,0.441297
1027.87,0.438269
1028.36,0.435176
1028.84,0.432118
1029.32,0.429160
1029.80,0.426315
1030.28,0.423557
1030.77,0.420844
1031.25,0.418145
1031.73,0.415448
1032.21,0.412751
1032.69,0.410050
1033.18,0.407324
1033.66,0.404537
1034.14,0.401664
1034.62,0.398703
1035.10,0.395693
1035.59,0.392699
1036.07,0.389789
1036.55,0.387005
1037.03,0.384345
1037.52,0.381765
1038.00,0.379206
1038.48,0.376619
1038.96,0.373992
1039.44,0.371352
1039.93,0.368748
1040.41,0.366230
1040.89,0.363827
1041.37,0.361539
1041.85,0.359341
1042.34,0.357202
1042.82,0.355092
1043.30,0.352991
1043.78,0.350881
1044.27,0.348744
1044.75,0.346560
1045.23,0.344315
1045.71,0.342008
1046.19,0.339666
1046.67,0.337331
1047.16,0.335050
1047.64,0.332858
1048.12,0.330760
1048.60,0.328734
1049.09,0.326740
1049.57,0.324747
1050.05,0.322743
1050.53,0.320741
1051.01,0.318760
1051.50,0.316814
1051.98,0.314895
1052.46,0.312977
1052.94,0.311030
1053.42,0.309041
1053.91,0.307028
1054.39,0.305029
1054.87,0.303085
1055.35,0.301209
1055.84,0.299364
1056.32,0.297475
1056.80,0.295455
1057.28,0.293244
1057.76,0.290844
1058.25,0.288325
1058.73,0.285805
1059.21,0.283401
1059.69,0.281184
1060.17,0.279155
1060.66,0.277244
1061.14,0.275343
1061.62,0.273342
1062.10,0.271179
1062.59,0.268848
1063.07,0.266400
1063.55,0.263917
1064.03,0.261491
1064.51,0.259196
1065.00,0.257074
1065.48,0.255143
1065.96,0.253388
1066.44,0.251774
1066.92,0.250235
1067.41,0.248690
1067.89,0.247048
1068.37,0.245226
1068.85,0.243175
1069.34,0.240896
1069.82,0.238451
1070.30,0.235944
1070.78,0.233505
1071.26,0.231260
1071.74,0.229293
1072.23,0.227643
1072.71,0.226293
1073.19,0.225182
1073.67,0.224213
1074.16,0.223273
1074.64,0.222263
1075.12,0.221099
1075.60,0.219738
1076.08,0.218186
1076.57,0.216495
1077.05,0.214751
1077.53,0.213043
1078.01,0.211447
1078.49,0.209994
1078.98,0.208664
1079.46,0.207396
1079.94,0.206119
1080.42,0.204773
1080.91,0.203335
1081.39,0.201819
1081.87,0.200267
1082.35,0.198726
1082.83,0.197227
1083.32,0.195774
1083.80,0.194350
1084.28,0.192934
1084.76,0.191509
1085.24,0.190077
1085.73,0.188654
1086.21,0.187261
1086.69,0.185909
1087.17,0.184602
1087.65,0.183332
1088.14,0.182093
1088.62,0.180885
1089.10,0.179716
1089.58,0.178592
1090.07,0.177509
1090.55,0.176440
1091.03,0.175339
1091.51,0.174154
1091.99,0.172843
1092.48,0.171396
1092.96,0.169841
1093.44,0.168237
1093.92,0.166652
1094.40,0.165144
1094.89,0.163742
1095.37,0.162436
1095.85,0.161188
1096.33,0.159941
1096.82,0.158649
1097.30,0.157273
1097.78,0.155802
1098.26,0.154240
1098.74,0.152606
1099.23,0.150929
1099.71,0.149236
1100.19,0.147555
1100.67,0.145906
1101.15,0.144300
1101.64,0.142734
1102.12,0.141197
1102.60,0.139671
1103.08,0.138142
1103.57,0.136603
1104.05,0.135058
1104.53,0.133520
1105.01,0.132000
1105.49,0.130500
1105.98,0.129010
1106.46,0.127509
1106.94,0.125976
1107.42,0.124401
1107.90,0.122794
1108.39,0.121182
1108.87,0.119605
1109.35,0.118095
1109.83,0.116665
1110.32,0.115296
1110.80,0.113949
1111.28,0.112564
1111.76,0.111091
1112.24,0.109498
1112.72,0.107784
1113.21,0.105976
1113.69,0.104123
1114.17,0.102278
1114.65,0.100486
1115.14,0.098773
1115.62,0.097143
1116.10,0.095584
1116.58,0.094070
1117.06,0.092574
1117.55,0.091072
1118.03,0.089552
1118.51,0.088004
1118.99,0.086430
1119.47,0.084828
1119.96,0.083197
1120.44,0.081535
1120.92,0.079839
1121.40,0.078114
1121.88,0.076373
1122.37,0.074647
1122.85,0.072972
1123.33,0.071386
1123.81,0.069918
1124.30,0.068577
1124.78,0.067346
1125.26,0.066186
1125.74,0.065052
1126.22,0.063897
1126.71,0.062690
1127.19,0.061426
1127.67,0.060120
1128.15,0.058802
1128.63,0.057502
1129.12,0.056238
1129.60,0.055016
1130.08,0.053824
1130.56,0.052642
1131.05,0.051451
1131.53,0.050243
1132.01,0.049022
1132.49,0.047807
1132.97,0.046620
1133.46,0.045486
1133.94,0.044424
1134.42,0.043444
1134.90,0.042550
1135.38,0.041737
1135.87,0.040996
1136.35,0.040311
1136.83,0.039668
1137.31,0.039049
1137.80,0.038439
1138.28,0.037831
1138.76,0.037225
1139.24,0.036630
1139.72,0.036064
1140.21,0.035552
1140.69,0.035113
1141.17,0.034759
1141.65,0.034492
1142.13,0.034299
1142.62,0.034159
1143.10,0.034042
1143.58,0.033916
1144.06,0.033754
1144.55,0.033530
1145.03,0.033232
1145.51,0.032858
1145.99,0.032421
1146.47,0.031946
1146.96,0.031469
1147.44,0.031025
1147.92,0.030645
1148.40,0.030341
1148.88,0.030105
1149.37,0.029914
1149.85,0.029727
1150.33,0.029504
1150.81,0.029215
1151.30,0.028845
1151.78,0.028400
1152.26,0.027902
1152.74,0.027389
1153.22,0.026898
1153.70,0.026467
1154.19,0.026126
1154.67,0.025894
1155.15,0.025777
1155.63,0.025766
1156.12,0.025837
1156.60,0.025957
1157.08,0.026079
1157.56,0.026166
1158.04,0.026187
1158.53,0.026129
1159.01,0.025999
1159.49,0.025818
1159.97,0.025611
1160.45,0.025400
1160.94,0.025196
1161.42,0.024998
1161.90,0.024798
1162.38,0.024587
1162.87,0.024362
1163.35,0.024129
1163.83,0.023901
1164.31,0.023693
1164.79,0.023516
1165.28,0.023369
1165.76,0.023245
1166.24,0.023131
1166.72,0.023011
1167.20,0.022874
1167.69,0.022714
1168.17,0.022531
1168.65,0.022326
1169.13,0.022104
1169.62,0.021873
1170.10,0.021644
1170.58,0.021433
1171.06,0.021260
1171.54,0.021142
1172.03,0.021092
1172.51,0.021112
1172.99,0.021192
1173.47,0.021310
1173.95,0.021442
1174.44,0.021568
1174.92,0.021673
1175.40,0.021749
1175.88,0.021792
1176.37,0.021794
1176.85,0.021743
1177.33,0.021621
1177.81,0.021415
1178.29,0.021124
1178.78,0.020766
1179.26,0.020385
1179.74,0.020035
1180.22,0.019778
1180.70,0.019659
1181.19,0.019694
1181.67,0.019867
1182.15,0.020130
1182.63,0.020428
1183.11,0.020707
1183.60,0.020935
1184.08,0.021109
1184.56,0.021249
1185.04,0.021390
1185.53,0.021560
1186.01,0.021772
1186.49,0.022015
1186.97,0.022261
1187.45,0.022472
1187.94,0.022622
1188.42,0.022703
1188.90,0.022734
1189.38,0.022751
1189.86,0.022795
1190.35,0.022899
1190.83,0.023073
1191.31,0.023302
1191.79,0.023551
1192.28,0.023780
1192.76,0.023950
1193.24,0.024042
1193.72,0.024060
1194.20,0.024024
1194.68,0.023964
1195.17,0.023911
1195.65,0.023892
1196.13,0.023921
1196.61,0.024004
1197.10,0.024144
1197.58,0.024337
1198.06,0.024578
1198.54,0.024857
1199.02,0.025157
1199.51,0.025457
1199.99,0.025726
1200.47,0.025938
1200.95,0.026071
1201.43,0.026118
1201.92,0.026084
1202.40,0.025984
1202.88,0.025842
1203.36,0.025677
1203.85,0.025503
1204.33,0.025325
1204.81,0.025142
1205.29,0.024953
1205.77,0.024768
1206.26,0.024602
1206.74,0.024483
1207.22,0.024436
1207.70,0.024477
1208.18,0.024604
1208.67,0.024794
1209.15,0.025007
1209.63,0.025193
1210.11,0.025316
1210.60,0.025356
1211.08,0.025326
1211.56,0.025259
1212.04,0.025205
1212.52,0.025212
1213.01,0.025308
1213.49,0.025497
1213.97,0.025754
1214.45,0.026038
1214.93,0.026302
1215.42,0.026509
1215.90,0.026641
1216.38,0.026700
1216.86,0.026705
1217.35,0.026683
1217.83,0.026664
1218.31,0.026674
1218.79,0.026730
1219.27,0.026842
1219.76,0.027014
1220.24,0.027244
1220.72,0.027522
1221.20,0.027838
1221.68,0.028176
1222.17,0.028524
1222.65,0.028871
1223.13,0.029215
1223.61,0.029559
1224.09,0.029907
1224.58,0.030265
1225.06,0.030633
1225.54,0.031006
1226.02,0.031379
1226.51,0.031745
1226.99,0.032107
1227.47,0.032470
1227.95,0.032847
1228.43,0.033244
1228.91,0.033663
1229.40,0.034094
1229.88,0.034515
1230.36,0.034902
1230.84,0.035232
1231.33,0.035495
1231.81,0.035693
1232.29,0.035844
1232.77,0.035977
1233.26,0.036125
1233.74,0.036318
1234.22,0.036578
1234.70,0.036911
1235.18,0.037309
1235.66,0.037746
1236.15,0.038182
1236.63,0.038574
1237.11,0.038879
1237.59,0.039067
1238.08,0.039128
1238.56,0.039074
1239.04,0.038935
1239.52,0.038748
1240.00,0.038556
1240.49,0.038390
1240.97,0.038271
1241.45,0.038209
1241.93,0.038207
1242.41,0.038263
1242.90,0.038368
1243.38,0.038514
1243.86,0.038680
1244.34,0.038841
1244.83,0.038970
1245.31,0.039043
1245.79,0.039046
1246.27,0.038984
1246.75,0.038875
1247.24,0.038746
1247.72,0.038618
1248.20,0.038505
1248.68,0.038408
1249.16,0.038317
1249.65,0.038223
1250.13,0.038123
1250.61,0.038027
1251.09,0.037952
1251.58,0.037916
1252.06,0.037927
1252.54,0.037979
1253.02,0.038047
1253.50,0.038097
1253.98,0.038094
1254.47,0.038016
1254.95,0.037856
1255.43,0.037626
1255.91,0.037352
1256.40,0.037065
1256.88,0.036800
1257.36,0.036586
1257.84,0.036443
1258.33,0.036383
1258.81,0.036407
1259.29,0.036501
1259.77,0.036645
1260.25,0.036810
1260.73,0.036970
1261.22,0.037102
1261.70,0.037196
1262.18,0.037251
1262.66,0.037271
1263.15,0.037259
1263.63,0.037213
1264.11,0.037124
1264.59,0.036981
1265.07,0.036779
1265.56,0.036527
1266.04,0.036246
1266.52,0.035971
1267.00,0.035735
1267.48,0.035566
1267.97,0.035476
1268.45,0.035464
1268.93,0.035514
1269.41,0.035602
1269.89,0.035700
1270.38,0.035783
1270.86,0.035827
1271.34,0.035818
1271.82,0.035751
1272.31,0.035636
1272.79,0.035497
1273.27,0.035372
1273.75,0.035298
1274.23,0.035303
1274.72,0.035397
1275.20,0.035562
1275.68,0.035766
1276.16,0.035963
1276.64,0.036119
1277.13,0.036216
1277.61,0.036255
1278.09,0.036251
1278.57,0.036223
1279.06,0.036182
1279.54,0.036128
1280.02,0.036056
1280.50,0.035965
1280.98,0.035867
1281.47,0.035791
1281.95,0.035770
1282.43,0.035828
1282.91,0.035968
1283.39,0.036162
1283.88,0.036359
1284.36,0.036496
1284.84,0.036529
1285.32,0.036440
1285.81,0.036245
1286.29,0.035989
1286.77,0.035727
1287.25,0.035510
1287.73,0.035365
1288.22,0.035303
1288.70,0.035311
1289.18,0.035372
1289.66,0.035466
1290.14,0.035577
1290.63,0.035695
1291.11,0.035811
1291.59,0.035915
1292.07,0.035997
1292.56,0.036051
1293.04,0.036073
1293.52,0.036065
1294.00,0.036028
1294.48,0.035963
1294.96,0.035869
1295.45,0.035749
1295.93,0.035610
1296.41,0.035472
1296.89,0.035363
1297.38,0.035315
1297.86,0.035354
1298.34,0.035486
1298.82,0.035697
1299.30,0.035953
1299.79,0.036214
1300.27,0.036446
1300.75,0.036632
1301.23,0.036775
1301.71,0.036887
1302.20,0.036990
1302.68,0.037093
1303.16,0.037198
1303.64,0.037297
1304.13,0.037380
1304.61,0.037447
1305.09,0.037507
1305.57,0.037580
1306.05,0.037688
1306.54,0.037845
1307.02,0.038055
1307.50,0.038309
1307.98,0.038586
1308.46,0.038864
1308.95,0.039121
1309.43,0.039342
1309.91,0.039519
1310.39,0.039650
1310.88,0.039743
1311.36,0.039805
1311.84,0.039852
1312.32,0.039900
1312.80,0.039961
1313.29,0.040039
1313.77,0.040133
1314.25,0.040233
1314.73,0.040333
1315.21,0.040438
1315.70,0.040564
1316.18,0.040737
1316.66,0.040981
1317.14,0.041311
1317.62,0.041717
1318.11,0.042166
1318.59,0.042610
1319.07,0.042997
1319.55,0.043294
1320.04,0.043493
1320.52,0.043612
1321.00,0.043677
1321.48,0.043715
1321.96,0.043742
1322.45,0.043758
1322.93,0.043762
1323.41,0.043757
1323.89,0.043758
1324.38,0.043791
1324.86,0.043879
1325.34,0.044038
1325.82,0.044265
1326.30,0.044539
1326.79,0.044829
1327.27,0.045107
1327.75,0.045360
1328.23,0.045591
1328.71,0.045814
1329.20,0.046046
1329.68,0.046294
1330.16,0.046555
1330.64,0.046814
1331.12,0.047057
1331.61,0.047272
1332.09,0.047461
1332.57,0.047633
1333.05,0.047800
1333.54,0.047970
1334.02,0.048149
1334.50,0.048334
1334.98,0.048520
1335.46,0.048705
1335.94,0.048886
1336.43,0.049062
1336.91,0.049230
1337.39,0.049386
1337.87,0.049524
1338.36,0.049647
1338.84,0.049764
1339.32,0.049892
1339.80,0.050051
1340.28,0.050246
1340.77,0.050468
1341.25,0.050686
1341.73,0.050868
1342.21,0.050992
1342.69,0.051052
1343.18,0.051066
1343.66,0.051063
1344.14,0.051078
1344.62,0.051134
1345.11,0.051242
1345.59,0.051395
1346.07,0.051574
1346.55,0.051761
1347.03,0.051945
1347.52,0.052127
1348.00,0.052317
1348.48,0.052527
1348.96,0.052768
1349.44,0.053048
1349.93,0.053370
1350.41,0.053735
1350.89,0.054146
1351.37,0.054601
1351.86,0.055093
1352.34,0.055603
1352.82,0.056107
1353.30,0.056579
1353.78,0.057003
1354.27,0.057379
1354.75,0.057723
1355.23,0.058063
1355.71,0.058420
1356.19,0.058806
1356.68,0.059216
1357.16,0.059632
1357.64,0.060038
1358.12,0.060430
1358.61,0.060814
1359.09,0.061213
1359.57,0.061648
1360.05,0.062135
1360.53,0.062680
1361.02,0.063281
1361.50,0.063942
1361.98,0.064671
1362.46,0.065489
1362.94,0.066414
1363.43,0.067449
1363.91,0.068566
1364.39,0.069714
1364.87,0.070845
1365.35,0.071926
1365.84,0.072952
1366.32,0.073942
1366.80,0.074925
1367.28,0.075929
1367.77,0.076974
1368.25,0.078057
1368.73,0.079164
1369.21,0.080273
1369.69,0.081366
1370.18,0.082439
1370.66,0.083496
1371.14,0.084547
1371.62,0.085603
1372.10,0.086678
1372.59,0.087791
1373.07,0.088967
1373.55,0.090240
1374.03,0.091634
1374.52,0.093146
1375.00,0.094735
1375.48,0.096329
1375.96,0.097853
1376.44,0.099267
1376.92,0.100570
1377.41,0.101799
1377.89,0.103006
1378.37,0.104238
1378.85,0.105519
1379.34,0.106845
1379.82,0.108191
1380.30,0.109533
1380.78,0.110855
1381.26,0.112164
1381.75,0.113475
1382.23,0.114792
1382.71,0.116099
1383.19,0.117361
1383.67,0.118536
1384.16,0.119605
1384.64,0.120587
1385.12,0.121545
1385.60,0.122574
1386.09,0.123766
1386.57,0.125186
1387.05,0.126829
1387.53,0.128611
1388.01,0.130394
1388.50,0.132053
1388.98,0.133523
1389.46,0.134808
1389.94,0.135956
1390.42,0.137009
1390.91,0.137992
1391.39,0.138908
1391.87,0.139752
1392.35,0.140531
1392.84,0.141271
1393.32,0.142020
1393.80,0.142833
1394.28,0.143744
1394.76,0.144748
1395.25,0.145794
1395.73,0.146818
1396.21,0.147781
1396.69,0.148700
1397.17,0.149630
1397.66,0.150636
1398.14,0.151756
1398.62,0.152971
1399.10,0.154198
1399.59,0.155323
1400.07,0.156247
1400.55,0.156934
1401.03,0.157423
1401.51,0.157789
1401.99,0.158112
1402.48,0.158441
1402.96,0.158798
1403.44,0.159181
1403.92,0.159580
1404.41,0.159985
1404.89,0.160395
1405.37,0.160812
1405.85,0.161237
1406.33,0.161662
1406.82,0.162077
1407.30,0.162470
1407.78,0.162838
1408.26,0.163179
1408.74,0.163486
1409.23,0.163745
1409.71,0.163925
1410.19,0.163987
1410.67,0.163899
1411.16,0.163652
1411.64,0.163273
1412.12,0.162820
1412.60,0.162360
1413.08,0.161948
1413.57,0.161603
1414.05,0.161314
1414.53,0.161043
1415.01,0.160750
1415.49,0.160407
1415.98,0.160008
1416.46,0.159565
1416.94,0.159108
1417.42,0.158668
1417.90,0.158269
1418.39,0.157927
1418.87,0.157641
1419.35,0.157388
1419.83,0.157128
1420.32,0.156818
1420.80,0.156425
1421.28,0.155933
1421.76,0.155342
1422.24,0.154666
1422.73,0.153933
1423.21,0.153180
1423.69,0.152451
1424.17,0.151787
1424.65,0.151204
1425.14,0.150684
1425.62,0.150183
1426.10,0.149658
1426.58,0.149086
1427.07,0.148476
1427.55,0.147858
1428.03,0.147278
1428.51,0.146781
1428.99,0.146391
1429.48,0.146103
1429.96,0.145883
1430.44,0.145679
1430.92,0.145441
1431.40,0.145138
1431.89,0.144762
1432.37,0.144318
1432.85,0.143817
1433.33,0.143270
1433.82,0.142694
1434.30,0.142105
1434.78,0.141532
1435.26,0.141017
1435.74,0.140606
1436.23,0.140339
1436.71,0.140228
1437.19,0.140238
1437.67,0.140298
1438.15,0.140343
1438.64,0.140350
1439.12,0.140332
1439.60,0.140313
1440.08,0.140304
1440.57,0.140294
1441.05,0.140256
1441.53,0.140155
1442.01,0.139964
1442.49,0.139682
1442.97,0.139332
1443.46,0.138957
1443.94,0.138600
1444.42,0.138291
1444.90,0.138039
1445.39,0.137835
1445.87,0.137660
1446.35,0.137493
1446.83,0.137324
1447.31,0.137143
1447.80,0.136944
1448.28,0.136717
1448.76,0.136450
1449.24,0.136129
1449.72,0.135750
1450.21,0.135320
1450.69,0.134850
1451.17,0.134354
1451.65,0.133850
1452.13,0.133354
1452.62,0.132881
1453.10,0.132452
1453.58,0.132084
1454.06,0.131794
1454.55,0.131595
1455.03,0.131498
1455.51,0.131503
1455.99,0.131591
1456.47,0.131712
1456.96,0.131763
1457.44,0.131611
1457.92,0.131182
1458.40,0.130511
1458.88,0.129710
1459.37,0.128882
1459.85,0.128080
1460.33,0.127325
1460.81,0.126624
1461.30,0.125983
1461.78,0.125410
1462.26,0.124910
1462.74,0.124488
1463.22,0.124138
1463.71,0.123853
1464.19,0.123613
1464.67,0.123398
1465.15,0.123186
1465.63,0.122963
1466.12,0.122728
1466.60,0.122492
1467.08,0.122265
1467.56,0.122058
1468.05,0.121875
1468.53,0.121720
1469.01,0.121593
1469.49,0.121489
1469.97,0.121400
1470.46,0.121305
1470.94,0.121176
1471.42,0.120970
1471.90,0.120645
1472.38,0.120173
1472.87,0.119575
1473.35,0.118925
1473.83,0.118311
1474.31,0.117781
1474.80,0.117327
1475.28,0.116900
1475.76,0.116446
1476.24,0.115931
1476.72,0.115341
1477.20,0.114694
1477.69,0.114021
1478.17,0.113354
1478.65,0.112709
1479.13,0.112093
1479.62,0.111505
1480.10,0.110942
1480.58,0.110404
1481.06,0.109896
1481.55,0.109422
1482.03,0.108982
1482.51,0.108574
1482.99,0.108199
1483.47,0.107863
1483.95,0.107581
1484.44,0.107374
1484.92,0.107256
1485.40,0.107228
1485.88,0.107270
1486.37,0.107335
1486.85,0.107361
1487.33,0.107288
1487.81,0.107081
1488.29,0.106741
1488.78,0.106312
1489.26,0.105868
1489.74,0.105480
1490.22,0.105195
1490.70,0.105011
1491.19,0.104897
1491.67,0.104809
1492.15,0.104723
1492.63,0.104637
1493.12,0.104560
1493.60,0.104503
1494.08,0.104474
1494.56,0.104475
1495.04,0.104510
1495.53,0.104578
1496.01,0.104679
1496.49,0.104803
1496.97,0.104930
1497.45,0.105023
1497.94,0.105038
1498.42,0.104940
1498.90,0.104718
1499.38,0.104385
1499.87,0.103980
1500.35,0.103550
1500.83,0.103134
1501.31,0.102758
1501.79,0.102428
1502.28,0.102136
1502.76,0.101870
1503.24,0.101623
1503.72,0.101397
1504.20,0.101208
1504.69,0.101081
1505.17,0.101048
1505.65,0.101142
1506.13,0.101374
1506.62,0.101705
1507.10,0.101997
1507.58,0.102071
1508.06,0.101850
1508.54,0.101416
1509.03,0.100900
1509.51,0.100383
1509.99,0.099893
1510.47,0.099432
1510.95,0.099003
1511.44,0.098612
1511.92,0.098268
1512.40,0.097974
1512.88,0.097719
1513.36,0.097481
1513.85,0.097234
1514.33,0.096955
1514.81,0.096638
1515.29,0.096295
1515.78,0.095960
1516.26,0.095676
1516.74,0.095483
1517.22,0.095387
1517.70,0.095354
1518.18,0.095323
1518.67,0.095241
1519.15,0.095088
1519.63,0.094876
1520.11,0.094636
1520.60,0.094410
1521.08,0.094238
1521.56,0.094138
1522.04,0.094092
1522.52,0.094043
1523.01,0.093941
1523.49,0.093760
1523.97,0.093507
1524.45,0.093202
1524.93,0.092872
1525.42,0.092547
1525.90,0.092262
1526.38,0.092058
1526.86,0.091969
1527.35,0.092005
1527.83,0.092146
1528.31,0.092343
1528.79,0.092541
1529.27,0.092689
1529.76,0.092757
1530.24,0.092741
1530.72,0.092661
1531.20,0.092553
1531.68,0.092468
1532.17,0.092462
1532.65,0.092582
1533.13,0.092855
1533.61,0.093256
1534.10,0.093701
1534.58,0.094071
1535.06,0.094284
1535.54,0.094329
1536.02,0.094245
1536.51,0.094078
1536.99,0.093866
1537.47,0.093638
1537.95,0.093421
1538.43,0.093241
1538.92,0.093135
1539.40,0.093129
1539.88,0.093216
1540.36,0.093316
1540.85,0.093311
1541.33,0.093131
1541.81,0.092818
1542.29,0.092485
1542.77,0.092229
1543.26,0.092095
1543.74,0.092062
1544.22,0.092067
1544.70,0.092029
1545.18,0.091881
1545.67,0.091601
1546.15,0.091220
1546.63,0.090797
1547.11,0.090386
1547.59,0.090015
1548.08,0.089677
1548.56,0.089339
1549.04,0.088955
1549.52,0.088482
1550.01,0.087904
1550.49,0.087242
1550.97,0.086554
1551.45,0.085899
1551.93,0.085314
1552.42,0.084808
1552.90,0.084367
1553.38,0.083971
1553.86,0.083603
1554.34,0.083248
1554.83,0.082895
1555.31,0.082539
1555.79,0.082174
1556.27,0.081800
1556.76,0.081427
1557.24,0.081081
1557.72,0.080809
1558.20,0.080685
1558.68,0.080782
1559.16,0.081067
1559.65,0.081298
1560.13,0.081197
1560.61,0.080740
1561.09,0.080085
1561.58,0.079380
1562.06,0.078696
1562.54,0.078057
1563.02,0.077463
1563.50,0.076909
1563.99,0.076396
1564.47,0.075934
1564.95,0.075539
1565.43,0.075222
1565.91,0.074984
1566.40,0.074807
1566.88,0.074661
1567.36,0.074518
1567.84,0.074355
1568.33,0.074165
1568.81,0.073951
1569.29,0.073721
1569.77,0.073479
1570.25,0.073210
1570.74,0.072889
1571.22,0.072492
1571.70,0.072017
1572.18,0.071483
1572.66,0.070921
1573.15,0.070364
1573.63,0.069846
1574.11,0.069386
1574.59,0.068995
1575.08,0.068670
1575.56,0.068390
1576.04,0.068115
1576.52,0.067799
1577.00,0.067417
1577.49,0.066967
1577.97,0.066474
1578.45,0.065966
1578.93,0.065463
1579.41,0.064976
1579.90,0.064513
1580.38,0.064079
1580.86,0.063676
1581.34,0.063295
1581.83,0.062915
1582.31,0.062512
1582.79,0.062068
1583.27,0.061577
1583.75,0.061055
1584.23,0.060531
1584.72,0.060038
1585.20,0.059593
1585.68,0.059195
1586.16,0.058823
1586.65,0.058459
1587.13,0.058097
1587.61,0.057754
1588.09,0.057469
1588.57,0.057286
1589.06,0.057227
1589.54,0.057284
1590.02,0.057414
1590.50,0.057554
1590.98,0.057654
1591.47,0.057692
1591.95,0.057681
1592.43,0.057657
1592.91,0.057662
1593.40,0.057719
1593.88,0.057828
1594.36,0.057967
1594.84,0.058115
1595.32,0.058264
1595.81,0.058429
1596.29,0.058634
1596.77,0.058901
1597.25,0.059234
1597.73,0.059616
1598.22,0.060021
1598.70,0.060431
1599.18,0.060845
1599.66,0.061285
1600.14,0.061776
1600.63,0.062336
1601.11,0.062957
1601.59,0.063608
1602.07,0.064245
1602.56,0.064832
1603.04,0.065359
1603.52,0.065847
1604.00,0.066335
1604.48,0.066860
1604.97,0.067434
1605.45,0.068042
1605.93,0.068656
1606.41,0.069247
1606.89,0.069808
1607.38,0.070360
1607.86,0.070943
1608.34,0.071601
1608.82,0.072358
1609.31,0.073207
1609.79,0.074112
1610.27,0.075032
1610.75,0.075929
1611.23,0.076784
1611.72,0.077595
1612.20,0.078360
1612.68,0.079078
1613.16,0.079740
1613.64,0.080341
1614.13,0.080888
1614.61,0.081412
1615.09,0.081980
1615.57,0.082681
1616.06,0.083617
1616.54,0.084850
1617.02,0.086343
1617.50,0.087939
1617.98,0.089439
1618.47,0.090713
1618.95,0.091751
1619.43,0.092617
1619.91,0.093387
1620.39,0.094118
1620.88,0.094837
1621.36,0.095551
1621.84,0.096258
1622.32,0.096969
1622.81,0.097711
1623.29,0.098526
1623.77,0.099445
1624.25,0.100465
1624.73,0.101543
1625.21,0.102626
1625.70,0.103680
1626.18,0.104703
1626.66,0.105722
1627.14,0.106771
1627.63,0.107867
1628.11,0.108990
1628.59,0.110079
1629.07,0.111047
1629.55,0.111828
1630.04,0.112398
1630.52,0.112784
1631.00,0.113033
1631.48,0.113198
1631.96,0.113310
1632.45,0.113378
1632.93,0.113399
1633.41,0.113374
1633.89,0.113327
1634.38,0.113321
1634.86,0.113464
1635.34,0.113882
1635.82,0.114646
1636.30,0.115675
1636.79,0.116723
1637.27,0.117532
1637.75,0.118004
1638.23,0.118202
1638.71,0.118255
1639.20,0.118264
1639.68,0.118280
1640.16,0.118305
1640.64,0.118304
1641.12,0.118232
1641.61,0.118060
1642.09,0.117789
1642.57,0.117448
1643.05,0.117075
1643.54,0.116696
1644.02,0.116311
1644.50,0.115900
1644.98,0.115430
1645.46,0.114886
1645.95,0.114286
1646.43,0.113706
1646.91,0.113255
1647.39,0.113012
1647.88,0.112943
1648.36,0.112917
1648.84,0.112807
1649.32,0.112558
1649.80,0.112193
1650.29,0.111766
1650.77,0.111329
1651.25,0.110911
1651.73,0.110498
1652.21,0.110023
1652.70,0.109366
1653.18,0.108421
1653.66,0.107263
1654.14,0.106236
1654.62,0.105645
1655.11,0.105470
1655.59,0.105505
1656.07,0.105564
1656.55,0.105534
1657.04,0.105376
1657.52,0.105091
1658.00,0.104707
1658.48,0.104256
1658.96,0.103759
1659.45,0.103216
1659.93,0.102603
1660.41,0.101884
1660.89,0.101031
1661.37,0.100041
1661.86,0.098943
1662.34,0.097803
1662.82,0.096690
1663.30,0.095659
1663.79,0.094719
1664.27,0.093845
1664.75,0.092994
1665.23,0.092141
1665.71,0.091280
1666.19,0.090417
1666.68,0.089553
1667.16,0.088673
1667.64,0.087746
1668.12,0.086736
1668.61,0.085617
1669.09,0.084404
1669.57,0.083162
1670.05,0.081990
1670.53,0.080959
1671.02,0.080078
1671.50,0.079282
1671.98,0.078487
1672.46,0.077640
1672.94,0.076726
1673.43,0.075764
1673.91,0.074780
1674.39,0.073804
1674.87,0.072847
1675.36,0.071908
1675.84,0.070976
1676.32,0.070051
1676.80,0.069149
1677.28,0.068287
1677.77,0.067471
1678.25,0.066687
1678.73,0.065899
1679.21,0.065061
1679.69,0.064136
1680.18,0.063110
1680.66,0.062011
1681.14,0.060900
1681.62,0.059853
1682.11,0.058924
1682.59,0.058129
1683.07,0.057447
1683.55,0.056813
1684.03,0.056132
1684.52,0.055315
1685.00,0.054359
1685.48,0.053345
1685.96,0.052357
1686.44,0.051417
1686.93,0.050493
1687.41,0.049546
1687.89,0.048550
1688.37,0.047507
1688.86,0.046432
1689.34,0.045352
1689.82,0.044291
1690.30,0.043255
1690.78,0.042237
1691.27,0.041229
1691.75,0.040237
1692.23,0.039282
1692.71,0.038399
1693.19,0.037612
1693.68,0.036930
1694.16,0.036333
1694.64,0.035772
1695.12,0.035162
1695.60,0.034409
1696.09,0.033456
1696.57,0.032343
1697.05,0.031197
1697.53,0.030149
1698.02,0.029262
1698.50,0.028517
1698.98,0.027848
1699.46,0.027170
1699.94,0.026407
1700.43,0.025512
1700.91,0.024512
1701.39,0.023499
1701.87,0.022562
1702.35,0.021730
1702.84,0.020985
1703.32,0.020302
1703.80,0.019669
1704.28,0.019083
1704.77,0.018551
1705.25,0.018076
1705.73,0.017651
1706.21,0.017260
1706.69,0.016887
1707.17,0.016530
1707.66,0.016203
1708.14,0.015921
1708.62,0.015689
1709.10,0.015487
1709.59,0.015282
1710.07,0.015030
1710.55,0.014697
1711.03,0.014273
1711.51,0.013780
1712.00,0.013263
1712.48,0.012768
1712.96,0.012332
1713.44,0.011966
1713.92,0.011655
1714.41,0.011360
1714.89,0.011039
1715.37,0.010660
1715.85,0.010218
1716.34,0.009739
1716.82,0.009272
1717.30,0.008872
1717.78,0.008583
1718.26,0.008419
1718.75,0.008361
1719.23,0.008368
1719.71,0.008406
1720.19,0.008452
1720.67,0.008499
1721.16,0.008539
1721.64,0.008566
1722.12,0.008572
1722.60,0.008548
1723.09,0.008489
1723.57,0.008395
1724.05,0.008279
1724.53,0.008160
1725.01,0.008063
1725.50,0.008010
1725.98,0.008018
1726.46,0.008092
1726.94,0.008227
1727.42,0.008408
1727.91,0.008612
1728.39,0.008803
1728.87,0.008946
1729.35,0.009015
1729.84,0.008996
1730.32,0.008903
1730.80,0.008767
1731.28,0.008634
1731.76,0.008544
1732.24,0.008520
1732.73,0.008569
1733.21,0.008676
1733.69,0.008805
1734.17,0.008898
1734.66,0.008901
1735.14,0.008786
1735.62,0.008578
1736.10,0.008318
1736.58,0.008039
1737.07,0.007750
1737.55,0.007450
1738.03,0.007137
1738.51,0.006819
1738.99,0.006510
1739.48,0.006238
1739.96,0.006031
1740.44,0.005903
1740.92,0.005845
1741.40,0.005834
1741.89,0.005843
1742.37,0.005851
1742.85,0.005855
1743.33,0.005855
1743.82,0.005863
1744.30,0.005889
1744.78,0.005946
1745.26,0.006040
1745.74,0.006174
1746.23,0.006341
1746.71,0.006522
1747.19,0.006684
1747.67,0.006786
1748.15,0.006787
1748.64,0.006663
1749.12,0.006426
1749.60,0.006128
1750.08,0.005842
1750.57,0.005648
1751.05,0.005593
1751.53,0.005669
1752.01,0.005819
1752.49,0.005965
1752.98,0.006047
1753.46,0.006037
1753.94,0.005946
1754.42,0.005806
1754.90,0.005656
1755.39,0.005529
1755.87,0.005454
1756.35,0.005444
1756.83,0.005500
1757.32,0.005599
1757.80,0.005708
1758.28,0.005792
1758.76,0.005829
1759.24,0.005813
1759.73,0.005750
1760.21,0.005662
1760.69,0.005575
1761.17,0.005518
1761.65,0.005516
1762.14,0.005578
1762.62,0.005688
1763.10,0.005806
1763.58,0.005890
1764.07,0.005918
1764.55,0.005889
1765.03,0.005826
1765.51,0.005760
1765.99,0.005721
1766.47,0.005729
1766.96,0.005787
1767.44,0.005875
1767.92,0.005957
1768.40,0.005991
1768.89,0.005946
1769.37,0.005816
1769.85,0.005621
1770.33,0.005394
1770.82,0.005172
1771.30,0.004990
1771.78,0.004871
1772.26,0.004828
1772.74,0.004851
1773.22,0.004909
1773.71,0.004966
1774.19,0.004988
1774.67,0.004960
1775.15,0.004880
1775.64,0.004752
1776.12,0.004584
1776.60,0.004382
1777.08,0.004153
1777.56,0.003903
1778.05,0.003642
1778.53,0.003380
1779.01,0.003138
1779.49,0.002949
1779.97,0.002856
1780.46,0.002903
1780.94,0.003115
1781.42,0.003481
1781.90,0.003950
1782.38,0.004445
1782.87,0.004891
1783.35,0.005237
1783.83,0.005457
1784.31,0.005556
1784.80,0.005555
1785.28,0.005491
1785.76,0.005398
1786.24,0.005298
1786.72,0.005195
1787.21,0.005081
1787.69,0.004942
1788.17,0.004771
1788.65,0.004570
1789.13,0.004353
1789.62,0.004143
1790.10,0.003961
1790.58,0.003825
1791.06,0.003742
1791.55,0.003708
1792.03,0.003699
1792.51,0.003687
1792.99,0.003651
1793.47,0.003589
1793.96,0.003525
1794.44,0.003496
1794.92,0.003541
1795.40,0.003680
1795.88,0.003916
1796.37,0.004224
1796.85,0.004555
1797.33,0.004841
1797.81,0.005012
1798.30,0.005016
1798.78,0.004838
1799.26,0.004505
1799.74,0.004086
1800.22,0.003680
1800.71,0.003390
1801.19,0.003289
1801.67,0.003398
1802.15,0.003680
1802.63,0.004059
1803.12,0.004450
1803.60,0.004784
1804.08,0.005024
1804.56,0.005156
1805.05,0.005186
1805.53,0.005129
1806.01,0.005001
1806.49,0.004823
1806.97,0.004609
1807.45,0.004379
1807.94,0.004146
1808.42,0.003927
1808.90,0.003735
1809.38,0.003582
1809.87,0.003479
1810.35,0.003441
1810.83,0.003481
1811.31,0.003609
1811.79,0.003823
1812.28,0.004104
1812.76,0.004414
1813.24,0.004704
1813.72,0.004934
1814.20,0.005072
1814.69,0.005110
1815.17,0.005058
1815.65,0.004941
1816.13,0.004794
1816.62,0.004647
1817.10,0.004526
1817.58,0.004441
1818.06,0.004391
1818.54,0.004367
1819.03,0.004360
1819.51,0.004361
1819.99,0.004365
1820.47,0.004368
1820.95,0.004358
1821.44,0.004323
1821.92,0.004247
1822.40,0.004123
1822.88,0.003951
1823.37,0.003743
1823.85,0.003529
1824.33,0.003347
1824.81,0.003234
1825.29,0.003217
1825.78,0.003296
1826.26,0.003449
1826.74,0.003633
1827.22,0.003811
1827.70,0.003954
1828.19,0.004046
1828.67,0.004079
1829.15,0.004052
1829.63,0.003969
1830.12,0.003836
1830.60,0.003676
1831.08,0.003518
1831.56,0.003393
1832.04,0.003328
1832.53,0.003334
1833.01,0.003412
1833.49,0.003551
1833.97,0.003732
1834.45,0.003933
1834.94,0.004133
1835.42,0.004318
1835.90,0.004487
1836.38,0.004655
1836.87,0.004839
1837.35,0.005048
1837.83,0.005268
1838.31,0.005463
1838.79,0.005577
1839.28,0.005559
1839.76,0.005390
1840.24,0.005090
1840.72,0.004727
1841.20,0.004386
1841.69,0.004160
1842.17,0.004123
1842.65,0.004312
1843.13,0.004708
1843.61,0.005234
1844.10,0.005768
1844.58,0.006171
1845.06,0.006355
1845.54,0.006311
1846.03,0.006103
1846.51,0.005820
1846.99,0.005529
1847.47,0.005268
1847.95,0.005045
1848.43,0.004859
1848.92,0.004705
1849.40,0.004583
1849.88,0.004494
1850.36,0.004425
1850.85,0.004355
1851.33,0.004250
1851.81,0.004077
1852.29,0.003816
1852.77,0.003471
1853.26,0.003069
1853.74,0.002648
1854.22,0.002248
1854.70,0.001893
1855.18,0.001586
1855.67,0.001316
1856.15,0.001076
1856.63,0.000872
1857.11,0.000735
1857.60,0.000700
1858.08,0.000797
1858.56,0.001026
1859.04,0.001356
1859.52,0.001730
1860.01,0.002088
1860.49,0.002393
1860.97,0.002645
1861.45,0.002884
1861.93,0.003163
1862.42,0.003529
1862.90,0.003996
1863.38,0.004534
1863.86,0.005076
1864.35,0.005533
1864.83,0.005823
1865.31,0.005888
1865.79,0.005709
1866.27,0.005312
1866.76,0.004763
1867.24,0.004160
1867.72,0.003611
1868.20,0.003224
1868.68,0.003078
1869.17,0.003187
1869.65,0.003488
1870.13,0.003855
1870.61,0.004151
1871.10,0.004275
1871.58,0.004197
1872.06,0.003946
1872.54,0.003590
1873.02,0.003207
1873.51,0.002873
1873.99,0.002643
1874.47,0.002540
1874.95,0.002556
1875.43,0.002664
1875.92,0.002828
1876.40,0.003014
1876.88,0.003195
1877.36,0.003347
1877.84,0.003446
1878.33,0.003475
1878.81,0.003424
1879.29,0.003306
1879.77,0.003156
1880.26,0.003033
1880.74,0.003001
1881.22,0.003109
1881.70,0.003370
1882.18,0.003756
1882.67,0.004204
1883.15,0.004641
1883.63,0.004998
1884.11,0.005235
1884.59,0.005337
1885.08,0.005310
1885.56,0.005161
1886.04,0.004898
1886.52,0.004524
1887.01,0.004047
1887.49,0.003497
1887.97,0.002936
1888.45,0.002450
1888.93,0.002143
1889.41,0.002094
1889.90,0.002324
1890.38,0.002773
1890.86,0.003325
1891.34,0.003856
1891.83,0.004276
1892.31,0.004556
1892.79,0.004715
1893.27,0.004789
1893.75,0.004797
1894.24,0.004726
1894.72,0.004531
1895.20,0.004163
1895.68,0.003601
1896.16,0.002887
1896.65,0.002126
1897.13,0.001463
1897.61,0.001036
1898.09,0.000924
1898.58,0.001134
1899.06,0.001598
1899.54,0.002207
1900.02,0.002831
1900.50,0.003362
1900.99,0.003743
1901.47,0.003964
1901.95,0.004056
1902.43,0.004066
1902.91,0.004035
1903.40,0.003985
1903.88,0.003923
1904.36,0.003854
1904.84,0.003791
1905.33,0.003766
1905.81,0.003828
1906.29,0.004022
1906.77,0.004379
1907.25,0.004896
1907.74,0.005532
1908.22,0.006207
1908.70,0.006820
1909.18,0.007283
1909.66,0.007535
1910.15,0.007567
1910.63,0.007422
1911.11,0.007180
1911.59,0.006922
1912.08,0.006703
1912.56,0.006539
1913.04,0.006393
1913.52,0.006202
1914.00,0.005886
1914.48,0.005395
1914.97,0.004718
1915.45,0.003903
1915.93,0.003040
1916.41,0.002253
1916.90,0.001668
1917.38,0.001368
1917.86,0.001374
1918.34,0.001616
1918.82,0.001958
1919.31,0.002234
1919.79,0.002315
1920.27,0.002160
1920.75,0.001812
1921.23,0.001371
1921.72,0.000960
1922.20,0.000693
1922.68,0.000642
1923.16,0.000812
1923.65,0.001124
1924.13,0.001449
1924.61,0.001650
1925.09,0.001632
1925.57,0.001373
1926.06,0.000919
1926.54,0.000362
1927.02,-0.000191
1927.50,-0.000631
1927.98,-0.000869
1928.47,-0.000857
1928.95,-0.000586
1929.43,-0.000090
1929.91,0.000571
1930.39,0.001305
1930.88,0.002010
1931.36,0.002594
1931.84,0.002991
1932.32,0.003192
1932.81,0.003245
1933.29,0.003252
1933.77,0.003332
1934.25,0.003586
1934.73,0.004063
1935.22,0.004741
1935.70,0.005528
1936.18,0.006288
1936.66,0.006891
1937.14,0.007236
1937.63,0.007274
1938.11,0.007009
1938.59,0.006493
1939.07,0.005814
1939.56,0.005066
1940.04,0.004347
1940.52,0.003742
1941.00,0.003313
1941.48,0.003109
1941.97,0.003156
1942.45,0.003454
1942.93,0.003969
1943.41,0.004641
1943.89,0.005406
1944.38,0.006214
1944.86,0.007037
1945.34,0.007849
1945.82,0.008598
1946.31,0.009191
1946.79,0.009496
1947.27,0.009373
1947.75,0.008743
1948.23,0.007630
1948.72,0.006187
1949.20,0.004657
1949.68,0.003341
1950.16,0.002506
1950.64,0.002306
1951.13,0.002745
1951.61,0.003662
1952.09,0.004801
1952.57,0.005860
1953.06,0.006591
1953.54,0.006856
1954.02,0.006636
1954.50,0.006037
1954.98,0.005244
1955.46,0.004487
1955.95,0.003957
1956.43,0.003775
1956.91,0.003973
1957.39,0.004492
1957.88,0.005199
1958.36,0.005928
1958.84,0.006537
1959.32,0.006949
1959.80,0.007182
1960.29,0.007327
1960.77,0.007511
1961.25,0.007823
1961.73,0.008251
1962.21,0.008656
1962.70,0.008805
1963.18,0.008461
1963.66,0.007468
1964.14,0.005837
1964.62,0.003747
1965.11,0.001541
1965.59,-0.000373
1966.07,-0.001619
1966.55,-0.001946
1967.04,-0.001320
1967.52,0.000072
1968.00,0.001872
1968.48,0.003694
1968.96,0.005189
1969.45,0.006119
1969.93,0.006389
1970.41,0.006014
1970.89,0.005092
1971.38,0.003749
1971.86,0.002127
1972.34,0.000377
1972.82,-0.001355
1973.30,-0.002900
1973.79,-0.004095
1974.27,-0.004811
1974.75,-0.004967
1975.23,-0.004563
1975.71,-0.003676
1976.20,-0.002472
1976.68,-0.001178
1977.16,-0.000039
1977.64,0.000739
1978.12,0.001098
1978.61,0.001154
1979.09,0.001182
1979.57,0.001494
1980.05,0.002334
1980.54,0.003775
1981.02,0.005670
1981.50,0.007686
1981.98,0.009402
1982.46,0.010480
1982.95,0.010728
1983.43,0.010172
1983.91,0.009018
1984.39,0.007598
1984.87,0.006264
1985.36,0.005290
1985.84,0.004841
1986.32,0.004947
1986.80,0.005546
1987.29,0.006523
1987.77,0.007746
1988.25,0.009078
1988.73,0.010363
1989.21,0.011452
1989.70,0.012220
1990.18,0.012593
1990.66,0.012562
1991.14,0.012175
1991.62,0.011500
1992.11,0.010593
1992.59,0.009469
1993.07,0.008108
1993.55,0.006493
1994.04,0.004659
1994.52,0.002733
1995.00,0.000921
1995.48,-0.000508
1995.96,-0.001311
1996.44,-0.001348
1996.93,-0.000628
1997.41,0.000683
1997.89,0.002324
1998.37,0.004022
1998.86,0.005590
1999.34,0.006948
1999.82,0.008097
2000.30,0.009060
2000.78,0.009833
2001.27,0.010361
2001.75,0.010574
2002.23,0.010442
2002.71,0.010023
2003.19,0.009470
2003.68,0.009000
2004.16,0.008818
2004.64,0.009028
2005.12,0.009601
2005.61,0.010380
2006.09,0.011171
2006.57,0.011802
2007.05,0.012194
2007.53,0.012359
2008.02,0.012359
2008.50,0.012245
2008.98,0.012037
2009.46,0.011746
2009.94,0.011424
2010.43,0.011210
2010.91,0.011328
2011.39,0.011999
2011.87,0.013343
2012.36,0.015267
2012.84,0.017455
2013.32,0.019431
2013.80,0.020720
2014.28,0.021039
2014.77,0.020371
2015.25,0.018994
2015.73,0.017350
2016.21,0.015926
2016.69,0.015021
2017.18,0.014636
2017.66,0.014493
2018.14,0.014178
2018.62,0.013344
2019.11,0.011829
2019.59,0.009738
2020.07,0.007371
2020.55,0.005107
2021.03,0.003233
2021.52,0.001888
2022.00,0.001068
2022.48,0.000693
2022.96,0.000671
2023.44,0.000934
2023.93,0.001426
2024.41,0.002063
2024.89,0.002709
2025.37,0.003191
2025.85,0.003321
2026.34,0.002963
2026.82,0.002074
2027.30,0.000721
2027.78,-0.000935
2028.27,-0.002692
2028.75,-0.004345
2029.23,-0.005729
2029.71,-0.006718
2030.19,-0.007199
2030.67,-0.007090
2031.16,-0.006360
2031.64,-0.005077
2032.12,-0.003432
2032.60,-0.001715
2033.09,-0.000265
2033.57,0.000659
2034.05,0.000923
2034.53,0.000566
2035.02,-0.000239
2035.50,-0.001248
2035.98,-0.002246
2036.46,-0.003114
2036.94,-0.003822
2037.42,-0.004392
2037.91,-0.004833
2038.39,-0.005098
2038.87,-0.005088
2039.35,-0.004698
2039.84,-0.003868
2040.32,-0.002635
2040.80,-0.001121
2041.28,0.000479
2041.76,0.001976
2042.25,0.003216
2042.73,0.004121
2043.21,0.004697
2043.69,0.005012
2044.17,0.005178
2044.66,0.005309
2045.14,0.005524
2045.62,0.005930
2046.10,0.006612
2046.59,0.007620
2047.07,0.008940
2047.55,0.010486
2048.03,0.012104
2048.51,0.013605
2049.00,0.014819
2049.48,0.015625
2049.96,0.015988
2050.44,0.015952
2050.92,0.015614
2051.41,0.015074
2051.89,0.014403
2052.37,0.013638
2052.85,0.012794
2053.34,0.011889
2053.82,0.010974
2054.30,0.010127
2054.78,0.009442
2055.26,0.008999
2055.75,0.008822
2056.23,0.008885
2056.71,0.009118
2057.19,0.009446
2057.67,0.009805
2058.16,0.010155
2058.64,0.010481
2059.12,0.010770
2059.60,0.010993
2060.08,0.011102
2060.57,0.011033
2061.05,0.010734
2061.53,0.010190
2062.01,0.009444
2062.49,0.008589
2062.98,0.007755
2063.46,0.007080
2063.94,0.006669
2064.42,0.006580
2064.91,0.006807
2065.39,0.007277
2065.87,0.007858
2066.35,0.008374
2066.83,0.008661
2067.32,0.008590
2067.80,0.008106
2068.28,0.007249
2068.76,0.006150
2069.24,0.005010
2069.73,0.004042
2070.21,0.003437
2070.69,0.003298
2071.17,0.003616
2071.66,0.004285
2072.14,0.005143
2072.62,0.006033
2073.10,0.006831
2073.58,0.007487
2074.07,0.008009
2074.55,0.008448
2075.03,0.008856
2075.51,0.009263
2075.99,0.009666
2076.48,0.010033
2076.96,0.010322
2077.44,0.010498
2077.92,0.010552
2078.41,0.010496
2078.89,0.010365
2079.37,0.010191
2079.85,0.010005
2080.33,0.009822
2080.82,0.009638
2081.30,0.009436
2081.78,0.009191
2082.26,0.008880
2082.74,0.008488
2083.23,0.008025
2083.71,0.007529
2084.19,0.007067
2084.67,0.006720
2085.16,0.006569
2085.64,0.006671
2086.12,0.007042
2086.60,0.007653
2087.08,0.008439
2087.57,0.009321
2088.05,0.010223
2088.53,0.011070
2089.01,0.011805
2089.49,0.012363
2089.98,0.012673
2090.46,0.012670
2090.94,0.012303
2091.42,0.011571
2091.90,0.010534
2092.39,0.009329
2092.87,0.008136
2093.35,0.007135
2093.83,0.006467
2094.32,0.006183
2094.80,0.006245
2095.28,0.006545
2095.76,0.006962
2096.24,0.007409
2096.72,0.007864
2097.21,0.008367
2097.69,0.008983
2098.17,0.009751
2098.65,0.010646
2099.14,0.011567
2099.62,0.012358
2100.10,0.012869
2100.58,0.012993
2101.06,0.012708
2101.55,0.012074
2102.03,0.011211
2102.51,0.010254
2102.99,0.009319
2103.47,0.008499
2103.96,0.007857
2104.44,0.007435
2104.92,0.007267
2105.40,0.007373
2105.89,0.007748
2106.37,0.008347
2106.85,0.009086
2107.33,0.009846
2107.81,0.010493
2108.30,0.010930
2108.78,0.011106
2109.26,0.011036
2109.74,0.010779
2110.22,0.010420
2110.71,0.010029
2111.19,0.009640
2111.67,0.009248
2112.15,0.008824
2112.64,0.008337
2113.12,0.007777
2113.60,0.007167
2114.08,0.006560
2114.56,0.006034
2115.05,0.005663
2115.53,0.005510
2116.01,0.005609
2116.49,0.005963
2116.97,0.006540
2117.46,0.007278
2117.94,0.008089
2118.42,0.008868
2118.90,0.009497
2119.39,0.009874
2119.87,0.009924
2120.35,0.009624
2120.83,0.009007
2121.31,0.008169
2121.80,0.007247
2122.28,0.006381
2122.76,0.005703
2123.24,0.005305
2123.72,0.005218
2124.21,0.005413
2124.69,0.005814
2125.17,0.006317
2125.65,0.006805
2126.14,0.007184
2126.62,0.007392
2127.10,0.007405
2127.58,0.007243
2128.06,0.006958
2128.55,0.006615
2129.03,0.006270
2129.51,0.005948
2129.99,0.005632
2130.47,0.005270
2130.96,0.004789
2131.44,0.004126
2131.92,0.003259
2132.40,0.002226
2132.88,0.001128
2133.37,0.000098
2133.85,-0.000722
2134.33,-0.001232
2134.81,-0.001406
2135.30,-0.001306
2135.78,-0.001059
2136.26,-0.000807
2136.74,-0.000663
2137.22,-0.000660
2137.70,-0.000739
2138.19,-0.000767
2138.67,-0.000595
2139.15,-0.000106
2139.63,0.000733
2140.12,0.001855
2140.60,0.003109
2141.08,0.004294
2141.56,0.005233
2142.04,0.005803
2142.53,0.005984
2143.01,0.005854
2143.49,0.005583
2143.97,0.005365
2144.45,0.005349
2144.94,0.005596
2145.42,0.006045
2145.90,0.006527
2146.38,0.006801
2146.86,0.006645
2147.35,0.005936
2147.83,0.004709
2148.31,0.003166
2148.79,0.001632
2149.28,0.000490
2149.76,0.000042
2150.24,0.000449
2150.72,0.001656
2151.20,0.003424
2151.69,0.005373
2152.17,0.007096
2152.65,0.008299
2153.13,0.008836
2153.61,0.008749
2154.10,0.008217
2154.58,0.007505
2155.06,0.006853
2155.54,0.006403
2156.03,0.006172
2156.51,0.006076
2156.99,0.005992
2157.47,0.005822
2157.95,0.005572
2158.44,0.005360
2158.92,0.005398
2159.40,0.005890
2159.88,0.006959
2160.36,0.008584
2160.85,0.010611
2161.33,0.012808
2161.81,0.014942
2162.29,0.016858
2162.78,0.018497
2163.26,0.019871
2163.74,0.021018
2164.22,0.021940
2164.70,0.022573
2165.19,0.022800
2165.67,0.022477
2166.15,0.021519
2166.63,0.019947
2167.11,0.017911
2167.60,0.015662
2168.08,0.013477
2168.56,0.011625
2169.04,0.010274
2169.53,0.009475
2170.01,0.009159
2170.49,0.009180
2170.97,0.009372
2171.45,0.009598
2171.94,0.009789
2172.42,0.009933
2172.90,0.010045
2173.38,0.010122
2173.86,0.010120
2174.35,0.009954
2174.83,0.009533
2175.31,0.008804
2175.79,0.007794
2176.28,0.006615
2176.76,0.005446
2177.24,0.004468
2177.72,0.003800
2178.20,0.003464
2178.68,0.003388
2179.17,0.003454
2179.65,0.003558
2180.13,0.003663
2180.61,0.003802
2181.10,0.004054
2181.58,0.004471
2182.06,0.005032
2182.54,0.005611
2183.02,0.006022
2183.51,0.006078
2183.99,0.005679
2184.47,0.004871
2184.95,0.003854
2185.43,0.002921
2185.92,0.002340
2186.40,0.002295
2186.88,0.002805
2187.36,0.003741
2187.84,0.004864
2188.33,0.005912
2188.81,0.006691
2189.29,0.007103
2189.77,0.007180
2190.26,0.007041
2190.74,0.006849
2191.22,0.006746
2191.70,0.006818
2192.18,0.007090
2192.67,0.007526
2193.15,0.008043
2193.63,0.008529
2194.11,0.008875
2194.59,0.008986
2195.08,0.008802
2195.56,0.008330
2196.04,0.007648
2196.52,0.006910
2197.01,0.006305
2197.49,0.006026
2197.97,0.006199
2198.45,0.006844
2198.93,0.007857
2199.42,0.009037
2199.90,0.010153
2200.38,0.010988
2200.86,0.011428
2201.34,0.011469
2201.83,0.011199
2202.31,0.010737
2202.79,0.010166
2203.27,0.009497
2203.76,0.008668
2204.24,0.007590
2204.72,0.006207
2205.20,0.004566
2205.68,0.002835
2206.17,0.001290
2206.65,0.000220
2207.13,-0.000131
2207.61,0.000337
2208.09,0.001546
2208.58,0.003250
2209.06,0.005112
2209.54,0.006822
2210.02,0.008147
2210.51,0.009008
2210.99,0.009461
2211.47,0.009659
2211.95,0.009769
2212.43,0.009912
2212.92,0.010122
2213.40,0.010337
2213.88,0.010434
2214.36,0.010274
2214.84,0.009770
2215.33,0.008916
2215.81,0.007810
2216.29,0.006616
2216.77,0.005544
2217.26,0.004781
2217.74,0.004436
2218.22,0.004528
2218.70,0.004970
2219.18,0.005609
2219.66,0.006256
2220.15,0.006749
2220.63,0.007005
2221.11,0.007027
2221.59,0.006898
2222.08,0.006734
2222.56,0.006646
2223.04,0.006678
2223.52,0.006802
2224.00,0.006927
2224.49,0.006951
2224.97,0.006816
2225.45,0.006549
2225.93,0.006263
2226.41,0.006129
2226.90,0.006305
2227.38,0.006855
2227.86,0.007711
2228.34,0.008662
2228.82,0.009436
2229.31,0.009753
2229.79,0.009441
2230.27,0.008494
2230.75,0.007083
2231.24,0.005511
2231.72,0.004106
2232.20,0.003157
2232.68,0.002806
2233.16,0.003035
2233.65,0.003690
2234.13,0.004553
2234.61,0.005407
2235.09,0.006097
2235.57,0.006571
2236.06,0.006868
2236.54,0.007094
2237.02,0.007367
2237.50,0.007787
2237.99,0.008399
2238.47,0.009180
2238.95,0.010048
2239.43,0.010874
2239.91,0.011529
2240.40,0.011896
2240.88,0.011914
2241.36,0.011588
2241.84,0.010997
2242.32,0.010276
2242.81,0.009582
2243.29,0.009066
2243.77,0.008823
2244.25,0.008875
2244.74,0.009171
2245.22,0.009609
2245.70,0.010070
2246.18,0.010447
2246.66,0.010684
2247.15,0.010771
2247.63,0.010742
2248.11,0.010641
2248.59,0.010508
2249.07,0.010359
2249.56,0.010189
2250.04,0.009978
2250.52,0.009712
2251.00,0.009390
2251.49,0.009028
2251.97,0.008650
2252.45,0.008279
2252.93,0.007923
2253.41,0.007578
2253.90,0.007227
2254.38,0.006851
2254.86,0.006443
2255.34,0.006011
2255.82,0.005581
2256.31,0.005189
2256.79,0.004880
2257.27,0.004694
2257.75,0.004661
2258.24,0.004798
2258.72,0.005103
2259.20,0.005558
2259.68,0.006121
2260.16,0.006735
2260.64,0.007334
2261.13,0.007845
2261.61,0.008212
2262.09,0.008405
2262.57,0.008427
2263.06,0.008316
2263.54,0.008135
2264.02,0.007959
2264.50,0.007852
2264.98,0.007856
2265.47,0.007988
2265.95,0.008234
2266.43,0.008564
2266.91,0.008932
2267.39,0.009290
2267.88,0.009594
2268.36,0.009803
2268.84,0.009887
2269.32,0.009830
2269.80,0.009636
2270.29,0.009327
2270.77,0.008950
2271.25,0.008561
2271.73,0.008213
2272.22,0.007951
2272.70,0.007791
2273.18,0.007727
2273.66,0.007731
2274.14,0.007771
2274.63,0.007824
2275.11,0.007889
2275.59,0.007987
2276.07,0.008152
2276.55,0.008417
2277.04,0.008796
2277.52,0.009269
2278.00,0.009780
2278.48,0.010255
2278.97,0.010616
2279.45,0.010803
2279.93,0.010794
2280.41,0.010611
2280.89,0.010316
2281.38,0.009988
2281.86,0.009710
2282.34,0.009543
2282.82,0.009511
2283.30,0.009600
2283.79,0.009766
2284.27,0.009950
2284.75,0.010091
2285.23,0.010144
2285.72,0.010088
2286.20,0.009929
2286.68,0.009696
2287.16,0.009430
2287.64,0.009179
2288.13,0.008987
2288.61,0.008884
2289.09,0.008887
2289.57,0.008995
2290.05,0.009194
2290.54,0.009462
2291.02,0.009769
2291.50,0.010084
2291.98,0.010375
2292.47,0.010609
2292.95,0.010757
2293.43,0.010791
2293.91,0.010693
2294.39,0.010457
2294.88,0.010090
2295.36,0.009624
2295.84,0.009111
2296.32,0.008618
2296.80,0.008217
2297.29,0.007978
2297.77,0.007946
2298.25,0.008132
2298.73,0.008509
2299.21,0.009016
2299.70,0.009564
2300.18,0.010054
2300.66,0.010404
2301.14,0.010562
2301.62,0.010519
2302.11,0.010311
2302.59,0.010011
2303.07,0.009706
2303.55,0.009466
2304.04,0.009334
2304.52,0.009305
2305.00,0.009338
2305.48,0.009363
2305.96,0.009311
2306.45,0.009136
2306.93,0.008832
2307.41,0.008438
2307.89,0.008020
2308.38,0.007662
2308.86,0.007435
2309.34,0.007380
2309.82,0.007508
2310.30,0.007802
2310.78,0.008228
2311.27,0.008744
2311.75,0.009308
2312.23,0.009877
2312.71,0.010404
2313.20,0.010837
2313.68,0.011124
2314.16,0.011228
2314.64,0.011136
2315.12,0.010871
2315.61,0.010493
2316.09,0.010082
2316.57,0.009720
2317.05,0.009465
2317.53,0.009335
2318.02,0.009305
2318.50,0.009322
2318.98,0.009327
2319.46,0.009272
2319.95,0.009144
2320.43,0.008962
2320.91,0.008769
2321.39,0.008611
2321.87,0.008523
2322.36,0.008522
2322.84,0.008599
2323.32,0.008736
2323.80,0.008910
2324.28,0.009102
2324.77,0.009300
2325.25,0.009492
2325.73,0.009669
2326.21,0.009818
2326.70,0.009930
2327.18,0.010000
2327.66,0.010027
2328.14,0.010021
2328.62,0.009990
2329.11,0.009943
2329.59,0.009878
2330.07,0.009785
2330.55,0.009653
2331.03,0.009477
2331.52,0.009265
2332.00,0.009045
2332.48,0.008852
2332.96,0.008725
2333.45,0.008693
2333.93,0.008764
2334.41,0.008928
2334.89,0.009155
2335.37,0.009412
2335.86,0.009658
2336.34,0.009859
2336.82,0.009990
2337.30,0.010034
2337.78,0.009990
2338.27,0.009873
2338.75,0.009717
2339.23,0.009569
2339.71,0.009479
2340.19,0.009487
2340.68,0.009607
2341.16,0.009819
2341.64,0.010071
2342.12,0.010300
2342.61,0.010442
2343.09,0.010459
2343.57,0.010350
2344.05,0.010145
2344.53,0.009897
2345.02,0.009655
2345.50,0.009459
2345.98,0.009322
2346.46,0.009235
2346.94,0.009179
2347.43,0.009131
2347.91,0.009076
2348.39,0.009005
2348.87,0.008911
2349.35,0.008793
2349.84,0.008651
2350.32,0.008489
2350.80,0.008318
2351.28,0.008161
2351.76,0.008048
2352.25,0.008009
2352.73,0.008064
2353.21,0.008210
2353.69,0.008416
2354.18,0.008638
2354.66,0.008835
2355.14,0.008989
2355.62,0.009124
2356.10,0.009287
2356.59,0.009538
2357.07,0.009914
2357.55,0.010401
2358.03,0.010933
2358.51,0.011407
2359.00,0.011725
2359.48,0.011822
2359.96,0.011704
2360.44,0.011437
2360.93,0.011139
2361.41,0.010925
2361.89,0.010870
2362.37,0.010981
2362.85,0.011198
2363.34,0.011413
2363.82,0.011505
2364.30,0.011383
2364.78,0.011015
2365.26,0.010436
2365.75,0.009738
2366.23,0.009051
2366.71,0.008502
2367.19,0.008182
2367.68,0.008128
2368.16,0.008315
2368.64,0.008668
2369.12,0.009081
2369.60,0.009452
2370.09,0.009709
2370.57,0.009826
2371.05,0.009826
2371.53,0.009768
2372.01,0.009724
2372.50,0.009747
2372.98,0.009857
2373.46,0.010032
2373.94,0.010219
2374.43,0.010352
2374.91,0.010376
2375.39,0.010268
2375.87,0.010042
2376.35,0.009746
2376.84,0.009445
2377.32,0.009200
2377.80,0.009056
2378.28,0.009026
2378.76,0.009096
2379.25,0.009228
2379.73,0.009383
2380.21,0.009522
2380.69,0.009623
2381.17,0.009684
2381.66,0.009716
2382.14,0.009737
2382.62,0.009766
2383.10,0.009813
2383.59,0.009876
2384.07,0.009943
2384.55,0.009995
2385.03,0.010012
2385.51,0.009981
2385.99,0.009898
2386.48,0.009770
2386.96,0.009615
2387.44,0.009456
2387.92,0.009314
2388.41,0.009209
2388.89,0.009150
2389.37,0.009140
2389.85,0.009169
2390.33,0.009223
2390.82,0.009283
2391.30,0.009329
2391.78,0.009343
2392.26,0.009317
2392.74,0.009252
2393.23,0.009161
2393.71,0.009071
2394.19,0.009015
2394.67,0.009026
2395.16,0.009130
2395.64,0.009335
2396.12,0.009628
2396.60,0.009975
2397.08,0.010321
2397.57,0.010611
2398.05,0.010790
2398.53,0.010820
2399.01,0.010685
2399.49,0.010390
2399.98,0.009965
2400.46,0.009449
2400.94,0.008892
2401.42,0.008349
2401.91,0.007868
2402.39,0.007494
2402.87,0.007266
2403.35,0.007207
2403.83,0.007323
2404.32,0.007601
2404.80,0.008009
2405.28,0.008493
2405.76,0.008995
2406.24,0.009459
2406.73,0.009842
2407.21,0.010128
2407.69,0.010322
2408.17,0.010446
2408.66,0.010529
2409.14,0.010591
2409.62,0.010637
2410.10,0.010654
2410.58,0.010622
2411.07,0.010520
2411.55,0.010346
2412.03,0.010125
2412.51,0.009898
2412.99,0.009716
2413.48,0.009623
2413.96,0.009633
2414.44,0.009727
2414.92,0.009855
2415.41,0.009954
2415.89,0.009971
2416.37,0.009880
2416.85,0.009692
2417.33,0.009451
2417.82,0.009218
2418.30,0.009045
2418.78,0.008962
2419.26,0.008971
2419.74,0.009053
2420.23,0.009180
2420.71,0.009333
2421.19,0.009512
2421.67,0.009728
2422.15,0.009992
2422.64,0.010298
2423.12,0.010614
2423.60,0.010888
2424.08,0.011064
2424.57,0.011103
2425.05,0.011001
2425.53,0.010797
2426.01,0.010558
2426.49,0.010356
2426.97,0.010239
2427.46,0.010217
2427.94,0.010258
2428.42,0.010302
2428.90,0.010285
2429.39,0.010168
2429.87,0.009944
2430.35,0.009645
2430.83,0.009318
2431.31,0.009012
2431.80,0.008762
2432.28,0.008581
2432.76,0.008466
2433.24,0.008412
2433.72,0.008417
2434.21,0.008486
2434.69,0.008625
2435.17,0.008828
2435.65,0.009070
2436.14,0.009307
2436.62,0.009491
2437.10,0.009580
2437.58,0.009564
2438.06,0.009465
2438.55,0.009342
2439.03,0.009260
2439.51,0.009281
2439.99,0.009435
2440.47,0.009717
2440.96,0.010082
2441.44,0.010466
2441.92,0.010801
2442.40,0.011033
2442.89,0.011128
2443.37,0.011083
2443.85,0.010911
2444.33,0.010645
2444.81,0.010317
2445.30,0.009962
2445.78,0.009613
2446.26,0.009291
2446.74,0.009014
2447.22,0.008792
2447.71,0.008631
2448.19,0.008534
2448.67,0.008504
2449.15,0.008538
2449.64,0.008633
2450.12,0.008774
2450.60,0.008941
2451.08,0.009106
2451.56,0.009249
2452.05,0.009360
2452.53,0.009453
2453.01,0.009561
2453.49,0.009730
2453.97,0.009999
2454.46,0.010381
2454.94,0.010854
2455.42,0.011356
2455.90,0.011809
2456.39,0.012137
2456.87,0.012293
2457.35,0.012279
2457.83,0.012137
2458.31,0.011935
2458.80,0.011737
2459.28,0.011586
2459.76,0.011485
2460.24,0.011408
2460.72,0.011318
2461.21,0.011188
2461.69,0.011019
2462.17,0.010837
2462.65,0.010686
2463.13,0.010606
2463.62,0.010617
2464.10,0.010714
2464.58,0.010868
2465.06,0.011047
2465.55,0.011226
2466.03,0.011397
2466.51,0.011567
2466.99,0.011745
2467.47,0.011932
2467.95,0.012109
2468.44,0.012243
2468.92,0.012290
2469.40,0.012219
2469.88,0.012018
2470.37,0.011705
2470.85,0.011323
2471.33,0.010931
2471.81,0.010588
2472.29,0.010340
2472.78,0.010217
2473.26,0.010225
2473.74,0.010352
2474.22,0.010567
2474.70,0.010827
2475.19,0.011089
2475.67,0.011306
2476.15,0.011445
2476.63,0.011493
2477.11,0.011458
2477.60,0.011368
2478.08,0.011265
2478.56,0.011191
2479.04,0.011179
2479.53,0.011240
2480.01,0.011371
2480.49,0.011551
2480.97,0.011755
2481.45,0.011955
2481.94,0.012129
2482.42,0.012263
2482.90,0.012345
2483.38,0.012372
2483.86,0.012346
2484.35,0.012277
2484.83,0.012183
2485.31,0.012083
2485.79,0.011992
2486.28,0.011912
2486.76,0.011828
2487.24,0.011716
2487.72,0.011550
2488.20,0.011318
2488.69,0.011035
2489.17,0.010739
2489.65,0.010486
2490.13,0.010325
2490.61,0.010280
2491.10,0.010338
2491.58,0.010451
2492.06,0.010553
2492.54,0.010588
2493.03,0.010529
2493.51,0.010392
2493.99,0.010231
2494.47,0.010110
2494.95,0.010086
2495.44,0.010178
2495.92,0.010369
2496.40,0.010606
2496.88,0.010825
2497.36,0.010977
2497.85,0.011037
2498.33,0.011011
2498.81,0.010931
2499.29,0.010838
2499.78,0.010769
2500.26,0.010748
2500.74,0.010785
2501.22,0.010879
2501.70,0.011028
2502.19,0.011223
2502.67,0.011456
2503.15,0.011714
2503.63,0.011975
2504.11,0.012217
2504.60,0.012416
2505.08,0.012560
2505.56,0.012648
2506.04,0.012691
2506.53,0.012706
2507.01,0.012707
2507.49,0.012695
2507.97,0.012657
2508.45,0.012572
2508.93,0.012419
2509.42,0.012189
2509.90,0.011893
2510.38,0.011561
2510.86,0.011239
2511.35,0.010972
2511.83,0.010799
2512.31,0.010738
2512.79,0.010786
2513.27,0.010927
2513.76,0.011131
2514.24,0.011367
2514.72,0.011603
2515.20,0.011817
2515.68,0.011987
2516.17,0.012101
2516.65,0.012155
2517.13,0.012157
2517.61,0.012119
2518.09,0.012061
2518.58,0.011999
2519.06,0.011939
2519.54,0.011874
2520.02,0.011780
2520.51,0.011630
2520.99,0.011403
2521.47,0.011102
2521.95,0.010756
2522.43,0.010420
2522.92,0.010163
2523.40,0.010043
2523.88,0.010084
2524.36,0.010265
2524.84,0.010524
2525.33,0.010772
2525.81,0.010921
2526.29,0.010916
2526.77,0.010754
2527.26,0.010486
2527.74,0.010196
2528.22,0.009985
2528.70,0.009932
2529.18,0.010073
2529.67,0.010393
2530.15,0.010836
2530.63,0.011324
2531.11,0.011777
2531.59,0.012136
2532.08,0.012378
2532.56,0.012510
2533.04,0.012563
2533.52,0.012576
2534.01,0.012586
2534.49,0.012614
2534.97,0.012665
2535.45,0.012726
2535.93,0.012778
2536.42,0.012800
2536.90,0.012778
2537.38,0.012711
2537.86,0.012615
2538.34,0.012520
2538.83,0.012459
2539.31,0.012461
2539.79,0.012543
2540.27,0.012697
2540.76,0.012894
2541.24,0.013093
2541.72,0.013253
2542.20,0.013339
2542.68,0.013345
2543.17,0.013283
2543.65,0.013186
2544.13,0.013092
2544.61,0.013030
2545.09,0.013013
2545.58,0.013033
2546.06,0.013067
2546.54,0.013082
2547.02,0.013053
2547.50,0.012960
2547.99,0.012797
2548.47,0.012570
2548.95,0.012289
2549.43,0.011973
2549.91,0.011639
2550.40,0.011313
2550.88,0.011026
2551.36,0.010809
2551.84,0.010698
2552.33,0.010722
2552.81,0.010896
2553.29,0.011212
2553.77,0.011643
2554.25,0.012140
2554.74,0.012639
2555.22,0.013079
2555.70,0.013409
2556.18,0.013596
2556.66,0.013634
2557.15,0.013544
2557.63,0.013364
2558.11,0.013140
2558.59,0.012915
2559.07,0.012720
2559.56,0.012569
2560.04,0.012458
2560.52,0.012373
2561.00,0.012296
2561.49,0.012216
2561.97,0.012133
2562.45,0.012058
2562.93,0.012014
2563.41,0.012027
2563.90,0.012118
2564.38,0.012300
2564.86,0.012572
2565.34,0.012915
2565.82,0.013294
2566.31,0.013665
2566.79,0.013975
2567.27,0.014175
2567.75,0.014226
2568.24,0.014113
2568.72,0.013846
2569.20,0.013462
2569.68,0.013024
2570.16,0.012606
2570.65,0.012279
2571.13,0.012097
2571.61,0.012091
2572.09,0.012259
2572.57,0.012572
2573.06,0.012984
2573.54,0.013439
2574.02,0.013878
2574.50,0.014253
2574.99,0.014527
2575.47,0.014673
2575.95,0.014683
2576.43,0.014563
2576.91,0.014331
2577.40,0.014018
2577.88,0.013654
2578.36,0.013274
2578.84,0.012901
2579.32,0.012557
2579.81,0.012258
2580.29,0.012022
2580.77,0.011870
2581.25,0.011829
2581.74,0.011920
2582.22,0.012153
2582.70,0.012513
2583.18,0.012962
2583.66,0.013432
2584.14,0.013847
2584.63,0.014140
2585.11,0.014265
2585.59,0.014212
2586.07,0.014008
2586.56,0.013708
2587.04,0.013374
2587.52,0.013066
2588.00,0.012825
2588.48,0.012670
2588.97,0.012601
2589.45,0.012601
2589.93,0.012653
2590.41,0.012734
2590.89,0.012826
2591.38,0.012912
2591.86,0.012982
2592.34,0.013030
2592.82,0.013060
2593.31,0.013088
2593.79,0.013141
2594.27,0.013245
2594.75,0.013423
2595.23,0.013679
2595.72,0.013997
2596.20,0.014334
2596.68,0.014635
2597.16,0.014846
2597.64,0.014927
2598.13,0.014868
2598.61,0.014691
2599.09,0.014444
2599.57,0.014189
2600.05,0.013988
2600.54,0.013885
2601.02,0.013900
2601.50,0.014024
2601.98,0.014231
2602.47,0.014484
2602.95,0.014745
2603.43,0.014983
2603.91,0.015176
2604.39,0.015308
2604.88,0.015369
2605.36,0.015353
2605.84,0.015260
2606.32,0.015096
2606.80,0.014879
2607.29,0.014641
2607.77,0.014421
2608.25,0.014258
2608.73,0.014189
2609.22,0.014235
2609.70,0.014397
2610.18,0.014658
2610.66,0.014984
2611.14,0.015332
2611.63,0.015656
2612.11,0.015916
2612.59,0.016079
2613.07,0.016130
2613.55,0.016068
2614.04,0.015911
2614.52,0.015692
2615.00,0.015449
2615.48,0.015223
2615.97,0.015045
2616.45,0.014927
2616.93,0.014864
2617.41,0.014835
2617.89,0.014815
2618.38,0.014785
2618.86,0.014741
2619.34,0.014693
2619.82,0.014663
2620.30,0.014671
2620.79,0.014724
2621.27,0.014813
2621.75,0.014916
2622.23,0.015004
2622.72,0.015055
2623.20,0.015061
2623.68,0.015032
2624.16,0.014993
2624.64,0.014964
2625.12,0.014961
2625.61,0.014984
2626.09,0.015020
2626.57,0.015055
2627.05,0.015081
2627.54,0.015103
2628.02,0.015137
2628.50,0.015206
2628.98,0.015324
2629.46,0.015490
2629.95,0.015684
2630.43,0.015872
2630.91,0.016011
2631.39,0.016071
2631.88,0.016035
2632.36,0.015908
2632.84,0.015714
2633.32,0.015490
2633.80,0.015277
2634.28,0.015110
2634.77,0.015015
2635.25,0.015003
2635.73,0.015073
2636.21,0.015206
2636.70,0.015376
2637.18,0.015549
2637.66,0.015694
2638.14,0.015788
2638.62,0.015821
2639.11,0.015798
2639.59,0.015736
2640.07,0.015658
2640.55,0.015582
2641.03,0.015519
2641.52,0.015469
2642.00,0.015421
2642.48,0.015367
2642.96,0.015299
2643.45,0.015217
2643.93,0.015132
2644.41,0.015057
2644.89,0.015007
2645.37,0.014993
2645.86,0.015020
2646.34,0.015083
2646.82,0.015174
2647.30,0.015283
2647.78,0.015396
2648.27,0.015508
2648.75,0.015611
2649.23,0.015705
2649.71,0.015794
2650.20,0.015880
2650.68,0.015967
2651.16,0.016055
2651.64,0.016138
2652.12,0.016202
2652.61,0.016232
2653.09,0.016213
2653.57,0.016139
2654.05,0.016016
2654.53,0.015863
2655.02,0.015708
2655.50,0.015582
2655.98,0.015512
2656.46,0.015513
2656.95,0.015586
2657.43,0.015722
2657.91,0.015903
2658.39,0.016106
2658.87,0.016309
2659.36,0.016494
2659.84,0.016644
2660.32,0.016748
2660.80,0.016801
2661.28,0.016803
2661.77,0.016766
2662.25,0.016705
2662.73,0.016640
2663.21,0.016584
2663.70,0.016545
2664.18,0.016521
2664.66,0.016503
2665.14,0.016481
2665.62,0.016452
2666.11,0.016418
2666.59,0.016387
2667.07,0.016372
2667.55,0.016375
2668.03,0.016392
2668.52,0.016410
2669.00,0.016411
2669.48,0.016386
2669.96,0.016335
2670.44,0.016269
2670.93,0.016209
2671.41,0.016175
2671.89,0.016175
2672.37,0.016205
2672.86,0.016248
2673.34,0.016289
2673.82,0.016319
2674.30,0.016342
2674.78,0.016376
2675.26,0.016444
2675.75,0.016561
2676.23,0.016729
2676.71,0.016927
2677.19,0.017124
2677.68,0.017285
2678.16,0.017386
2678.64,0.017420
2679.12,0.017396
2679.60,0.017340
2680.09,0.017278
2680.57,0.017233
2681.05,0.017214
2681.53,0.017223
2682.01,0.017253
2682.50,0.017296
2682.98,0.017344
2683.46,0.017391
2683.94,0.017430
2684.43,0.017452
2684.91,0.017444
2685.39,0.017397
2685.87,0.017303
2686.35,0.017161
2686.84,0.016981
2687.32,0.016784
2687.80,0.016593
2688.28,0.016436
2688.76,0.016334
2689.25,0.016300
2689.73,0.016334
2690.21,0.016423
2690.69,0.016543
2691.18,0.016666
2691.66,0.016765
2692.14,0.016824
2692.62,0.016844
2693.10,0.016844
2693.59,0.016851
2694.07,0.016896
2694.55,0.016999
2695.03,0.017158
2695.51,0.017350
2696.00,0.017535
2696.48,0.017670
2696.96,0.017728
2697.44,0.017705
2697.93,0.017622
2698.41,0.017520
2698.89,0.017438
2699.37,0.017404
2699.85,0.017419
2700.34,0.017465
2700.82,0.017512
2701.30,0.017534
2701.78,0.017523
2702.26,0.017492
2702.75,0.017471
2703.23,0.017491
2703.71,0.017572
2704.19,0.017709
2704.68,0.017879
2705.16,0.018045
2705.64,0.018174
2706.12,0.018248
2706.60,0.018273
2707.09,0.018274
2707.57,0.018286
2708.05,0.018342
2708.53,0.018459
2709.01,0.018633
2709.50,0.018844
2709.98,0.019056
2710.46,0.019236
2710.94,0.019358
2711.42,0.019408
2711.91,0.019390
2712.39,0.019316
2712.87,0.019210
2713.35,0.019095
2713.84,0.018991
2714.32,0.018912
2714.80,0.018861
2715.28,0.018835
2715.76,0.018824
2716.24,0.018819
2716.73,0.018811
2717.21,0.018796
2717.69,0.018775
2718.17,0.018751
2718.66,0.018724
2719.14,0.018693
2719.62,0.018658
2720.10,0.018617
2720.58,0.018578
2721.07,0.018555
2721.55,0.018568
2722.03,0.018635
2722.51,0.018772
2722.99,0.018974
2723.48,0.019223
2723.96,0.019485
2724.44,0.019724
2724.92,0.019908
2725.41,0.020022
2725.89,0.020069
2726.37,0.020069
2726.85,0.020047
2727.33,0.020026
2727.82,0.020015
2728.30,0.020015
2728.78,0.020014
2729.26,0.020002
2729.74,0.019975
2730.23,0.019939
2730.71,0.019908
2731.19,0.019894
2731.67,0.019907
2732.16,0.019944
2732.64,0.019991
2733.12,0.020029
2733.60,0.020037
2734.08,0.020002
2734.57,0.019923
2735.05,0.019807
2735.53,0.019672
2736.01,0.019538
2736.49,0.019427
2736.98,0.019354
2737.46,0.019335
2737.94,0.019377
2738.42,0.019483
2738.91,0.019645
2739.39,0.019847
2739.87,0.020064
2740.35,0.020264
2740.83,0.020419
2741.32,0.020509
2741.80,0.020530
2742.28,0.020496
2742.76,0.020435
2743.24,0.020385
2743.73,0.020376
2744.21,0.020428
2744.69,0.020544
2745.17,0.020708
2745.66,0.020897
2746.14,0.021084
2746.62,0.021249
2747.10,0.021381
2747.58,0.021479
2748.07,0.021548
2748.55,0.021594
2749.03,0.021616
2749.51,0.021609
2749.99,0.021566
2750.48,0.021480
2750.96,0.021354
2751.44,0.021199
2751.92,0.021034
2752.40,0.020883
2752.89,0.020771
2753.37,0.020711
2753.85,0.020706
2754.33,0.020748
2754.82,0.020819
2755.30,0.020901
2755.78,0.020979
2756.26,0.021047
2756.74,0.021111
2757.22,0.021180
2757.71,0.021269
2758.19,0.021386
2758.67,0.021532
2759.15,0.021697
2759.64,0.021863
2760.12,0.022010
2760.60,0.022116
2761.08,0.022170
2761.56,0.022166
2762.05,0.022114
2762.53,0.022031
2763.01,0.021937
2763.49,0.021856
2763.97,0.021807
2764.46,0.021802
2764.94,0.021846
2765.42,0.021934
2765.90,0.022057
2766.39,0.022201
2766.87,0.022352
2767.35,0.022496
2767.83,0.022621
2768.31,0.022719
2768.80,0.022785
2769.28,0.022815
2769.76,0.022812
2770.24,0.022782
2770.72,0.022734
2771.21,0.022684
2771.69,0.022644
2772.17,0.022631
2772.65,0.022649
2773.14,0.022698
2773.62,0.022764
2774.10,0.022829
2774.58,0.022871
2775.06,0.022875
2775.55,0.022837
2776.03,0.022766
2776.51,0.022683
2776.99,0.022615
2777.47,0.022589
2777.96,0.022621
2778.44,0.022715
2778.92,0.022863
2779.40,0.023047
2779.89,0.023245
2780.37,0.023434
2780.85,0.023595
2781.33,0.023713
2781.81,0.023776
2782.30,0.023780
2782.78,0.023727
2783.26,0.023630
2783.74,0.023511
2784.22,0.023399
2784.71,0.023327
2785.19,0.023320
2785.67,0.023389
2786.15,0.023528
2786.63,0.023715
2787.12,0.023916
2787.60,0.024098
2788.08,0.024240
2788.56,0.024330
2789.05,0.024372
2789.53,0.024380
2790.01,0.024371
2790.49,0.024355
2790.97,0.024339
2791.46,0.024325
2791.94,0.024315
2792.42,0.024310
2792.90,0.024318
2793.38,0.024346
2793.87,0.024402
2794.35,0.024490
2794.83,0.024609
2795.31,0.024753
2795.80,0.024913
2796.28,0.025077
2796.76,0.025235
2797.24,0.025371
2797.72,0.025473
2798.20,0.025527
2798.69,0.025526
2799.17,0.025474
2799.65,0.025386
2800.13,0.025285
2800.62,0.025202
2801.10,0.025160
2801.58,0.025170
2802.06,0.025225
2802.54,0.025303
2803.03,0.025375
2803.51,0.025420
2803.99,0.025431
2804.47,0.025419
2804.95,0.025409
2805.44,0.025430
2805.92,0.025496
2806.40,0.025604
2806.88,0.025730
2807.36,0.025837
2807.85,0.025888
2808.33,0.025859
2808.81,0.025748
2809.29,0.025580
2809.78,0.025390
2810.26,0.025220
2810.74,0.025106
2811.22,0.025066
2811.70,0.025103
2812.19,0.025200
2812.67,0.025337
2813.15,0.025483
2813.63,0.025613
2814.11,0.025708
2814.60,0.025758
2815.08,0.025762
2815.56,0.025733
2816.04,0.025690
2816.53,0.025657
2817.01,0.025656
2817.49,0.025704
2817.97,0.025805
2818.45,0.025954
2818.94,0.026134
2819.42,0.026324
2819.90,0.026507
2820.38,0.026670
2820.86,0.026811
2821.35,0.026934
2821.83,0.027051
2822.31,0.027169
2822.79,0.027294
2823.28,0.027425
2823.76,0.027551
2824.24,0.027658
2824.72,0.027730
2825.20,0.027752
2825.69,0.027717
2826.17,0.027631
2826.65,0.027510
2827.13,0.027381
2827.61,0.027276
2828.10,0.027223
2828.58,0.027239
2829.06,0.027324
2829.54,0.027461
2830.03,0.027621
2830.51,0.027772
2830.99,0.027890
2831.47,0.027966
2831.95,0.028007
2832.44,0.028034
2832.92,0.028071
2833.40,0.028139
2833.88,0.028245
2834.36,0.028380
2834.85,0.028526
2835.33,0.028658
2835.81,0.028755
2836.29,0.028803
2836.77,0.028803
2837.26,0.028766
2837.74,0.028713
2838.22,0.028669
2838.70,0.028656
2839.18,0.028694
2839.67,0.028798
2840.15,0.028973
2840.63,0.029220
2841.11,0.029531
2841.60,0.029895
2842.08,0.030295
2842.56,0.030713
2843.04,0.031127
2843.52,0.031523
2844.01,0.031886
2844.49,0.032211
2844.97,0.032500
2845.45,0.032764
2845.93,0.033017
2846.42,0.033274
2846.90,0.033544
2847.38,0.033827
2847.86,0.034108
2848.34,0.034365
2848.83,0.034574
2849.31,0.034715
2849.79,0.034782
2850.27,0.034788
2850.76,0.034760
2851.24,0.034732
2851.72,0.034732
2852.20,0.034777
2852.68,0.034863
2853.17,0.034970
2853.65,0.035074
2854.13,0.035150
2854.61,0.035188
2855.09,0.035191
2855.58,0.035170
2856.06,0.035142
2856.54,0.035118
2857.02,0.035100
2857.51,0.035080
2857.99,0.035051
2858.47,0.035004
2858.95,0.034938
2859.43,0.034861
2859.92,0.034780
2860.40,0.034703
2860.88,0.034627
2861.36,0.034547
2861.84,0.034448
2862.33,0.034319
2862.81,0.034155
2863.29,0.033962
2863.77,0.033759
2864.26,0.033569
2864.74,0.033423
2865.22,0.033342
2865.70,0.033337
2866.18,0.033405
2866.67,0.033527
2867.15,0.033671
2867.63,0.033799
2868.11,0.033879
2868.59,0.033888
2869.08,0.033825
2869.56,0.033706
2870.04,0.033567
2870.52,0.033453
2871.01,0.033405
2871.49,0.033449
2871.97,0.033591
2872.45,0.033816
2872.93,0.034086
2873.41,0.034359
2873.90,0.034592
2874.38,0.034752
2874.86,0.034821
2875.34,0.034796
2875.83,0.034687
2876.31,0.034511
2876.79,0.034293
2877.27,0.034064
2877.75,0.033851
2878.24,0.033683
2878.72,0.033580
2879.20,0.033554
2879.68,0.033601
2880.16,0.033708
2880.65,0.033856
2881.13,0.034024
2881.61,0.034200
2882.09,0.034382
2882.58,0.034577
2883.06,0.034797
2883.54,0.035051
2884.02,0.035338
2884.50,0.035646
2884.99,0.035953
2885.47,0.036234
2885.95,0.036467
2886.43,0.036643
2886.91,0.036759
2887.40,0.036821
2887.88,0.036837
2888.36,0.036811
2888.84,0.036738
2889.32,0.036610
2889.81,0.036418
2890.29,0.036163
2890.77,0.035859
2891.25,0.035535
2891.74,0.035234
2892.22,0.035008
2892.70,0.034902
2893.18,0.034946
2893.66,0.035147
2894.15,0.035483
2894.63,0.035910
2895.11,0.036363
2895.59,0.036777
2896.07,0.037095
2896.56,0.037280
2897.04,0.037326
2897.52,0.037252
2898.00,0.037103
2898.49,0.036934
2898.97,0.036796
2899.45,0.036731
2899.93,0.036754
2900.41,0.036860
2900.90,0.037021
2901.38,0.037200
2901.86,0.037361
2902.34,0.037475
2902.82,0.037534
2903.31,0.037549
2903.79,0.037549
2904.27,0.037567
2904.75,0.037639
2905.24,0.037786
2905.72,0.038011
2906.20,0.038301
2906.68,0.038630
2907.16,0.038969
2907.65,0.039294
2908.13,0.039592
2908.61,0.039865
2909.09,0.040122
2909.57,0.040374
2910.06,0.040626
2910.54,0.040873
2911.02,0.041101
2911.50,0.041294
2911.99,0.041440
2912.47,0.041540
2912.95,0.041613
2913.43,0.041690
2913.91,0.041808
2914.39,0.042003
2914.88,0.042298
2915.36,0.042699
2915.84,0.043191
2916.32,0.043745
2916.81,0.044323
2917.29,0.044882
2917.77,0.045390
2918.25,0.045824
2918.73,0.046179
2919.22,0.046464
2919.70,0.046703
2920.18,0.046923
2920.66,0.047148
2921.14,0.047393
2921.63,0.047651
2922.11,0.047903
2922.59,0.048111
2923.07,0.048240
2923.55,0.048262
2924.04,0.048171
2924.52,0.047983
2925.00,0.047736
2925.48,0.047482
2925.97,0.047270
2926.45,0.047135
2926.93,0.047093
2927.41,0.047135
2927.89,0.047235
2928.38,0.047355
2928.86,0.047458
2929.34,0.047518
2929.82,0.047518
2930.30,0.047456
2930.79,0.047339
2931.27,0.047182
2931.75,0.047000
2932.23,0.046807
2932.72,0.046611
2933.20,0.046417
2933.68,0.046222
2934.16,0.046023
2934.64,0.045811
2935.13,0.045583
2935.61,0.045339
2936.09,0.045083
2936.57,0.044828
2937.05,0.044591
2937.54,0.044385
2938.02,0.044222
2938.50,0.044101
2938.98,0.044015
2939.47,0.043947
2939.95,0.043878
2940.43,0.043791
2940.91,0.043671
2941.39,0.043515
2941.88,0.043323
2942.36,0.043104
2942.84,0.042867
2943.32,0.042623
2943.80,0.042386
2944.29,0.042170
2944.77,0.041994
2945.25,0.041873
2945.73,0.041821
2946.22,0.041843
2946.70,0.041933
2947.18,0.042076
2947.66,0.042247
2948.14,0.042421
2948.62,0.042577
2949.11,0.042703
2949.59,0.042798
2950.07,0.042864
2950.55,0.042908
2951.04,0.042933
2951.52,0.042940
2952.00,0.042928
2952.48,0.042899
2952.97,0.042859
2953.45,0.042817
2953.93,0.042784
2954.41,0.042765
2954.89,0.042757
2955.38,0.042752
2955.86,0.042740
2956.34,0.042715
2956.82,0.042683
2957.30,0.042662
2957.79,0.042673
2958.27,0.042727
2958.75,0.042821
2959.23,0.042931
2959.71,0.043022
2960.20,0.043061
2960.68,0.043033
2961.16,0.042950
2961.64,0.042852
2962.12,0.042792
2962.61,0.042810
2963.09,0.042924
2963.57,0.043113
2964.05,0.043326
2964.53,0.043499
2965.02,0.043578
2965.50,0.043534
2965.98,0.043374
2966.46,0.043126
2966.95,0.042835
2967.43,0.042543
2967.91,0.042275
2968.39,0.042051
2968.88,0.041880
2969.36,0.041774
2969.84,0.041745
2970.32,0.041803
2970.80,0.041943
2971.28,0.042141
2971.77,0.042354
2972.25,0.042530
2972.73,0.042623
2973.21,0.042608
2973.70,0.042493
2974.18,0.042309
2974.66,0.042099
2975.14,0.041905
2975.62,0.041749
2976.11,0.041634
2976.59,0.041547
2977.07,0.041476
2977.55,0.041415
2978.03,0.041373
2978.52,0.041363
2979.00,0.041394
2979.48,0.041465
2979.96,0.041561
2980.45,0.041655
2980.93,0.041727
2981.41,0.041766
2981.89,0.041778
2982.37,0.041779
2982.86,0.041784
2983.34,0.041795
2983.82,0.041798
2984.30,0.041768
2984.78,0.041681
2985.27,0.041530
2985.75,0.041329
2986.23,0.041117
2986.71,0.040941
2987.20,0.040839
2987.68,0.040827
2988.16,0.040894
2988.64,0.041009
2989.12,0.041130
2989.61,0.041224
2990.09,0.041274
2990.57,0.041283
2991.05,0.041264
2991.53,0.041231
2992.02,0.041193
2992.50,0.041149
2992.98,0.041096
2993.46,0.041035
2993.95,0.040975
2994.43,0.040937
2994.91,0.040943
2995.39,0.041013
2995.87,0.041150
2996.36,0.041337
2996.84,0.041543
2997.32,0.041726
2997.80,0.041852
2998.28,0.041898
2998.77,0.041865
2999.25,0.041771
2999.73,0.041647
3000.21,0.041526
3000.69,0.041435
3001.18,0.041385
3001.66,0.041370
3002.14,0.041370
3002.62,0.041359
3003.11,0.041311
3003.59,0.041213
3004.07,0.041066
3004.55,0.040891
3005.03,0.040721
3005.51,0.040599
3006.00,0.040563
3006.48,0.040640
3006.96,0.040837
3007.44,0.041136
3007.93,0.041502
3008.41,0.041880
3008.89,0.042212
3009.37,0.042449
3009.85,0.042556
3010.34,0.042526
3010.82,0.042380
3011.30,0.042163
3011.78,0.041932
3012.26,0.041738
3012.75,0.041616
3013.23,0.041571
3013.71,0.041586
3014.19,0.041628
3014.68,0.041665
3015.16,0.041685
3015.64,0.041705
3016.12,0.041760
3016.60,0.041895
3017.09,0.042147
3017.57,0.042516
3018.05,0.042971
3018.53,0.043444
3019.01,0.043861
3019.50,0.044150
3019.98,0.044269
3020.46,0.044214
3020.94,0.044017
3021.43,0.043732
3021.91,0.043419
3022.39,0.043138
3022.87,0.042934
3023.35,0.042836
3023.84,0.042860
3024.32,0.043004
3024.80,0.043255
3025.28,0.043580
3025.76,0.043932
3026.25,0.044259
3026.73,0.044514
3027.21,0.044665
3027.69,0.044709
3028.18,0.044667
3028.66,0.044574
3029.14,0.044471
3029.62,0.044387
3030.10,0.044331
3030.59,0.044296
3031.07,0.044268
3031.55,0.044234
3032.03,0.044192
3032.51,0.044153
3033.00,0.044131
3033.48,0.044141
3033.96,0.044191
3034.44,0.044278
3034.93,0.044400
3035.41,0.044556
3035.89,0.044753
3036.37,0.044998
3036.85,0.045293
3037.34,0.045624
3037.82,0.045956
3038.30,0.046238
3038.78,0.046416
3039.26,0.046452
3039.75,0.046337
3040.23,0.046098
3040.71,0.045795
3041.19,0.045497
3041.67,0.045272
3042.16,0.045169
3042.64,0.045203
3043.12,0.045362
3043.60,0.045614
3044.09,0.045913
3044.57,0.046208
3045.05,0.046453
3045.53,0.046609
3046.01,0.046645
3046.49,0.046551
3046.98,0.046337
3047.46,0.046039
3047.94,0.045708
3048.42,0.045411
3048.91,0.045208
3049.39,0.045142
3049.87,0.045224
3050.35,0.045436
3050.83,0.045740
3051.32,0.046085
3051.80,0.046427
3052.28,0.046739
3052.76,0.047014
3053.24,0.047261
3053.73,0.047495
3054.21,0.047733
3054.69,0.047985
3055.17,0.048250
3055.66,0.048516
3056.14,0.048766
3056.62,0.048983
3057.10,0.049148
3057.58,0.049253
3058.07,0.049297
3058.55,0.049287
3059.03,0.049239
3059.51,0.049167
3059.99,0.049090
3060.48,0.049019
3060.96,0.048963
3061.44,0.048928
3061.92,0.048917
3062.41,0.048936
3062.89,0.048986
3063.37,0.049065
3063.85,0.049163
3064.33,0.049258
3064.82,0.049322
3065.30,0.049325
3065.78,0.049247
3066.26,0.049083
3066.74,0.048855
3067.23,0.048601
3067.71,0.048373
3068.19,0.048219
3068.67,0.048174
3069.16,0.048253
3069.64,0.048449
3070.12,0.048740
3070.60,0.049096
3071.08,0.049482
3071.57,0.049867
3072.05,0.050218
3072.53,0.050505
3073.01,0.050702
3073.49,0.050789
3073.98,0.050758
3074.46,0.050623
3074.94,0.050414
3075.42,0.050179
3075.90,0.049966
3076.39,0.049821
3076.87,0.049771
3077.35,0.049820
3077.83,0.049952
3078.32,0.050136
3078.80,0.050337
3079.28,0.050523
3079.76,0.050673
3080.24,0.050777
3080.73,0.050837
3081.21,0.050860
3081.69,0.050854
3082.17,0.050827
3082.65,0.050782
3083.14,0.050718
3083.62,0.050629
3084.10,0.050514
3084.58,0.050372
3085.07,0.050210
3085.55,0.050042
3086.03,0.049890
3086.51,0.049774
3086.99,0.049712
3087.47,0.049712
3087.96,0.049772
3088.44,0.049878
3088.92,0.050011
3089.40,0.050151
3089.89,0.050280
3090.37,0.050390
3090.85,0.050473
3091.33,0.050526
3091.81,0.050546
3092.30,0.050530
3092.78,0.050477
3093.26,0.050392
3093.74,0.050290
3094.22,0.050191
3094.71,0.050119
3095.19,0.050092
3095.67,0.050119
3096.15,0.050195
3096.64,0.050301
3097.12,0.050414
3097.60,0.050513
3098.08,0.050587
3098.56,0.050638
3099.05,0.050674
3099.53,0.050709
3100.01,0.050755
3100.49,0.050818
3100.97,0.050897
3101.46,0.050989
3101.94,0.051087
3102.42,0.051184
3102.90,0.051276
3103.39,0.051355
3103.87,0.051412
3104.35,0.051436
3104.83,0.051418
3105.31,0.051356
3105.80,0.051258
3106.28,0.051142
3106.76,0.051034
3107.24,0.050958
3107.72,0.050928
3108.21,0.050943
3108.69,0.050984
3109.17,0.051024
3109.65,0.051035
3110.14,0.051001
3110.62,0.050922
3111.10,0.050821
3111.58,0.050731
3112.06,0.050684
3112.55,0.050699
3113.03,0.050774
3113.51,0.050887
3113.99,0.050998
3114.47,0.051074
3114.96,0.051091
3115.44,0.051049
3115.92,0.050971
3116.40,0.050896
3116.88,0.050862
3117.37,0.050898
3117.85,0.051007
3118.33,0.051173
3118.81,0.051365
3119.30,0.051541
3119.78,0.051672
3120.26,0.051739
3120.74,0.051742
3121.22,0.051693
3121.71,0.051612
3122.19,0.051523
3122.67,0.051448
3123.15,0.051410
3123.63,0.051430
3124.12,0.051524
3124.60,0.051700
3125.08,0.051953
3125.56,0.052264
3126.04,0.052597
3126.53,0.052903
3127.01,0.053134
3127.49,0.053250
3127.97,0.053231
3128.45,0.053084
3128.94,0.052840
3129.42,0.052550
3129.90,0.052269
3130.38,0.052053
3130.87,0.051939
3131.35,0.051944
3131.83,0.052062
3132.31,0.052264
3132.79,0.052504
3133.28,0.052728
3133.76,0.052890
3134.24,0.052958
3134.72,0.052929
3135.20,0.052821
3135.69,0.052678
3136.17,0.052550
3136.65,0.052475
3137.13,0.052474
3137.61,0.052541
3138.10,0.052649
3138.58,0.052754
3139.06,0.052815
3139.54,0.052805
3140.03,0.052716
3140.51,0.052559
3140.99,0.052360
3141.47,0.052151
3141.95,0.051968
3142.44,0.051840
3142.92,0.051795
3143.40,0.051849
3143.88,0.052012
3144.36,0.052275
3144.85,0.052616
3145.33,0.052992
3145.81,0.053351
3146.29,0.053643
3146.78,0.053833
3147.26,0.053909
3147.74,0.053887
3148.22,0.053804
3148.70,0.053708
3149.19,0.053637
3149.67,0.053611
3150.15,0.053631
3150.63,0.053681
3151.11,0.053739
3151.60,0.053791
3152.08,0.053835
3152.56,0.053882
3153.04,0.053952
3153.53,0.054066
3154.01,0.054237
3154.49,0.054467
3154.97,0.054746
3155.45,0.055056
3155.94,0.055381
3156.42,0.055703
3156.90,0.056011
3157.38,0.056299
3157.86,0.056568
3158.35,0.056819
3158.83,0.057058
3159.31,0.057291
3159.79,0.057524
3160.28,0.057757
3160.76,0.057985
3161.24,0.058199
3161.72,0.058381
3162.20,0.058514
3162.68,0.058578
3163.17,0.058560
3163.65,0.058452
3164.13,0.058257
3164.61,0.057989
3165.10,0.057672
3165.58,0.057340
3166.06,0.057037
3166.54,0.056805
3167.02,0.056677
3167.51,0.056671
3167.99,0.056781
3168.47,0.056980
3168.95,0.057220
3169.43,0.057451
3169.92,0.057635
3170.40,0.057754
3170.88,0.057824
3171.36,0.057879
3171.85,0.057970
3172.33,0.058143
3172.81,0.058422
3173.29,0.058802
3173.77,0.059249
3174.26,0.059710
3174.74,0.060121
3175.22,0.060427
3175.70,0.060592
3176.18,0.060607
3176.67,0.060487
3177.15,0.060267
3177.63,0.059996
3178.11,0.059720
3178.59,0.059482
3179.08,0.059309
3179.56,0.059213
3180.04,0.059190
3180.52,0.059227
3181.01,0.059312
3181.49,0.059434
3181.97,0.059594
3182.45,0.059801
3182.93,0.060067
3183.42,0.060397
3183.90,0.060786
3184.38,0.061210
3184.86,0.061629
3185.34,0.061993
3185.83,0.062249
3186.31,0.062359
3186.79,0.062304
3187.27,0.062089
3187.76,0.061745
3188.24,0.061322
3188.72,0.060880
3189.20,0.060476
3189.68,0.060156
3190.17,0.059949
3190.65,0.059863
3191.13,0.059887
3191.61,0.059996
3192.09,0.060161
3192.58,0.060351
3193.06,0.060544
3193.54,0.060728
3194.02,0.060900
3194.51,0.061064
3194.99,0.061232
3195.47,0.061414
3195.95,0.061622
3196.43,0.061860
3196.92,0.062124
3197.40,0.062397
3197.88,0.062649
3198.36,0.062837
3198.84,0.062920
3199.33,0.062869
3199.81,0.062680
3200.29,0.062378
3200.77,0.062019
3201.26,0.061672
3201.74,0.061401
3202.22,0.061249
3202.70,0.061227
3203.18,0.061308
3203.66,0.061446
3204.15,0.061587
3204.63,0.061695
3205.11,0.061757
3205.59,0.061786
3206.08,0.061815
3206.56,0.061883
3207.04,0.062025
3207.52,0.062260
3208.00,0.062594
3208.49,0.063019
3208.97,0.063514
3209.45,0.064042
3209.93,0.064560
3210.41,0.065013
3210.90,0.065348
3211.38,0.065533
3211.86,0.065566
3212.34,0.065483
3212.82,0.065353
3213.31,0.065264
3213.79,0.065293
3214.27,0.065477
3214.75,0.065806
3215.24,0.066217
3215.72,0.066619
3216.20,0.066911
3216.68,0.067020
3217.16,0.066915
3217.65,0.066607
3218.13,0.066141
3218.61,0.065580
3219.09,0.064997
3219.57,0.064454
3220.06,0.064008
3220.54,0.063706
3221.02,0.063579
3221.50,0.063635
3221.99,0.063856
3222.47,0.064197
3222.95,0.064592
3223.43,0.064966
3223.91,0.065265
3224.40,0.065461
3224.88,0.065564
3225.36,0.065611
3225.84,0.065654
3226.32,0.065736
3226.81,0.065875
3227.29,0.066063
3227.77,0.066272
3228.25,0.066466
3228.74,0.066612
3229.22,0.066693
3229.70,0.066705
3230.18,0.066650
3230.66,0.066533
3231.15,0.066359
3231.63,0.066136
3232.11,0.065879
3232.59,0.065617
3233.07,0.065387
3233.56,0.065228
3234.04,0.065173
3234.52,0.065233
3235.00,0.065395
3235.49,0.065627
3235.97,0.065884
3236.45,0.066121
3236.93,0.066302
3237.41,0.066411
3237.90,0.066447
3238.38,0.066433
3238.86,0.066397
3239.34,0.066373
3239.82,0.066393
3240.31,0.066468
3240.79,0.066590
3241.27,0.066723
3241.75,0.066815
3242.24,0.066809
3242.72,0.066668
3243.20,0.066387
3243.68,0.066006
3244.16,0.065606
3244.64,0.065279
3245.13,0.065109
3245.61,0.065141
3246.09,0.065361
3246.57,0.065701
3247.06,0.066060
3247.54,0.066338
3248.02,0.066460
3248.50,0.066399
3248.98,0.066177
3249.47,0.065854
3249.95,0.065504
3250.43,0.065199
3250.91,0.064997
3251.39,0.064927
3251.88,0.064995
3252.36,0.065183
3252.84,0.065460
3253.32,0.065785
3253.80,0.066116
3254.29,0.066423
3254.77,0.066687
3255.25,0.066908
3255.73,0.067096
3256.22,0.067270
3256.70,0.067437
3257.18,0.067592
3257.66,0.067720
3258.14,0.067799
3258.63,0.067818
3259.11,0.067787
3259.59,0.067734
3260.07,0.067696
3260.55,0.067705
3261.04,0.067771
3261.52,0.067872
3262.00,0.067963
3262.48,0.067999
3262.97,0.067949
3263.45,0.067820
3263.93,0.067652
3264.41,0.067509
3264.89,0.067455
3265.38,0.067528
3265.86,0.067729
3266.34,0.068025
3266.82,0.068365
3267.30,0.068692
3267.79,0.068966
3268.27,0.069165
3268.75,0.069286
3269.23,0.069336
3269.72,0.069320
3270.20,0.069248
3270.68,0.069132
3271.16,0.068988
3271.64,0.068845
3272.13,0.068731
3272.61,0.068668
3273.09,0.068664
3273.57,0.068707
3274.05,0.068770
3274.54,0.068823
3275.02,0.068845
3275.50,0.068826
3275.98,0.068771
3276.47,0.068690
3276.95,0.068596
3277.43,0.068496
3277.91,0.068401
3278.39,0.068332
3278.88,0.068324
3279.36,0.068423
3279.84,0.068672
3280.32,0.069088
3280.80,0.069646
3281.29,0.070268
3281.77,0.070845
3282.25,0.071261
3282.73,0.071429
3283.22,0.071323
3283.70,0.070985
3284.18,0.070514
3284.66,0.070021
3285.14,0.069604
3285.62,0.069312
3286.11,0.069135
3286.59,0.069021
3287.07,0.068904
3287.55,0.068736
3288.04,0.068507
3288.52,0.068246
3289.00,0.068008
3289.48,0.067856
3289.96,0.067833
3290.45,0.067950
3290.93,0.068187
3291.41,0.068503
3291.89,0.068846
3292.38,0.069170
3292.86,0.069439
3293.34,0.069634
3293.82,0.069742
3294.30,0.069763
3294.78,0.069706
3295.27,0.069589
3295.75,0.069437
3296.23,0.069281
3296.71,0.069150
3297.20,0.069063
3297.68,0.069019
3298.16,0.069000
3298.64,0.068975
3299.12,0.068909
3299.61,0.068781
3300.09,0.068591
3300.57,0.068364
3301.05,0.068139
3301.53,0.067953
3302.02,0.067836
3302.50,0.067793
3302.98,0.067809
3303.46,0.067857
3303.95,0.067915
3304.43,0.067972
3304.91,0.068033
3305.39,0.068111
3305.87,0.068211
3306.36,0.068324
3306.84,0.068418
3307.32,0.068447
3307.80,0.068366
3308.28,0.068152
3308.77,0.067812
3309.25,0.067389
3309.73,0.066940
3310.21,0.066527
3310.70,0.066186
3311.18,0.065927
3311.66,0.065736
3312.14,0.065592
3312.62,0.065483
3313.11,0.065418
3313.59,0.065419
3314.07,0.065514
3314.55,0.065713
3315.03,0.065999
3315.52,0.066328
3316.00,0.066642
3316.48,0.066893
3316.96,0.067054
3317.45,0.067128
3317.93,0.067140
3318.41,0.067122
3318.89,0.067091
3319.37,0.067047
3319.86,0.066970
3320.34,0.066833
3320.82,0.066622
3321.30,0.066343
3321.78,0.066024
3322.27,0.065707
3322.75,0.065440
3323.23,0.065257
3323.71,0.065179
3324.20,0.065212
3324.68,0.065345
3325.16,0.065558
3325.64,0.065818
3326.12,0.066087
3326.61,0.066320
3327.09,0.066477
3327.57,0.066538
3328.05,0.066509
3328.53,0.066431
3329.02,0.066359
3329.50,0.066353
3329.98,0.066441
3330.46,0.066609
3330.94,0.066793
3331.43,0.066902
3331.91,0.066850
3332.39,0.066577
3332.87,0.066082
3333.36,0.065414
3333.84,0.064663
3334.32,0.063928
3334.80,0.063294
3335.28,0.062818
3335.76,0.062525
3336.25,0.062413
3336.73,0.062461
3337.21,0.062637
3337.69,0.062897
3338.18,0.063188
3338.66,0.063455
3339.14,0.063650
3339.62,0.063748
3340.10,0.063753
3340.59,0.063701
3341.07,0.063645
3341.55,0.063627
3342.03,0.063665
3342.51,0.063737
3343.00,0.063797
3343.48,0.063789
3343.96,0.063684
3344.44,0.063493
3344.93,0.063275
3345.41,0.063106
3345.89,0.063055
3346.37,0.063156
3346.85,0.063393
3347.34,0.063703
3347.82,0.064002
3348.30,0.064220
3348.78,0.064309
3349.26,0.064258
3349.75,0.064088
3350.23,0.063830
3350.71,0.063525
3351.19,0.063205
3351.68,0.062902
3352.16,0.062647
3352.64,0.062464
3353.12,0.062365
3353.60,0.062339
3354.09,0.062355
3354.57,0.062360
3355.05,0.062308
3355.53,0.062178
3356.01,0.061994
3356.50,0.061816
3356.98,0.061728
3357.46,0.061801
3357.94,0.062061
3358.43,0.062477
3358.91,0.062961
3359.39,0.063408
3359.87,0.063720
3360.35,0.063835
3360.84,0.063745
3361.32,0.063482
3361.80,0.063103
3362.28,0.062662
3362.76,0.062203
3363.25,0.061754
3363.73,0.061335
3364.21,0.060967
3364.69,0.060670
3365.17,0.060463
3365.66,0.060350
3366.14,0.060317
3366.62,0.060330
3367.10,0.060347
3367.59,0.060335
3368.07,0.060286
3368.55,0.060216
3369.03,0.060155
3369.51,0.060133
3370.00,0.060165
3370.48,0.060240
3370.96,0.060328
3371.44,0.060390
3371.92,0.060397
3372.41,0.060340
3372.89,0.060236
3373.37,0.060118
3373.85,0.060026
3374.33,0.059996
3374.82,0.060039
3375.30,0.060147
3375.78,0.060286
3376.26,0.060405
3376.74,0.060444
3377.23,0.060356
3377.71,0.060116
3378.19,0.059741
3378.67,0.059284
3379.16,0.058833
3379.64,0.058484
3380.12,0.058305
3380.60,0.058318
3381.08,0.058482
3381.57,0.058712
3382.05,0.058897
3382.53,0.058947
3383.01,0.058822
3383.49,0.058547
3383.98,0.058200
3384.46,0.057877
3384.94,0.057672
3385.42,0.057637
3385.91,0.057776
3386.39,0.058056
3386.87,0.058427
3387.35,0.058836
3387.83,0.059238
3388.32,0.059595
3388.80,0.059871
3389.28,0.060022
3389.76,0.060014
3390.24,0.059827
3390.73,0.059479
3391.21,0.059021
3391.69,0.058539
3392.17,0.058121
3392.66,0.057831
3393.14,0.057694
3393.62,0.057687
3394.10,0.057760
3394.58,0.057862
3395.07,0.057965
3395.55,0.058073
3396.03,0.058213
3396.51,0.058412
3396.99,0.058671
3397.48,0.058952
3397.96,0.059188
3398.44,0.059303
3398.92,0.059235
3399.41,0.058966
3399.89,0.058518
3400.37,0.057951
3400.85,0.057336
3401.33,0.056743
3401.82,0.056231
3402.30,0.055835
3402.78,0.055574
3403.26,0.055449
3403.74,0.055445
3404.23,0.055525
3404.71,0.055641
3405.19,0.055746
3405.67,0.055802
3406.15,0.055799
3406.64,0.055759
3407.12,0.055724
3407.60,0.055740
3408.08,0.055832
3408.57,0.055989
3409.05,0.056167
3409.53,0.056309
3410.01,0.056367
3410.49,0.056330
3410.97,0.056229
3411.46,0.056127
3411.94,0.056082
3412.42,0.056124
3412.90,0.056231
3413.39,0.056338
3413.87,0.056354
3414.35,0.056199
3414.83,0.055837
3415.31,0.055288
3415.80,0.054621
3416.28,0.053926
3416.76,0.053297
3417.24,0.052802
3417.72,0.052472
3418.21,0.052304
3418.69,0.052276
3419.17,0.052350
3419.65,0.052486
3420.14,0.052647
3420.62,0.052803
3421.10,0.052935
3421.58,0.053040
3422.06,0.053134
3422.55,0.053244
3423.03,0.053398
3423.51,0.053607
3423.99,0.053858
3424.47,0.054110
3424.96,0.054302
3425.44,0.054376
3425.92,0.054297
3426.40,0.054064
3426.89,0.053713
3427.37,0.053299
3427.85,0.052885
3428.33,0.052521
3428.81,0.052227
3429.30,0.052002
3429.78,0.051823
3430.26,0.051662
3430.74,0.051492
3431.22,0.051290
3431.71,0.051040
3432.19,0.050732
3432.67,0.050365
3433.15,0.049952
3433.64,0.049527
3434.12,0.049137
3434.60,0.048838
3435.08,0.048681
3435.56,0.048690
3436.05,0.048865
3436.53,0.049171
3437.01,0.049559
3437.49,0.049971
3437.97,0.050363
3438.46,0.050708
3438.94,0.050997
3439.42,0.051231
3439.90,0.051415
3440.39,0.051550
3440.87,0.051639
3441.35,0.051682
3441.83,0.051684
3442.31,0.051653
3442.80,0.051592
3443.28,0.051495
3443.76,0.051346
3444.24,0.051119
3444.72,0.050787
3445.21,0.050338
3445.69,0.049777
3446.17,0.049134
3446.65,0.048455
3447.13,0.047799
3447.62,0.047228
3448.10,0.046791
3448.58,0.046519
3449.06,0.046424
3449.55,0.046494
3450.03,0.046700
3450.51,0.047001
3450.99,0.047347
3451.47,0.047679
3451.95,0.047944
3452.44,0.048098
3452.92,0.048114
3453.40,0.047992
3453.88,0.047748
3454.37,0.047415
3454.85,0.047024
3455.33,0.046601
3455.81,0.046167
3456.29,0.045735
3456.78,0.045322
3457.26,0.044951
3457.74,0.044647
3458.22,0.044435
3458.70,0.044329
3459.19,0.044328
3459.67,0.044417
3460.15,0.044577
3460.63,0.044788
3461.11,0.045039
3461.60,0.045324
3462.08,0.045638
3462.56,0.045966
3463.04,0.046279
3463.53,0.046537
3464.01,0.046698
3464.49,0.046734
3464.97,0.046638
3465.45,0.046430
3465.94,0.046144
3466.42,0.045823
3466.90,0.045502
3467.38,0.045199
3467.86,0.044923
3468.35,0.044679
3468.83,0.044469
3469.31,0.044304
3469.79,0.044197
3470.28,0.044160
3470.76,0.044196
3471.24,0.044301
3471.72,0.044461
3472.20,0.044664
3472.69,0.044901
3473.17,0.045169
3473.65,0.045462
3474.13,0.045762
3474.61,0.046031
3475.10,0.046204
3475.58,0.046213
3476.06,0.045999
3476.54,0.045540
3477.03,0.044868
3477.51,0.044068
3477.99,0.043264
3478.47,0.042577
3478.95,0.042106
3479.44,0.041899
3479.92,0.041940
3480.40,0.042160
3480.88,0.042454
3481.36,0.042718
3481.85,0.042865
3482.33,0.042854
3482.81,0.042694
3483.29,0.042431
3483.78,0.042130
3484.26,0.041846
3484.74,0.041613
3485.22,0.041437
3485.70,0.041302
3486.19,0.041191
3486.67,0.041094
3487.15,0.041015
3487.63,0.040972
3488.11,0.040987
3488.60,0.041071
3489.08,0.041222
3489.56,0.041424
3490.04,0.041656
3490.53,0.041908
3491.01,0.042187
3491.49,0.042516
3491.97,0.042921
3492.45,0.043406
3492.93,0.043940
3493.42,0.044451
3493.90,0.044841
3494.38,0.045002
3494.86,0.044863
3495.35,0.044410
3495.83,0.043697
3496.31,0.042829
3496.79,0.041933
3497.27,0.041124
3497.76,0.040462
3498.24,0.039956
3498.72,0.039570
3499.20,0.039257
3499.68,0.038980
3500.17,0.038732
3500.65,0.038533
3501.13,0.038407
3501.61,0.038368
3502.09,0.038396
3502.58,0.038440
3503.06,0.038431
3503.54,0.038311
3504.02,0.038060
3504.51,0.037714
3504.99,0.037347
3505.47,0.037060
3505.95,0.036925
3506.43,0.036978
3506.92,0.037206
3507.40,0.037562
3507.88,0.037981
3508.36,0.038403
3508.84,0.038783
3509.33,0.039094
3509.81,0.039324
3510.29,0.039468
3510.77,0.039517
3511.26,0.039457
3511.74,0.039272
3512.22,0.038947
3512.70,0.038484
3513.18,0.037907
3513.67,0.037266
3514.15,0.036630
3514.63,0.036074
3515.11,0.035667
3515.59,0.035449
3516.08,0.035422
3516.56,0.035546
3517.04,0.035754
3517.52,0.035963
3518.01,0.036094
3518.49,0.036095
3518.97,0.035949
3519.45,0.035678
3519.93,0.035326
3520.42,0.034950
3520.90,0.034599
3521.38,0.034302
3521.86,0.034065
3522.34,0.033873
3522.83,0.033704
3523.31,0.033537
3523.79,0.033363
3524.27,0.033190
3524.76,0.033044
3525.24,0.032959
3525.72,0.032965
3526.20,0.033075
3526.68,0.033280
3527.17,0.033545
3527.65,0.033812
3528.13,0.034020
3528.61,0.034112
3529.09,0.034057
3529.58,0.033862
3530.06,0.033574
3530.54,0.033264
3531.02,0.033000
3531.51,0.032836
3531.99,0.032792
3532.47,0.032851
3532.95,0.032971
3533.43,0.033101
3533.91,0.033198
3534.40,0.033237
3534.88,0.033214
3535.36,0.033140
3535.84,0.033031
3536.33,0.032898
3536.81,0.032740
3537.29,0.032548
3537.77,0.032313
3538.25,0.032037
3538.74,0.031736
3539.22,0.031445
3539.70,0.031203
3540.18,0.031050
3540.66,0.031004
3541.15,0.031063
3541.63,0.031201
3542.11,0.031373
3542.59,0.031526
3543.07,0.031610
3543.56,0.031593
3544.04,0.031460
3544.52,0.031217
3545.00,0.030882
3545.49,0.030481
3545.97,0.030034
3546.45,0.029558
3546.93,0.029061
3547.41,0.028554
3547.90,0.028056
3548.38,0.027603
3548.86,0.027233
3549.34,0.026981
3549.82,0.026866
3550.31,0.026883
3550.79,0.027005
3551.27,0.027183
3551.75,0.027369
3552.24,0.027516
3552.72,0.027594
3553.20,0.027602
3553.68,0.027557
3554.16,0.027491
3554.65,0.027423
3555.13,0.027363
3555.61,0.027298
3556.09,0.027214
3556.57,0.027098
3557.06,0.026954
3557.54,0.026801
3558.02,0.026667
3558.50,0.026574
3558.99,0.026529
3559.47,0.026515
3559.95,0.026497
3560.43,0.026427
3560.91,0.026268
3561.40,0.026002
3561.88,0.025638
3562.36,0.025210
3562.84,0.024758
3563.32,0.024326
3563.81,0.023950
3564.29,0.023654
3564.77,0.023461
3565.25,0.023395
3565.74,0.023480
3566.22,0.023734
3566.70,0.024153
3567.18,0.024691
3567.66,0.025241
3568.15,0.025658
3568.63,0.025814
3569.11,0.025653
3569.59,0.025217
3570.07,0.024611
3570.56,0.023956
3571.04,0.023346
3571.52,0.022834
3572.00,0.022438
3572.49,0.022146
3572.97,0.021926
3573.45,0.021739
3573.93,0.021554
3574.41,0.021350
3574.89,0.021123
3575.38,0.020886
3575.86,0.020658
3576.34,0.020457
3576.82,0.020294
3577.31,0.020167
3577.79,0.020063
3578.27,0.019966
3578.75,0.019860
3579.23,0.019740
3579.72,0.019608
3580.20,0.019477
3580.68,0.019361
3581.16,0.019271
3581.64,0.019211
3582.13,0.019178
3582.61,0.019162
3583.09,0.019149
3583.57,0.019132
3584.05,0.019105
3584.54,0.019068
3585.02,0.019026
3585.50,0.018985
3585.98,0.018957
3586.47,0.018956
3586.95,0.019004
3587.43,0.019124
3587.91,0.019328
3588.39,0.019599
3588.88,0.019882
3589.36,0.020095
3589.84,0.020154
3590.32,0.020010
3590.80,0.019661
3591.29,0.019144
3591.77,0.018519
3592.25,0.017854
3592.73,0.017219
3593.22,0.016665
3593.70,0.016221
3594.18,0.015886
3594.66,0.015636
3595.14,0.015430
3595.63,0.015232
3596.11,0.015029
3596.59,0.014835
3597.07,0.014676
3597.55,0.014577
3598.04,0.014545
3598.52,0.014571
3599.00,0.014629
3599.48,0.014693
3599.97,0.014748
3600.45,0.014794
3600.93,0.014843
3601.41,0.014916
3601.89,0.015022
3602.38,0.015160
3602.86,0.015313
3603.34,0.015453
3603.82,0.015555
3604.30,0.015598
3604.79,0.015569
3605.27,0.015460
3605.75,0.015261
3606.23,0.014970
3606.72,0.014587
3607.20,0.014125
3607.68,0.013619
3608.16,0.013122
3608.64,0.012695
3609.12,0.012392
3609.61,0.012232
3610.09,0.012194
3610.57,0.012227
3611.05,0.012276
3611.54,0.012313
3612.02,0.012338
3612.50,0.012376
3612.98,0.012460
3613.46,0.012609
3613.95,0.012812
3614.43,0.013018
3614.91,0.013155
3615.39,0.013161
3615.88,0.013012
3616.36,0.012725
3616.84,0.012348
3617.32,0.011945
3617.80,0.011576
3618.29,0.011284
3618.77,0.011096
3619.25,0.011013
3619.73,0.011008
3620.21,0.011036
3620.70,0.011043
3621.18,0.010985
3621.66,0.010837
3622.14,0.010597
3622.62,0.010281
3623.11,0.009917
3623.59,0.009539
3624.07,0.009183
3624.55,0.008891
3625.03,0.008694
3625.52,0.008619
3626.00,0.008675
3626.48,0.008857
3626.96,0.009148
3627.45,0.009520
3627.93,0.009949
3628.41,0.010400
3628.89,0.010826
3629.37,0.011167
3629.86,0.011354
3630.34,0.011351
3630.82,0.011189
3631.30,0.010941
3631.78,0.010677
3632.27,0.010430
3632.75,0.010199
3633.23,0.009964
3633.71,0.009700
3634.20,0.009390
3634.68,0.009037
3635.16,0.008671
3635.64,0.008341
3636.12,0.008092
3636.61,0.007953
3637.09,0.007920
3637.57,0.007967
3638.05,0.008044
3638.53,0.008104
3639.02,0.008111
3639.50,0.008050
3639.98,0.007930
3640.46,0.007774
3640.95,0.007614
3641.43,0.007472
3641.91,0.007360
3642.39,0.007285
3642.87,0.007246
3643.36,0.007244
3643.84,0.007282
3644.32,0.007359
3644.80,0.007464
3645.28,0.007575
3645.77,0.007658
3646.25,0.007668
3646.73,0.007552
3647.21,0.007267
3647.70,0.006783
3648.18,0.006111
3648.66,0.005304
3649.14,0.004475
3649.62,0.003760
3650.11,0.003281
3650.59,0.003101
3651.07,0.003206
3651.55,0.003512
3652.03,0.003902
3652.52,0.004271
3653.00,0.004558
3653.48,0.004738
3653.96,0.004818
3654.44,0.004818
3654.93,0.004760
3655.41,0.004658
3655.89,0.004517
3656.37,0.004329
3656.86,0.004080
3657.34,0.003761
3657.82,0.003388
3658.30,0.003008
3658.78,0.002686
3659.27,0.002486
3659.75,0.002440
3660.23,0.002550
3660.71,0.002783
3661.19,0.003078
3661.68,0.003363
3662.16,0.003582
3662.64,0.003712
3663.12,0.003777
3663.60,0.003832
3664.09,0.003938
3664.57,0.004135
3665.05,0.004417
3665.53,0.004730
3666.01,0.004995
3666.50,0.005135
3666.98,0.005107
3667.46,0.004916
3667.94,0.004613
3668.43,0.004282
3668.91,0.004023
3669.39,0.003917
3669.87,0.004002
3670.35,0.004250
3670.84,0.004566
3671.32,0.004814
3671.80,0.004896
3672.28,0.004804
3672.76,0.004598
3673.25,0.004363
3673.73,0.004163
3674.21,0.004048
3674.69,0.004043
3675.18,0.004157
3675.66,0.004369
3676.14,0.004619
3676.62,0.004803
3677.10,0.004824
3677.59,0.004658
3678.07,0.004357
3678.55,0.003998
3679.03,0.003635
3679.51,0.003293
3680.00,0.002970
3680.48,0.002652
3680.96,0.002325
3681.44,0.001986
3681.93,0.001651
3682.41,0.001357
3682.89,0.001146
3683.37,0.001056
3683.85,0.001104
3684.34,0.001278
3684.82,0.001535
3685.30,0.001815
3685.78,0.002059
3686.26,0.002235
3686.75,0.002345
3687.23,0.002430
3687.71,0.002547
3688.19,0.002758
3688.68,0.003089
3689.16,0.003511
3689.64,0.003926
3690.12,0.004207
3690.60,0.004256
3691.09,0.004057
3691.57,0.003678
3692.05,0.003223
3692.53,0.002781
3693.01,0.002398
3693.50,0.002082
3693.98,0.001825
3694.46,0.001616
3694.94,0.001461
3695.42,0.001375
3695.91,0.001377
3696.39,0.001477
3696.87,0.001663
3697.35,0.001904
3697.84,0.002147
3698.32,0.002345
3698.80,0.002470
3699.28,0.002519
3699.76,0.002513
3700.24,0.002485
3700.73,0.002464
3701.21,0.002463
3701.69,0.002478
3702.17,0.002489
3702.66,0.002472
3703.14,0.002413
3703.62,0.002315
3704.10,0.002197
3704.58,0.002082
3705.07,0.001984
3705.55,0.001909
3706.03,0.001850
3706.51,0.001799
3706.99,0.001746
3707.48,0.001687
3707.96,0.001627
3708.44,0.001573
3708.92,0.001545
3709.41,0.001569
3709.89,0.001679
3710.37,0.001913
3710.85,0.002302
3711.33,0.002850
3711.82,0.003508
3712.30,0.004173
3712.78,0.004696
3713.26,0.004942
3713.74,0.004847
3714.23,0.004442
3714.71,0.003828
3715.19,0.003127
3715.67,0.002454
3716.16,0.001884
3716.64,0.001449
3717.12,0.001149
3717.60,0.000950
3718.08,0.000801
3718.57,0.000643
3719.05,0.000426
3719.53,0.000128
3720.01,-0.000237
3720.49,-0.000620
3720.98,-0.000945
3721.46,-0.001128
3721.94,-0.001099
3722.42,-0.000818
3722.91,-0.000299
3723.39,0.000399
3723.87,0.001169
3724.35,0.001892
3724.83,0.002476
3725.32,0.002868
3725.80,0.003065
3726.28,0.003095
3726.76,0.003006
3727.24,0.002848
3727.73,0.002658
3728.21,0.002460
3728.69,0.002265
3729.17,0.002077
3729.66,0.001897
3730.14,0.001732
3730.62,0.001586
3731.10,0.001463
3731.58,0.001359
3732.07,0.001260
3732.55,0.001140
3733.03,0.000973
3733.51,0.000748
3733.99,0.000483
3734.48,0.000240
3734.96,0.000113
3735.44,0.000214
3735.92,0.000621
3736.40,0.001333
3736.89,0.002234
3737.37,0.003124
3737.85,0.003794
3738.33,0.004126
3738.82,0.004116
3739.30,0.003833
3739.78,0.003378
3740.26,0.002852
3740.74,0.002350
3741.22,0.001938
3741.71,0.001663
3742.19,0.001544
3742.67,0.001576
3743.15,0.001739
3743.64,0.001994
3744.12,0.002297
3744.60,0.002578
3745.08,0.002749
3745.56,0.002732
3746.05,0.002508
3746.53,0.002139
3747.01,0.001720
3747.49,0.001323
3747.97,0.000973
3748.46,0.000659
3748.94,0.000353
3749.42,0.000027
3749.90,-0.000333
3750.39,-0.000702
3750.87,-0.001004
3751.35,-0.001117
3751.83,-0.000918
3752.31,-0.000359
3752.80,0.000491
3753.28,0.001456
3753.76,0.002339
3754.24,0.002980
3754.72,0.003309
3755.21,0.003344
3755.69,0.003160
3756.17,0.002854
3756.65,0.002518
3757.14,0.002232
3757.62,0.002050
3758.10,0.001993
3758.58,0.002048
3759.06,0.002178
3759.55,0.002335
3760.03,0.002474
3760.51,0.002562
3760.99,0.002585
3761.47,0.002535
3761.96,0.002408
3762.44,0.002206
3762.92,0.001934
3763.40,0.001601
3763.89,0.001226
3764.37,0.000832
3764.85,0.000447
3765.33,0.000101
3765.81,-0.000173
3766.30,-0.000352
3766.78,-0.000422
3767.26,-0.000377
3767.74,-0.000213
3768.22,0.000074
3768.71,0.000492
3769.19,0.001044
3769.67,0.001703
3770.15,0.002408
3770.64,0.003065
3771.12,0.003565
3771.60,0.003839
3772.08,0.003887
3772.56,0.003777
3773.05,0.003598
3773.53,0.003429
3774.01,0.003307
3774.49,0.003230
3774.97,0.003165
3775.46,0.003071
3775.94,0.002917
3776.42,0.002698
3776.90,0.002436
3777.38,0.002177
3777.87,0.001973
3778.35,0.001865
3778.83,0.001874
3779.31,0.001990
3779.80,0.002179
3780.28,0.002390
3780.76,0.002568
3781.24,0.002672
3781.72,0.002685
3782.20,0.002614
3782.69,0.002472
3783.17,0.002280
3783.65,0.002061
3784.13,0.001844
3784.62,0.001664
3785.10,0.001563
3785.58,0.001573
3786.06,0.001701
3786.54,0.001920
3787.03,0.002177
3787.51,0.002401
3787.99,0.002533
3788.47,0.002540
3788.95,0.002423
3789.44,0.002213
3789.92,0.001961
3790.40,0.001721
3790.88,0.001540
3791.36,0.001440
3791.85,0.001418
3792.33,0.001457
3792.81,0.001529
3793.29,0.001608
3793.78,0.001679
3794.26,0.001741
3794.74,0.001799
3795.22,0.001864
3795.70,0.001944
3796.19,0.002039
3796.67,0.002142
3797.15,0.002236
3797.63,0.002306
3798.11,0.002343
3798.60,0.002354
3799.08,0.002357
3799.56,0.002377
3800.04,0.002438
3800.53,0.002560
3801.01,0.002751
3801.49,0.002997
3801.97,0.003253
3802.45,0.003445
3802.94,0.003494
3803.42,0.003366
3803.90,0.003093
3804.38,0.002752
3804.86,0.002416
3805.35,0.002140
3805.83,0.001959
3806.31,0.001887
3806.79,0.001925
3807.28,0.002055
3807.76,0.002240
3808.24,0.002434
3808.72,0.002593
3809.20,0.002701
3809.69,0.002765
3810.17,0.002800
3810.65,0.002811
3811.13,0.002785
3811.61,0.002696
3812.10,0.002510
3812.58,0.002202
3813.06,0.001770
3813.54,0.001237
3814.03,0.000650
3814.51,0.000074
3814.99,-0.000425
3815.47,-0.000780
3815.95,-0.000941
3816.44,-0.000886
3816.92,-0.000648
3817.40,-0.000315
3817.88,0.000002
3818.36,0.000214
3818.85,0.000290
3819.33,0.000246
3819.81,0.000124
3820.29,-0.000028
3820.78,-0.000152
3821.26,-0.000182
3821.74,-0.000058
3822.22,0.000249
3822.70,0.000702
3823.18,0.001213
3823.67,0.001685
3824.15,0.002064
3824.63,0.002338
3825.11,0.002522
3825.60,0.002640
3826.08,0.002711
3826.56,0.002746
3827.04,0.002742
3827.52,0.002691
3828.01,0.002580
3828.49,0.002407
3828.97,0.002184
3829.45,0.001943
3829.93,0.001720
3830.42,0.001558
3830.90,0.001488
3831.38,0.001525
3831.86,0.001654
3832.34,0.001832
3832.83,0.001996
3833.31,0.002079
3833.79,0.002041
3834.27,0.001883
3834.76,0.001650
3835.24,0.001415
3835.72,0.001252
3836.20,0.001225
3836.68,0.001370
3837.17,0.001684
3837.65,0.002121
3838.13,0.002605
3838.61,0.003045
3839.09,0.003357
3839.58,0.003493
3840.06,0.003452
3840.54,0.003275
3841.02,0.003021
3841.51,0.002745
3841.99,0.002486
3842.47,0.002265
3842.95,0.002088
3843.43,0.001954
3843.92,0.001858
3844.40,0.001790
3844.88,0.001732
3845.36,0.001668
3845.84,0.001578
3846.33,0.001451
3846.81,0.001290
3847.29,0.001105
3847.77,0.000915
3848.26,0.000742
3848.74,0.000602
3849.22,0.000500
3849.70,0.000431
3850.18,0.000377
3850.67,0.000316
3851.15,0.000231
3851.63,0.000122
3852.11,0.000009
3852.59,-0.000057
3853.08,-0.000003
3853.56,0.000246
3854.04,0.000714
3854.52,0.001319
3855.01,0.001892
3855.49,0.002280
3855.97,0.002459
3856.45,0.002505
3856.93,0.002520
3857.42,0.002572
3857.90,0.002681
3858.38,0.002828
3858.86,0.002970
3859.34,0.003053
3859.83,0.003038
3860.31,0.002909
3860.79,0.002675
3861.27,0.002371
3861.76,0.002043
3862.24,0.001735
3862.72,0.001484
3863.20,0.001306
3863.68,0.001201
3864.16,0.001161
3864.65,0.001176
3865.13,0.001241
3865.61,0.001351
3866.09,0.001495
3866.58,0.001652
3867.06,0.001798
3867.54,0.001920
3868.02,0.002027
3868.50,0.002145
3868.99,0.002318
3869.47,0.002593
3869.95,0.003003
3870.43,0.003537
3870.91,0.004117
3871.40,0.004620
3871.88,0.004943
3872.36,0.005059
3872.84,0.005014
3873.32,0.004886
3873.81,0.004739
3874.29,0.004602
3874.77,0.004465
3875.25,0.004291
3875.74,0.004041
3876.22,0.003700
3876.70,0.003293
3877.18,0.002872
3877.66,0.002503
3878.15,0.002235
3878.63,0.002099
3879.11,0.002106
3879.59,0.002241
3880.07,0.002466
3880.56,0.002715
3881.04,0.002914
3881.52,0.002996
3882.00,0.002931
3882.49,0.002735
3882.97,0.002469
3883.45,0.002205
3883.93,0.002003
3884.41,0.001911
3884.90,0.001957
3885.38,0.002150
3885.86,0.002461
3886.34,0.002820
3886.82,0.003124
3887.31,0.003264
3887.79,0.003191
3888.27,0.002929
3888.75,0.002552
3889.24,0.002151
3889.72,0.001800
3890.20,0.001559
3890.68,0.001464
3891.16,0.001528
3891.65,0.001738
3892.13,0.002054
3892.61,0.002410
3893.09,0.002735
3893.57,0.002981
3894.06,0.003126
3894.54,0.003176
3895.02,0.003152
3895.50,0.003080
3895.99,0.002991
3896.47,0.002914
3896.95,0.002880
3897.43,0.002915
3897.91,0.003032
3898.40,0.003227
3898.88,0.003473
3899.36,0.003726
3899.84,0.003925
3900.32,0.004022
3900.81,0.003999
3901.29,0.003875
3901.77,0.003697
3902.25,0.003522
3902.73,0.003393
3903.22,0.003323
3903.70,0.003300
3904.18,0.003297
3904.66,0.003288
3905.14,0.003260
3905.63,0.003219
3906.11,0.003181
3906.59,0.003162
3907.07,0.003170
3907.56,0.003204
3908.04,0.003259
3908.52,0.003330
3909.00,0.003416
3909.48,0.003517
3909.97,0.003634
3910.45,0.003760
3910.93,0.003877
3911.41,0.003960
3911.89,0.003978
3912.38,0.003901
3912.86,0.003712
3913.34,0.003411
3913.82,0.003015
3914.30,0.002555
3914.79,0.002066
3915.27,0.001588
3915.75,0.001154
3916.23,0.000802
3916.72,0.000573
3917.20,0.000503
3917.68,0.000624
3918.16,0.000945
3918.64,0.001441
3919.13,0.002056
3919.61,0.002704
3920.09,0.003300
3920.57,0.003759
3921.05,0.004028
3921.54,0.004086
3922.02,0.003956
3922.50,0.003687
3922.98,0.003349
3923.47,0.003012
3923.95,0.002728
3924.43,0.002520
3924.91,0.002381
3925.39,0.002280
3925.88,0.002172
3926.36,0.002020
3926.84,0.001817
3927.32,0.001584
3927.80,0.001368
3928.29,0.001216
3928.77,0.001167
3929.25,0.001238
3929.73,0.001422
3930.22,0.001690
3930.70,0.002005
3931.18,0.002333
3931.66,0.002649
3932.14,0.002953
3932.63,0.003254
3933.11,0.003567
3933.59,0.003894
3934.07,0.004221
3934.55,0.004518
3935.04,0.004751
3935.52,0.004896
3936.00,0.004940
3936.48,0.004880
3936.97,0.004718
3937.45,0.004454
3937.93,0.004084
3938.41,0.003610
3938.89,0.003046
3939.38,0.002425
3939.86,0.001806
3940.34,0.001264
3940.82,0.000868
3941.30,0.000677
3941.79,0.000712
3942.27,0.000952
3942.75,0.001326
3943.23,0.001731
3943.71,0.002058
3944.20,0.002220
3944.68,0.002191
3945.16,0.002007
3945.64,0.001754
3946.12,0.001526
3946.61,0.001402
3947.09,0.001424
3947.57,0.001593
3948.05,0.001874
3948.54,0.002202
3949.02,0.002511
3949.50,0.002738
3949.98,0.002854
3950.46,0.002862
3950.95,0.002800
3951.43,0.002721
3951.91,0.002673
3952.39,0.002696
3952.88,0.002804
3953.36,0.002992
3953.84,0.003236
3954.32,0.003502
3954.80,0.003756
3955.28,0.003960
3955.77,0.004087
3956.25,0.004116
3956.73,0.004038
3957.21,0.003856
3957.70,0.003586
3958.18,0.003261
3958.66,0.002923
3959.14,0.002625
3959.62,0.002426
3960.11,0.002375
3960.59,0.002513
3961.07,0.002852
3961.55,0.003373
3962.03,0.004021
3962.52,0.004705
3963.00,0.005323
3963.48,0.005771
3963.96,0.005976
3964.45,0.005916
3964.93,0.005624
3965.41,0.005178
3965.89,0.004678
3966.37,0.004224
3966.86,0.003884
3967.34,0.003685
3967.82,0.003608
3968.30,0.003604
3968.78,0.003603
3969.27,0.003547
3969.75,0.003405
3970.23,0.003181
3970.71,0.002912
3971.20,0.002649
3971.68,0.002445
3972.16,0.002334
3972.64,0.002324
3973.12,0.002401
3973.61,0.002534
3974.09,0.002693
3974.57,0.002848
3975.05,0.002988
3975.53,0.003109
3976.02,0.003221
3976.50,0.003333
3976.98,0.003453
3977.46,0.003582
3977.95,0.003715
3978.43,0.003839
3978.91,0.003937
3979.39,0.003990
3979.87,0.003986
3980.36,0.003917
3980.84,0.003789
3981.32,0.003617
3981.80,0.003431
3982.28,0.003263
3982.77,0.003146
3983.25,0.003104
3983.73,0.003145
3984.21,0.003255
3984.69,0.003401
3985.18,0.003539
3985.66,0.003619
3986.14,0.003604
3986.62,0.003475
3987.11,0.003243
3987.59,0.002943
3988.07,0.002632
3988.55,0.002374
3989.03,0.002217
3989.51,0.002184
3990.00,0.002260
3990.48,0.002398
3990.96,0.002533
3991.44,0.002604
3991.93,0.002576
3992.41,0.002459
3992.89,0.002302
3993.37,0.002172
3993.85,0.002139
3994.34,0.002233
3994.82,0.002442
3995.30,0.002703
3995.78,0.002928
3996.26,0.003035
3996.75,0.002972
3997.23,0.002744
3997.71,0.002404
3998.19,0.002041
3998.68,0.001737
3999.16,0.001553
3999.64,0.001504
4000.12,0.001568
