波数(cm-1),吸光度
399.67,0.000000
400.16,0.035134
400.64,0.045834
401.12,0.054306
401.60,0.057256
402.09,0.053328
402.57,0.042898
403.05,0.027785
403.53,0.010586
404.01,-0.005460
404.50,-0.017427
404.98,-0.023632
405.46,-0.024230
405.94,-0.021118
406.42,-0.016883
406.91,-0.013770
407.39,-0.012809
407.87,-0.013869
408.35,-0.015956
408.83,-0.017889
409.32,-0.018746
409.80,-0.018234
410.28,-0.016712
410.76,-0.015021
411.25,-0.014116
411.73,-0.014603
412.21,-0.016521
412.69,-0.019254
413.17,-0.021855
413.66,-0.023314
414.14,-0.022914
414.62,-0.020354
415.10,-0.015675
415.58,-0.009159
416.07,-0.001129
416.55,0.008123
417.03,0.018425
417.51,0.029551
418.00,0.040800
418.48,0.050698
418.96,0.057184
419.44,0.058976
419.92,0.056776
420.41,0.052625
420.89,0.048302
421.37,0.044540
421.85,0.041332
422.33,0.038262
422.82,0.034837
423.30,0.030704
423.78,0.025854
424.26,0.020620
424.74,0.015547
425.23,0.011106
425.71,0.007532
426.19,0.004856
426.67,0.003013
427.16,0.001977
427.64,0.001857
428.12,0.002879
428.60,0.005318
429.08,0.009392
429.57,0.015124
430.05,0.022216
430.53,0.029956
431.01,0.037376
431.49,0.043427
431.98,0.047400
432.46,0.049175
432.94,0.049153
433.42,0.048011
433.90,0.046364
434.39,0.044639
434.87,0.042977
435.35,0.041304
435.83,0.039460
436.32,0.037367
436.80,0.035116
437.28,0.032960
437.76,0.031197
438.24,0.030023
438.73,0.029400
439.21,0.029016
439.69,0.028344
440.17,0.026779
440.65,0.023902
441.14,0.019637
441.62,0.014427
442.10,0.009165
442.58,0.005057
443.07,0.003133
443.55,0.003758
444.03,0.006483
444.51,0.010243
444.99,0.013871
445.48,0.016383
445.96,0.017300
446.44,0.016679
446.92,0.014999
447.40,0.012908
447.89,0.010947
448.37,0.009451
448.85,0.008525
449.33,0.008203
449.81,0.008602
450.30,0.009947
450.78,0.012491
451.26,0.016305
451.74,0.021094
452.23,0.026090
452.71,0.030186
453.19,0.032405
453.67,0.032249
454.15,0.030025
454.64,0.026660
455.12,0.023432
455.60,0.021491
456.08,0.021502
456.56,0.023469
457.05,0.026575
457.53,0.029432
458.01,0.030577
458.49,0.029395
458.98,0.026374
459.46,0.022675
459.94,0.019388
460.42,0.017175
460.90,0.016270
461.39,0.016587
461.87,0.017938
462.35,0.020162
462.83,0.023201
463.31,0.027035
463.80,0.031555
464.28,0.036452
464.76,0.041148
465.24,0.044899
465.72,0.047051
466.21,0.047199
466.69,0.045365
467.17,0.041933
467.65,0.037514
468.14,0.032690
468.62,0.027862
469.10,0.023251
469.58,0.018931
470.06,0.014959
470.55,0.011481
471.03,0.008733
471.51,0.006982
471.99,0.006385
472.47,0.006841
472.96,0.007943
473.44,0.009114
473.92,0.009917
474.40,0.010204
474.88,0.010144
475.37,0.010057
475.85,0.010262
476.33,0.010925
476.81,0.011994
477.30,0.013220
477.78,0.014283
478.26,0.014963
478.74,0.015229
479.22,0.015256
479.71,0.015321
480.19,0.015705
480.67,0.016562
481.15,0.017884
481.63,0.019524
482.12,0.021290
482.60,0.023026
483.08,0.024663
483.56,0.026221
484.05,0.027749
484.53,0.029268
485.01,0.030721
485.49,0.031980
485.97,0.032883
486.46,0.033311
486.94,0.033212
487.42,0.032625
487.90,0.031658
488.38,0.030486
488.87,0.029309
489.35,0.028315
489.83,0.027646
490.31,0.027343
490.79,0.027332
491.28,0.027419
491.76,0.027356
492.24,0.026913
492.72,0.025957
493.21,0.024522
493.69,0.022790
494.17,0.021045
494.65,0.019564
495.13,0.018598
495.62,0.018343
496.10,0.018936
496.58,0.020478
497.06,0.023011
497.54,0.026494
498.03,0.030756
498.51,0.035471
498.99,0.040186
499.47,0.044299
499.95,0.047191
500.44,0.048363
500.92,0.047540
501.40,0.044816
501.88,0.040640
502.37,0.035749
502.85,0.030906
503.33,0.026739
503.81,0.023646
504.29,0.021761
504.78,0.021061
505.26,0.021442
505.74,0.022776
506.22,0.024877
506.70,0.027457
507.19,0.030140
507.67,0.032476
508.15,0.034110
508.63,0.034924
509.12,0.035100
509.60,0.035065
510.08,0.035308
510.56,0.036249
511.04,0.038044
511.53,0.040540
512.01,0.043305
512.49,0.045823
512.97,0.047685
513.45,0.048716
513.94,0.049017
514.42,0.048875
514.90,0.048669
515.38,0.048710
515.86,0.049188
516.35,0.050126
516.83,0.051411
517.31,0.052851
517.79,0.054249
518.28,0.055457
518.76,0.056363
519.24,0.056886
519.72,0.056978
520.20,0.056625
520.69,0.055866
521.17,0.054804
521.65,0.053604
522.13,0.052461
522.61,0.051561
523.10,0.051072
523.58,0.051102
524.06,0.051703
524.54,0.052864
525.03,0.054517
525.51,0.056526
525.99,0.058689
526.47,0.060778
526.95,0.062568
527.44,0.063905
527.92,0.064742
528.40,0.065129
528.88,0.065185
529.36,0.065041
529.85,0.064834
530.33,0.064693
530.81,0.064736
531.29,0.065096
531.77,0.065900
532.26,0.067244
532.74,0.069165
533.22,0.071597
533.70,0.074360
534.19,0.077156
534.67,0.079656
535.15,0.081594
535.63,0.082855
536.11,0.083535
536.60,0.083901
537.08,0.084294
537.56,0.084981
538.04,0.086089
538.52,0.087565
539.01,0.089227
539.49,0.090845
539.97,0.092255
540.45,0.093424
540.93,0.094449
541.42,0.095509
541.90,0.096780
542.38,0.098386
542.86,0.100353
543.35,0.102618
543.83,0.105049
544.31,0.107486
544.79,0.109772
545.27,0.111753
545.76,0.113309
546.24,0.114376
546.72,0.114961
547.20,0.115154
547.68,0.115117
548.17,0.115060
548.65,0.115181
549.13,0.115657
549.61,0.116609
550.10,0.118084
550.58,0.120058
551.06,0.122440
551.54,0.125101
552.02,0.127887
552.51,0.130652
552.99,0.133292
553.47,0.135752
553.95,0.138064
554.43,0.140337
554.92,0.142740
555.40,0.145432
555.88,0.148485
556.36,0.151822
556.84,0.155213
557.33,0.158309
557.81,0.160721
558.29,0.162165
558.77,0.162505
559.26,0.161785
559.74,0.160175
560.22,0.157916
560.70,0.155265
561.18,0.152458
561.67,0.149745
562.15,0.147384
562.63,0.145613
563.11,0.144622
563.59,0.144473
564.08,0.145056
564.56,0.146071
565.04,0.147097
565.52,0.147709
566.00,0.147564
566.49,0.146532
566.97,0.144696
567.45,0.142311
567.93,0.139686
568.42,0.137098
568.90,0.134723
569.38,0.132603
569.86,0.130685
570.34,0.128864
570.83,0.127042
571.31,0.125144
571.79,0.123126
572.27,0.120969
572.75,0.118675
573.24,0.116279
573.72,0.113852
574.20,0.111523
574.68,0.109450
575.17,0.107784
575.65,0.106622
576.13,0.105944
576.61,0.105602
577.09,0.105335
577.58,0.104872
578.06,0.104013
578.54,0.102695
579.02,0.101004
579.50,0.099140
579.99,0.097346
580.47,0.095804
580.95,0.094591
581.43,0.093641
581.91,0.092800
582.40,0.091898
582.88,0.090839
583.36,0.089655
583.84,0.088500
584.33,0.087590
584.81,0.087111
585.29,0.087152
585.77,0.087656
586.25,0.088446
586.74,0.089284
587.22,0.089966
587.70,0.090386
588.18,0.090548
588.66,0.090542
589.15,0.090482
589.63,0.090442
590.11,0.090418
590.59,0.090334
591.08,0.090083
591.56,0.089604
592.04,0.088928
592.52,0.088197
593.00,0.087610
593.49,0.087363
593.97,0.087567
594.45,0.088212
594.93,0.089177
595.41,0.090293
595.90,0.091412
596.38,0.092462
596.86,0.093486
597.34,0.094605
597.82,0.095970
598.31,0.097666
598.79,0.099654
599.27,0.101746
599.75,0.103644
600.24,0.105009
600.72,0.105541
601.20,0.105091
601.68,0.103671
602.16,0.101443
602.65,0.098647
603.13,0.095561
603.61,0.092452
604.09,0.089523
604.57,0.086935
605.06,0.084776
605.54,0.083068
606.02,0.081771
606.50,0.080795
606.98,0.080021
607.47,0.079306
607.95,0.078513
608.43,0.077527
608.91,0.076261
609.40,0.074681
609.88,0.072793
610.36,0.070655
610.84,0.068349
611.32,0.065982
611.81,0.063664
612.29,0.061474
612.77,0.059456
613.25,0.057603
613.73,0.055877
614.22,0.054229
614.70,0.052626
615.18,0.051074
615.66,0.049610
616.15,0.048288
616.63,0.047145
617.11,0.046190
617.59,0.045392
618.07,0.044700
618.56,0.044070
619.04,0.043486
619.52,0.042968
620.00,0.042552
620.48,0.042270
620.97,0.042118
621.45,0.042048
621.93,0.041988
622.41,0.041857
622.89,0.041605
623.38,0.041222
623.86,0.040739
624.34,0.040199
624.82,0.039623
625.31,0.038995
625.79,0.038250
626.27,0.037312
626.75,0.036122
627.23,0.034677
627.72,0.033040
628.20,0.031339
628.68,0.029717
629.16,0.028299
629.64,0.027169
630.13,0.026352
630.61,0.025825
631.09,0.025533
631.57,0.025414
632.05,0.025409
632.54,0.025466
633.02,0.025546
633.50,0.025613
633.98,0.025642
634.47,0.025624
634.95,0.025569
635.43,0.025511
635.91,0.025489
636.39,0.025540
636.88,0.025674
637.36,0.025878
637.84,0.026112
638.32,0.026324
638.80,0.026469
639.29,0.026511
639.77,0.026432
640.25,0.026225
640.73,0.025891
641.22,0.025437
641.70,0.024883
642.18,0.024275
642.66,0.023682
643.14,0.023196
643.63,0.022912
644.11,0.022888
644.59,0.023122
645.07,0.023535
645.55,0.023989
646.04,0.024313
646.52,0.024349
647.00,0.024017
647.48,0.023330
647.96,0.022405
648.45,0.021422
648.93,0.020593
649.41,0.020090
649.89,0.020008
650.38,0.020354
650.86,0.021047
651.34,0.021943
651.82,0.022861
652.30,0.023623
652.79,0.024076
653.27,0.024110
653.75,0.023682
654.23,0.022816
654.71,0.021605
655.20,0.020191
655.68,0.018749
656.16,0.017462
656.64,0.016476
657.13,0.015898
657.61,0.015777
658.09,0.016106
658.57,0.016821
659.05,0.017809
659.54,0.018929
660.02,0.020010
660.50,0.020896
660.98,0.021472
661.46,0.021686
661.95,0.021571
662.43,0.021234
662.91,0.020850
663.39,0.020592
663.87,0.020595
664.36,0.020917
664.84,0.021532
665.32,0.022348
665.80,0.023236
666.29,0.024068
666.77,0.024717
667.25,0.025087
667.73,0.025148
668.21,0.024980
668.70,0.024766
669.18,0.024668
669.66,0.024749
670.14,0.024954
670.62,0.025189
671.11,0.025362
671.59,0.025412
672.07,0.025304
672.55,0.025030
673.03,0.024613
673.52,0.024103
674.00,0.023573
674.48,0.023090
674.96,0.022702
675.45,0.022423
675.93,0.022226
676.41,0.022054
676.89,0.021831
677.37,0.021495
677.86,0.021023
678.34,0.020444
678.82,0.019835
679.30,0.019312
679.78,0.018987
680.27,0.018929
680.75,0.019140
681.23,0.019546
681.71,0.020019
682.20,0.020415
682.68,0.020620
683.16,0.020587
683.64,0.020339
684.12,0.019957
684.61,0.019542
685.09,0.019192
685.57,0.018964
686.05,0.018869
686.53,0.018884
687.02,0.018973
687.50,0.019103
687.98,0.019248
688.46,0.019396
688.94,0.019531
689.43,0.019627
689.91,0.019650
690.39,0.019564
690.87,0.019344
691.36,0.018997
691.84,0.018559
692.32,0.018100
692.80,0.017696
693.28,0.017424
693.77,0.017340
694.25,0.017469
694.73,0.017817
695.21,0.018371
695.69,0.019108
696.18,0.019998
696.66,0.020996
697.14,0.022042
697.62,0.023052
698.11,0.023931
698.59,0.024574
699.07,0.024886
699.55,0.024810
700.03,0.024334
700.52,0.023505
701.00,0.022415
701.48,0.021191
701.96,0.019971
702.44,0.018873
702.93,0.017995
703.41,0.017402
703.89,0.017116
704.37,0.017126
704.85,0.017384
705.34,0.017823
705.82,0.018358
706.30,0.018911
706.78,0.019421
707.27,0.019849
707.75,0.020186
708.23,0.020448
708.71,0.020665
709.19,0.020868
709.68,0.021075
710.16,0.021283
710.64,0.021473
711.12,0.021613
711.60,0.021672
712.09,0.021639
712.57,0.021518
713.05,0.021337
713.53,0.021129
714.01,0.020931
714.50,0.020765
714.98,0.020636
715.46,0.020533
715.94,0.020438
716.43,0.020336
716.91,0.020224
717.39,0.020112
717.87,0.020016
718.35,0.019953
718.84,0.019929
719.32,0.019934
719.80,0.019944
720.28,0.019934
720.76,0.019886
721.25,0.019802
721.73,0.019705
722.21,0.019629
722.69,0.019606
723.17,0.019650
723.66,0.019752
724.14,0.019877
724.62,0.019980
725.10,0.020018
725.59,0.019966
726.07,0.019822
726.55,0.019612
727.03,0.019371
727.51,0.019141
728.00,0.018955
728.48,0.018835
728.96,0.018795
729.44,0.018841
729.92,0.018977
730.41,0.019200
730.89,0.019491
731.37,0.019818
731.85,0.020130
732.34,0.020371
732.82,0.020497
733.30,0.020486
733.78,0.020356
734.26,0.020154
734.75,0.019948
735.23,0.019802
735.71,0.019750
736.19,0.019790
736.67,0.019876
737.16,0.019945
737.64,0.019923
738.12,0.019762
738.60,0.019444
739.08,0.018991
739.57,0.018451
740.05,0.017887
740.53,0.017366
741.01,0.016937
741.50,0.016634
741.98,0.016471
742.46,0.016441
742.94,0.016524
743.42,0.016690
743.91,0.016910
744.39,0.017162
744.87,0.017432
745.35,0.017718
745.83,0.018020
746.32,0.018332
746.80,0.018638
747.28,0.018905
747.76,0.019094
748.25,0.019169
748.73,0.019110
749.21,0.018927
749.69,0.018662
750.17,0.018383
750.66,0.018164
751.14,0.018068
751.62,0.018131
752.10,0.018352
752.58,0.018695
753.07,0.019090
753.55,0.019462
754.03,0.019726
754.51,0.019815
754.99,0.019694
755.48,0.019360
755.96,0.018858
756.44,0.018265
756.92,0.017688
757.41,0.017231
757.89,0.016969
758.37,0.016929
758.85,0.017079
759.33,0.017338
759.82,0.017598
760.30,0.017771
760.78,0.017808
761.26,0.017721
761.74,0.017566
762.23,0.017431
762.71,0.017393
763.19,0.017491
763.67,0.017717
764.15,0.018023
764.64,0.018347
765.12,0.018625
765.60,0.018819
766.08,0.018920
766.57,0.018945
767.05,0.018920
767.53,0.018876
768.01,0.018837
768.49,0.018820
768.98,0.018837
769.46,0.018886
769.94,0.018953
770.42,0.019006
770.90,0.018999
771.39,0.018883
771.87,0.018624
772.35,0.018221
772.83,0.017713
773.32,0.017175
773.80,0.016700
774.28,0.016361
774.76,0.016193
775.24,0.016180
775.73,0.016263
776.21,0.016359
776.69,0.016391
777.17,0.016313
777.65,0.016119
778.14,0.015840
778.62,0.015524
779.10,0.015227
779.58,0.014994
780.06,0.014858
780.55,0.014840
781.03,0.014957
781.51,0.015213
781.99,0.015605
782.48,0.016110
782.96,0.016689
783.44,0.017281
783.92,0.017826
784.40,0.018264
784.89,0.018557
785.37,0.018691
785.85,0.018674
786.33,0.018530
786.81,0.018286
787.30,0.017968
787.78,0.017599
788.26,0.017198
788.74,0.016787
789.23,0.016385
789.71,0.016009
790.19,0.015672
790.67,0.015381
791.15,0.015133
791.64,0.014926
792.12,0.014757
792.60,0.014622
793.08,0.014519
793.56,0.014443
794.05,0.014384
794.53,0.014330
795.01,0.014275
795.49,0.014228
795.97,0.014214
796.46,0.014270
796.94,0.014437
797.42,0.014746
797.90,0.015198
798.39,0.015766
798.87,0.016396
799.35,0.017023
799.83,0.017588
800.31,0.018050
800.80,0.018394
801.28,0.018623
801.76,0.018749
802.24,0.018778
802.72,0.018714
803.21,0.018554
803.69,0.018303
804.17,0.017977
804.65,0.017605
805.13,0.017228
805.62,0.016885
806.10,0.016606
806.58,0.016412
807.06,0.016312
807.55,0.016310
808.03,0.016407
808.51,0.016598
808.99,0.016870
809.47,0.017193
809.96,0.017517
810.44,0.017782
810.92,0.017920
811.40,0.017882
811.88,0.017645
812.37,0.017225
812.85,0.016668
813.33,0.016044
813.81,0.015432
814.30,0.014900
814.78,0.014500
815.26,0.014256
815.74,0.014160
816.22,0.014180
816.71,0.014265
817.19,0.014365
817.67,0.014442
818.15,0.014487
818.63,0.014526
819.12,0.014613
819.60,0.014811
820.08,0.015165
820.56,0.015675
821.04,0.016283
821.53,0.016884
822.01,0.017345
822.49,0.017548
822.97,0.017433
823.46,0.017015
823.94,0.016385
824.42,0.015678
824.90,0.015043
825.38,0.014586
825.87,0.014361
826.35,0.014353
826.83,0.014504
827.31,0.014730
827.79,0.014948
828.28,0.015104
828.76,0.015166
829.24,0.015127
829.72,0.014994
830.21,0.014781
830.69,0.014506
831.17,0.014193
831.65,0.013876
832.13,0.013595
832.62,0.013396
833.10,0.013321
833.58,0.013403
834.06,0.013652
834.54,0.014063
835.03,0.014609
835.51,0.015252
835.99,0.015945
836.47,0.016646
836.95,0.017313
837.44,0.017910
837.92,0.018404
838.40,0.018761
838.88,0.018955
839.37,0.018966
839.85,0.018786
840.33,0.018430
840.81,0.017933
841.29,0.017357
841.78,0.016784
842.26,0.016300
842.74,0.015983
843.22,0.015884
843.70,0.016011
844.19,0.016333
844.67,0.016785
845.15,0.017284
845.63,0.017742
846.11,0.018089
846.60,0.018274
847.08,0.018271
847.56,0.018079
848.04,0.017721
848.53,0.017244
849.01,0.016713
849.49,0.016211
849.97,0.015827
850.45,0.015632
850.94,0.015666
851.42,0.015921
851.90,0.016345
852.38,0.016853
852.86,0.017354
853.35,0.017781
853.83,0.018101
854.31,0.018320
854.79,0.018468
855.27,0.018582
855.76,0.018686
856.24,0.018785
856.72,0.018873
857.20,0.018952
857.69,0.019035
858.17,0.019158
858.65,0.019362
859.13,0.019680
859.61,0.020119
860.10,0.020658
860.58,0.021255
861.06,0.021870
861.54,0.022480
862.02,0.023094
862.51,0.023740
862.99,0.024451
863.47,0.025240
863.95,0.026084
864.44,0.026927
864.92,0.027695
865.40,0.028323
865.88,0.028779
866.36,0.029075
866.85,0.029260
867.33,0.029403
867.81,0.029575
868.29,0.029827
868.77,0.030193
869.26,0.030684
869.74,0.031295
870.22,0.031999
870.70,0.032750
871.18,0.033482
871.67,0.034104
872.15,0.034515
872.63,0.034637
873.11,0.034422
873.60,0.033878
874.08,0.033069
874.56,0.032098
875.04,0.031080
875.52,0.030109
876.01,0.029253
876.49,0.028536
876.97,0.027956
877.45,0.027490
877.93,0.027112
878.42,0.026797
878.90,0.026524
879.38,0.026273
879.86,0.026026
880.35,0.025764
880.83,0.025470
881.31,0.025130
881.79,0.024729
882.27,0.024254
882.76,0.023686
883.24,0.023012
883.72,0.022230
884.20,0.021359
884.68,0.020444
885.17,0.019550
885.65,0.018752
886.13,0.018109
886.61,0.017646
887.09,0.017350
887.58,0.017173
888.06,0.017052
888.54,0.016928
889.02,0.016770
889.51,0.016578
889.99,0.016379
890.47,0.016205
890.95,0.016087
891.43,0.016038
891.92,0.016054
892.40,0.016123
892.88,0.016228
893.36,0.016358
893.84,0.016501
894.33,0.016641
894.81,0.016760
895.29,0.016836
895.77,0.016854
896.25,0.016821
896.74,0.016769
897.22,0.016749
897.70,0.016818
898.18,0.017019
898.67,0.017358
899.15,0.017802
899.63,0.018287
900.11,0.018739
900.59,0.019099
901.08,0.019338
901.56,0.019462
902.04,0.019500
902.52,0.019486
903.00,0.019443
903.49,0.019376
903.97,0.019273
904.45,0.019127
904.93,0.018937
905.42,0.018726
905.90,0.018529
906.38,0.018384
906.86,0.018319
907.34,0.018335
907.83,0.018407
908.31,0.018489
908.79,0.018535
909.27,0.018507
909.75,0.018396
910.24,0.018224
910.72,0.018045
911.20,0.017920
911.68,0.017917
912.16,0.018075
912.65,0.018402
913.13,0.018865
913.61,0.019393
914.09,0.019906
914.58,0.020327
915.06,0.020611
915.54,0.020757
916.02,0.020808
916.50,0.020831
916.99,0.020890
917.47,0.021022
917.95,0.021218
918.43,0.021430
918.91,0.021584
919.40,0.021620
919.88,0.021515
920.36,0.021306
920.84,0.021069
921.33,0.020908
921.81,0.020917
922.29,0.021142
922.77,0.021576
923.25,0.022158
923.74,0.022801
924.22,0.023414
924.70,0.023936
925.18,0.024344
925.66,0.024650
926.15,0.024884
926.63,0.025072
927.11,0.025225
927.59,0.025332
928.07,0.025374
928.56,0.025334
929.04,0.025221
929.52,0.025067
930.00,0.024935
930.49,0.024892
930.97,0.024996
931.45,0.025271
931.93,0.025702
932.41,0.026239
932.90,0.026811
933.38,0.027357
933.86,0.027840
934.34,0.028263
934.82,0.028661
935.31,0.029088
935.79,0.029591
936.27,0.030186
936.75,0.030855
937.23,0.031544
937.72,0.032187
938.20,0.032723
938.68,0.033117
939.16,0.033373
939.65,0.033524
940.13,0.033620
940.61,0.033713
941.09,0.033848
941.57,0.034053
942.06,0.034344
942.54,0.034726
943.02,0.035201
943.50,0.035766
943.98,0.036411
944.47,0.037121
944.95,0.037874
945.43,0.038649
945.91,0.039430
946.39,0.040207
946.88,0.040977
947.36,0.041737
947.84,0.042481
948.32,0.043193
948.81,0.043852
949.29,0.044442
949.77,0.044959
950.25,0.045415
950.73,0.045837
951.22,0.046254
951.70,0.046685
952.18,0.047134
952.66,0.047593
953.14,0.048054
953.63,0.048522
954.11,0.049021
954.59,0.049594
955.07,0.050277
955.56,0.051084
956.04,0.051986
956.52,0.052915
957.00,0.053788
957.48,0.054528
957.97,0.055100
958.45,0.055522
958.93,0.055859
959.41,0.056190
959.89,0.056573
960.38,0.057024
960.86,0.057512
961.34,0.057974
961.82,0.058342
962.30,0.058572
962.79,0.058654
963.27,0.058607
963.75,0.058457
964.23,0.058224
964.72,0.057906
965.20,0.057495
965.68,0.056985
966.16,0.056398
966.64,0.055780
967.13,0.055203
967.61,0.054739
968.09,0.054436
968.57,0.054312
969.05,0.054350
969.54,0.054519
970.02,0.054791
970.50,0.055159
970.98,0.055639
971.47,0.056255
971.95,0.057021
972.43,0.057921
972.91,0.058905
973.39,0.059902
973.88,0.060841
974.36,0.061676
974.84,0.062406
975.32,0.063069
975.80,0.063733
976.29,0.064468
976.77,0.065327
977.25,0.066333
977.73,0.067477
978.21,0.068729
978.70,0.070052
979.18,0.071421
979.66,0.072829
980.14,0.074286
980.63,0.075810
981.11,0.077426
981.59,0.079144
982.07,0.080959
982.55,0.082842
983.04,0.084751
983.52,0.086631
984.00,0.088428
984.48,0.090105
984.96,0.091645
985.45,0.093063
985.93,0.094396
986.41,0.095702
986.89,0.097048
987.37,0.098491
987.86,0.100078
988.34,0.101829
988.82,0.103733
989.30,0.105749
989.79,0.107808
990.27,0.109826
990.75,0.111717
991.23,0.113417
991.71,0.114906
992.20,0.116216
992.68,0.117426
993.16,0.118643
993.64,0.119980
994.12,0.121513
994.61,0.123272
995.09,0.125224
995.57,0.127301
996.05,0.129417
996.54,0.131493
997.02,0.133480
997.50,0.135360
997.98,0.137137
998.46,0.138825
998.95,0.140436
999.43,0.141976
999.91,0.143449
1000.39,0.144862
1000.87,0.146229
1001.36,0.147563
1001.84,0.148874
1002.32,0.150156
1002.80,0.151394
1003.28,0.152564
1003.77,0.153646
1004.25,0.154637
1004.73,0.155556
1005.21,0.156438
1005.70,0.157327
1006.18,0.158265
1006.66,0.159277
1007.14,0.160368
1007.62,0.161525
1008.11,0.162715
1008.59,0.163890
1009.07,0.164989
1009.55,0.165948
1010.03,0.166706
1010.52,0.167221
1011.00,0.167485
1011.48,0.167526
1011.96,0.167407
1012.45,0.167206
1012.93,0.166999
1013.41,0.166844
1013.89,0.166770
1014.37,0.166787
1014.86,0.166904
1015.34,0.167132
1015.82,0.167495
1016.30,0.168005
1016.78,0.168655
1017.27,0.169387
1017.75,0.170106
1018.23,0.170685
1018.71,0.170998
1019.20,0.170966
1019.68,0.170574
1020.16,0.169875
1020.64,0.168964
1021.12,0.167956
1021.61,0.166945
1022.09,0.165988
1022.57,0.165111
1023.05,0.164312
1023.53,0.163579
1024.02,0.162894
1024.50,0.162237
1024.98,0.161584
1025.46,0.160901
1025.94,0.160151
1026.43,0.159309
1026.91,0.158372
1027.39,0.157360
1027.87,0.156316
1028.36,0.155288
1028.84,0.154305
1029.32,0.153371
1029.80,0.152461
1030.28,0.151539
1030.77,0.150568
1031.25,0.149534
1031.73,0.148449
1032.21,0.147344
1032.69,0.146259
1033.18,0.145228
1033.66,0.144273
1034.14,0.143401
1034.62,0.142613
1035.10,0.141903
1035.59,0.141264
1036.07,0.140679
1036.55,0.140115
1037.03,0.139526
1037.52,0.138858
1038.00,0.138058
1038.48,0.137100
1038.96,0.135987
1039.44,0.134757
1039.93,0.133468
1040.41,0.132182
1040.89,0.130953
1041.37,0.129807
1041.85,0.128753
1042.34,0.127779
1042.82,0.126867
1043.30,0.125999
1043.78,0.125161
1044.27,0.124342
1044.75,0.123538
1045.23,0.122744
1045.71,0.121962
1046.19,0.121194
1046.67,0.120449
1047.16,0.119729
1047.64,0.119032
1048.12,0.118348
1048.60,0.117654
1049.09,0.116928
1049.57,0.116149
1050.05,0.115310
1050.53,0.114421
1051.01,0.113502
1051.50,0.112581
1051.98,0.111685
1052.46,0.110829
1052.94,0.110014
1053.42,0.109224
1053.91,0.108437
1054.39,0.107621
1054.87,0.106745
1055.35,0.105787
1055.84,0.104737
1056.32,0.103608
1056.80,0.102430
1057.28,0.101257
1057.76,0.100146
1058.25,0.099145
1058.73,0.098278
1059.21,0.097538
1059.69,0.096886
1060.17,0.096270
1060.66,0.095644
1061.14,0.094984
1061.62,0.094294
1062.10,0.093600
1062.59,0.092934
1063.07,0.092312
1063.55,0.091724
1064.03,0.091132
1064.51,0.090484
1065.00,0.089740
1065.48,0.088878
1065.96,0.087911
1066.44,0.086871
1066.92,0.085804
1067.41,0.084742
1067.89,0.083705
1068.37,0.082694
1068.85,0.081706
1069.34,0.080740
1069.82,0.079811
1070.30,0.078943
1070.78,0.078162
1071.26,0.077487
1071.74,0.076917
1072.23,0.076436
1072.71,0.076010
1073.19,0.075606
1073.67,0.075188
1074.16,0.074733
1074.64,0.074226
1075.12,0.073658
1075.60,0.073030
1076.08,0.072349
1076.57,0.071633
1077.05,0.070906
1077.53,0.070191
1078.01,0.069508
1078.49,0.068862
1078.98,0.068243
1079.46,0.067628
1079.94,0.066995
1080.42,0.066336
1080.91,0.065660
1081.39,0.064994
1081.87,0.064373
1082.35,0.063829
1082.83,0.063375
1083.32,0.063004
1083.80,0.062691
1084.28,0.062407
1084.76,0.062129
1085.24,0.061846
1085.73,0.061557
1086.21,0.061265
1086.69,0.060968
1087.17,0.060658
1087.65,0.060320
1088.14,0.059945
1088.62,0.059531
1089.10,0.059087
1089.58,0.058627
1090.07,0.058158
1090.55,0.057676
1091.03,0.057159
1091.51,0.056580
1091.99,0.055918
1092.48,0.055175
1092.96,0.054379
1093.44,0.053581
1093.92,0.052835
1094.40,0.052185
1094.89,0.051646
1095.37,0.051203
1095.85,0.050816
1096.33,0.050436
1096.82,0.050024
1097.30,0.049554
1097.78,0.049021
1098.26,0.048434
1098.74,0.047812
1099.23,0.047172
1099.71,0.046533
1100.19,0.045914
1100.67,0.045330
1101.15,0.044791
1101.64,0.044294
1102.12,0.043824
1102.60,0.043349
1103.08,0.042833
1103.57,0.042245
1104.05,0.041571
1104.53,0.040825
1105.01,0.040039
1105.49,0.039259
1105.98,0.038526
1106.46,0.037862
1106.94,0.037268
1107.42,0.036730
1107.90,0.036227
1108.39,0.035743
1108.87,0.035267
1109.35,0.034798
1109.83,0.034327
1110.32,0.033836
1110.80,0.033293
1111.28,0.032658
1111.76,0.031906
1112.24,0.031030
1112.72,0.030056
1113.21,0.029032
1113.69,0.028013
1114.17,0.027048
1114.65,0.026157
1115.14,0.025336
1115.62,0.024557
1116.10,0.023794
1116.58,0.023033
1117.06,0.022279
1117.55,0.021555
1118.03,0.020886
1118.51,0.020283
1118.99,0.019734
1119.47,0.019202
1119.96,0.018636
1120.44,0.017998
1120.92,0.017269
1121.40,0.016461
1121.88,0.015612
1122.37,0.014773
1122.85,0.013984
1123.33,0.013263
1123.81,0.012599
1124.30,0.011964
1124.78,0.011317
1125.26,0.010629
1125.74,0.009886
1126.22,0.009100
1126.71,0.008295
1127.19,0.007506
1127.67,0.006767
1128.15,0.006101
1128.63,0.005521
1129.12,0.005029
1129.60,0.004616
1130.08,0.004269
1130.56,0.003972
1131.05,0.003707
1131.53,0.003457
1132.01,0.003205
1132.49,0.002941
1132.97,0.002651
1133.46,0.002327
1133.94,0.001959
1134.42,0.001541
1134.90,0.001071
1135.38,0.000556
1135.87,0.000016
1136.35,-0.000515
1136.83,-0.000998
1137.31,-0.001390
1137.80,-0.001663
1138.28,-0.001809
1138.76,-0.001850
1139.24,-0.001829
1139.72,-0.001800
1140.21,-0.001819
1140.69,-0.001923
1141.17,-0.002125
1141.65,-0.002411
1142.13,-0.002750
1142.62,-0.003103
1143.10,-0.003433
1143.58,-0.003717
1144.06,-0.003944
1144.55,-0.004114
1145.03,-0.004232
1145.51,-0.004304
1145.99,-0.004339
1146.47,-0.004342
1146.96,-0.004327
1147.44,-0.004308
1147.92,-0.004303
1148.40,-0.004328
1148.88,-0.004394
1149.37,-0.004500
1149.85,-0.004640
1150.33,-0.004803
1150.81,-0.004979
1151.30,-0.005166
1151.78,-0.005367
1152.26,-0.005593
1152.74,-0.005849
1153.22,-0.006133
1153.70,-0.006430
1154.19,-0.006709
1154.67,-0.006937
1155.15,-0.007082
1155.63,-0.007123
1156.12,-0.007056
1156.60,-0.006895
1157.08,-0.006668
1157.56,-0.006406
1158.04,-0.006144
1158.53,-0.005909
1159.01,-0.005719
1159.49,-0.005586
1159.97,-0.005516
1160.45,-0.005509
1160.94,-0.005559
1161.42,-0.005659
1161.90,-0.005796
1162.38,-0.005961
1162.87,-0.006146
1163.35,-0.006349
1163.83,-0.006570
1164.31,-0.006815
1164.79,-0.007083
1165.28,-0.007372
1165.76,-0.007669
1166.24,-0.007960
1166.72,-0.008232
1167.20,-0.008477
1167.69,-0.008698
1168.17,-0.008905
1168.65,-0.009111
1169.13,-0.009319
1169.62,-0.009526
1170.10,-0.009714
1170.58,-0.009854
1171.06,-0.009921
1171.54,-0.009897
1172.03,-0.009779
1172.51,-0.009583
1172.99,-0.009338
1173.47,-0.009084
1173.95,-0.008857
1174.44,-0.008688
1174.92,-0.008598
1175.40,-0.008591
1175.88,-0.008662
1176.37,-0.008788
1176.85,-0.008944
1177.33,-0.009095
1177.81,-0.009211
1178.29,-0.009270
1178.78,-0.009265
1179.26,-0.009206
1179.74,-0.009113
1180.22,-0.009013
1180.70,-0.008926
1181.19,-0.008864
1181.67,-0.008821
1182.15,-0.008787
1182.63,-0.008750
1183.11,-0.008710
1183.60,-0.008673
1184.08,-0.008655
1184.56,-0.008670
1185.04,-0.008721
1185.53,-0.008796
1186.01,-0.008873
1186.49,-0.008928
1186.97,-0.008950
1187.45,-0.008949
1187.94,-0.008954
1188.42,-0.009002
1188.90,-0.009125
1189.38,-0.009331
1189.86,-0.009600
1190.35,-0.009885
1190.83,-0.010133
1191.31,-0.010298
1191.79,-0.010356
1192.28,-0.010311
1192.76,-0.010194
1193.24,-0.010041
1193.72,-0.009886
1194.20,-0.009747
1194.68,-0.009626
1195.17,-0.009513
1195.65,-0.009397
1196.13,-0.009276
1196.61,-0.009152
1197.10,-0.009036
1197.58,-0.008937
1198.06,-0.008856
1198.54,-0.008785
1199.02,-0.008713
1199.51,-0.008629
1199.99,-0.008526
1200.47,-0.008410
1200.95,-0.008296
1201.43,-0.008204
1201.92,-0.008149
1202.40,-0.008143
1202.88,-0.008189
1203.36,-0.008283
1203.85,-0.008413
1204.33,-0.008569
1204.81,-0.008739
1205.29,-0.008910
1205.77,-0.009069
1206.26,-0.009202
1206.74,-0.009295
1207.22,-0.009336
1207.70,-0.009319
1208.18,-0.009247
1208.67,-0.009135
1209.15,-0.009003
1209.63,-0.008882
1210.11,-0.008799
1210.60,-0.008778
1211.08,-0.008828
1211.56,-0.008944
1212.04,-0.009107
1212.52,-0.009284
1213.01,-0.009442
1213.49,-0.009552
1213.97,-0.009594
1214.45,-0.009567
1214.93,-0.009484
1215.42,-0.009368
1215.90,-0.009244
1216.38,-0.009139
1216.86,-0.009071
1217.35,-0.009053
1217.83,-0.009090
1218.31,-0.009178
1218.79,-0.009309
1219.27,-0.009465
1219.76,-0.009623
1220.24,-0.009757
1220.72,-0.009837
1221.20,-0.009845
1221.68,-0.009772
1222.17,-0.009625
1222.65,-0.009426
1223.13,-0.009205
1223.61,-0.008994
1224.09,-0.008813
1224.58,-0.008674
1225.06,-0.008576
1225.54,-0.008512
1226.02,-0.008475
1226.51,-0.008462
1226.99,-0.008476
1227.47,-0.008522
1227.95,-0.008604
1228.43,-0.008720
1228.91,-0.008859
1229.40,-0.009004
1229.88,-0.009133
1230.36,-0.009229
1230.84,-0.009282
1231.33,-0.009288
1231.81,-0.009253
1232.29,-0.009185
1232.77,-0.009095
1233.26,-0.008993
1233.74,-0.008884
1234.22,-0.008773
1234.70,-0.008662
1235.18,-0.008550
1235.66,-0.008437
1236.15,-0.008326
1236.63,-0.008220
1237.11,-0.008131
1237.59,-0.008067
1238.08,-0.008038
1238.56,-0.008048
1239.04,-0.008091
1239.52,-0.008154
1240.00,-0.008217
1240.49,-0.008263
1240.97,-0.008282
1241.45,-0.008272
1241.93,-0.008244
1242.41,-0.008211
1242.90,-0.008189
1243.38,-0.008181
1243.86,-0.008183
1244.34,-0.008183
1244.83,-0.008166
1245.31,-0.008121
1245.79,-0.008043
1246.27,-0.007937
1246.75,-0.007812
1247.24,-0.007683
1247.72,-0.007560
1248.20,-0.007458
1248.68,-0.007391
1249.16,-0.007372
1249.65,-0.007417
1250.13,-0.007532
1250.61,-0.007712
1251.09,-0.007936
1251.58,-0.008169
1252.06,-0.008371
1252.54,-0.008503
1253.02,-0.008547
1253.50,-0.008503
1253.98,-0.008392
1254.47,-0.008247
1254.95,-0.008099
1255.43,-0.007971
1255.91,-0.007871
1256.40,-0.007801
1256.88,-0.007757
1257.36,-0.007740
1257.84,-0.007757
1258.33,-0.007812
1258.81,-0.007906
1259.29,-0.008023
1259.77,-0.008136
1260.25,-0.008208
1260.73,-0.008205
1261.22,-0.008111
1261.70,-0.007935
1262.18,-0.007707
1262.66,-0.007468
1263.15,-0.007259
1263.63,-0.007111
1264.11,-0.007036
1264.59,-0.007037
1265.07,-0.007104
1265.56,-0.007227
1266.04,-0.007394
1266.52,-0.007586
1267.00,-0.007783
1267.48,-0.007954
1267.97,-0.008067
1268.45,-0.008098
1268.93,-0.008039
1269.41,-0.007902
1269.89,-0.007720
1270.38,-0.007535
1270.86,-0.007387
1271.34,-0.007296
1271.82,-0.007263
1272.31,-0.007272
1272.79,-0.007298
1273.27,-0.007322
1273.75,-0.007341
1274.23,-0.007366
1274.72,-0.007413
1275.20,-0.007496
1275.68,-0.007615
1276.16,-0.007750
1276.64,-0.007877
1277.13,-0.007967
1277.61,-0.008003
1278.09,-0.007984
1278.57,-0.007929
1279.06,-0.007861
1279.54,-0.007806
1280.02,-0.007775
1280.50,-0.007769
1280.98,-0.007777
1281.47,-0.007783
1281.95,-0.007774
1282.43,-0.007746
1282.91,-0.007703
1283.39,-0.007656
1283.88,-0.007619
1284.36,-0.007602
1284.84,-0.007616
1285.32,-0.007663
1285.81,-0.007744
1286.29,-0.007852
1286.77,-0.007975
1287.25,-0.008092
1287.73,-0.008178
1288.22,-0.008208
1288.70,-0.008162
1289.18,-0.008031
1289.66,-0.007824
1290.14,-0.007561
1290.63,-0.007268
1291.11,-0.006971
1291.59,-0.006688
1292.07,-0.006424
1292.56,-0.006178
1293.04,-0.005945
1293.52,-0.005725
1294.00,-0.005527
1294.48,-0.005370
1294.96,-0.005272
1295.45,-0.005248
1295.93,-0.005302
1296.41,-0.005423
1296.89,-0.005588
1297.38,-0.005770
1297.86,-0.005947
1298.34,-0.006104
1298.82,-0.006239
1299.30,-0.006357
1299.79,-0.006466
1300.27,-0.006570
1300.75,-0.006669
1301.23,-0.006755
1301.71,-0.006821
1302.20,-0.006860
1302.68,-0.006869
1303.16,-0.006850
1303.64,-0.006804
1304.13,-0.006735
1304.61,-0.006645
1305.09,-0.006538
1305.57,-0.006419
1306.05,-0.006298
1306.54,-0.006189
1307.02,-0.006109
1307.50,-0.006070
1307.98,-0.006079
1308.46,-0.006130
1308.95,-0.006208
1309.43,-0.006292
1309.91,-0.006359
1310.39,-0.006396
1310.88,-0.006395
1311.36,-0.006359
1311.84,-0.006299
1312.32,-0.006226
1312.80,-0.006153
1313.29,-0.006087
1313.77,-0.006029
1314.25,-0.005975
1314.73,-0.005921
1315.21,-0.005859
1315.70,-0.005785
1316.18,-0.005698
1316.66,-0.005601
1317.14,-0.005500
1317.62,-0.005405
1318.11,-0.005324
1318.59,-0.005265
1319.07,-0.005230
1319.55,-0.005216
1320.04,-0.005214
1320.52,-0.005216
1321.00,-0.005213
1321.48,-0.005201
1321.96,-0.005180
1322.45,-0.005153
1322.93,-0.005121
1323.41,-0.005083
1323.89,-0.005035
1324.38,-0.004972
1324.86,-0.004890
1325.34,-0.004791
1325.82,-0.004684
1326.30,-0.004584
1326.79,-0.004506
1327.27,-0.004461
1327.75,-0.004449
1328.23,-0.004461
1328.71,-0.004476
1329.20,-0.004473
1329.68,-0.004431
1330.16,-0.004343
1330.64,-0.004214
1331.12,-0.004061
1331.61,-0.003910
1332.09,-0.003784
1332.57,-0.003702
1333.05,-0.003672
1333.54,-0.003692
1334.02,-0.003749
1334.50,-0.003826
1334.98,-0.003906
1335.46,-0.003975
1335.94,-0.004022
1336.43,-0.004040
1336.91,-0.004022
1337.39,-0.003964
1337.87,-0.003858
1338.36,-0.003698
1338.84,-0.003481
1339.32,-0.003215
1339.80,-0.002917
1340.28,-0.002617
1340.77,-0.002349
1341.25,-0.002138
1341.73,-0.001996
1342.21,-0.001917
1342.69,-0.001883
1343.18,-0.001872
1343.66,-0.001861
1344.14,-0.001834
1344.62,-0.001782
1345.11,-0.001705
1345.59,-0.001610
1346.07,-0.001504
1346.55,-0.001398
1347.03,-0.001297
1347.52,-0.001211
1348.00,-0.001147
1348.48,-0.001115
1348.96,-0.001122
1349.44,-0.001171
1349.93,-0.001255
1350.41,-0.001354
1350.89,-0.001438
1351.37,-0.001474
1351.86,-0.001434
1352.34,-0.001302
1352.82,-0.001079
1353.30,-0.000784
1353.78,-0.000448
1354.27,-0.000109
1354.75,0.000197
1355.23,0.000440
1355.71,0.000600
1356.19,0.000668
1356.68,0.000640
1357.16,0.000526
1357.64,0.000344
1358.12,0.000119
1358.61,-0.000109
1359.09,-0.000296
1359.57,-0.000394
1360.05,-0.000361
1360.53,-0.000169
1361.02,0.000192
1361.50,0.000702
1361.98,0.001311
1362.46,0.001951
1362.94,0.002537
1363.43,0.003000
1363.91,0.003306
1364.39,0.003460
1364.87,0.003498
1365.35,0.003466
1365.84,0.003405
1366.32,0.003345
1366.80,0.003305
1367.28,0.003299
1367.77,0.003339
1368.25,0.003435
1368.73,0.003594
1369.21,0.003817
1369.69,0.004099
1370.18,0.004425
1370.66,0.004775
1371.14,0.005134
1371.62,0.005489
1372.10,0.005838
1372.59,0.006185
1373.07,0.006542
1373.55,0.006917
1374.03,0.007315
1374.52,0.007724
1375.00,0.008121
1375.48,0.008478
1375.96,0.008781
1376.44,0.009029
1376.92,0.009243
1377.41,0.009450
1377.89,0.009681
1378.37,0.009959
1378.85,0.010297
1379.34,0.010691
1379.82,0.011125
1380.30,0.011573
1380.78,0.012008
1381.26,0.012406
1381.75,0.012753
1382.23,0.013042
1382.71,0.013275
1383.19,0.013464
1383.67,0.013629
1384.16,0.013798
1384.64,0.013997
1385.12,0.014253
1385.60,0.014583
1386.09,0.014991
1386.57,0.015469
1387.05,0.015991
1387.53,0.016524
1388.01,0.017038
1388.50,0.017514
1388.98,0.017945
1389.46,0.018335
1389.94,0.018679
1390.42,0.018971
1390.91,0.019198
1391.39,0.019353
1391.87,0.019442
1392.35,0.019488
1392.84,0.019530
1393.32,0.019616
1393.80,0.019793
1394.28,0.020092
1394.76,0.020511
1395.25,0.021011
1395.73,0.021533
1396.21,0.022021
1396.69,0.022451
1397.17,0.022823
1397.66,0.023162
1398.14,0.023489
1398.62,0.023816
1399.10,0.024142
1399.59,0.024455
1400.07,0.024744
1400.55,0.025003
1401.03,0.025238
1401.51,0.025462
1401.99,0.025687
1402.48,0.025923
1402.96,0.026177
1403.44,0.026452
1403.92,0.026751
1404.41,0.027070
1404.89,0.027401
1405.37,0.027726
1405.85,0.028026
1406.33,0.028286
1406.82,0.028505
1407.30,0.028696
1407.78,0.028881
1408.26,0.029085
1408.74,0.029326
1409.23,0.029604
1409.71,0.029903
1410.19,0.030190
1410.67,0.030427
1411.16,0.030583
1411.64,0.030645
1412.12,0.030620
1412.60,0.030533
1413.08,0.030413
1413.57,0.030278
1414.05,0.030141
1414.53,0.030002
1415.01,0.029863
1415.49,0.029726
1415.98,0.029604
1416.46,0.029513
1416.94,0.029468
1417.42,0.029478
1417.90,0.029534
1418.39,0.029603
1418.87,0.029629
1419.35,0.029553
1419.83,0.029339
1420.32,0.029001
1420.80,0.028589
1421.28,0.028161
1421.76,0.027764
1422.24,0.027426
1422.73,0.027167
1423.21,0.026998
1423.69,0.026915
1424.17,0.026895
1424.65,0.026899
1425.14,0.026874
1425.62,0.026781
1426.10,0.026603
1426.58,0.026352
1427.07,0.026053
1427.55,0.025736
1428.03,0.025424
1428.51,0.025129
1428.99,0.024847
1429.48,0.024571
1429.96,0.024290
1430.44,0.024007
1430.92,0.023741
1431.40,0.023514
1431.89,0.023347
1432.37,0.023241
1432.85,0.023181
1433.33,0.023141
1433.82,0.023093
1434.30,0.023023
1434.78,0.022933
1435.26,0.022848
1435.74,0.022811
1436.23,0.022871
1436.71,0.023056
1437.19,0.023347
1437.67,0.023674
1438.15,0.023959
1438.64,0.024152
1439.12,0.024247
1439.60,0.024257
1440.08,0.024204
1440.57,0.024104
1441.05,0.023971
1441.53,0.023817
1442.01,0.023663
1442.49,0.023533
1442.97,0.023455
1443.46,0.023451
1443.94,0.023526
1444.42,0.023671
1444.90,0.023859
1445.39,0.024060
1445.87,0.024247
1446.35,0.024404
1446.83,0.024530
1447.31,0.024632
1447.80,0.024721
1448.28,0.024800
1448.76,0.024862
1449.24,0.024892
1449.72,0.024880
1450.21,0.024823
1450.69,0.024728
1451.17,0.024605
1451.65,0.024468
1452.13,0.024327
1452.62,0.024190
1453.10,0.024062
1453.58,0.023945
1454.06,0.023842
1454.55,0.023754
1455.03,0.023678
1455.51,0.023604
1455.99,0.023511
1456.47,0.023359
1456.96,0.023103
1457.44,0.022720
1457.92,0.022249
1458.40,0.021776
1458.88,0.021377
1459.37,0.021084
1459.85,0.020890
1460.33,0.020777
1460.81,0.020728
1461.30,0.020730
1461.78,0.020775
1462.26,0.020858
1462.74,0.020970
1463.22,0.021102
1463.71,0.021238
1464.19,0.021355
1464.67,0.021431
1465.15,0.021453
1465.63,0.021423
1466.12,0.021359
1466.60,0.021280
1467.08,0.021198
1467.56,0.021116
1468.05,0.021025
1468.53,0.020921
1469.01,0.020805
1469.49,0.020687
1469.97,0.020588
1470.46,0.020530
1470.94,0.020536
1471.42,0.020621
1471.90,0.020775
1472.38,0.020954
1472.87,0.021080
1473.35,0.021077
1473.83,0.020909
1474.31,0.020601
1474.80,0.020210
1475.28,0.019800
1475.76,0.019418
1476.24,0.019098
1476.72,0.018860
1477.20,0.018707
1477.69,0.018622
1478.17,0.018569
1478.65,0.018509
1479.13,0.018405
1479.62,0.018226
1480.10,0.017959
1480.58,0.017609
1481.06,0.017201
1481.55,0.016776
1482.03,0.016382
1482.51,0.016056
1482.99,0.015814
1483.47,0.015644
1483.95,0.015523
1484.44,0.015418
1484.92,0.015303
1485.40,0.015158
1485.88,0.014973
1486.37,0.014751
1486.85,0.014502
1487.33,0.014247
1487.81,0.014015
1488.29,0.013831
1488.78,0.013716
1489.26,0.013674
1489.74,0.013689
1490.22,0.013725
1490.70,0.013740
1491.19,0.013706
1491.67,0.013621
1492.15,0.013501
1492.63,0.013369
1493.12,0.013242
1493.60,0.013128
1494.08,0.013023
1494.56,0.012920
1495.04,0.012810
1495.53,0.012688
1496.01,0.012561
1496.49,0.012442
1496.97,0.012353
1497.45,0.012308
1497.94,0.012303
1498.42,0.012316
1498.90,0.012314
1499.38,0.012274
1499.87,0.012182
1500.35,0.012042
1500.83,0.011862
1501.31,0.011656
1501.79,0.011433
1502.28,0.011195
1502.76,0.010940
1503.24,0.010665
1503.72,0.010361
1504.20,0.010027
1504.69,0.009659
1505.17,0.009257
1505.65,0.008832
1506.13,0.008410
1506.62,0.008050
1507.10,0.007835
1507.58,0.007816
1508.06,0.007949
1508.54,0.008119
1509.03,0.008243
1509.51,0.008293
1509.99,0.008272
1510.47,0.008195
1510.95,0.008080
1511.44,0.007942
1511.92,0.007797
1512.40,0.007655
1512.88,0.007526
1513.36,0.007408
1513.85,0.007301
1514.33,0.007197
1514.81,0.007089
1515.29,0.006970
1515.78,0.006828
1516.26,0.006651
1516.74,0.006422
1517.22,0.006131
1517.70,0.005780
1518.18,0.005386
1518.67,0.004973
1519.15,0.004565
1519.63,0.004183
1520.11,0.003849
1520.60,0.003588
1521.08,0.003427
1521.56,0.003381
1522.04,0.003423
1522.52,0.003483
1523.01,0.003486
1523.49,0.003388
1523.97,0.003185
1524.45,0.002897
1524.93,0.002555
1525.42,0.002196
1525.90,0.001863
1526.38,0.001603
1526.86,0.001450
1527.35,0.001415
1527.83,0.001481
1528.31,0.001611
1528.79,0.001761
1529.27,0.001896
1529.76,0.001994
1530.24,0.002047
1530.72,0.002063
1531.20,0.002057
1531.68,0.002053
1532.17,0.002078
1532.65,0.002155
1533.13,0.002291
1533.61,0.002461
1534.10,0.002608
1534.58,0.002662
1535.06,0.002588
1535.54,0.002398
1536.02,0.002132
1536.51,0.001831
1536.99,0.001530
1537.47,0.001258
1537.95,0.001044
1538.43,0.000921
1538.92,0.000926
1539.40,0.001092
1539.88,0.001427
1540.36,0.001883
1540.85,0.002357
1541.33,0.002737
1541.81,0.002971
1542.29,0.003069
1542.77,0.003064
1543.26,0.002986
1543.74,0.002850
1544.22,0.002668
1544.70,0.002454
1545.18,0.002227
1545.67,0.002009
1546.15,0.001816
1546.63,0.001650
1547.11,0.001504
1547.59,0.001362
1548.08,0.001210
1548.56,0.001036
1549.04,0.000838
1549.52,0.000623
1550.01,0.000416
1550.49,0.000245
1550.97,0.000136
1551.45,0.000099
1551.93,0.000130
1552.42,0.000211
1552.90,0.000321
1553.38,0.000429
1553.86,0.000497
1554.34,0.000483
1554.83,0.000350
1555.31,0.000086
1555.79,-0.000297
1556.27,-0.000768
1556.76,-0.001282
1557.24,-0.001789
1557.72,-0.002217
1558.20,-0.002438
1558.68,-0.002256
1559.16,-0.001497
1559.65,-0.000280
1560.13,0.000930
1560.61,0.001769
1561.09,0.002220
1561.58,0.002428
1562.06,0.002519
1562.54,0.002566
1563.02,0.002598
1563.50,0.002616
1563.99,0.002608
1564.47,0.002552
1564.95,0.002428
1565.43,0.002231
1565.91,0.001975
1566.40,0.001694
1566.88,0.001427
1567.36,0.001210
1567.84,0.001075
1568.33,0.001040
1568.81,0.001111
1569.29,0.001265
1569.77,0.001446
1570.25,0.001577
1570.74,0.001594
1571.22,0.001482
1571.70,0.001270
1572.18,0.001007
1572.66,0.000734
1573.15,0.000480
1573.63,0.000260
1574.11,0.000080
1574.59,-0.000057
1575.08,-0.000146
1575.56,-0.000182
1576.04,-0.000160
1576.52,-0.000090
1577.00,0.000006
1577.49,0.000096
1577.97,0.000160
1578.45,0.000201
1578.93,0.000239
1579.41,0.000300
1579.90,0.000403
1580.38,0.000559
1580.86,0.000761
1581.34,0.000984
1581.83,0.001186
1582.31,0.001325
1582.79,0.001369
1583.27,0.001313
1583.75,0.001176
1584.23,0.000998
1584.72,0.000828
1585.20,0.000702
1585.68,0.000640
1586.16,0.000641
1586.65,0.000687
1587.13,0.000756
1587.61,0.000832
1588.09,0.000908
1588.57,0.000990
1589.06,0.001088
1589.54,0.001210
1590.02,0.001355
1590.50,0.001507
1590.98,0.001642
1591.47,0.001730
1591.95,0.001750
1592.43,0.001689
1592.91,0.001555
1593.40,0.001373
1593.88,0.001184
1594.36,0.001035
1594.84,0.000962
1595.32,0.000983
1595.81,0.001088
1596.29,0.001245
1596.77,0.001405
1597.25,0.001524
1597.73,0.001579
1598.22,0.001571
1598.70,0.001528
1599.18,0.001488
1599.66,0.001489
1600.14,0.001557
1600.63,0.001690
1601.11,0.001868
1601.59,0.002060
1602.07,0.002234
1602.56,0.002375
1603.04,0.002483
1603.52,0.002575
1604.00,0.002671
1604.48,0.002787
1604.97,0.002926
1605.45,0.003079
1605.93,0.003230
1606.41,0.003363
1606.89,0.003463
1607.38,0.003520
1607.86,0.003525
1608.34,0.003477
1608.82,0.003377
1609.31,0.003239
1609.79,0.003085
1610.27,0.002945
1610.75,0.002851
1611.23,0.002825
1611.72,0.002872
1612.20,0.002976
1612.68,0.003106
1613.16,0.003229
1613.64,0.003321
1614.13,0.003372
1614.61,0.003394
1615.09,0.003411
1615.57,0.003456
1616.06,0.003549
1616.54,0.003685
1617.02,0.003820
1617.50,0.003888
1617.98,0.003845
1618.47,0.003697
1618.95,0.003491
1619.43,0.003283
1619.91,0.003118
1620.39,0.003023
1620.88,0.003016
1621.36,0.003105
1621.84,0.003294
1622.32,0.003582
1622.81,0.003956
1623.29,0.004378
1623.77,0.004794
1624.25,0.005143
1624.73,0.005389
1625.21,0.005530
1625.70,0.005594
1626.18,0.005617
1626.66,0.005632
1627.14,0.005656
1627.63,0.005688
1628.11,0.005707
1628.59,0.005686
1629.07,0.005601
1629.55,0.005453
1630.04,0.005264
1630.52,0.005070
1631.00,0.004902
1631.48,0.004779
1631.96,0.004703
1632.45,0.004663
1632.93,0.004641
1633.41,0.004624
1633.89,0.004608
1634.38,0.004605
1634.86,0.004643
1635.34,0.004748
1635.82,0.004929
1636.30,0.005148
1636.79,0.005335
1637.27,0.005434
1637.75,0.005443
1638.23,0.005401
1638.71,0.005350
1639.20,0.005318
1639.68,0.005314
1640.16,0.005326
1640.64,0.005339
1641.12,0.005335
1641.61,0.005307
1642.09,0.005262
1642.57,0.005218
1643.05,0.005190
1643.54,0.005189
1644.02,0.005209
1644.50,0.005232
1644.98,0.005234
1645.46,0.005187
1645.95,0.005077
1646.43,0.004905
1646.91,0.004697
1647.39,0.004493
1647.88,0.004321
1648.36,0.004185
1648.84,0.004071
1649.32,0.003966
1649.80,0.003870
1650.29,0.003794
1650.77,0.003756
1651.25,0.003774
1651.73,0.003862
1652.21,0.004019
1652.70,0.004209
1653.18,0.004343
1653.66,0.004304
1654.14,0.004065
1654.62,0.003747
1655.11,0.003486
1655.59,0.003333
1656.07,0.003271
1656.55,0.003266
1657.04,0.003286
1657.52,0.003309
1658.00,0.003320
1658.48,0.003310
1658.96,0.003275
1659.45,0.003213
1659.93,0.003124
1660.41,0.003011
1660.89,0.002881
1661.37,0.002743
1661.86,0.002610
1662.34,0.002496
1662.82,0.002403
1663.30,0.002323
1663.79,0.002234
1664.27,0.002112
1664.75,0.001942
1665.23,0.001720
1665.71,0.001455
1666.19,0.001161
1666.68,0.000855
1667.16,0.000558
1667.64,0.000303
1668.12,0.000129
1668.61,0.000080
1669.09,0.000194
1669.57,0.000470
1670.05,0.000849
1670.53,0.001219
1671.02,0.001469
1671.50,0.001536
1671.98,0.001424
1672.46,0.001187
1672.94,0.000895
1673.43,0.000613
1673.91,0.000388
1674.39,0.000246
1674.87,0.000190
1675.36,0.000193
1675.84,0.000207
1676.32,0.000186
1676.80,0.000115
1677.28,0.000007
1677.77,-0.000115
1678.25,-0.000236
1678.73,-0.000357
1679.21,-0.000494
1679.69,-0.000669
1680.18,-0.000900
1680.66,-0.001188
1681.14,-0.001513
1681.62,-0.001840
1682.11,-0.002138
1682.59,-0.002387
1683.07,-0.002585
1683.55,-0.002751
1684.03,-0.002922
1684.52,-0.003141
1685.00,-0.003410
1685.48,-0.003683
1685.96,-0.003901
1686.44,-0.004034
1686.93,-0.004080
1687.41,-0.004046
1687.89,-0.003945
1688.37,-0.003790
1688.86,-0.003602
1689.34,-0.003407
1689.82,-0.003247
1690.30,-0.003156
1690.78,-0.003163
1691.27,-0.003273
1691.75,-0.003473
1692.23,-0.003735
1692.71,-0.004023
1693.19,-0.004308
1693.68,-0.004565
1694.16,-0.004771
1694.64,-0.004912
1695.12,-0.004977
1695.60,-0.004970
1696.09,-0.004923
1696.57,-0.004897
1697.05,-0.004958
1697.53,-0.005139
1698.02,-0.005438
1698.50,-0.005827
1698.98,-0.006263
1699.46,-0.006681
1699.94,-0.006989
1700.43,-0.007084
1700.91,-0.006916
1701.39,-0.006559
1701.87,-0.006166
1702.35,-0.005861
1702.84,-0.005679
1703.32,-0.005599
1703.80,-0.005583
1704.28,-0.005599
1704.77,-0.005626
1705.25,-0.005664
1705.73,-0.005730
1706.21,-0.005845
1706.69,-0.006023
1707.17,-0.006253
1707.66,-0.006506
1708.14,-0.006752
1708.62,-0.006973
1709.10,-0.007165
1709.59,-0.007341
1710.07,-0.007522
1710.55,-0.007729
1711.03,-0.007967
1711.51,-0.008225
1712.00,-0.008471
1712.48,-0.008662
1712.96,-0.008751
1713.44,-0.008699
1713.92,-0.008486
1714.41,-0.008121
1714.89,-0.007652
1715.37,-0.007150
1715.85,-0.006716
1716.34,-0.006442
1716.82,-0.006397
1717.30,-0.006596
1717.78,-0.006983
1718.26,-0.007437
1718.75,-0.007814
1719.23,-0.008030
1719.71,-0.008083
1720.19,-0.008028
1720.67,-0.007926
1721.16,-0.007823
1721.64,-0.007739
1722.12,-0.007674
1722.60,-0.007613
1723.09,-0.007538
1723.57,-0.007437
1724.05,-0.007318
1724.53,-0.007209
1725.01,-0.007148
1725.50,-0.007169
1725.98,-0.007284
1726.46,-0.007480
1726.94,-0.007718
1727.42,-0.007952
1727.91,-0.008145
1728.39,-0.008273
1728.87,-0.008344
1729.35,-0.008389
1729.84,-0.008459
1730.32,-0.008597
1730.80,-0.008829
1731.28,-0.009149
1731.76,-0.009526
1732.24,-0.009917
1732.73,-0.010272
1733.21,-0.010535
1733.69,-0.010643
1734.17,-0.010541
1734.66,-0.010224
1735.14,-0.009778
1735.62,-0.009335
1736.10,-0.008988
1736.58,-0.008770
1737.07,-0.008668
1737.55,-0.008651
1738.03,-0.008691
1738.51,-0.008760
1738.99,-0.008834
1739.48,-0.008892
1739.96,-0.008923
1740.44,-0.008934
1740.92,-0.008941
1741.40,-0.008961
1741.89,-0.009002
1742.37,-0.009059
1742.85,-0.009120
1743.33,-0.009176
1743.82,-0.009224
1744.30,-0.009277
1744.78,-0.009354
1745.26,-0.009473
1745.74,-0.009643
1746.23,-0.009857
1746.71,-0.010089
1747.19,-0.010308
1747.67,-0.010480
1748.15,-0.010578
1748.64,-0.010590
1749.12,-0.010522
1749.60,-0.010389
1750.08,-0.010213
1750.57,-0.010011
1751.05,-0.009803
1751.53,-0.009612
1752.01,-0.009463
1752.49,-0.009381
1752.98,-0.009377
1753.46,-0.009445
1753.94,-0.009571
1754.42,-0.009732
1754.90,-0.009906
1755.39,-0.010076
1755.87,-0.010228
1756.35,-0.010351
1756.83,-0.010439
1757.32,-0.010492
1757.80,-0.010515
1758.28,-0.010520
1758.76,-0.010524
1759.24,-0.010547
1759.73,-0.010603
1760.21,-0.010705
1760.69,-0.010852
1761.17,-0.011024
1761.65,-0.011180
1762.14,-0.011269
1762.62,-0.011251
1763.10,-0.011122
1763.58,-0.010920
1764.07,-0.010705
1764.55,-0.010537
1765.03,-0.010448
1765.51,-0.010447
1765.99,-0.010518
1766.47,-0.010632
1766.96,-0.010754
1767.44,-0.010850
1767.92,-0.010901
1768.40,-0.010904
1768.89,-0.010865
1769.37,-0.010795
1769.85,-0.010694
1770.33,-0.010555
1770.82,-0.010368
1771.30,-0.010133
1771.78,-0.009872
1772.26,-0.009640
1772.74,-0.009504
1773.22,-0.009509
1773.71,-0.009646
1774.19,-0.009859
1774.67,-0.010085
1775.15,-0.010283
1775.64,-0.010443
1776.12,-0.010579
1776.60,-0.010714
1777.08,-0.010867
1777.56,-0.011041
1778.05,-0.011218
1778.53,-0.011364
1779.01,-0.011441
1779.49,-0.011418
1779.97,-0.011284
1780.46,-0.011055
1780.94,-0.010778
1781.42,-0.010513
1781.90,-0.010314
1782.38,-0.010211
1782.87,-0.010205
1783.35,-0.010275
1783.83,-0.010387
1784.31,-0.010507
1784.80,-0.010603
1785.28,-0.010647
1785.76,-0.010625
1786.24,-0.010541
1786.72,-0.010416
1787.21,-0.010282
1787.69,-0.010172
1788.17,-0.010118
1788.65,-0.010133
1789.13,-0.010217
1789.62,-0.010352
1790.10,-0.010508
1790.58,-0.010646
1791.06,-0.010725
1791.55,-0.010721
1792.03,-0.010634
1792.51,-0.010498
1792.99,-0.010367
1793.47,-0.010292
1793.96,-0.010299
1794.44,-0.010378
1794.92,-0.010496
1795.40,-0.010616
1795.88,-0.010705
1796.37,-0.010735
1796.85,-0.010692
1797.33,-0.010572
1797.81,-0.010393
1798.30,-0.010181
1798.78,-0.009980
1799.26,-0.009841
1799.74,-0.009809
1800.22,-0.009914
1800.71,-0.010152
1801.19,-0.010484
1801.67,-0.010835
1802.15,-0.011121
1802.63,-0.011283
1803.12,-0.011297
1803.60,-0.011183
1804.08,-0.010985
1804.56,-0.010761
1805.05,-0.010563
1805.53,-0.010422
1806.01,-0.010348
1806.49,-0.010331
1806.97,-0.010351
1807.45,-0.010386
1807.94,-0.010419
1808.42,-0.010446
1808.90,-0.010471
1809.38,-0.010498
1809.87,-0.010529
1810.35,-0.010559
1810.83,-0.010579
1811.31,-0.010578
1811.79,-0.010552
1812.28,-0.010510
1812.76,-0.010469
1813.24,-0.010446
1813.72,-0.010451
1814.20,-0.010480
1814.69,-0.010517
1815.17,-0.010540
1815.65,-0.010523
1816.13,-0.010449
1816.62,-0.010317
1817.10,-0.010140
1817.58,-0.009945
1818.06,-0.009758
1818.54,-0.009602
1819.03,-0.009486
1819.51,-0.009403
1819.99,-0.009348
1820.47,-0.009316
1820.95,-0.009310
1821.44,-0.009348
1821.92,-0.009445
1822.40,-0.009613
1822.88,-0.009852
1823.37,-0.010141
1823.85,-0.010441
1824.33,-0.010701
1824.81,-0.010870
1825.29,-0.010915
1825.78,-0.010832
1826.26,-0.010652
1826.74,-0.010420
1827.22,-0.010178
1827.70,-0.009945
1828.19,-0.009724
1828.67,-0.009507
1829.15,-0.009286
1829.63,-0.009063
1830.12,-0.008858
1830.60,-0.008697
1831.08,-0.008598
1831.56,-0.008560
1832.04,-0.008560
1832.53,-0.008572
1833.01,-0.008582
1833.49,-0.008593
1833.97,-0.008632
1834.45,-0.008728
1834.94,-0.008913
1835.42,-0.009192
1835.90,-0.009542
1836.38,-0.009901
1836.87,-0.010192
1837.35,-0.010348
1837.83,-0.010327
1838.31,-0.010139
1838.79,-0.009839
1839.28,-0.009517
1839.76,-0.009259
1840.24,-0.009126
1840.72,-0.009137
1841.20,-0.009268
1841.69,-0.009465
1842.17,-0.009659
1842.65,-0.009788
1843.13,-0.009803
1843.61,-0.009687
1844.10,-0.009458
1844.58,-0.009179
1845.06,-0.008931
1845.54,-0.008779
1846.03,-0.008758
1846.51,-0.008861
1846.99,-0.009056
1847.47,-0.009302
1847.95,-0.009554
1848.43,-0.009770
1848.92,-0.009909
1849.40,-0.009946
1849.88,-0.009875
1850.36,-0.009720
1850.85,-0.009530
1851.33,-0.009370
1851.81,-0.009303
1852.29,-0.009370
1852.77,-0.009575
1853.26,-0.009881
1853.74,-0.010223
1854.22,-0.010518
1854.70,-0.010700
1855.18,-0.010743
1855.67,-0.010664
1856.15,-0.010519
1856.63,-0.010372
1857.11,-0.010277
1857.60,-0.010259
1858.08,-0.010305
1858.56,-0.010378
1859.04,-0.010440
1859.52,-0.010471
1860.01,-0.010489
1860.49,-0.010536
1860.97,-0.010664
1861.45,-0.010914
1861.93,-0.011288
1862.42,-0.011748
1862.90,-0.012227
1863.38,-0.012656
1863.86,-0.012981
1864.35,-0.013183
1864.83,-0.013267
1865.31,-0.013260
1865.79,-0.013184
1866.27,-0.013048
1866.76,-0.012840
1867.24,-0.012537
1867.72,-0.012122
1868.20,-0.011602
1868.68,-0.011029
1869.17,-0.010490
1869.65,-0.010080
1870.13,-0.009849
1870.61,-0.009778
1871.10,-0.009787
1871.58,-0.009782
1872.06,-0.009689
1872.54,-0.009472
1873.02,-0.009140
1873.51,-0.008747
1873.99,-0.008376
1874.47,-0.008115
1874.95,-0.008043
1875.43,-0.008210
1875.92,-0.008630
1876.40,-0.009273
1876.88,-0.010073
1877.36,-0.010939
1877.84,-0.011755
1878.33,-0.012405
1878.81,-0.012802
1879.29,-0.012890
1879.77,-0.012674
1880.26,-0.012212
1880.74,-0.011615
1881.22,-0.011010
1881.70,-0.010512
1882.18,-0.010197
1882.67,-0.010077
1883.15,-0.010106
1883.63,-0.010193
1884.11,-0.010244
1884.59,-0.010184
1885.08,-0.009978
1885.56,-0.009646
1886.04,-0.009246
1886.52,-0.008852
1887.01,-0.008527
1887.49,-0.008307
1887.97,-0.008201
1888.45,-0.008191
1888.93,-0.008243
1889.41,-0.008315
1889.90,-0.008371
1890.38,-0.008383
1890.86,-0.008342
1891.34,-0.008254
1891.83,-0.008136
1892.31,-0.008011
1892.79,-0.007900
1893.27,-0.007827
1893.75,-0.007807
1894.24,-0.007849
1894.72,-0.007952
1895.20,-0.008106
1895.68,-0.008287
1896.16,-0.008466
1896.65,-0.008619
1897.13,-0.008733
1897.61,-0.008809
1898.09,-0.008862
1898.58,-0.008915
1899.06,-0.008989
1899.54,-0.009099
1900.02,-0.009244
1900.50,-0.009412
1900.99,-0.009578
1901.47,-0.009715
1901.95,-0.009804
1902.43,-0.009839
1902.91,-0.009829
1903.40,-0.009794
1903.88,-0.009762
1904.36,-0.009752
1904.84,-0.009777
1905.33,-0.009838
1905.81,-0.009934
1906.29,-0.010064
1906.77,-0.010234
1907.25,-0.010462
1907.74,-0.010764
1908.22,-0.011154
1908.70,-0.011623
1909.18,-0.012139
1909.66,-0.012645
1910.15,-0.013071
1910.63,-0.013355
1911.11,-0.013453
1911.59,-0.013356
1912.08,-0.013083
1912.56,-0.012684
1913.04,-0.012221
1913.52,-0.011768
1914.00,-0.011398
1914.48,-0.011178
1914.97,-0.011162
1915.45,-0.011379
1915.93,-0.011829
1916.41,-0.012474
1916.90,-0.013234
1917.38,-0.014006
1917.86,-0.014670
1918.34,-0.015127
1918.82,-0.015337
1919.31,-0.015327
1919.79,-0.015182
1920.27,-0.014993
1920.75,-0.014818
1921.23,-0.014656
1921.72,-0.014455
1922.20,-0.014131
1922.68,-0.013611
1923.16,-0.012874
1923.65,-0.011977
1924.13,-0.011049
1924.61,-0.010244
1925.09,-0.009677
1925.57,-0.009380
1926.06,-0.009308
1926.54,-0.009352
1927.02,-0.009396
1927.50,-0.009338
1927.98,-0.009137
1928.47,-0.008821
1928.95,-0.008489
1929.43,-0.008279
1929.91,-0.008313
1930.39,-0.008674
1930.88,-0.009365
1931.36,-0.010300
1931.84,-0.011315
1932.32,-0.012208
1932.81,-0.012797
1933.29,-0.012949
1933.77,-0.012620
1934.25,-0.011864
1934.73,-0.010829
1935.22,-0.009713
1935.70,-0.008722
1936.18,-0.008022
1936.66,-0.007691
1937.14,-0.007719
1937.63,-0.008020
1938.11,-0.008474
1938.59,-0.008942
1939.07,-0.009309
1939.56,-0.009510
1940.04,-0.009533
1940.52,-0.009416
1941.00,-0.009226
1941.48,-0.009043
1941.97,-0.008940
1942.45,-0.008963
1942.93,-0.009121
1943.41,-0.009384
1943.89,-0.009695
1944.38,-0.010000
1944.86,-0.010271
1945.34,-0.010513
1945.82,-0.010760
1946.31,-0.011048
1946.79,-0.011404
1947.27,-0.011818
1947.75,-0.012239
1948.23,-0.012586
1948.72,-0.012763
1949.20,-0.012697
1949.68,-0.012355
1950.16,-0.011762
1950.64,-0.010992
1951.13,-0.010164
1951.61,-0.009399
1952.09,-0.008786
1952.57,-0.008371
1953.06,-0.008153
1953.54,-0.008098
1954.02,-0.008163
1954.50,-0.008307
1954.98,-0.008501
1955.46,-0.008723
1955.95,-0.008952
1956.43,-0.009162
1956.91,-0.009317
1957.39,-0.009382
1957.88,-0.009329
1958.36,-0.009149
1958.84,-0.008866
1959.32,-0.008534
1959.80,-0.008231
1960.29,-0.008039
1960.77,-0.008032
1961.25,-0.008256
1961.73,-0.008711
1962.21,-0.009341
1962.70,-0.010038
1963.18,-0.010675
1963.66,-0.011126
1964.14,-0.011313
1964.62,-0.011223
1965.11,-0.010917
1965.59,-0.010520
1966.07,-0.010200
1966.55,-0.010143
1967.04,-0.010489
1967.52,-0.011312
1968.00,-0.012602
1968.48,-0.014278
1968.96,-0.016212
1969.45,-0.018243
1969.93,-0.020208
1970.41,-0.021940
1970.89,-0.023275
1971.38,-0.024071
1971.86,-0.024203
1972.34,-0.023594
1972.82,-0.022239
1973.30,-0.020242
1973.79,-0.017806
1974.27,-0.015185
1974.75,-0.012645
1975.23,-0.010393
1975.71,-0.008558
1976.20,-0.007219
1976.68,-0.006415
1977.16,-0.006148
1977.64,-0.006362
1978.12,-0.006927
1978.61,-0.007636
1979.09,-0.008240
1979.57,-0.008538
1980.05,-0.008418
1980.54,-0.007916
1981.02,-0.007195
1981.50,-0.006507
1981.98,-0.006103
1982.46,-0.006131
1982.95,-0.006601
1983.43,-0.007377
1983.91,-0.008240
1984.39,-0.008944
1984.87,-0.009310
1985.36,-0.009294
1985.84,-0.008974
1986.32,-0.008512
1986.80,-0.008071
1987.29,-0.007762
1987.77,-0.007601
1988.25,-0.007530
1988.73,-0.007452
1989.21,-0.007300
1989.70,-0.007066
1990.18,-0.006815
1990.66,-0.006647
1991.14,-0.006664
1991.62,-0.006922
1992.11,-0.007394
1992.59,-0.007967
1993.07,-0.008463
1993.55,-0.008705
1994.04,-0.008557
1994.52,-0.007968
1995.00,-0.006974
1995.48,-0.005686
1995.96,-0.004280
1996.44,-0.002966
1996.93,-0.001988
1997.41,-0.001549
1997.89,-0.001768
1998.37,-0.002651
1998.86,-0.004081
1999.34,-0.005844
1999.82,-0.007664
2000.30,-0.009287
2000.78,-0.010504
2001.27,-0.011197
2001.75,-0.011358
2002.23,-0.011056
2002.71,-0.010416
2003.19,-0.009573
2003.68,-0.008670
2004.16,-0.007846
2004.64,-0.007215
2005.12,-0.006863
2005.61,-0.006817
2006.09,-0.007039
2006.57,-0.007421
2007.05,-0.007820
2007.53,-0.008108
2008.02,-0.008216
2008.50,-0.008174
2008.98,-0.008115
2009.46,-0.008219
2009.94,-0.008631
2010.43,-0.009403
2010.91,-0.010454
2011.39,-0.011600
2011.87,-0.012594
2012.36,-0.013216
2012.84,-0.013352
2013.32,-0.013030
2013.80,-0.012394
2014.28,-0.011624
2014.77,-0.010896
2015.25,-0.010317
2015.73,-0.009931
2016.21,-0.009750
2016.69,-0.009796
2017.18,-0.010126
2017.66,-0.010836
2018.14,-0.012008
2018.62,-0.013643
2019.11,-0.015603
2019.59,-0.017612
2020.07,-0.019314
2020.55,-0.020358
2021.03,-0.020541
2021.52,-0.019853
2022.00,-0.018495
2022.48,-0.016805
2022.96,-0.015192
2023.44,-0.014019
2023.93,-0.013482
2024.41,-0.013574
2024.89,-0.014081
2025.37,-0.014692
2025.85,-0.015072
2026.34,-0.014984
2026.82,-0.014351
2027.30,-0.013253
2027.78,-0.011903
2028.27,-0.010552
2028.75,-0.009427
2029.23,-0.008645
2029.71,-0.008198
2030.19,-0.007976
2030.67,-0.007829
2031.16,-0.007627
2031.64,-0.007318
2032.12,-0.006952
2032.60,-0.006675
2033.09,-0.006677
2033.57,-0.007112
2034.05,-0.008039
2034.53,-0.009357
2035.02,-0.010817
2035.50,-0.012046
2035.98,-0.012665
2036.46,-0.012421
2036.94,-0.011233
2037.42,-0.009230
2037.91,-0.006699
2038.39,-0.004050
2038.87,-0.001707
2039.35,0.000002
2039.84,0.000874
2040.32,0.000889
2040.80,0.000168
2041.28,-0.001076
2041.76,-0.002616
2042.25,-0.004253
2042.73,-0.005825
2043.21,-0.007230
2043.69,-0.008393
2044.17,-0.009257
2044.66,-0.009777
2045.14,-0.009920
2045.62,-0.009687
2046.10,-0.009134
2046.59,-0.008383
2047.07,-0.007610
2047.55,-0.006995
2048.03,-0.006693
2048.51,-0.006782
2049.00,-0.007255
2049.48,-0.008021
2049.96,-0.008946
2050.44,-0.009896
2050.92,-0.010760
2051.41,-0.011485
2051.89,-0.012071
2052.37,-0.012544
2052.85,-0.012937
2053.34,-0.013273
2053.82,-0.013563
2054.30,-0.013812
2054.78,-0.014030
2055.26,-0.014246
2055.75,-0.014495
2056.23,-0.014815
2056.71,-0.015220
2057.19,-0.015681
2057.67,-0.016123
2058.16,-0.016431
2058.64,-0.016482
2059.12,-0.016172
2059.60,-0.015455
2060.08,-0.014349
2060.57,-0.012940
2061.05,-0.011359
2061.53,-0.009750
2062.01,-0.008255
2062.49,-0.006982
2062.98,-0.005996
2063.46,-0.005331
2063.94,-0.004985
2064.42,-0.004935
2064.91,-0.005131
2065.39,-0.005501
2065.87,-0.005941
2066.35,-0.006338
2066.83,-0.006599
2067.32,-0.006680
2067.80,-0.006603
2068.28,-0.006455
2068.76,-0.006363
2069.24,-0.006447
2069.73,-0.006773
2070.21,-0.007327
2070.69,-0.008014
2071.17,-0.008697
2071.66,-0.009241
2072.14,-0.009567
2072.62,-0.009678
2073.10,-0.009651
2073.58,-0.009598
2074.07,-0.009617
2074.55,-0.009756
2075.03,-0.009997
2075.51,-0.010271
2075.99,-0.010491
2076.48,-0.010594
2076.96,-0.010558
2077.44,-0.010398
2077.92,-0.010144
2078.41,-0.009821
2078.89,-0.009434
2079.37,-0.008968
2079.85,-0.008418
2080.33,-0.007810
2080.82,-0.007214
2081.30,-0.006735
2081.78,-0.006480
2082.26,-0.006509
2082.74,-0.006814
2083.23,-0.007308
2083.71,-0.007853
2084.19,-0.008297
2084.67,-0.008534
2085.16,-0.008530
2085.64,-0.008335
2086.12,-0.008057
2086.60,-0.007830
2087.08,-0.007766
2087.57,-0.007922
2088.05,-0.008296
2088.53,-0.008832
2089.01,-0.009447
2089.49,-0.010056
2089.98,-0.010596
2090.46,-0.011046
2090.94,-0.011414
2091.42,-0.011731
2091.90,-0.012017
2092.39,-0.012269
2092.87,-0.012446
2093.35,-0.012481
2093.83,-0.012294
2094.32,-0.011835
2094.80,-0.011114
2095.28,-0.010215
2095.76,-0.009287
2096.24,-0.008510
2096.72,-0.008040
2097.21,-0.007947
2097.69,-0.008198
2098.17,-0.008662
2098.65,-0.009172
2099.14,-0.009572
2099.62,-0.009770
2100.10,-0.009758
2100.58,-0.009594
2101.06,-0.009358
2101.55,-0.009106
2102.03,-0.008849
2102.51,-0.008555
2102.99,-0.008190
2103.47,-0.007754
2103.96,-0.007308
2104.44,-0.006953
2104.92,-0.006802
2105.40,-0.006914
2105.89,-0.007262
2106.37,-0.007731
2106.85,-0.008163
2107.33,-0.008410
2107.81,-0.008393
2108.30,-0.008128
2108.78,-0.007710
2109.26,-0.007263
2109.74,-0.006880
2110.22,-0.006594
2110.71,-0.006379
2111.19,-0.006192
2111.67,-0.006009
2112.15,-0.005862
2112.64,-0.005827
2113.12,-0.005991
2113.60,-0.006396
2114.08,-0.007004
2114.56,-0.007687
2115.05,-0.008269
2115.53,-0.008588
2116.01,-0.008547
2116.49,-0.008153
2116.97,-0.007510
2117.46,-0.006782
2117.94,-0.006131
2118.42,-0.005677
2118.90,-0.005482
2119.39,-0.005551
2119.87,-0.005852
2120.35,-0.006335
2120.83,-0.006945
2121.31,-0.007614
2121.80,-0.008257
2122.28,-0.008781
2122.76,-0.009089
2123.24,-0.009119
2123.72,-0.008867
2124.21,-0.008396
2124.69,-0.007815
2125.17,-0.007240
2125.65,-0.006755
2126.14,-0.006383
2126.62,-0.006087
2127.10,-0.005800
2127.58,-0.005472
2128.06,-0.005102
2128.55,-0.004743
2129.03,-0.004482
2129.51,-0.004393
2129.99,-0.004503
2130.47,-0.004771
2130.96,-0.005105
2131.44,-0.005397
2131.92,-0.005590
2132.40,-0.005697
2132.88,-0.005809
2133.37,-0.006053
2133.85,-0.006545
2134.33,-0.007330
2134.81,-0.008358
2135.30,-0.009492
2135.78,-0.010557
2136.26,-0.011404
2136.74,-0.011947
2137.22,-0.012184
2137.70,-0.012181
2138.19,-0.012039
2138.67,-0.011855
2139.15,-0.011711
2139.63,-0.011668
2140.12,-0.011761
2140.60,-0.012008
2141.08,-0.012398
2141.56,-0.012883
2142.04,-0.013358
2142.53,-0.013668
2143.01,-0.013641
2143.49,-0.013126
2143.97,-0.012054
2144.45,-0.010477
2144.94,-0.008603
2145.42,-0.006765
2145.90,-0.005347
2146.38,-0.004717
2146.86,-0.005076
2147.35,-0.006383
2147.83,-0.008314
2148.31,-0.010360
2148.79,-0.011942
2149.28,-0.012555
2149.76,-0.011961
2150.24,-0.010252
2150.72,-0.007875
2151.20,-0.005456
2151.69,-0.003666
2152.17,-0.002998
2152.65,-0.003626
2153.13,-0.005407
2153.61,-0.007929
2154.10,-0.010695
2154.58,-0.013215
2155.06,-0.015172
2155.54,-0.016474
2156.03,-0.017200
2156.51,-0.017505
2156.99,-0.017503
2157.47,-0.017223
2157.95,-0.016607
2158.44,-0.015603
2158.92,-0.014246
2159.40,-0.012690
2159.88,-0.011177
2160.36,-0.009931
2160.85,-0.009049
2161.33,-0.008469
2161.81,-0.007996
2162.29,-0.007406
2162.78,-0.006526
2163.26,-0.005315
2163.74,-0.003859
2164.22,-0.002352
2164.70,-0.001031
2165.19,-0.000100
2165.67,0.000298
2166.15,0.000121
2166.63,-0.000563
2167.11,-0.001596
2167.60,-0.002768
2168.08,-0.003855
2168.56,-0.004647
2169.04,-0.005008
2169.53,-0.004904
2170.01,-0.004426
2170.49,-0.003772
2170.97,-0.003191
2171.45,-0.002927
2171.94,-0.003130
2172.42,-0.003835
2172.90,-0.004956
2173.38,-0.006333
2173.86,-0.007776
2174.35,-0.009127
2174.83,-0.010303
2175.31,-0.011273
2175.79,-0.012022
2176.28,-0.012509
2176.76,-0.012639
2177.24,-0.012287
2177.72,-0.011369
2178.20,-0.009902
2178.68,-0.008051
2179.17,-0.006114
2179.65,-0.004493
2180.13,-0.003572
2180.61,-0.003621
2181.10,-0.004708
2181.58,-0.006655
2182.06,-0.009083
2182.54,-0.011509
2183.02,-0.013531
2183.51,-0.014897
2183.99,-0.015555
2184.47,-0.015626
2184.95,-0.015328
2185.43,-0.014876
2185.92,-0.014388
2186.40,-0.013857
2186.88,-0.013160
2187.36,-0.012134
2187.84,-0.010646
2188.33,-0.008692
2188.81,-0.006424
2189.29,-0.004153
2189.77,-0.002253
2190.26,-0.001051
2190.74,-0.000759
2191.22,-0.001395
2191.70,-0.002787
2192.18,-0.004615
2192.67,-0.006520
2193.15,-0.008180
2193.63,-0.009398
2194.11,-0.010146
2194.59,-0.010535
2195.08,-0.010758
2195.56,-0.010995
2196.04,-0.011369
2196.52,-0.011905
2197.01,-0.012541
2197.49,-0.013154
2197.97,-0.013624
2198.45,-0.013876
2198.93,-0.013896
2199.42,-0.013736
2199.90,-0.013484
2200.38,-0.013231
2200.86,-0.013037
2201.34,-0.012915
2201.83,-0.012834
2202.31,-0.012741
2202.79,-0.012595
2203.27,-0.012393
2203.76,-0.012180
2204.24,-0.012039
2204.72,-0.012058
2205.20,-0.012289
2205.68,-0.012726
2206.17,-0.013297
2206.65,-0.013896
2207.13,-0.014410
2207.61,-0.014768
2208.09,-0.014961
2208.58,-0.015043
2209.06,-0.015097
2209.54,-0.015183
2210.02,-0.015312
2210.51,-0.015430
2210.99,-0.015449
2211.47,-0.015288
2211.95,-0.014920
2212.43,-0.014397
2212.92,-0.013828
2213.40,-0.013327
2213.88,-0.012952
2214.36,-0.012665
2214.84,-0.012339
2215.33,-0.011793
2215.81,-0.010870
2216.29,-0.009520
2216.77,-0.007830
2217.26,-0.006017
2217.74,-0.004349
2218.22,-0.003092
2218.70,-0.002412
2219.18,-0.002344
2219.66,-0.002790
2220.15,-0.003561
2220.63,-0.004445
2221.11,-0.005238
2221.59,-0.005806
2222.08,-0.006087
2222.56,-0.006086
2223.04,-0.005857
2223.52,-0.005493
2224.00,-0.005117
2224.49,-0.004851
2224.97,-0.004803
2225.45,-0.005039
2225.93,-0.005562
2226.41,-0.006305
2226.90,-0.007147
2227.38,-0.007955
2227.86,-0.008624
2228.34,-0.009118
2228.82,-0.009478
2229.31,-0.009811
2229.79,-0.010232
2230.27,-0.010813
2230.75,-0.011547
2231.24,-0.012335
2231.72,-0.013027
2232.20,-0.013458
2232.68,-0.013524
2233.16,-0.013213
2233.65,-0.012610
2234.13,-0.011870
2234.61,-0.011166
2235.09,-0.010647
2235.57,-0.010392
2236.06,-0.010405
2236.54,-0.010630
2237.02,-0.010991
2237.50,-0.011419
2237.99,-0.011872
2238.47,-0.012339
2238.95,-0.012820
2239.43,-0.013300
2239.91,-0.013740
2240.40,-0.014066
2240.88,-0.014192
2241.36,-0.014046
2241.84,-0.013597
2242.32,-0.012875
2242.81,-0.011964
2243.29,-0.010990
2243.77,-0.010073
2244.25,-0.009299
2244.74,-0.008705
2245.22,-0.008274
2245.70,-0.007961
2246.18,-0.007716
2246.66,-0.007513
2247.15,-0.007360
2247.63,-0.007286
2248.11,-0.007324
2248.59,-0.007485
2249.07,-0.007744
2249.56,-0.008039
2250.04,-0.008288
2250.52,-0.008417
2251.00,-0.008390
2251.49,-0.008222
2251.97,-0.007972
2252.45,-0.007724
2252.93,-0.007559
2253.41,-0.007531
2253.90,-0.007644
2254.38,-0.007866
2254.86,-0.008136
2255.34,-0.008393
2255.82,-0.008595
2256.31,-0.008730
2256.79,-0.008818
2257.27,-0.008896
2257.75,-0.008996
2258.24,-0.009131
2258.72,-0.009280
2259.20,-0.009392
2259.68,-0.009395
2260.16,-0.009214
2260.64,-0.008810
2261.13,-0.008184
2261.61,-0.007399
2262.09,-0.006558
2262.57,-0.005796
2263.06,-0.005240
2263.54,-0.004968
2264.02,-0.005004
2264.50,-0.005302
2264.98,-0.005773
2265.47,-0.006297
2265.95,-0.006774
2266.43,-0.007134
2266.91,-0.007352
2267.39,-0.007438
2267.88,-0.007424
2268.36,-0.007351
2268.84,-0.007248
2269.32,-0.007143
2269.80,-0.007064
2270.29,-0.007045
2270.77,-0.007131
2271.25,-0.007367
2271.73,-0.007785
2272.22,-0.008385
2272.70,-0.009127
2273.18,-0.009931
2273.66,-0.010687
2274.14,-0.011280
2274.63,-0.011620
2275.11,-0.011653
2275.59,-0.011373
2276.07,-0.010823
2276.55,-0.010085
2277.04,-0.009258
2277.52,-0.008444
2278.00,-0.007738
2278.48,-0.007205
2278.97,-0.006883
2279.45,-0.006774
2279.93,-0.006854
2280.41,-0.007074
2280.89,-0.007373
2281.38,-0.007693
2281.86,-0.007986
2282.34,-0.008218
2282.82,-0.008377
2283.30,-0.008462
2283.79,-0.008481
2284.27,-0.008443
2284.75,-0.008362
2285.23,-0.008251
2285.72,-0.008129
2286.20,-0.008025
2286.68,-0.007966
2287.16,-0.007978
2287.64,-0.008076
2288.13,-0.008257
2288.61,-0.008494
2289.09,-0.008746
2289.57,-0.008963
2290.05,-0.009100
2290.54,-0.009129
2291.02,-0.009044
2291.50,-0.008864
2291.98,-0.008628
2292.47,-0.008381
2292.95,-0.008165
2293.43,-0.008013
2293.91,-0.007941
2294.39,-0.007949
2294.88,-0.008026
2295.36,-0.008153
2295.84,-0.008308
2296.32,-0.008469
2296.80,-0.008616
2297.29,-0.008729
2297.77,-0.008794
2298.25,-0.008802
2298.73,-0.008755
2299.21,-0.008670
2299.70,-0.008570
2300.18,-0.008486
2300.66,-0.008440
2301.14,-0.008441
2301.62,-0.008473
2302.11,-0.008499
2302.59,-0.008469
2303.07,-0.008335
2303.55,-0.008069
2304.04,-0.007679
2304.52,-0.007209
2305.00,-0.006731
2305.48,-0.006333
2305.96,-0.006092
2306.45,-0.006054
2306.93,-0.006227
2307.41,-0.006577
2307.89,-0.007040
2308.38,-0.007533
2308.86,-0.007978
2309.34,-0.008315
2309.82,-0.008512
2310.30,-0.008572
2310.78,-0.008525
2311.27,-0.008429
2311.75,-0.008346
2312.23,-0.008334
2312.71,-0.008429
2313.20,-0.008633
2313.68,-0.008910
2314.16,-0.009189
2314.64,-0.009392
2315.12,-0.009443
2315.61,-0.009303
2316.09,-0.008981
2316.57,-0.008536
2317.05,-0.008066
2317.53,-0.007675
2318.02,-0.007458
2318.50,-0.007465
2318.98,-0.007692
2319.46,-0.008077
2319.95,-0.008526
2320.43,-0.008930
2320.91,-0.009195
2321.39,-0.009273
2321.87,-0.009167
2322.36,-0.008930
2322.84,-0.008642
2323.32,-0.008386
2323.80,-0.008222
2324.28,-0.008167
2324.77,-0.008189
2325.25,-0.008225
2325.73,-0.008203
2326.21,-0.008067
2326.70,-0.007798
2327.18,-0.007422
2327.66,-0.007009
2328.14,-0.006647
2328.62,-0.006411
2329.11,-0.006345
2329.59,-0.006433
2330.07,-0.006612
2330.55,-0.006788
2331.03,-0.006875
2331.52,-0.006830
2332.00,-0.006670
2332.48,-0.006463
2332.96,-0.006308
2333.45,-0.006292
2333.93,-0.006463
2334.41,-0.006810
2334.89,-0.007273
2335.37,-0.007763
2335.86,-0.008189
2336.34,-0.008477
2336.82,-0.008597
2337.30,-0.008550
2337.78,-0.008372
2338.27,-0.008110
2338.75,-0.007818
2339.23,-0.007543
2339.71,-0.007320
2340.19,-0.007176
2340.68,-0.007123
2341.16,-0.007161
2341.64,-0.007278
2342.12,-0.007448
2342.61,-0.007635
2343.09,-0.007799
2343.57,-0.007901
2344.05,-0.007912
2344.53,-0.007817
2345.02,-0.007622
2345.50,-0.007350
2345.98,-0.007048
2346.46,-0.006769
2346.94,-0.006565
2347.43,-0.006473
2347.91,-0.006504
2348.39,-0.006648
2348.87,-0.006876
2349.35,-0.007153
2349.84,-0.007441
2350.32,-0.007708
2350.80,-0.007930
2351.28,-0.008090
2351.76,-0.008176
2352.25,-0.008186
2352.73,-0.008124
2353.21,-0.008004
2353.69,-0.007848
2354.18,-0.007691
2354.66,-0.007571
2355.14,-0.007526
2355.62,-0.007578
2356.10,-0.007722
2356.59,-0.007925
2357.07,-0.008135
2357.55,-0.008305
2358.03,-0.008411
2358.51,-0.008469
2359.00,-0.008516
2359.48,-0.008592
2359.96,-0.008697
2360.44,-0.008771
2360.93,-0.008699
2361.41,-0.008358
2361.89,-0.007671
2362.37,-0.006665
2362.85,-0.005482
2363.34,-0.004363
2363.82,-0.003583
2364.30,-0.003346
2364.78,-0.003729
2365.26,-0.004647
2365.75,-0.005890
2366.23,-0.007186
2366.71,-0.008287
2367.19,-0.009049
2367.68,-0.009441
2368.16,-0.009528
2368.64,-0.009426
2369.12,-0.009259
2369.60,-0.009111
2370.09,-0.009019
2370.57,-0.008983
2371.05,-0.008982
2371.53,-0.008993
2372.01,-0.008997
2372.50,-0.008984
2372.98,-0.008947
2373.46,-0.008883
2373.94,-0.008796
2374.43,-0.008698
2374.91,-0.008615
2375.39,-0.008572
2375.87,-0.008586
2376.35,-0.008656
2376.84,-0.008755
2377.32,-0.008836
2377.80,-0.008850
2378.28,-0.008762
2378.76,-0.008568
2379.25,-0.008297
2379.73,-0.008000
2380.21,-0.007735
2380.69,-0.007547
2381.17,-0.007450
2381.66,-0.007432
2382.14,-0.007457
2382.62,-0.007485
2383.10,-0.007485
2383.59,-0.007447
2384.07,-0.007379
2384.55,-0.007306
2385.03,-0.007251
2385.51,-0.007229
2385.99,-0.007242
2386.48,-0.007277
2386.96,-0.007312
2387.44,-0.007328
2387.92,-0.007313
2388.41,-0.007268
2388.89,-0.007206
2389.37,-0.007145
2389.85,-0.007106
2390.33,-0.007101
2390.82,-0.007134
2391.30,-0.007198
2391.78,-0.007278
2392.26,-0.007361
2392.74,-0.007431
2393.23,-0.007482
2393.71,-0.007514
2394.19,-0.007532
2394.67,-0.007540
2395.16,-0.007544
2395.64,-0.007547
2396.12,-0.007550
2396.60,-0.007552
2397.08,-0.007553
2397.57,-0.007550
2398.05,-0.007540
2398.53,-0.007510
2399.01,-0.007447
2399.49,-0.007333
2399.98,-0.007157
2400.46,-0.006925
2400.94,-0.006661
2401.42,-0.006409
2401.91,-0.006220
2402.39,-0.006140
2402.87,-0.006192
2403.35,-0.006363
2403.83,-0.006605
2404.32,-0.006846
2404.80,-0.007013
2405.28,-0.007047
2405.76,-0.006929
2406.24,-0.006681
2406.73,-0.006360
2407.21,-0.006038
2407.69,-0.005783
2408.17,-0.005641
2408.66,-0.005626
2409.14,-0.005720
2409.62,-0.005883
2410.10,-0.006068
2410.58,-0.006233
2411.07,-0.006348
2411.55,-0.006410
2412.03,-0.006437
2412.51,-0.006465
2412.99,-0.006536
2413.48,-0.006690
2413.96,-0.006942
2414.44,-0.007280
2414.92,-0.007656
2415.41,-0.008001
2415.89,-0.008243
2416.37,-0.008324
2416.85,-0.008223
2417.33,-0.007968
2417.82,-0.007629
2418.30,-0.007292
2418.78,-0.007041
2419.26,-0.006937
2419.74,-0.006993
2420.23,-0.007184
2420.71,-0.007454
2421.19,-0.007742
2421.67,-0.007993
2422.15,-0.008172
2422.64,-0.008270
2423.12,-0.008294
2423.60,-0.008258
2424.08,-0.008179
2424.57,-0.008069
2425.05,-0.007936
2425.53,-0.007785
2426.01,-0.007624
2426.49,-0.007459
2426.97,-0.007299
2427.46,-0.007151
2427.94,-0.007021
2428.42,-0.006912
2428.90,-0.006823
2429.39,-0.006756
2429.87,-0.006708
2430.35,-0.006682
2430.83,-0.006680
2431.31,-0.006712
2431.80,-0.006791
2432.28,-0.006934
2432.76,-0.007157
2433.24,-0.007464
2433.72,-0.007845
2434.21,-0.008264
2434.69,-0.008665
2435.17,-0.008983
2435.65,-0.009157
2436.14,-0.009151
2436.62,-0.008966
2437.10,-0.008640
2437.58,-0.008241
2438.06,-0.007851
2438.55,-0.007545
2439.03,-0.007376
2439.51,-0.007363
2439.99,-0.007494
2440.47,-0.007734
2440.96,-0.008031
2441.44,-0.008322
2441.92,-0.008553
2442.40,-0.008680
2442.89,-0.008682
2443.37,-0.008565
2443.85,-0.008370
2444.33,-0.008164
2444.81,-0.008020
2445.30,-0.008005
2445.78,-0.008150
2446.26,-0.008437
2446.74,-0.008798
2447.22,-0.009138
2447.71,-0.009360
2448.19,-0.009395
2448.67,-0.009226
2449.15,-0.008892
2449.64,-0.008476
2450.12,-0.008067
2450.60,-0.007745
2451.08,-0.007554
2451.56,-0.007498
2452.05,-0.007553
2452.53,-0.007679
2453.01,-0.007846
2453.49,-0.008029
2453.97,-0.008215
2454.46,-0.008392
2454.94,-0.008541
2455.42,-0.008640
2455.90,-0.008672
2456.39,-0.008629
2456.87,-0.008531
2457.35,-0.008412
2457.83,-0.008323
2458.31,-0.008298
2458.80,-0.008347
2459.28,-0.008442
2459.76,-0.008529
2460.24,-0.008542
2460.72,-0.008428
2461.21,-0.008174
2461.69,-0.007807
2462.17,-0.007395
2462.65,-0.007017
2463.13,-0.006741
2463.62,-0.006608
2464.10,-0.006611
2464.58,-0.006713
2465.06,-0.006855
2465.55,-0.006987
2466.03,-0.007079
2466.51,-0.007133
2466.99,-0.007173
2467.47,-0.007236
2467.95,-0.007351
2468.44,-0.007524
2468.92,-0.007730
2469.40,-0.007927
2469.88,-0.008061
2470.37,-0.008088
2470.85,-0.007993
2471.33,-0.007793
2471.81,-0.007541
2472.29,-0.007304
2472.78,-0.007151
2473.26,-0.007128
2473.74,-0.007244
2474.22,-0.007468
2474.70,-0.007737
2475.19,-0.007980
2475.67,-0.008135
2476.15,-0.008170
2476.63,-0.008090
2477.11,-0.007936
2477.60,-0.007765
2478.08,-0.007630
2478.56,-0.007560
2479.04,-0.007548
2479.53,-0.007559
2480.01,-0.007536
2480.49,-0.007432
2480.97,-0.007223
2481.45,-0.006923
2481.94,-0.006586
2482.42,-0.006291
2482.90,-0.006125
2483.38,-0.006150
2483.86,-0.006394
2484.35,-0.006837
2484.83,-0.007420
2485.31,-0.008052
2485.79,-0.008634
2486.28,-0.009087
2486.76,-0.009354
2487.24,-0.009419
2487.72,-0.009301
2488.20,-0.009046
2488.69,-0.008712
2489.17,-0.008353
2489.65,-0.008017
2490.13,-0.007733
2490.61,-0.007513
2491.10,-0.007359
2491.58,-0.007271
2492.06,-0.007247
2492.54,-0.007288
2493.03,-0.007397
2493.51,-0.007572
2493.99,-0.007801
2494.47,-0.008065
2494.95,-0.008334
2495.44,-0.008573
2495.92,-0.008755
2496.40,-0.008860
2496.88,-0.008886
2497.36,-0.008843
2497.85,-0.008743
2498.33,-0.008601
2498.81,-0.008421
2499.29,-0.008197
2499.78,-0.007924
2500.26,-0.007598
2500.74,-0.007230
2501.22,-0.006843
2501.70,-0.006470
2502.19,-0.006142
2502.67,-0.005872
2503.15,-0.005654
2503.63,-0.005456
2504.11,-0.005244
2504.60,-0.004986
2505.08,-0.004681
2505.56,-0.004356
2506.04,-0.004069
2506.53,-0.003884
2507.01,-0.003850
2507.49,-0.003980
2507.97,-0.004242
2508.45,-0.004574
2508.93,-0.004898
2509.42,-0.005150
2509.90,-0.005304
2510.38,-0.005373
2510.86,-0.005398
2511.35,-0.005428
2511.83,-0.005496
2512.31,-0.005604
2512.79,-0.005721
2513.27,-0.005798
2513.76,-0.005793
2514.24,-0.005692
2514.72,-0.005518
2515.20,-0.005323
2515.68,-0.005178
2516.17,-0.005147
2516.65,-0.005264
2517.13,-0.005528
2517.61,-0.005903
2518.09,-0.006332
2518.58,-0.006747
2519.06,-0.007090
2519.54,-0.007320
2520.02,-0.007413
2520.51,-0.007369
2520.99,-0.007204
2521.47,-0.006953
2521.95,-0.006667
2522.43,-0.006398
2522.92,-0.006207
2523.40,-0.006136
2523.88,-0.006209
2524.36,-0.006422
2524.84,-0.006748
2525.33,-0.007137
2525.81,-0.007534
2526.29,-0.007892
2526.77,-0.008179
2527.26,-0.008383
2527.74,-0.008511
2528.22,-0.008580
2528.70,-0.008612
2529.18,-0.008629
2529.67,-0.008652
2530.15,-0.008696
2530.63,-0.008771
2531.11,-0.008879
2531.59,-0.009009
2532.08,-0.009135
2532.56,-0.009218
2533.04,-0.009215
2533.52,-0.009091
2534.01,-0.008828
2534.49,-0.008436
2534.97,-0.007956
2535.45,-0.007450
2535.93,-0.006987
2536.42,-0.006626
2536.90,-0.006404
2537.38,-0.006328
2537.86,-0.006373
2538.34,-0.006491
2538.83,-0.006627
2539.31,-0.006728
2539.79,-0.006755
2540.27,-0.006691
2540.76,-0.006543
2541.24,-0.006337
2541.72,-0.006110
2542.20,-0.005910
2542.68,-0.005778
2543.17,-0.005744
2543.65,-0.005824
2544.13,-0.006017
2544.61,-0.006303
2545.09,-0.006648
2545.58,-0.007015
2546.06,-0.007363
2546.54,-0.007656
2547.02,-0.007867
2547.50,-0.007982
2547.99,-0.007999
2548.47,-0.007930
2548.95,-0.007797
2549.43,-0.007630
2549.91,-0.007460
2550.40,-0.007315
2550.88,-0.007213
2551.36,-0.007159
2551.84,-0.007148
2552.33,-0.007166
2552.81,-0.007201
2553.29,-0.007240
2553.77,-0.007279
2554.25,-0.007318
2554.74,-0.007361
2555.22,-0.007410
2555.70,-0.007464
2556.18,-0.007516
2556.66,-0.007562
2557.15,-0.007598
2557.63,-0.007630
2558.11,-0.007666
2558.59,-0.007718
2559.07,-0.007793
2559.56,-0.007891
2560.04,-0.007996
2560.52,-0.008082
2561.00,-0.008120
2561.49,-0.008078
2561.97,-0.007937
2562.45,-0.007690
2562.93,-0.007349
2563.41,-0.006942
2563.90,-0.006507
2564.38,-0.006097
2564.86,-0.005764
2565.34,-0.005555
2565.82,-0.005505
2566.31,-0.005626
2566.79,-0.005902
2567.27,-0.006291
2567.75,-0.006732
2568.24,-0.007155
2568.72,-0.007499
2569.20,-0.007722
2569.68,-0.007812
2570.16,-0.007782
2570.65,-0.007666
2571.13,-0.007504
2571.61,-0.007333
2572.09,-0.007180
2572.57,-0.007056
2573.06,-0.006963
2573.54,-0.006899
2574.02,-0.006859
2574.50,-0.006841
2574.99,-0.006839
2575.47,-0.006848
2575.95,-0.006856
2576.43,-0.006851
2576.91,-0.006825
2577.40,-0.006771
2577.88,-0.006698
2578.36,-0.006618
2578.84,-0.006552
2579.32,-0.006520
2579.81,-0.006539
2580.29,-0.006615
2580.77,-0.006745
2581.25,-0.006914
2581.74,-0.007101
2582.22,-0.007275
2582.70,-0.007400
2583.18,-0.007444
2583.66,-0.007375
2584.14,-0.007180
2584.63,-0.006863
2585.11,-0.006454
2585.59,-0.006002
2586.07,-0.005566
2586.56,-0.005207
2587.04,-0.004968
2587.52,-0.004868
2588.00,-0.004903
2588.48,-0.005047
2588.97,-0.005266
2589.45,-0.005525
2589.93,-0.005798
2590.41,-0.006067
2590.89,-0.006319
2591.38,-0.006540
2591.86,-0.006709
2592.34,-0.006802
2592.82,-0.006801
2593.31,-0.006700
2593.79,-0.006513
2594.27,-0.006276
2594.75,-0.006041
2595.23,-0.005863
2595.72,-0.005783
2596.20,-0.005822
2596.68,-0.005970
2597.16,-0.006198
2597.64,-0.006457
2598.13,-0.006703
2598.61,-0.006899
2599.09,-0.007025
2599.57,-0.007075
2600.05,-0.007059
2600.54,-0.006992
2601.02,-0.006892
2601.50,-0.006776
2601.98,-0.006657
2602.47,-0.006545
2602.95,-0.006445
2603.43,-0.006360
2603.91,-0.006286
2604.39,-0.006223
2604.88,-0.006166
2605.36,-0.006117
2605.84,-0.006080
2606.32,-0.006066
2606.80,-0.006083
2607.29,-0.006135
2607.77,-0.006217
2608.25,-0.006314
2608.73,-0.006400
2609.22,-0.006449
2609.70,-0.006439
2610.18,-0.006361
2610.66,-0.006219
2611.14,-0.006033
2611.63,-0.005826
2612.11,-0.005622
2612.59,-0.005437
2613.07,-0.005278
2613.55,-0.005143
2614.04,-0.005025
2614.52,-0.004919
2615.00,-0.004822
2615.48,-0.004733
2615.97,-0.004650
2616.45,-0.004569
2616.93,-0.004484
2617.41,-0.004390
2617.89,-0.004285
2618.38,-0.004179
2618.86,-0.004089
2619.34,-0.004037
2619.82,-0.004041
2620.30,-0.004108
2620.79,-0.004232
2621.27,-0.004388
2621.75,-0.004549
2622.23,-0.004691
2622.72,-0.004804
2623.20,-0.004894
2623.68,-0.004983
2624.16,-0.005096
2624.64,-0.005253
2625.12,-0.005459
2625.61,-0.005700
2626.09,-0.005947
2626.57,-0.006165
2627.05,-0.006325
2627.54,-0.006405
2628.02,-0.006400
2628.50,-0.006315
2628.98,-0.006164
2629.46,-0.005966
2629.95,-0.005743
2630.43,-0.005518
2630.91,-0.005318
2631.39,-0.005165
2631.88,-0.005078
2632.36,-0.005062
2632.84,-0.005109
2633.32,-0.005198
2633.80,-0.005301
2634.28,-0.005394
2634.77,-0.005463
2635.25,-0.005512
2635.73,-0.005556
2636.21,-0.005617
2636.70,-0.005710
2637.18,-0.005832
2637.66,-0.005968
2638.14,-0.006086
2638.62,-0.006156
2639.11,-0.006159
2639.59,-0.006094
2640.07,-0.005976
2640.55,-0.005834
2641.03,-0.005695
2641.52,-0.005576
2642.00,-0.005479
2642.48,-0.005393
2642.96,-0.005305
2643.45,-0.005207
2643.93,-0.005104
2644.41,-0.005014
2644.89,-0.004962
2645.37,-0.004966
2645.86,-0.005033
2646.34,-0.005149
2646.82,-0.005287
2647.30,-0.005408
2647.78,-0.005480
2648.27,-0.005481
2648.75,-0.005409
2649.23,-0.005281
2649.71,-0.005126
2650.20,-0.004976
2650.68,-0.004856
2651.16,-0.004782
2651.64,-0.004752
2652.12,-0.004753
2652.61,-0.004766
2653.09,-0.004772
2653.57,-0.004760
2654.05,-0.004729
2654.53,-0.004691
2655.02,-0.004663
2655.50,-0.004666
2655.98,-0.004713
2656.46,-0.004806
2656.95,-0.004935
2657.43,-0.005080
2657.91,-0.005218
2658.39,-0.005327
2658.87,-0.005396
2659.36,-0.005425
2659.84,-0.005420
2660.32,-0.005394
2660.80,-0.005353
2661.28,-0.005301
2661.77,-0.005231
2662.25,-0.005137
2662.73,-0.005016
2663.21,-0.004873
2663.70,-0.004721
2664.18,-0.004586
2664.66,-0.004488
2665.14,-0.004449
2665.62,-0.004474
2666.11,-0.004559
2666.59,-0.004689
2667.07,-0.004843
2667.55,-0.005002
2668.03,-0.005151
2668.52,-0.005280
2669.00,-0.005383
2669.48,-0.005454
2669.96,-0.005491
2670.44,-0.005491
2670.93,-0.005456
2671.41,-0.005397
2671.89,-0.005327
2672.37,-0.005265
2672.86,-0.005224
2673.34,-0.005214
2673.82,-0.005231
2674.30,-0.005265
2674.78,-0.005297
2675.26,-0.005312
2675.75,-0.005299
2676.23,-0.005258
2676.71,-0.005196
2677.19,-0.005124
2677.68,-0.005055
2678.16,-0.004999
2678.64,-0.004964
2679.12,-0.004956
2679.60,-0.004981
2680.09,-0.005046
2680.57,-0.005155
2681.05,-0.005310
2681.53,-0.005502
2682.01,-0.005714
2682.50,-0.005923
2682.98,-0.006107
2683.46,-0.006244
2683.94,-0.006324
2684.43,-0.006347
2684.91,-0.006320
2685.39,-0.006255
2685.87,-0.006160
2686.35,-0.006042
2686.84,-0.005904
2687.32,-0.005748
2687.80,-0.005575
2688.28,-0.005390
2688.76,-0.005197
2689.25,-0.005001
2689.73,-0.004809
2690.21,-0.004628
2690.69,-0.004470
2691.18,-0.004351
2691.66,-0.004295
2692.14,-0.004321
2692.62,-0.004443
2693.10,-0.004656
2693.59,-0.004936
2694.07,-0.005241
2694.55,-0.005516
2695.03,-0.005717
2695.51,-0.005817
2696.00,-0.005815
2696.48,-0.005734
2696.96,-0.005609
2697.44,-0.005479
2697.93,-0.005362
2698.41,-0.005262
2698.89,-0.005165
2699.37,-0.005053
2699.85,-0.004915
2700.34,-0.004755
2700.82,-0.004591
2701.30,-0.004451
2701.78,-0.004360
2702.26,-0.004329
2702.75,-0.004353
2703.23,-0.004414
2703.71,-0.004489
2704.19,-0.004557
2704.68,-0.004608
2705.16,-0.004640
2705.64,-0.004658
2706.12,-0.004666
2706.60,-0.004664
2707.09,-0.004649
2707.57,-0.004618
2708.05,-0.004573
2708.53,-0.004520
2709.01,-0.004473
2709.50,-0.004445
2709.98,-0.004444
2710.46,-0.004467
2710.94,-0.004503
2711.42,-0.004531
2711.91,-0.004536
2712.39,-0.004507
2712.87,-0.004445
2713.35,-0.004357
2713.84,-0.004260
2714.32,-0.004172
2714.80,-0.004107
2715.28,-0.004076
2715.76,-0.004085
2716.24,-0.004138
2716.73,-0.004232
2717.21,-0.004358
2717.69,-0.004500
2718.17,-0.004634
2718.66,-0.004736
2719.14,-0.004785
2719.62,-0.004768
2720.10,-0.004689
2720.58,-0.004561
2721.07,-0.004404
2721.55,-0.004236
2722.03,-0.004070
2722.51,-0.003906
2722.99,-0.003741
2723.48,-0.003570
2723.96,-0.003400
2724.44,-0.003247
2724.92,-0.003137
2725.41,-0.003100
2725.89,-0.003156
2726.37,-0.003311
2726.85,-0.003549
2727.33,-0.003838
2727.82,-0.004134
2728.30,-0.004396
2728.78,-0.004594
2729.26,-0.004709
2729.74,-0.004743
2730.23,-0.004708
2730.71,-0.004624
2731.19,-0.004514
2731.67,-0.004400
2732.16,-0.004299
2732.64,-0.004225
2733.12,-0.004182
2733.60,-0.004173
2734.08,-0.004193
2734.57,-0.004234
2735.05,-0.004288
2735.53,-0.004346
2736.01,-0.004401
2736.49,-0.004447
2736.98,-0.004481
2737.46,-0.004499
2737.94,-0.004501
2738.42,-0.004487
2738.91,-0.004460
2739.39,-0.004425
2739.87,-0.004391
2740.35,-0.004365
2740.83,-0.004353
2741.32,-0.004354
2741.80,-0.004364
2742.28,-0.004373
2742.76,-0.004377
2743.24,-0.004371
2743.73,-0.004361
2744.21,-0.004354
2744.69,-0.004359
2745.17,-0.004378
2745.66,-0.004405
2746.14,-0.004426
2746.62,-0.004420
2747.10,-0.004368
2747.58,-0.004264
2748.07,-0.004112
2748.55,-0.003931
2749.03,-0.003751
2749.51,-0.003601
2749.99,-0.003504
2750.48,-0.003473
2750.96,-0.003503
2751.44,-0.003579
2751.92,-0.003682
2752.40,-0.003789
2752.89,-0.003884
2753.37,-0.003962
2753.85,-0.004021
2754.33,-0.004070
2754.82,-0.004116
2755.30,-0.004167
2755.78,-0.004220
2756.26,-0.004268
2756.74,-0.004294
2757.22,-0.004282
2757.71,-0.004216
2758.19,-0.004093
2758.67,-0.003923
2759.15,-0.003729
2759.64,-0.003547
2760.12,-0.003411
2760.60,-0.003349
2761.08,-0.003370
2761.56,-0.003468
2762.05,-0.003618
2762.53,-0.003789
2763.01,-0.003956
2763.49,-0.004100
2763.97,-0.004217
2764.46,-0.004312
2764.94,-0.004393
2765.42,-0.004464
2765.90,-0.004518
2766.39,-0.004540
2766.87,-0.004510
2767.35,-0.004414
2767.83,-0.004248
2768.31,-0.004025
2768.80,-0.003774
2769.28,-0.003532
2769.76,-0.003334
2770.24,-0.003207
2770.72,-0.003163
2771.21,-0.003201
2771.69,-0.003305
2772.17,-0.003453
2772.65,-0.003624
2773.14,-0.003795
2773.62,-0.003951
2774.10,-0.004082
2774.58,-0.004180
2775.06,-0.004241
2775.55,-0.004264
2776.03,-0.004251
2776.51,-0.004208
2776.99,-0.004144
2777.47,-0.004071
2777.96,-0.004000
2778.44,-0.003939
2778.92,-0.003893
2779.40,-0.003859
2779.89,-0.003830
2780.37,-0.003795
2780.85,-0.003744
2781.33,-0.003670
2781.81,-0.003570
2782.30,-0.003446
2782.78,-0.003308
2783.26,-0.003162
2783.74,-0.003017
2784.22,-0.002876
2784.71,-0.002738
2785.19,-0.002599
2785.67,-0.002460
2786.15,-0.002326
2786.63,-0.002208
2787.12,-0.002126
2787.60,-0.002099
2788.08,-0.002141
2788.56,-0.002254
2789.05,-0.002426
2789.53,-0.002630
2790.01,-0.002833
2790.49,-0.003001
2790.97,-0.003112
2791.46,-0.003157
2791.94,-0.003145
2792.42,-0.003095
2792.90,-0.003031
2793.38,-0.002975
2793.87,-0.002940
2794.35,-0.002928
2794.83,-0.002931
2795.31,-0.002937
2795.80,-0.002932
2796.28,-0.002905
2796.76,-0.002851
2797.24,-0.002770
2797.72,-0.002670
2798.20,-0.002563
2798.69,-0.002468
2799.17,-0.002403
2799.65,-0.002390
2800.13,-0.002437
2800.62,-0.002543
2801.10,-0.002693
2801.58,-0.002856
2802.06,-0.002994
2802.54,-0.003069
2803.03,-0.003058
2803.51,-0.002958
2803.99,-0.002790
2804.47,-0.002595
2804.95,-0.002424
2805.44,-0.002327
2805.92,-0.002334
2806.40,-0.002454
2806.88,-0.002665
2807.36,-0.002926
2807.85,-0.003183
2808.33,-0.003381
2808.81,-0.003481
2809.29,-0.003464
2809.78,-0.003335
2810.26,-0.003122
2810.74,-0.002870
2811.22,-0.002624
2811.70,-0.002420
2812.19,-0.002279
2812.67,-0.002203
2813.15,-0.002173
2813.63,-0.002163
2814.11,-0.002150
2814.60,-0.002121
2815.08,-0.002083
2815.56,-0.002052
2816.04,-0.002057
2816.53,-0.002119
2817.01,-0.002247
2817.49,-0.002431
2817.97,-0.002645
2818.45,-0.002856
2818.94,-0.003033
2819.42,-0.003156
2819.90,-0.003222
2820.38,-0.003239
2820.86,-0.003222
2821.35,-0.003183
2821.83,-0.003126
2822.31,-0.003048
2822.79,-0.002944
2823.28,-0.002810
2823.76,-0.002649
2824.24,-0.002472
2824.72,-0.002301
2825.20,-0.002157
2825.69,-0.002059
2826.17,-0.002022
2826.65,-0.002053
2827.13,-0.002150
2827.61,-0.002304
2828.10,-0.002499
2828.58,-0.002709
2829.06,-0.002905
2829.54,-0.003058
2830.03,-0.003147
2830.51,-0.003162
2830.99,-0.003112
2831.47,-0.003025
2831.95,-0.002935
2832.44,-0.002875
2832.92,-0.002865
2833.40,-0.002907
2833.88,-0.002982
2834.36,-0.003061
2834.85,-0.003114
2835.33,-0.003126
2835.81,-0.003094
2836.29,-0.003029
2836.77,-0.002949
2837.26,-0.002868
2837.74,-0.002787
2838.22,-0.002700
2838.70,-0.002596
2839.18,-0.002468
2839.67,-0.002320
2840.15,-0.002167
2840.63,-0.002030
2841.11,-0.001930
2841.60,-0.001877
2842.08,-0.001868
2842.56,-0.001891
2843.04,-0.001928
2843.52,-0.001963
2844.01,-0.001990
2844.49,-0.002012
2844.97,-0.002034
2845.45,-0.002065
2845.93,-0.002105
2846.42,-0.002153
2846.90,-0.002201
2847.38,-0.002245
2847.86,-0.002280
2848.34,-0.002307
2848.83,-0.002325
2849.31,-0.002334
2849.79,-0.002330
2850.27,-0.002309
2850.76,-0.002269
2851.24,-0.002210
2851.72,-0.002141
2852.20,-0.002070
2852.68,-0.002008
2853.17,-0.001956
2853.65,-0.001910
2854.13,-0.001860
2854.61,-0.001797
2855.09,-0.001719
2855.58,-0.001633
2856.06,-0.001552
2856.54,-0.001494
2857.02,-0.001471
2857.51,-0.001482
2857.99,-0.001513
2858.47,-0.001546
2858.95,-0.001560
2859.43,-0.001544
2859.92,-0.001500
2860.40,-0.001445
2860.88,-0.001401
2861.36,-0.001393
2861.84,-0.001435
2862.33,-0.001533
2862.81,-0.001677
2863.29,-0.001849
2863.77,-0.002024
2864.26,-0.002178
2864.74,-0.002286
2865.22,-0.002334
2865.70,-0.002314
2866.18,-0.002233
2866.67,-0.002110
2867.15,-0.001970
2867.63,-0.001845
2868.11,-0.001758
2868.59,-0.001718
2869.08,-0.001719
2869.56,-0.001740
2870.04,-0.001752
2870.52,-0.001728
2871.01,-0.001655
2871.49,-0.001535
2871.97,-0.001384
2872.45,-0.001221
2872.93,-0.001068
2873.41,-0.000934
2873.90,-0.000818
2874.38,-0.000715
2874.86,-0.000621
2875.34,-0.000537
2875.83,-0.000470
2876.31,-0.000429
2876.79,-0.000418
2877.27,-0.000430
2877.75,-0.000444
2878.24,-0.000437
2878.72,-0.000384
2879.20,-0.000277
2879.68,-0.000125
2880.16,0.000043
2880.65,0.000191
2881.13,0.000281
2881.61,0.000289
2882.09,0.000209
2882.58,0.000050
2883.06,-0.000162
2883.54,-0.000400
2884.02,-0.000633
2884.50,-0.000840
2884.99,-0.001004
2885.47,-0.001114
2885.95,-0.001166
2886.43,-0.001162
2886.91,-0.001109
2887.40,-0.001023
2887.88,-0.000925
2888.36,-0.000839
2888.84,-0.000789
2889.32,-0.000789
2889.81,-0.000845
2890.29,-0.000951
2890.77,-0.001090
2891.25,-0.001235
2891.74,-0.001360
2892.22,-0.001436
2892.70,-0.001439
2893.18,-0.001355
2893.66,-0.001182
2894.15,-0.000933
2894.63,-0.000635
2895.11,-0.000326
2895.59,-0.000048
2896.07,0.000164
2896.56,0.000283
2897.04,0.000303
2897.52,0.000235
2898.00,0.000101
2898.49,-0.000068
2898.97,-0.000245
2899.45,-0.000402
2899.93,-0.000520
2900.41,-0.000580
2900.90,-0.000567
2901.38,-0.000473
2901.86,-0.000299
2902.34,-0.000060
2902.82,0.000211
2903.31,0.000464
2903.79,0.000646
2904.27,0.000713
2904.75,0.000644
2905.24,0.000449
2905.72,0.000167
2906.20,-0.000138
2906.68,-0.000405
2907.16,-0.000587
2907.65,-0.000662
2908.13,-0.000643
2908.61,-0.000564
2909.09,-0.000474
2909.57,-0.000415
2910.06,-0.000415
2910.54,-0.000479
2911.02,-0.000593
2911.50,-0.000731
2911.99,-0.000861
2912.47,-0.000959
2912.95,-0.001014
2913.43,-0.001025
2913.91,-0.001005
2914.39,-0.000975
2914.88,-0.000958
2915.36,-0.000974
2915.84,-0.001032
2916.32,-0.001132
2916.81,-0.001263
2917.29,-0.001405
2917.77,-0.001536
2918.25,-0.001641
2918.73,-0.001711
2919.22,-0.001747
2919.70,-0.001757
2920.18,-0.001755
2920.66,-0.001746
2921.14,-0.001734
2921.63,-0.001711
2922.11,-0.001669
2922.59,-0.001598
2923.07,-0.001492
2923.55,-0.001355
2924.04,-0.001196
2924.52,-0.001029
2925.00,-0.000869
2925.48,-0.000726
2925.97,-0.000608
2926.45,-0.000517
2926.93,-0.000447
2927.41,-0.000389
2927.89,-0.000329
2928.38,-0.000250
2928.86,-0.000138
2929.34,0.000015
2929.82,0.000209
2930.30,0.000429
2930.79,0.000651
2931.27,0.000842
2931.75,0.000974
2932.23,0.001029
2932.72,0.001004
2933.20,0.000915
2933.68,0.000786
2934.16,0.000647
2934.64,0.000517
2935.13,0.000404
2935.61,0.000304
2936.09,0.000205
2936.57,0.000098
2937.05,-0.000017
2937.54,-0.000130
2938.02,-0.000219
2938.50,-0.000261
2938.98,-0.000242
2939.47,-0.000164
2939.95,-0.000046
2940.43,0.000082
2940.91,0.000183
2941.39,0.000232
2941.88,0.000221
2942.36,0.000161
2942.84,0.000080
2943.32,0.000017
2943.80,0.000008
2944.29,0.000076
2944.77,0.000223
2945.25,0.000432
2945.73,0.000672
2946.22,0.000906
2946.70,0.001103
2947.18,0.001242
2947.66,0.001321
2948.14,0.001350
2948.62,0.001352
2949.11,0.001349
2949.59,0.001362
2950.07,0.001401
2950.55,0.001464
2951.04,0.001540
2951.52,0.001614
2952.00,0.001663
2952.48,0.001669
2952.97,0.001620
2953.45,0.001509
2953.93,0.001342
2954.41,0.001138
2954.89,0.000919
2955.38,0.000713
2955.86,0.000542
2956.34,0.000417
2956.82,0.000334
2957.30,0.000277
2957.79,0.000223
2958.27,0.000153
2958.75,0.000065
2959.23,-0.000024
2959.71,-0.000083
2960.20,-0.000067
2960.68,0.000054
2961.16,0.000291
2961.64,0.000620
2962.12,0.000994
2962.61,0.001349
2963.09,0.001622
2963.57,0.001772
2964.05,0.001791
2964.53,0.001700
2965.02,0.001543
2965.50,0.001372
2965.98,0.001231
2966.46,0.001147
2966.95,0.001130
2967.43,0.001173
2967.91,0.001265
2968.39,0.001393
2968.88,0.001548
2969.36,0.001720
2969.84,0.001900
2970.32,0.002078
2970.80,0.002240
2971.28,0.002374
2971.77,0.002472
2972.25,0.002538
2972.73,0.002579
2973.21,0.002610
2973.70,0.002648
2974.18,0.002703
2974.66,0.002778
2975.14,0.002865
2975.62,0.002947
2976.11,0.003005
2976.59,0.003016
2977.07,0.002963
2977.55,0.002840
2978.03,0.002651
2978.52,0.002416
2979.00,0.002166
2979.48,0.001941
2979.96,0.001780
2980.45,0.001712
2980.93,0.001746
2981.41,0.001870
2981.89,0.002050
2982.37,0.002235
2982.86,0.002374
2983.34,0.002424
2983.82,0.002366
2984.30,0.002204
2984.78,0.001968
2985.27,0.001706
2985.75,0.001469
2986.23,0.001300
2986.71,0.001227
2987.20,0.001256
2987.68,0.001372
2988.16,0.001541
2988.64,0.001726
2989.12,0.001889
2989.61,0.002007
2990.09,0.002074
2990.57,0.002101
2991.05,0.002111
2991.53,0.002131
2992.02,0.002182
2992.50,0.002271
2992.98,0.002391
2993.46,0.002520
2993.95,0.002630
2994.43,0.002696
2994.91,0.002699
2995.39,0.002634
2995.87,0.002505
2996.36,0.002322
2996.84,0.002101
2997.32,0.001855
2997.80,0.001602
2998.28,0.001357
2998.77,0.001143
2999.25,0.000981
2999.73,0.000889
3000.21,0.000877
3000.69,0.000940
3001.18,0.001063
3001.66,0.001217
3002.14,0.001375
3002.62,0.001515
3003.11,0.001629
3003.59,0.001722
3004.07,0.001810
3004.55,0.001906
3005.03,0.002020
3005.51,0.002148
3006.00,0.002279
3006.48,0.002396
3006.96,0.002485
3007.44,0.002539
3007.93,0.002560
3008.41,0.002557
3008.89,0.002539
3009.37,0.002516
3009.85,0.002489
3010.34,0.002459
3010.82,0.002421
3011.30,0.002374
3011.78,0.002319
3012.26,0.002265
3012.75,0.002224
3013.23,0.002211
3013.71,0.002242
3014.19,0.002333
3014.68,0.002492
3015.16,0.002716
3015.64,0.002992
3016.12,0.003287
3016.60,0.003558
3017.09,0.003752
3017.57,0.003828
3018.05,0.003762
3018.53,0.003561
3019.01,0.003263
3019.50,0.002932
3019.98,0.002644
3020.46,0.002458
3020.94,0.002411
3021.43,0.002502
3021.91,0.002695
3022.39,0.002928
3022.87,0.003137
3023.35,0.003274
3023.84,0.003313
3024.32,0.003260
3024.80,0.003145
3025.28,0.003009
3025.76,0.002894
3026.25,0.002826
3026.73,0.002818
3027.21,0.002863
3027.69,0.002944
3028.18,0.003040
3028.66,0.003133
3029.14,0.003209
3029.62,0.003259
3030.10,0.003284
3030.59,0.003286
3031.07,0.003271
3031.55,0.003246
3032.03,0.003218
3032.51,0.003195
3033.00,0.003182
3033.48,0.003185
3033.96,0.003211
3034.44,0.003266
3034.93,0.003356
3035.41,0.003485
3035.89,0.003654
3036.37,0.003855
3036.85,0.004069
3037.34,0.004267
3037.82,0.004414
3038.30,0.004476
3038.78,0.004435
3039.26,0.004289
3039.75,0.004064
3040.23,0.003809
3040.71,0.003581
3041.19,0.003431
3041.67,0.003394
3042.16,0.003471
3042.64,0.003633
3043.12,0.003826
3043.60,0.003992
3044.09,0.004085
3044.57,0.004079
3045.05,0.003978
3045.53,0.003807
3046.01,0.003605
3046.49,0.003408
3046.98,0.003243
3047.46,0.003122
3047.94,0.003050
3048.42,0.003026
3048.91,0.003048
3049.39,0.003118
3049.87,0.003234
3050.35,0.003388
3050.83,0.003565
3051.32,0.003737
3051.80,0.003877
3052.28,0.003966
3052.76,0.003997
3053.24,0.003983
3053.73,0.003949
3054.21,0.003932
3054.69,0.003962
3055.17,0.004059
3055.66,0.004224
3056.14,0.004447
3056.62,0.004702
3057.10,0.004962
3057.58,0.005201
3058.07,0.005400
3058.55,0.005546
3059.03,0.005638
3059.51,0.005679
3059.99,0.005680
3060.48,0.005654
3060.96,0.005610
3061.44,0.005552
3061.92,0.005473
3062.41,0.005354
3062.89,0.005172
3063.37,0.004911
3063.85,0.004572
3064.33,0.004184
3064.82,0.003800
3065.30,0.003494
3065.78,0.003331
3066.26,0.003353
3066.74,0.003557
3067.23,0.003898
3067.71,0.004298
3068.19,0.004664
3068.67,0.004928
3069.16,0.005050
3069.64,0.005036
3070.12,0.004920
3070.60,0.004755
3071.08,0.004586
3071.57,0.004441
3072.05,0.004326
3072.53,0.004230
3073.01,0.004141
3073.49,0.004052
3073.98,0.003968
3074.46,0.003903
3074.94,0.003878
3075.42,0.003905
3075.90,0.003990
3076.39,0.004126
3076.87,0.004301
3077.35,0.004500
3077.83,0.004710
3078.32,0.004918
3078.80,0.005113
3079.28,0.005279
3079.76,0.005400
3080.24,0.005462
3080.73,0.005454
3081.21,0.005378
3081.69,0.005247
3082.17,0.005082
3082.65,0.004906
3083.14,0.004740
3083.62,0.004594
3084.10,0.004475
3084.58,0.004386
3085.07,0.004332
3085.55,0.004325
3086.03,0.004380
3086.51,0.004510
3086.99,0.004717
3087.47,0.004989
3087.96,0.005295
3088.44,0.005595
3088.92,0.005844
3089.40,0.006008
3089.89,0.006070
3090.37,0.006035
3090.85,0.005925
3091.33,0.005775
3091.81,0.005623
3092.30,0.005502
3092.78,0.005436
3093.26,0.005440
3093.74,0.005516
3094.22,0.005655
3094.71,0.005835
3095.19,0.006025
3095.67,0.006186
3096.15,0.006276
3096.64,0.006268
3097.12,0.006150
3097.60,0.005933
3098.08,0.005650
3098.56,0.005347
3099.05,0.005073
3099.53,0.004860
3100.01,0.004728
3100.49,0.004671
3100.97,0.004675
3101.46,0.004720
3101.94,0.004794
3102.42,0.004897
3102.90,0.005036
3103.39,0.005222
3103.87,0.005453
3104.35,0.005713
3104.83,0.005976
3105.31,0.006204
3105.80,0.006365
3106.28,0.006444
3106.76,0.006446
3107.24,0.006393
3107.72,0.006317
3108.21,0.006247
3108.69,0.006202
3109.17,0.006185
3109.65,0.006189
3110.14,0.006201
3110.62,0.006214
3111.10,0.006231
3111.58,0.006259
3112.06,0.006311
3112.55,0.006393
3113.03,0.006501
3113.51,0.006622
3113.99,0.006734
3114.47,0.006817
3114.96,0.006858
3115.44,0.006854
3115.92,0.006815
3116.40,0.006757
3116.88,0.006704
3117.37,0.006674
3117.85,0.006682
3118.33,0.006731
3118.81,0.006818
3119.30,0.006928
3119.78,0.007037
3120.26,0.007121
3120.74,0.007158
3121.22,0.007134
3121.71,0.007046
3122.19,0.006908
3122.67,0.006742
3123.15,0.006571
3123.63,0.006417
3124.12,0.006287
3124.60,0.006178
3125.08,0.006081
3125.56,0.005988
3126.04,0.005900
3126.53,0.005828
3127.01,0.005790
3127.49,0.005803
3127.97,0.005876
3128.45,0.006004
3128.94,0.006171
3129.42,0.006359
3129.90,0.006558
3130.38,0.006770
3130.87,0.007008
3131.35,0.007288
3131.83,0.007610
3132.31,0.007954
3132.79,0.008275
3133.28,0.008508
3133.76,0.008593
3134.24,0.008493
3134.72,0.008206
3135.20,0.007771
3135.69,0.007256
3136.17,0.006743
3136.65,0.006299
3137.13,0.005967
3137.61,0.005760
3138.10,0.005665
3138.58,0.005651
3139.06,0.005689
3139.54,0.005752
3140.03,0.005828
3140.51,0.005914
3140.99,0.006013
3141.47,0.006132
3141.95,0.006275
3142.44,0.006440
3142.92,0.006621
3143.40,0.006806
3143.88,0.006981
3144.36,0.007135
3144.85,0.007259
3145.33,0.007356
3145.81,0.007437
3146.29,0.007519
3146.78,0.007614
3147.26,0.007729
3147.74,0.007854
3148.22,0.007968
3148.70,0.008044
3149.19,0.008066
3149.67,0.008033
3150.15,0.007970
3150.63,0.007915
3151.11,0.007914
3151.60,0.007998
3152.08,0.008171
3152.56,0.008404
3153.04,0.008648
3153.53,0.008846
3154.01,0.008955
3154.49,0.008961
3154.97,0.008884
3155.45,0.008767
3155.94,0.008660
3156.42,0.008608
3156.90,0.008628
3157.38,0.008716
3157.86,0.008843
3158.35,0.008972
3158.83,0.009068
3159.31,0.009110
3159.79,0.009088
3160.28,0.009008
3160.76,0.008889
3161.24,0.008750
3161.72,0.008612
3162.20,0.008489
3162.68,0.008392
3163.17,0.008318
3163.65,0.008261
3164.13,0.008210
3164.61,0.008153
3165.10,0.008084
3165.58,0.008006
3166.06,0.007927
3166.54,0.007857
3167.02,0.007806
3167.51,0.007773
3167.99,0.007751
3168.47,0.007728
3168.95,0.007695
3169.43,0.007647
3169.92,0.007592
3170.40,0.007546
3170.88,0.007524
3171.36,0.007539
3171.85,0.007593
3172.33,0.007680
3172.81,0.007791
3173.29,0.007922
3173.77,0.008071
3174.26,0.008245
3174.74,0.008447
3175.22,0.008672
3175.70,0.008905
3176.18,0.009121
3176.67,0.009296
3177.15,0.009415
3177.63,0.009482
3178.11,0.009515
3178.59,0.009541
3179.08,0.009579
3179.56,0.009632
3180.04,0.009678
3180.52,0.009681
3181.01,0.009604
3181.49,0.009422
3181.97,0.009140
3182.45,0.008782
3182.93,0.008395
3183.42,0.008025
3183.90,0.007707
3184.38,0.007462
3184.86,0.007298
3185.34,0.007216
3185.83,0.007219
3186.31,0.007316
3186.79,0.007517
3187.27,0.007821
3187.76,0.008211
3188.24,0.008646
3188.72,0.009069
3189.20,0.009424
3189.68,0.009666
3190.17,0.009776
3190.65,0.009763
3191.13,0.009660
3191.61,0.009511
3192.09,0.009357
3192.58,0.009228
3193.06,0.009137
3193.54,0.009085
3194.02,0.009064
3194.51,0.009064
3194.99,0.009076
3195.47,0.009095
3195.95,0.009115
3196.43,0.009135
3196.92,0.009156
3197.40,0.009181
3197.88,0.009214
3198.36,0.009257
3198.84,0.009307
3199.33,0.009357
3199.81,0.009391
3200.29,0.009398
3200.77,0.009371
3201.26,0.009318
3201.74,0.009257
3202.22,0.009218
3202.70,0.009223
3203.18,0.009285
3203.66,0.009393
3204.15,0.009519
3204.63,0.009626
3205.11,0.009679
3205.59,0.009662
3206.08,0.009585
3206.56,0.009483
3207.04,0.009400
3207.52,0.009378
3208.00,0.009441
3208.49,0.009589
3208.97,0.009795
3209.45,0.010015
3209.93,0.010204
3210.41,0.010320
3210.90,0.010342
3211.38,0.010266
3211.86,0.010109
3212.34,0.009899
3212.82,0.009666
3213.31,0.009442
3213.79,0.009251
3214.27,0.009104
3214.75,0.009005
3215.24,0.008946
3215.72,0.008915
3216.20,0.008902
3216.68,0.008907
3217.16,0.008942
3217.65,0.009031
3218.13,0.009201
3218.61,0.009470
3219.09,0.009832
3219.57,0.010256
3220.06,0.010678
3220.54,0.011018
3221.02,0.011205
3221.50,0.011192
3221.99,0.010975
3222.47,0.010593
3222.95,0.010120
3223.43,0.009642
3223.91,0.009229
3224.40,0.008928
3224.88,0.008748
3225.36,0.008670
3225.84,0.008661
3226.32,0.008691
3226.81,0.008744
3227.29,0.008821
3227.77,0.008933
3228.25,0.009091
3228.74,0.009290
3229.22,0.009513
3229.70,0.009728
3230.18,0.009908
3230.66,0.010037
3231.15,0.010121
3231.63,0.010187
3232.11,0.010266
3232.59,0.010382
3233.07,0.010535
3233.56,0.010703
3234.04,0.010839
3234.52,0.010896
3235.00,0.010843
3235.49,0.010676
3235.97,0.010427
3236.45,0.010148
3236.93,0.009903
3237.41,0.009747
3237.90,0.009712
3238.38,0.009803
3238.86,0.009999
3239.34,0.010268
3239.82,0.010568
3240.31,0.010867
3240.79,0.011139
3241.27,0.011366
3241.75,0.011540
3242.24,0.011656
3242.72,0.011715
3243.20,0.011722
3243.68,0.011682
3244.16,0.011604
3244.64,0.011497
3245.13,0.011368
3245.61,0.011229
3246.09,0.011093
3246.57,0.010978
3247.06,0.010904
3247.54,0.010891
3248.02,0.010951
3248.50,0.011082
3248.98,0.011272
3249.47,0.011496
3249.95,0.011728
3250.43,0.011946
3250.91,0.012136
3251.39,0.012295
3251.88,0.012420
3252.36,0.012507
3252.84,0.012542
3253.32,0.012503
3253.80,0.012372
3254.29,0.012146
3254.77,0.011848
3255.25,0.011528
3255.73,0.011248
3256.22,0.011066
3256.70,0.011012
3257.18,0.011075
3257.66,0.011209
3258.14,0.011346
3258.63,0.011429
3259.11,0.011427
3259.59,0.011348
3260.07,0.011229
3260.55,0.011119
3261.04,0.011047
3261.52,0.011008
3262.00,0.010960
3262.48,0.010846
3262.97,0.010616
3263.45,0.010258
3263.93,0.009806
3264.41,0.009342
3264.89,0.008965
3265.38,0.008758
3265.86,0.008765
3266.34,0.008978
3266.82,0.009347
3267.30,0.009794
3267.79,0.010245
3268.27,0.010650
3268.75,0.010987
3269.23,0.011256
3269.72,0.011460
3270.20,0.011598
3270.68,0.011653
3271.16,0.011601
3271.64,0.011426
3272.13,0.011132
3272.61,0.010758
3273.09,0.010370
3273.57,0.010049
3274.05,0.009868
3274.54,0.009873
3275.02,0.010065
3275.50,0.010406
3275.98,0.010827
3276.47,0.011257
3276.95,0.011634
3277.43,0.011926
3277.91,0.012130
3278.39,0.012262
3278.88,0.012345
3279.36,0.012392
3279.84,0.012400
3280.32,0.012353
3280.80,0.012233
3281.29,0.012031
3281.77,0.011756
3282.25,0.011443
3282.73,0.011140
3283.22,0.010898
3283.70,0.010747
3284.18,0.010692
3284.66,0.010708
3285.14,0.010745
3285.62,0.010746
3286.11,0.010666
3286.59,0.010487
3287.07,0.010215
3287.55,0.009885
3288.04,0.009542
3288.52,0.009231
3289.00,0.008988
3289.48,0.008835
3289.96,0.008781
3290.45,0.008829
3290.93,0.008979
3291.41,0.009230
3291.89,0.009572
3292.38,0.009986
3292.86,0.010441
3293.34,0.010893
3293.82,0.011297
3294.30,0.011613
3294.78,0.011817
3295.27,0.011904
3295.75,0.011886
3296.23,0.011784
3296.71,0.011619
3297.20,0.011405
3297.68,0.011155
3298.16,0.010878
3298.64,0.010592
3299.12,0.010329
3299.61,0.010127
3300.09,0.010024
3300.57,0.010047
3301.05,0.010198
3301.53,0.010452
3302.02,0.010761
3302.50,0.011068
3302.98,0.011329
3303.46,0.011518
3303.95,0.011644
3304.43,0.011737
3304.91,0.011838
3305.39,0.011980
3305.87,0.012171
3306.36,0.012394
3306.84,0.012610
3307.32,0.012769
3307.80,0.012832
3308.28,0.012786
3308.77,0.012643
3309.25,0.012446
3309.73,0.012242
3310.21,0.012081
3310.70,0.011989
3311.18,0.011964
3311.66,0.011978
3312.14,0.011985
3312.62,0.011936
3313.11,0.011796
3313.59,0.011556
3314.07,0.011239
3314.55,0.010897
3315.03,0.010595
3315.52,0.010398
3316.00,0.010352
3316.48,0.010474
3316.96,0.010740
3317.45,0.011096
3317.93,0.011476
3318.41,0.011806
3318.89,0.012034
3319.37,0.012139
3319.86,0.012133
3320.34,0.012057
3320.82,0.011965
3321.30,0.011915
3321.78,0.011952
3322.27,0.012096
3322.75,0.012344
3323.23,0.012670
3323.71,0.013032
3324.20,0.013371
3324.68,0.013632
3325.16,0.013764
3325.64,0.013731
3326.12,0.013520
3326.61,0.013148
3327.09,0.012658
3327.57,0.012107
3328.05,0.011559
3328.53,0.011070
3329.02,0.010667
3329.50,0.010357
3329.98,0.010122
3330.46,0.009940
3330.94,0.009793
3331.43,0.009683
3331.91,0.009626
3332.39,0.009653
3332.87,0.009789
3333.36,0.010040
3333.84,0.010391
3334.32,0.010802
3334.80,0.011224
3335.28,0.011604
3335.76,0.011903
3336.25,0.012104
3336.73,0.012202
3337.21,0.012210
3337.69,0.012142
3338.18,0.012013
3338.66,0.011838
3339.14,0.011631
3339.62,0.011410
3340.10,0.011197
3340.59,0.011015
3341.07,0.010883
3341.55,0.010813
3342.03,0.010806
3342.51,0.010857
3343.00,0.010954
3343.48,0.011079
3343.96,0.011217
3344.44,0.011348
3344.93,0.011449
3345.41,0.011500
3345.89,0.011483
3346.37,0.011392
3346.85,0.011238
3347.34,0.011052
3347.82,0.010882
3348.30,0.010775
3348.78,0.010772
3349.26,0.010890
3349.75,0.011114
3350.23,0.011406
3350.71,0.011708
3351.19,0.011967
3351.68,0.012143
3352.16,0.012221
3352.64,0.012209
3353.12,0.012137
3353.60,0.012044
3354.09,0.011965
3354.57,0.011927
3355.05,0.011940
3355.53,0.011999
3356.01,0.012081
3356.50,0.012153
3356.98,0.012182
3357.46,0.012136
3357.94,0.012001
3358.43,0.011778
3358.91,0.011494
3359.39,0.011184
3359.87,0.010896
3360.35,0.010671
3360.84,0.010533
3361.32,0.010485
3361.80,0.010509
3362.28,0.010571
3362.76,0.010630
3363.25,0.010651
3363.73,0.010613
3364.21,0.010517
3364.69,0.010383
3365.17,0.010244
3365.66,0.010143
3366.14,0.010115
3366.62,0.010178
3367.10,0.010329
3367.59,0.010538
3368.07,0.010757
3368.55,0.010926
3369.03,0.010999
3369.51,0.010946
3370.00,0.010771
3370.48,0.010506
3370.96,0.010204
3371.44,0.009930
3371.92,0.009735
3372.41,0.009654
3372.89,0.009698
3373.37,0.009859
3373.85,0.010109
3374.33,0.010412
3374.82,0.010729
3375.30,0.011014
3375.78,0.011228
3376.26,0.011342
3376.74,0.011344
3377.23,0.011248
3377.71,0.011097
3378.19,0.010958
3378.67,0.010894
3379.16,0.010956
3379.64,0.011152
3380.12,0.011450
3380.60,0.011779
3381.08,0.012053
3381.57,0.012207
3382.05,0.012213
3382.53,0.012090
3383.01,0.011894
3383.49,0.011699
3383.98,0.011564
3384.46,0.011516
3384.94,0.011546
3385.42,0.011615
3385.91,0.011678
3386.39,0.011697
3386.87,0.011658
3387.35,0.011569
3387.83,0.011451
3388.32,0.011330
3388.80,0.011224
3389.28,0.011148
3389.76,0.011110
3390.24,0.011117
3390.73,0.011167
3391.21,0.011251
3391.69,0.011343
3392.17,0.011401
3392.66,0.011380
3393.14,0.011236
3393.62,0.010958
3394.10,0.010563
3394.58,0.010108
3395.07,0.009668
3395.55,0.009307
3396.03,0.009070
3396.51,0.008966
3396.99,0.008978
3397.48,0.009074
3397.96,0.009228
3398.44,0.009427
3398.92,0.009676
3399.41,0.009984
3399.89,0.010349
3400.37,0.010747
3400.85,0.011135
3401.33,0.011460
3401.82,0.011672
3402.30,0.011752
3402.78,0.011712
3403.26,0.011598
3403.74,0.011470
3404.23,0.011386
3404.71,0.011384
3405.19,0.011466
3405.67,0.011602
3406.15,0.011739
3406.64,0.011822
3407.12,0.011803
3407.60,0.011663
3408.08,0.011412
3408.57,0.011093
3409.05,0.010762
3409.53,0.010479
3410.01,0.010288
3410.49,0.010201
3410.97,0.010197
3411.46,0.010230
3411.94,0.010245
3412.42,0.010203
3412.90,0.010096
3413.39,0.009954
3413.87,0.009838
3414.35,0.009812
3414.83,0.009919
3415.31,0.010159
3415.80,0.010483
3416.28,0.010816
3416.76,0.011073
3417.24,0.011197
3417.72,0.011180
3418.21,0.011062
3418.69,0.010915
3419.17,0.010813
3419.65,0.010806
3420.14,0.010899
3420.62,0.011047
3421.10,0.011177
3421.58,0.011210
3422.06,0.011088
3422.55,0.010794
3423.03,0.010351
3423.51,0.009814
3423.99,0.009252
3424.47,0.008726
3424.96,0.008288
3425.44,0.007972
3425.92,0.007793
3426.40,0.007754
3426.89,0.007846
3427.37,0.008048
3427.85,0.008330
3428.33,0.008653
3428.81,0.008978
3429.30,0.009260
3429.78,0.009467
3430.26,0.009576
3430.74,0.009581
3431.22,0.009496
3431.71,0.009349
3432.19,0.009185
3432.67,0.009049
3433.15,0.008978
3433.64,0.008990
3434.12,0.009074
3434.60,0.009197
3435.08,0.009306
3435.56,0.009352
3436.05,0.009301
3436.53,0.009148
3437.01,0.008916
3437.49,0.008655
3437.97,0.008418
3438.46,0.008246
3438.94,0.008162
3439.42,0.008160
3439.90,0.008222
3440.39,0.008318
3440.87,0.008423
3441.35,0.008520
3441.83,0.008593
3442.31,0.008627
3442.80,0.008603
3443.28,0.008505
3443.76,0.008323
3444.24,0.008068
3444.72,0.007775
3445.21,0.007500
3445.69,0.007306
3446.17,0.007250
3446.65,0.007361
3447.13,0.007633
3447.62,0.008018
3448.10,0.008445
3448.58,0.008828
3449.06,0.009094
3449.55,0.009201
3450.03,0.009135
3450.51,0.008917
3450.99,0.008586
3451.47,0.008201
3451.95,0.007829
3452.44,0.007544
3452.92,0.007412
3453.40,0.007481
3453.88,0.007760
3454.37,0.008215
3454.85,0.008775
3455.33,0.009336
3455.81,0.009787
3456.29,0.010043
3456.78,0.010049
3457.26,0.009802
3457.74,0.009339
3458.22,0.008731
3458.70,0.008064
3459.19,0.007419
3459.67,0.006870
3460.15,0.006472
3460.63,0.006253
3461.11,0.006221
3461.60,0.006350
3462.08,0.006594
3462.56,0.006881
3463.04,0.007139
3463.53,0.007308
3464.01,0.007354
3464.49,0.007279
3464.97,0.007114
3465.45,0.006912
3465.94,0.006717
3466.42,0.006562
3466.90,0.006460
3467.38,0.006409
3467.86,0.006402
3468.35,0.006438
3468.83,0.006528
3469.31,0.006692
3469.79,0.006943
3470.28,0.007279
3470.76,0.007672
3471.24,0.008072
3471.72,0.008424
3472.20,0.008677
3472.69,0.008813
3473.17,0.008844
3473.65,0.008813
3474.13,0.008769
3474.61,0.008754
3475.10,0.008780
3475.58,0.008825
3476.06,0.008838
3476.54,0.008760
3477.03,0.008546
3477.51,0.008185
3477.99,0.007702
3478.47,0.007154
3478.95,0.006616
3479.44,0.006160
3479.92,0.005838
3480.40,0.005669
3480.88,0.005643
3481.36,0.005723
3481.85,0.005856
3482.33,0.005982
3482.81,0.006055
3483.29,0.006040
3483.78,0.005925
3484.26,0.005716
3484.74,0.005444
3485.22,0.005146
3485.70,0.004873
3486.19,0.004677
3486.67,0.004601
3487.15,0.004670
3487.63,0.004883
3488.11,0.005207
3488.60,0.005579
3489.08,0.005921
3489.56,0.006169
3490.04,0.006279
3490.53,0.006254
3491.01,0.006132
3491.49,0.005981
3491.97,0.005875
3492.45,0.005867
3492.93,0.005984
3493.42,0.006209
3493.90,0.006493
3494.38,0.006762
3494.86,0.006940
3495.35,0.006962
3495.83,0.006787
3496.31,0.006413
3496.79,0.005877
3497.27,0.005249
3497.76,0.004620
3498.24,0.004084
3498.72,0.003721
3499.20,0.003576
3499.68,0.003651
3500.17,0.003905
3500.65,0.004273
3501.13,0.004669
3501.61,0.005014
3502.09,0.005252
3502.58,0.005353
3503.06,0.005318
3503.54,0.005167
3504.02,0.004928
3504.51,0.004625
3504.99,0.004270
3505.47,0.003869
3505.95,0.003435
3506.43,0.002990
3506.92,0.002578
3507.40,0.002247
3507.88,0.002050
3508.36,0.002027
3508.84,0.002198
3509.33,0.002548
3509.81,0.003033
3510.29,0.003584
3510.77,0.004118
3511.26,0.004558
3511.74,0.004858
3512.22,0.005002
3512.70,0.005009
3513.18,0.004920
3513.67,0.004792
3514.15,0.004677
3514.63,0.004617
3515.11,0.004628
3515.59,0.004703
3516.08,0.004814
3516.56,0.004919
3517.04,0.004986
3517.52,0.004992
3518.01,0.004942
3518.49,0.004855
3518.97,0.004762
3519.45,0.004693
3519.93,0.004660
3520.42,0.004665
3520.90,0.004695
3521.38,0.004739
3521.86,0.004790
3522.34,0.004847
3522.83,0.004910
3523.31,0.004972
3523.79,0.005014
3524.27,0.005009
3524.76,0.004928
3525.24,0.004761
3525.72,0.004527
3526.20,0.004278
3526.68,0.004078
3527.17,0.003985
3527.65,0.004032
3528.13,0.004215
3528.61,0.004490
3529.09,0.004788
3529.58,0.005042
3530.06,0.005208
3530.54,0.005273
3531.02,0.005252
3531.51,0.005173
3531.99,0.005061
3532.47,0.004925
3532.95,0.004762
3533.43,0.004566
3533.91,0.004333
3534.40,0.004076
3534.88,0.003820
3535.36,0.003597
3535.84,0.003438
3536.33,0.003358
3536.81,0.003353
3537.29,0.003398
3537.77,0.003452
3538.25,0.003473
3538.74,0.003426
3539.22,0.003292
3539.70,0.003075
3540.18,0.002800
3540.66,0.002504
3541.15,0.002234
3541.63,0.002037
3542.11,0.001939
3542.59,0.001948
3543.07,0.002036
3543.56,0.002159
3544.04,0.002257
3544.52,0.002280
3545.00,0.002206
3545.49,0.002050
3545.97,0.001858
3546.45,0.001684
3546.93,0.001569
3547.41,0.001515
3547.90,0.001486
3548.38,0.001423
3548.86,0.001282
3549.34,0.001054
3549.82,0.000768
3550.31,0.000483
3550.79,0.000263
3551.27,0.000160
3551.75,0.000191
3552.24,0.000341
3552.72,0.000567
3553.20,0.000818
3553.68,0.001049
3554.16,0.001240
3554.65,0.001393
3555.13,0.001523
3555.61,0.001637
3556.09,0.001729
3556.57,0.001782
3557.06,0.001780
3557.54,0.001716
3558.02,0.001599
3558.50,0.001454
3558.99,0.001307
3559.47,0.001180
3559.95,0.001077
3560.43,0.000987
3560.91,0.000889
3561.40,0.000767
3561.88,0.000623
3562.36,0.000477
3562.84,0.000359
3563.32,0.000302
3563.81,0.000327
3564.29,0.000433
3564.77,0.000603
3565.25,0.000801
3565.74,0.000988
3566.22,0.001124
3566.70,0.001179
3567.18,0.001138
3567.66,0.001018
3568.15,0.000862
3568.63,0.000733
3569.11,0.000687
3569.59,0.000751
3570.07,0.000911
3570.56,0.001124
3571.04,0.001334
3571.52,0.001485
3572.00,0.001533
3572.49,0.001460
3572.97,0.001275
3573.45,0.001015
3573.93,0.000732
3574.41,0.000479
3574.89,0.000288
3575.38,0.000158
3575.86,0.000053
3576.34,-0.000086
3576.82,-0.000313
3577.31,-0.000662
3577.79,-0.001125
3578.27,-0.001656
3578.75,-0.002175
3579.23,-0.002594
3579.72,-0.002835
3580.20,-0.002849
3580.68,-0.002627
3581.16,-0.002206
3581.64,-0.001664
3582.13,-0.001093
3582.61,-0.000591
3583.09,-0.000239
3583.57,-0.000080
3584.05,-0.000115
3584.54,-0.000301
3585.02,-0.000569
3585.50,-0.000831
3585.98,-0.000999
3586.47,-0.001009
3586.95,-0.000831
3587.43,-0.000480
3587.91,-0.000020
3588.39,0.000442
3588.88,0.000794
3589.36,0.000969
3589.84,0.000955
3590.32,0.000790
3590.80,0.000530
3591.29,0.000227
3591.77,-0.000088
3592.25,-0.000394
3592.73,-0.000680
3593.22,-0.000942
3593.70,-0.001174
3594.18,-0.001373
3594.66,-0.001538
3595.14,-0.001662
3595.63,-0.001734
3596.11,-0.001741
3596.59,-0.001668
3597.07,-0.001510
3597.55,-0.001280
3598.04,-0.001013
3598.52,-0.000760
3599.00,-0.000577
3599.48,-0.000511
3599.97,-0.000588
3600.45,-0.000799
3600.93,-0.001107
3601.41,-0.001457
3601.89,-0.001796
3602.38,-0.002086
3602.86,-0.002322
3603.34,-0.002517
3603.82,-0.002698
3604.30,-0.002881
3604.79,-0.003071
3605.27,-0.003257
3605.75,-0.003421
3606.23,-0.003544
3606.72,-0.003616
3607.20,-0.003636
3607.68,-0.003613
3608.16,-0.003563
3608.64,-0.003505
3609.12,-0.003461
3609.61,-0.003454
3610.09,-0.003506
3610.57,-0.003630
3611.05,-0.003825
3611.54,-0.004070
3612.02,-0.004324
3612.50,-0.004531
3612.98,-0.004630
3613.46,-0.004570
3613.95,-0.004338
3614.43,-0.003976
3614.91,-0.003577
3615.39,-0.003248
3615.88,-0.003080
3616.36,-0.003117
3616.84,-0.003351
3617.32,-0.003739
3617.80,-0.004210
3618.29,-0.004692
3618.77,-0.005101
3619.25,-0.005362
3619.73,-0.005424
3620.21,-0.005276
3620.70,-0.004959
3621.18,-0.004551
3621.66,-0.004150
3622.14,-0.003835
3622.62,-0.003648
3623.11,-0.003602
3623.59,-0.003685
3624.07,-0.003865
3624.55,-0.004108
3625.03,-0.004379
3625.52,-0.004649
3626.00,-0.004897
3626.48,-0.005110
3626.96,-0.005279
3627.45,-0.005392
3627.93,-0.005437
3628.41,-0.005393
3628.89,-0.005253
3629.37,-0.005033
3629.86,-0.004798
3630.34,-0.004636
3630.82,-0.004606
3631.30,-0.004694
3631.78,-0.004835
3632.27,-0.004954
3632.75,-0.004995
3633.23,-0.004938
3633.71,-0.004793
3634.20,-0.004606
3634.68,-0.004443
3635.16,-0.004374
3635.64,-0.004448
3636.12,-0.004674
3636.61,-0.005018
3637.09,-0.005420
3637.57,-0.005815
3638.05,-0.006146
3638.53,-0.006374
3639.02,-0.006484
3639.50,-0.006479
3639.98,-0.006382
3640.46,-0.006227
3640.95,-0.006051
3641.43,-0.005886
3641.91,-0.005754
3642.39,-0.005662
3642.87,-0.005601
3643.36,-0.005553
3643.84,-0.005490
3644.32,-0.005393
3644.80,-0.005256
3645.28,-0.005091
3645.77,-0.004931
3646.25,-0.004820
3646.73,-0.004813
3647.21,-0.004961
3647.70,-0.005299
3648.18,-0.005824
3648.66,-0.006483
3649.14,-0.007164
3649.62,-0.007727
3650.11,-0.008053
3650.59,-0.008094
3651.07,-0.007898
3651.55,-0.007578
3652.03,-0.007265
3652.52,-0.007048
3653.00,-0.006952
3653.48,-0.006954
3653.96,-0.007002
3654.44,-0.007038
3654.93,-0.007001
3655.41,-0.006847
3655.89,-0.006551
3656.37,-0.006137
3656.86,-0.005680
3657.34,-0.005305
3657.82,-0.005138
3658.30,-0.005239
3658.78,-0.005583
3659.27,-0.006077
3659.75,-0.006612
3660.23,-0.007091
3660.71,-0.007449
3661.19,-0.007656
3661.68,-0.007713
3662.16,-0.007640
3662.64,-0.007466
3663.12,-0.007227
3663.60,-0.006958
3664.09,-0.006696
3664.57,-0.006487
3665.05,-0.006384
3665.53,-0.006433
3666.01,-0.006668
3666.50,-0.007090
3666.98,-0.007663
3667.46,-0.008311
3667.94,-0.008932
3668.43,-0.009404
3668.91,-0.009602
3669.39,-0.009424
3669.87,-0.008816
3670.35,-0.007827
3670.84,-0.006624
3671.32,-0.005479
3671.80,-0.004645
3672.28,-0.004238
3672.76,-0.004221
3673.25,-0.004474
3673.73,-0.004876
3674.21,-0.005324
3674.69,-0.005747
3675.18,-0.006092
3675.66,-0.006311
3676.14,-0.006375
3676.62,-0.006297
3677.10,-0.006156
3677.59,-0.006052
3678.07,-0.006054
3678.55,-0.006187
3679.03,-0.006444
3679.51,-0.006803
3680.00,-0.007237
3680.48,-0.007710
3680.96,-0.008171
3681.44,-0.008565
3681.93,-0.008847
3682.41,-0.008990
3682.89,-0.008991
3683.37,-0.008872
3683.85,-0.008671
3684.34,-0.008435
3684.82,-0.008210
3685.30,-0.008033
3685.78,-0.007923
3686.26,-0.007885
3686.75,-0.007911
3687.23,-0.007991
3687.71,-0.008117
3688.19,-0.008278
3688.68,-0.008463
3689.16,-0.008641
3689.64,-0.008759
3690.12,-0.008757
3690.60,-0.008600
3691.09,-0.008306
3691.57,-0.007947
3692.05,-0.007622
3692.53,-0.007422
3693.01,-0.007387
3693.50,-0.007509
3693.98,-0.007732
3694.46,-0.007982
3694.94,-0.008187
3695.42,-0.008302
3695.91,-0.008313
3696.39,-0.008243
3696.87,-0.008139
3697.35,-0.008054
3697.84,-0.008031
3698.32,-0.008082
3698.80,-0.008185
3699.28,-0.008299
3699.76,-0.008373
3700.24,-0.008369
3700.73,-0.008269
3701.21,-0.008079
3701.69,-0.007833
3702.17,-0.007589
3702.66,-0.007407
3703.14,-0.007332
3703.62,-0.007379
3704.10,-0.007522
3704.58,-0.007714
3705.07,-0.007898
3705.55,-0.008033
3706.03,-0.008094
3706.51,-0.008079
3706.99,-0.008008
3707.48,-0.007918
3707.96,-0.007852
3708.44,-0.007846
3708.92,-0.007922
3709.41,-0.008070
3709.89,-0.008250
3710.37,-0.008392
3710.85,-0.008425
3711.33,-0.008289
3711.82,-0.007972
3712.30,-0.007524
3712.78,-0.007044
3713.26,-0.006646
3713.74,-0.006401
3714.23,-0.006327
3714.71,-0.006391
3715.19,-0.006540
3715.67,-0.006720
3716.16,-0.006891
3716.64,-0.007026
3717.12,-0.007105
3717.60,-0.007113
3718.08,-0.007043
3718.57,-0.006893
3719.05,-0.006670
3719.53,-0.006395
3720.01,-0.006097
3720.49,-0.005805
3720.98,-0.005546
3721.46,-0.005336
3721.94,-0.005186
3722.42,-0.005100
3722.91,-0.005086
3723.39,-0.005155
3723.87,-0.005323
3724.35,-0.005605
3724.83,-0.006007
3725.32,-0.006522
3725.80,-0.007128
3726.28,-0.007779
3726.76,-0.008410
3727.24,-0.008941
3727.73,-0.009306
3728.21,-0.009463
3728.69,-0.009424
3729.17,-0.009239
3729.66,-0.008987
3730.14,-0.008742
3730.62,-0.008565
3731.10,-0.008495
3731.58,-0.008541
3732.07,-0.008675
3732.55,-0.008829
3733.03,-0.008911
3733.51,-0.008820
3733.99,-0.008497
3734.48,-0.007942
3734.96,-0.007237
3735.44,-0.006523
3735.92,-0.005959
3736.40,-0.005683
3736.89,-0.005737
3737.37,-0.006045
3737.85,-0.006444
3738.33,-0.006771
3738.82,-0.006937
3739.30,-0.006928
3739.78,-0.006791
3740.26,-0.006601
3740.74,-0.006440
3741.22,-0.006367
3741.71,-0.006415
3742.19,-0.006575
3742.67,-0.006809
3743.15,-0.007056
3743.64,-0.007245
3744.12,-0.007313
3744.60,-0.007227
3745.08,-0.007010
3745.56,-0.006758
3746.05,-0.006609
3746.53,-0.006648
3747.01,-0.006862
3747.49,-0.007171
3747.97,-0.007486
3748.46,-0.007746
3748.94,-0.007911
3749.42,-0.007970
3749.90,-0.007934
3750.39,-0.007847
3750.87,-0.007772
3751.35,-0.007776
3751.83,-0.007904
3752.31,-0.008155
3752.80,-0.008486
3753.28,-0.008832
3753.76,-0.009141
3754.24,-0.009376
3754.72,-0.009523
3755.21,-0.009576
3755.69,-0.009536
3756.17,-0.009401
3756.65,-0.009177
3757.14,-0.008878
3757.62,-0.008535
3758.10,-0.008196
3758.58,-0.007919
3759.06,-0.007758
3759.55,-0.007739
3760.03,-0.007850
3760.51,-0.008042
3760.99,-0.008245
3761.47,-0.008393
3761.96,-0.008454
3762.44,-0.008432
3762.92,-0.008359
3763.40,-0.008281
3763.89,-0.008237
3764.37,-0.008258
3764.85,-0.008354
3765.33,-0.008522
3765.81,-0.008737
3766.30,-0.008963
3766.78,-0.009156
3767.26,-0.009280
3767.74,-0.009315
3768.22,-0.009252
3768.71,-0.009088
3769.19,-0.008820
3769.67,-0.008450
3770.15,-0.007993
3770.64,-0.007490
3771.12,-0.007008
3771.60,-0.006618
3772.08,-0.006365
3772.56,-0.006253
3773.05,-0.006248
3773.53,-0.006296
3774.01,-0.006345
3774.49,-0.006368
3774.97,-0.006363
3775.46,-0.006357
3775.94,-0.006386
3776.42,-0.006482
3776.90,-0.006652
3777.38,-0.006868
3777.87,-0.007068
3778.35,-0.007178
3778.83,-0.007138
3779.31,-0.006931
3779.80,-0.006608
3780.28,-0.006280
3780.76,-0.006091
3781.24,-0.006145
3781.72,-0.006459
3782.20,-0.006958
3782.69,-0.007523
3783.17,-0.008036
3783.65,-0.008408
3784.13,-0.008601
3784.62,-0.008617
3785.10,-0.008497
3785.58,-0.008298
3786.06,-0.008079
3786.54,-0.007883
3787.03,-0.007728
3787.51,-0.007615
3787.99,-0.007542
3788.47,-0.007504
3788.95,-0.007503
3789.44,-0.007537
3789.92,-0.007598
3790.40,-0.007669
3790.88,-0.007729
3791.36,-0.007763
3791.85,-0.007765
3792.33,-0.007748
3792.81,-0.007730
3793.29,-0.007730
3793.78,-0.007752
3794.26,-0.007786
3794.74,-0.007803
3795.22,-0.007773
3795.70,-0.007674
3796.19,-0.007503
3796.67,-0.007287
3797.15,-0.007081
3797.63,-0.006957
3798.11,-0.006966
3798.60,-0.007128
3799.08,-0.007420
3799.56,-0.007794
3800.04,-0.008190
3800.53,-0.008547
3801.01,-0.008811
3801.49,-0.008928
3801.97,-0.008873
3802.45,-0.008668
3802.94,-0.008406
3803.42,-0.008211
3803.90,-0.008169
3804.38,-0.008295
3804.86,-0.008541
3805.35,-0.008827
3805.83,-0.009066
3806.31,-0.009178
3806.79,-0.009098
3807.28,-0.008798
3807.76,-0.008308
3808.24,-0.007721
3808.72,-0.007168
3809.20,-0.006740
3809.69,-0.006465
3810.17,-0.006311
3810.65,-0.006232
3811.13,-0.006193
3811.61,-0.006188
3812.10,-0.006231
3812.58,-0.006343
3813.06,-0.006534
3813.54,-0.006786
3814.03,-0.007053
3814.51,-0.007271
3814.99,-0.007375
3815.47,-0.007319
3815.95,-0.007103
3816.44,-0.006793
3816.92,-0.006519
3817.40,-0.006420
3817.88,-0.006568
3818.36,-0.006929
3818.85,-0.007391
3819.33,-0.007823
3819.81,-0.008110
3820.29,-0.008181
3820.78,-0.008007
3821.26,-0.007622
3821.74,-0.007142
3822.22,-0.006761
3822.70,-0.006660
3823.18,-0.006899
3823.67,-0.007390
3824.15,-0.007970
3824.63,-0.008492
3825.11,-0.008853
3825.60,-0.009006
3826.08,-0.008950
3826.56,-0.008725
3827.04,-0.008406
3827.52,-0.008098
3828.01,-0.007901
3828.49,-0.007868
3828.97,-0.007991
3829.45,-0.008202
3829.93,-0.008410
3830.42,-0.008529
3830.90,-0.008500
3831.38,-0.008310
3831.86,-0.007993
3832.34,-0.007633
3832.83,-0.007328
3833.31,-0.007168
3833.79,-0.007196
3834.27,-0.007390
3834.76,-0.007677
3835.24,-0.007962
3835.72,-0.008156
3836.20,-0.008191
3836.68,-0.008044
3837.17,-0.007738
3837.65,-0.007338
3838.13,-0.006932
3838.61,-0.006604
3839.09,-0.006410
3839.58,-0.006351
3840.06,-0.006375
3840.54,-0.006405
3841.02,-0.006381
3841.51,-0.006274
3841.99,-0.006098
3842.47,-0.005894
3842.95,-0.005719
3843.43,-0.005631
3843.92,-0.005669
3844.40,-0.005859
3844.88,-0.006191
3845.36,-0.006630
3845.84,-0.007113
3846.33,-0.007575
3846.81,-0.007960
3847.29,-0.008229
3847.77,-0.008373
3848.26,-0.008407
3848.74,-0.008369
3849.22,-0.008309
3849.70,-0.008279
3850.18,-0.008331
3850.67,-0.008492
3851.15,-0.008770
3851.63,-0.009142
3852.11,-0.009572
3852.59,-0.009999
3853.08,-0.010347
3853.56,-0.010528
3854.04,-0.010460
3854.52,-0.010122
3855.01,-0.009597
3855.49,-0.009041
3855.97,-0.008593
3856.45,-0.008314
3856.93,-0.008210
3857.42,-0.008257
3857.90,-0.008416
3858.38,-0.008641
3858.86,-0.008877
3859.34,-0.009075
3859.83,-0.009192
3860.31,-0.009212
3860.79,-0.009144
3861.27,-0.009022
3861.76,-0.008889
3862.24,-0.008786
3862.72,-0.008728
3863.20,-0.008701
3863.68,-0.008659
3864.16,-0.008546
3864.65,-0.008327
3865.13,-0.008007
3865.61,-0.007640
3866.09,-0.007307
3866.58,-0.007080
3867.06,-0.006984
3867.54,-0.007000
3868.02,-0.007078
3868.50,-0.007173
3868.99,-0.007257
3869.47,-0.007326
3869.95,-0.007393
3870.43,-0.007478
3870.91,-0.007582
3871.40,-0.007681
3871.88,-0.007729
3872.36,-0.007693
3872.84,-0.007569
3873.32,-0.007383
3873.81,-0.007183
3874.29,-0.007019
3874.77,-0.006936
3875.25,-0.006963
3875.74,-0.007094
3876.22,-0.007297
3876.70,-0.007528
3877.18,-0.007754
3877.66,-0.007958
3878.15,-0.008137
3878.63,-0.008295
3879.11,-0.008432
3879.59,-0.008543
3880.07,-0.008620
3880.56,-0.008656
3881.04,-0.008661
3881.52,-0.008657
3882.00,-0.008678
3882.49,-0.008751
3882.97,-0.008887
3883.45,-0.009075
3883.93,-0.009295
3884.41,-0.009525
3884.90,-0.009737
3885.38,-0.009904
3885.86,-0.009987
3886.34,-0.009950
3886.82,-0.009772
3887.31,-0.009468
3887.79,-0.009092
3888.27,-0.008714
3888.75,-0.008393
3889.24,-0.008163
3889.72,-0.008030
3890.20,-0.007981
3890.68,-0.007990
3891.16,-0.008023
3891.65,-0.008042
3892.13,-0.008026
3892.61,-0.007974
3893.09,-0.007906
3893.57,-0.007851
3894.06,-0.007830
3894.54,-0.007845
3895.02,-0.007887
3895.50,-0.007945
3895.99,-0.008021
3896.47,-0.008123
3896.95,-0.008271
3897.43,-0.008475
3897.91,-0.008732
3898.40,-0.009014
3898.88,-0.009264
3899.36,-0.009414
3899.84,-0.009402
3900.32,-0.009199
3900.81,-0.008830
3901.29,-0.008371
3901.77,-0.007910
3902.25,-0.007513
3902.73,-0.007196
3903.22,-0.006926
3903.70,-0.006639
3904.18,-0.006279
3904.66,-0.005829
3905.14,-0.005329
3905.63,-0.004867
3906.11,-0.004538
3906.59,-0.004415
3907.07,-0.004521
3907.56,-0.004829
3908.04,-0.005286
3908.52,-0.005826
3909.00,-0.006386
3909.48,-0.006904
3909.97,-0.007328
3910.45,-0.007623
3910.93,-0.007768
3911.41,-0.007767
3911.89,-0.007650
3912.38,-0.007469
3912.86,-0.007283
3913.34,-0.007147
3913.82,-0.007100
3914.30,-0.007152
3914.79,-0.007290
3915.27,-0.007485
3915.75,-0.007708
3916.23,-0.007932
3916.72,-0.008147
3917.20,-0.008351
3917.68,-0.008548
3918.16,-0.008741
3918.64,-0.008924
3919.13,-0.009079
3919.61,-0.009181
3920.09,-0.009207
3920.57,-0.009146
3921.05,-0.008998
3921.54,-0.008780
3922.02,-0.008519
3922.50,-0.008240
3922.98,-0.007963
3923.47,-0.007693
3923.95,-0.007424
3924.43,-0.007139
3924.91,-0.006825
3925.39,-0.006488
3925.88,-0.006157
3926.36,-0.005889
3926.84,-0.005743
3927.32,-0.005764
3927.80,-0.005959
3928.29,-0.006295
3928.77,-0.006701
3929.25,-0.007081
3929.73,-0.007346
3930.22,-0.007418
3930.70,-0.007265
3931.18,-0.006911
3931.66,-0.006433
3932.14,-0.005938
3932.63,-0.005532
3933.11,-0.005294
3933.59,-0.005245
3934.07,-0.005358
3934.55,-0.005570
3935.04,-0.005821
3935.52,-0.006066
3936.00,-0.006289
3936.48,-0.006494
3936.97,-0.006694
3937.45,-0.006903
3937.93,-0.007124
3938.41,-0.007355
3938.89,-0.007585
3939.38,-0.007801
3939.86,-0.007992
3940.34,-0.008148
3940.82,-0.008262
3941.30,-0.008328
3941.79,-0.008347
3942.27,-0.008322
3942.75,-0.008269
3943.23,-0.008206
3943.71,-0.008151
3944.20,-0.008111
3944.68,-0.008077
3945.16,-0.008027
3945.64,-0.007935
3946.12,-0.007778
3946.61,-0.007552
3947.09,-0.007264
3947.57,-0.006937
3948.05,-0.006600
3948.54,-0.006283
3949.02,-0.006011
3949.50,-0.005803
3949.98,-0.005669
3950.46,-0.005616
3950.95,-0.005646
3951.43,-0.005759
3951.91,-0.005945
3952.39,-0.006183
3952.88,-0.006445
3953.36,-0.006702
3953.84,-0.006928
3954.32,-0.007110
3954.80,-0.007251
3955.28,-0.007362
3955.77,-0.007455
3956.25,-0.007537
3956.73,-0.007600
3957.21,-0.007632
3957.70,-0.007620
3958.18,-0.007559
3958.66,-0.007461
3959.14,-0.007349
3959.62,-0.007244
3960.11,-0.007161
3960.59,-0.007098
3961.07,-0.007040
3961.55,-0.006967
3962.03,-0.006871
3962.52,-0.006763
3963.00,-0.006670
3963.48,-0.006628
3963.96,-0.006662
3964.45,-0.006772
3964.93,-0.006928
3965.41,-0.007087
3965.89,-0.007207
3966.37,-0.007267
3966.86,-0.007274
3967.34,-0.007264
3967.82,-0.007282
3968.30,-0.007363
3968.78,-0.007518
3969.27,-0.007724
3969.75,-0.007941
3970.23,-0.008127
3970.71,-0.008256
3971.20,-0.008333
3971.68,-0.008384
3972.16,-0.008442
3972.64,-0.008530
3973.12,-0.008639
3973.61,-0.008734
3974.09,-0.008768
3974.57,-0.008695
3975.05,-0.008496
3975.53,-0.008193
3976.02,-0.007840
3976.50,-0.007508
3976.98,-0.007258
3977.46,-0.007128
3977.95,-0.007119
3978.43,-0.007199
3978.91,-0.007320
3979.39,-0.007437
3979.87,-0.007519
3980.36,-0.007555
3980.84,-0.007554
3981.32,-0.007531
3981.80,-0.007505
3982.28,-0.007490
3982.77,-0.007486
3983.25,-0.007489
3983.73,-0.007488
3984.21,-0.007469
3984.69,-0.007421
3985.18,-0.007338
3985.66,-0.007222
3986.14,-0.007083
3986.62,-0.006941
3987.11,-0.006818
3987.59,-0.006735
3988.07,-0.006697
3988.55,-0.006693
3989.03,-0.006691
3989.51,-0.006651
3990.00,-0.006530
3990.48,-0.006313
3990.96,-0.006015
3991.44,-0.005690
3991.93,-0.005415
3992.41,-0.005272
3992.89,-0.005318
3993.37,-0.005565
3993.85,-0.005970
3994.34,-0.006453
3994.82,-0.006915
3995.30,-0.007264
3995.78,-0.007446
3996.26,-0.007452
3996.75,-0.007320
3997.23,-0.007112
3997.71,-0.006898
3998.19,-0.006729
3998.68,-0.006629
3999.16,-0.006595
3999.64,-0.006605
4000.12,-0.006631
