波数(cm-1),吸光度
399.67,0.000000
400.16,0.105004
400.64,0.095192
401.12,0.090111
401.60,0.090152
402.09,0.094453
402.57,0.101503
403.05,0.109614
403.53,0.117289
404.01,0.123203
404.50,0.126558
404.98,0.127173
405.46,0.125411
405.94,0.121924
406.42,0.117375
406.91,0.112357
407.39,0.107440
407.87,0.103335
408.35,0.100897
408.83,0.100826
409.32,0.103512
409.80,0.108840
410.28,0.116204
410.76,0.124514
411.25,0.132470
411.73,0.139121
412.21,0.144333
412.69,0.148969
413.17,0.154239
413.66,0.160961
414.14,0.168868
414.62,0.176654
415.10,0.182208
415.58,0.183450
416.07,0.179040
416.55,0.168925
417.03,0.154526
417.51,0.138631
418.00,0.125296
418.48,0.118583
418.96,0.120674
419.44,0.129480
419.92,0.139796
420.41,0.147015
420.89,0.149820
421.37,0.149454
421.85,0.148036
422.33,0.147582
422.82,0.149460
423.30,0.154301
423.78,0.161702
424.26,0.170439
424.74,0.178823
425.23,0.185334
425.71,0.188907
426.19,0.188830
426.67,0.184875
427.16,0.177382
427.64,0.167407
428.12,0.156555
428.60,0.146683
429.08,0.139554
429.57,0.136333
430.05,0.137543
430.53,0.142891
431.01,0.151353
431.49,0.161346
431.98,0.171234
432.46,0.179938
432.94,0.187051
433.42,0.192768
433.90,0.197508
434.39,0.201600
434.87,0.205072
435.35,0.207669
435.83,0.209014
436.32,0.208844
436.80,0.207159
437.28,0.204247
437.76,0.200607
438.24,0.196841
438.73,0.193598
439.21,0.191424
439.69,0.190716
440.17,0.191663
440.65,0.194186
441.14,0.197891
441.62,0.202023
442.10,0.205592
442.58,0.207496
443.07,0.206913
443.55,0.203635
444.03,0.198083
444.51,0.191120
444.99,0.183714
445.48,0.176895
445.96,0.171630
446.44,0.168745
446.92,0.168901
447.40,0.172334
447.89,0.178780
448.37,0.187415
448.85,0.197017
449.33,0.206152
449.81,0.213388
450.30,0.217791
450.78,0.219144
451.26,0.218072
451.74,0.215726
452.23,0.213433
452.71,0.212172
453.19,0.212225
453.67,0.213201
454.15,0.214303
454.64,0.214820
455.12,0.214400
455.60,0.213195
456.08,0.211713
456.56,0.210667
457.05,0.210683
457.53,0.212046
458.01,0.214506
458.49,0.217317
458.98,0.219554
459.46,0.220452
459.94,0.219684
460.42,0.217327
460.90,0.213831
461.39,0.209940
461.87,0.206644
462.35,0.204990
462.83,0.205677
463.31,0.208828
463.80,0.213791
464.28,0.219338
464.76,0.223833
465.24,0.225749
465.72,0.224244
466.21,0.219442
466.69,0.212552
467.17,0.205362
467.65,0.199770
468.14,0.197006
468.62,0.197348
469.10,0.200187
469.58,0.204389
470.06,0.208759
470.55,0.212311
471.03,0.214536
471.51,0.215327
471.99,0.214868
472.47,0.213486
472.96,0.211568
473.44,0.209491
473.92,0.207548
474.40,0.205956
474.88,0.204835
475.37,0.204207
475.85,0.204025
476.33,0.204196
476.81,0.204636
477.30,0.205312
477.78,0.206265
478.26,0.207579
478.74,0.209310
479.22,0.211382
479.71,0.213562
480.19,0.215467
480.67,0.216714
481.15,0.217078
481.63,0.216628
482.12,0.215761
482.60,0.215105
483.08,0.215352
483.56,0.216994
484.05,0.220212
484.53,0.224788
485.01,0.230199
485.49,0.235736
485.97,0.240711
486.46,0.244635
486.94,0.247186
487.42,0.248232
487.90,0.247805
488.38,0.246122
488.87,0.243596
489.35,0.240761
489.83,0.238199
490.31,0.236333
490.79,0.235322
491.28,0.235059
491.76,0.235265
492.24,0.235670
492.72,0.236205
493.21,0.237103
493.69,0.238858
494.17,0.242027
494.65,0.246932
495.13,0.253475
495.62,0.261013
496.10,0.268511
496.58,0.274687
497.06,0.278437
497.54,0.279214
498.03,0.277088
498.51,0.272688
498.99,0.266886
499.47,0.260688
499.95,0.255019
500.44,0.250640
500.92,0.248173
501.40,0.247932
501.88,0.249858
502.37,0.253460
502.85,0.257953
503.33,0.262466
503.81,0.266278
504.29,0.269039
504.78,0.270720
505.26,0.271496
505.74,0.271548
506.22,0.270957
506.70,0.269689
507.19,0.267701
507.67,0.265105
508.15,0.262269
508.63,0.259727
509.12,0.258055
509.60,0.257640
510.08,0.258576
510.56,0.260688
511.04,0.263627
511.53,0.267043
512.01,0.270710
512.49,0.274622
512.97,0.278925
513.45,0.283753
513.94,0.289052
514.42,0.294486
514.90,0.299463
515.38,0.303377
515.86,0.305816
516.35,0.306816
516.83,0.306852
517.31,0.306674
517.79,0.306948
518.28,0.307947
518.76,0.309540
519.24,0.311321
519.72,0.312893
520.20,0.314019
520.69,0.314689
521.17,0.314994
521.65,0.314994
522.13,0.314632
522.61,0.313804
523.10,0.312490
523.58,0.310907
524.06,0.309539
524.54,0.309069
525.03,0.310076
525.51,0.312806
525.99,0.316967
526.47,0.321832
526.95,0.326489
527.44,0.330281
527.92,0.333099
528.40,0.335311
528.88,0.337460
529.36,0.339869
529.85,0.342440
530.33,0.344639
530.81,0.345787
531.29,0.345392
531.77,0.343540
532.26,0.340927
532.74,0.338700
533.22,0.337975
533.70,0.339458
534.19,0.343266
534.67,0.348902
535.15,0.355463
535.63,0.361902
536.11,0.367416
536.60,0.371535
537.08,0.374125
537.56,0.375279
538.04,0.375214
538.52,0.374256
539.01,0.372817
539.49,0.371448
539.97,0.370749
540.45,0.371195
540.93,0.373058
541.42,0.376294
541.90,0.380608
542.38,0.385575
542.86,0.390878
543.35,0.396443
543.83,0.402428
544.31,0.409060
544.79,0.416385
545.27,0.424046
545.76,0.431295
546.24,0.437182
546.72,0.440928
547.20,0.442359
547.68,0.442017
548.17,0.440996
548.65,0.440422
549.13,0.441149
549.61,0.443456
550.10,0.447058
550.58,0.451285
551.06,0.455403
551.54,0.458926
552.02,0.461695
552.51,0.463866
552.99,0.465734
553.47,0.467605
553.95,0.469675
554.43,0.472021
554.92,0.474644
555.40,0.477492
555.88,0.480478
556.36,0.483456
556.84,0.486227
557.33,0.488566
557.81,0.490285
558.29,0.491307
558.77,0.491677
559.26,0.491500
559.74,0.490829
560.22,0.489586
560.70,0.487547
561.18,0.484457
561.67,0.480142
562.15,0.474649
562.63,0.468249
563.11,0.461396
563.59,0.454560
564.08,0.448100
564.56,0.442244
565.04,0.437069
565.52,0.432568
566.00,0.428707
566.49,0.425429
566.97,0.422620
567.45,0.420059
567.93,0.417434
568.42,0.414390
568.90,0.410648
569.38,0.406155
569.86,0.401119
570.34,0.395947
570.83,0.391048
571.31,0.386698
571.79,0.382910
572.27,0.379469
572.75,0.376026
573.24,0.372280
573.72,0.368113
574.20,0.363625
574.68,0.359089
575.17,0.354820
575.65,0.351074
576.13,0.347955
576.61,0.345410
577.09,0.343278
577.58,0.341380
578.06,0.339568
578.54,0.337726
579.02,0.335771
579.50,0.333622
579.99,0.331217
580.47,0.328547
580.95,0.325693
581.43,0.322827
581.91,0.320145
582.40,0.317800
582.88,0.315830
583.36,0.314144
583.84,0.312562
584.33,0.310907
584.81,0.309097
585.29,0.307185
585.77,0.305327
586.25,0.303697
586.74,0.302389
587.22,0.301362
587.70,0.300474
588.18,0.299561
588.66,0.298556
589.15,0.297557
589.63,0.296821
590.11,0.296661
590.59,0.297337
591.08,0.298938
591.56,0.301333
592.04,0.304205
592.52,0.307170
593.00,0.309948
593.49,0.312417
593.97,0.314614
594.45,0.316636
594.93,0.318543
595.41,0.320296
595.90,0.321791
596.38,0.322924
596.86,0.323685
597.34,0.324183
597.82,0.324610
598.31,0.325122
598.79,0.325740
599.27,0.326302
599.75,0.326524
600.24,0.326103
600.72,0.324861
601.20,0.322832
601.68,0.320235
602.16,0.317371
602.65,0.314480
603.13,0.311680
603.61,0.308943
604.09,0.306156
604.57,0.303173
605.06,0.299874
605.54,0.296177
606.02,0.292005
606.50,0.287281
606.98,0.281933
607.47,0.275947
607.95,0.269424
608.43,0.262599
608.91,0.255827
609.40,0.249448
609.88,0.243693
610.36,0.238592
610.84,0.233975
611.32,0.229537
611.81,0.224962
612.29,0.220078
612.77,0.214913
613.25,0.209706
613.73,0.204783
614.22,0.200465
614.70,0.196939
615.18,0.194189
615.66,0.192023
616.15,0.190138
616.63,0.188250
617.11,0.186165
617.59,0.183849
618.07,0.181411
618.56,0.179041
619.04,0.176906
619.52,0.175080
620.00,0.173504
620.48,0.172009
620.97,0.170367
621.45,0.168369
621.93,0.165919
622.41,0.163063
622.89,0.160004
623.38,0.157021
623.86,0.154419
624.34,0.152423
624.82,0.151105
625.31,0.150378
625.79,0.150025
626.27,0.149790
626.75,0.149441
627.23,0.148846
627.72,0.147994
628.20,0.146957
628.68,0.145837
629.16,0.144709
629.64,0.143596
630.13,0.142478
630.61,0.141323
631.09,0.140131
631.57,0.138956
632.05,0.137900
632.54,0.137084
633.02,0.136595
633.50,0.136458
633.98,0.136622
634.47,0.136985
634.95,0.137415
635.43,0.137794
635.91,0.138044
636.39,0.138122
636.88,0.138018
637.36,0.137736
637.84,0.137293
638.32,0.136728
638.80,0.136107
639.29,0.135532
639.77,0.135116
640.25,0.134955
640.73,0.135096
641.22,0.135508
641.70,0.136100
642.18,0.136737
642.66,0.137301
643.14,0.137721
643.63,0.137997
644.11,0.138187
644.59,0.138378
645.07,0.138651
645.55,0.139042
646.04,0.139538
646.52,0.140085
647.00,0.140602
647.48,0.141003
647.96,0.141209
648.45,0.141166
648.93,0.140851
649.41,0.140292
649.89,0.139568
650.38,0.138817
650.86,0.138210
651.34,0.137904
651.82,0.138013
652.30,0.138558
652.79,0.139469
653.27,0.140595
653.75,0.141773
654.23,0.142862
654.71,0.143790
655.20,0.144554
655.68,0.145194
656.16,0.145749
656.64,0.146220
657.13,0.146567
657.61,0.146738
658.09,0.146710
658.57,0.146533
659.05,0.146327
659.54,0.146247
660.02,0.146426
660.50,0.146903
660.98,0.147602
661.46,0.148338
661.95,0.148887
662.43,0.149066
662.91,0.148785
663.39,0.148087
663.87,0.147108
664.36,0.146028
664.84,0.144980
665.32,0.144027
665.80,0.143156
666.29,0.142303
666.77,0.141396
667.25,0.140414
667.73,0.139443
668.21,0.138688
668.70,0.138362
669.18,0.138518
669.66,0.139029
670.14,0.139715
670.62,0.140463
671.11,0.141239
671.59,0.142062
672.07,0.142965
672.55,0.143951
673.03,0.144978
673.52,0.145957
674.00,0.146766
674.48,0.147306
674.96,0.147525
675.45,0.147439
675.93,0.147121
676.41,0.146679
676.89,0.146231
677.37,0.145861
677.86,0.145610
678.34,0.145460
678.82,0.145352
679.30,0.145197
679.78,0.144906
680.27,0.144422
680.75,0.143735
681.23,0.142900
681.71,0.142023
682.20,0.141254
682.68,0.140740
683.16,0.140595
683.64,0.140874
684.12,0.141550
684.61,0.142511
685.09,0.143579
685.57,0.144567
686.05,0.145316
686.53,0.145738
687.02,0.145833
687.50,0.145685
687.98,0.145430
688.46,0.145206
688.94,0.145116
689.43,0.145188
689.91,0.145377
690.39,0.145569
690.87,0.145630
691.36,0.145448
691.84,0.144954
692.32,0.144146
692.80,0.143080
693.28,0.141858
693.77,0.140594
694.25,0.139394
694.73,0.138354
695.21,0.137546
695.69,0.137025
696.18,0.136823
696.66,0.136938
697.14,0.137328
697.62,0.137905
698.11,0.138558
698.59,0.139166
699.07,0.139629
699.55,0.139902
700.03,0.139992
700.52,0.139951
701.00,0.139848
701.48,0.139743
701.96,0.139661
702.44,0.139591
702.93,0.139503
703.41,0.139374
703.89,0.139200
704.37,0.139006
704.85,0.138823
705.34,0.138669
705.82,0.138523
706.30,0.138335
706.78,0.138036
707.27,0.137576
707.75,0.136956
708.23,0.136235
708.71,0.135518
709.19,0.134913
709.68,0.134498
710.16,0.134297
710.64,0.134273
711.12,0.134352
711.60,0.134457
712.09,0.134538
712.57,0.134583
713.05,0.134610
713.53,0.134638
714.01,0.134675
714.50,0.134701
714.98,0.134680
715.46,0.134580
715.94,0.134396
716.43,0.134150
716.91,0.133891
717.39,0.133665
717.87,0.133502
718.35,0.133403
718.84,0.133346
719.32,0.133302
719.80,0.133251
720.28,0.133191
720.76,0.133128
721.25,0.133063
721.73,0.132982
722.21,0.132854
722.69,0.132646
723.17,0.132351
723.66,0.132003
724.14,0.131674
724.62,0.131449
725.10,0.131398
725.59,0.131538
726.07,0.131820
726.55,0.132131
727.03,0.132341
727.51,0.132336
728.00,0.132059
728.48,0.131523
728.96,0.130799
729.44,0.129992
729.92,0.129203
730.41,0.128516
730.89,0.127986
731.37,0.127638
731.85,0.127475
732.34,0.127477
732.82,0.127602
733.30,0.127781
733.78,0.127926
734.26,0.127955
734.75,0.127806
735.23,0.127475
735.71,0.127017
736.19,0.126549
736.67,0.126201
737.16,0.126081
737.64,0.126232
738.12,0.126617
738.60,0.127120
739.08,0.127582
739.57,0.127853
740.05,0.127828
740.53,0.127474
741.01,0.126828
741.50,0.125985
741.98,0.125067
742.46,0.124188
742.94,0.123446
743.42,0.122900
743.91,0.122568
744.39,0.122433
744.87,0.122449
745.35,0.122557
745.83,0.122694
746.32,0.122814
746.80,0.122896
747.28,0.122948
747.76,0.123000
748.25,0.123085
748.73,0.123224
749.21,0.123411
749.69,0.123607
750.17,0.123751
750.66,0.123786
751.14,0.123667
751.62,0.123387
752.10,0.122969
752.58,0.122461
753.07,0.121923
753.55,0.121405
754.03,0.120944
754.51,0.120563
754.99,0.120270
755.48,0.120067
755.96,0.119951
756.44,0.119915
756.92,0.119936
757.41,0.119977
757.89,0.119989
758.37,0.119916
758.85,0.119719
759.33,0.119381
759.82,0.118928
760.30,0.118420
760.78,0.117943
761.26,0.117592
761.74,0.117437
762.23,0.117505
762.71,0.117762
763.19,0.118119
763.67,0.118441
764.15,0.118576
764.64,0.118408
765.12,0.117875
765.60,0.117002
766.08,0.115890
766.57,0.114705
767.05,0.113619
767.53,0.112766
768.01,0.112209
768.49,0.111926
768.98,0.111823
769.46,0.111769
769.94,0.111647
770.42,0.111393
770.90,0.111017
771.39,0.110593
771.87,0.110231
772.35,0.110037
772.83,0.110068
773.32,0.110325
773.80,0.110753
774.28,0.111271
774.76,0.111801
775.24,0.112297
775.73,0.112748
776.21,0.113171
776.69,0.113584
777.17,0.113986
777.65,0.114340
778.14,0.114587
778.62,0.114661
779.10,0.114520
779.58,0.114171
780.06,0.113673
780.55,0.113131
781.03,0.112653
781.51,0.112320
781.99,0.112159
782.48,0.112133
782.96,0.112157
783.44,0.112125
783.92,0.111959
784.40,0.111631
784.89,0.111176
785.37,0.110673
785.85,0.110225
786.33,0.109912
786.81,0.109769
787.30,0.109779
787.78,0.109876
788.26,0.109984
788.74,0.110031
789.23,0.109986
789.71,0.109861
790.19,0.109713
790.67,0.109618
791.15,0.109647
791.64,0.109853
792.12,0.110243
792.60,0.110781
793.08,0.111381
793.56,0.111938
794.05,0.112334
794.53,0.112471
795.01,0.112296
795.49,0.111812
795.97,0.111089
796.46,0.110240
796.94,0.109402
797.42,0.108697
797.90,0.108191
798.39,0.107892
798.87,0.107750
799.35,0.107687
799.83,0.107623
800.31,0.107514
800.80,0.107364
801.28,0.107212
801.76,0.107112
802.24,0.107100
802.72,0.107175
803.21,0.107299
803.69,0.107407
804.17,0.107441
804.65,0.107377
805.13,0.107231
805.62,0.107063
806.10,0.106940
806.58,0.106919
807.06,0.107022
807.55,0.107223
808.03,0.107462
808.51,0.107663
808.99,0.107761
809.47,0.107721
809.96,0.107545
810.44,0.107274
810.92,0.106973
811.40,0.106716
811.88,0.106567
812.37,0.106570
812.85,0.106731
813.33,0.107016
813.81,0.107357
814.30,0.107667
814.78,0.107856
815.26,0.107851
815.74,0.107623
816.22,0.107186
816.71,0.106594
817.19,0.105923
817.67,0.105255
818.15,0.104664
818.63,0.104203
819.12,0.103914
819.60,0.103828
820.08,0.103964
820.56,0.104329
821.04,0.104900
821.53,0.105618
822.01,0.106384
822.49,0.107077
822.97,0.107584
823.46,0.107830
823.94,0.107809
824.42,0.107585
824.90,0.107281
825.38,0.107028
825.87,0.106937
826.35,0.107066
826.83,0.107405
827.31,0.107891
827.79,0.108427
828.28,0.108923
828.76,0.109305
829.24,0.109533
829.72,0.109601
830.21,0.109533
830.69,0.109382
831.17,0.109218
831.65,0.109133
832.13,0.109216
832.62,0.109530
833.10,0.110091
833.58,0.110846
834.06,0.111680
834.54,0.112437
835.03,0.112980
835.51,0.113235
835.99,0.113229
836.47,0.113079
836.95,0.112961
837.44,0.113039
837.92,0.113397
838.40,0.114007
838.88,0.114730
839.37,0.115379
839.85,0.115773
840.33,0.115816
840.81,0.115529
841.29,0.115042
841.78,0.114540
842.26,0.114191
842.74,0.114099
843.22,0.114269
843.70,0.114615
844.19,0.115001
844.67,0.115297
845.15,0.115421
845.63,0.115358
846.11,0.115148
846.60,0.114871
847.08,0.114614
847.56,0.114441
848.04,0.114388
848.53,0.114467
849.01,0.114670
849.49,0.114978
849.97,0.115373
850.45,0.115837
850.94,0.116359
851.42,0.116934
851.90,0.117560
852.38,0.118239
852.86,0.118965
853.35,0.119718
853.83,0.120457
854.31,0.121128
854.79,0.121678
855.27,0.122076
855.76,0.122331
856.24,0.122509
856.72,0.122726
857.20,0.123112
857.69,0.123790
858.17,0.124836
858.65,0.126257
859.13,0.127995
859.61,0.129943
860.10,0.131983
860.58,0.133998
861.06,0.135892
861.54,0.137601
862.02,0.139082
862.51,0.140312
862.99,0.141291
863.47,0.142049
863.95,0.142656
864.44,0.143221
864.92,0.143885
865.40,0.144792
865.88,0.146049
866.36,0.147701
866.85,0.149715
867.33,0.151985
867.81,0.154357
868.29,0.156677
868.77,0.158812
869.26,0.160663
869.74,0.162176
870.22,0.163317
870.70,0.164055
871.18,0.164357
871.67,0.164194
872.15,0.163558
872.63,0.162487
873.11,0.161074
873.60,0.159450
874.08,0.157755
874.56,0.156112
875.04,0.154598
875.52,0.153239
876.01,0.152028
876.49,0.150935
876.97,0.149925
877.45,0.148947
877.93,0.147939
878.42,0.146811
878.90,0.145453
879.38,0.143768
879.86,0.141701
880.35,0.139268
880.83,0.136569
881.31,0.133772
881.79,0.131066
882.27,0.128594
882.76,0.126436
883.24,0.124578
883.72,0.122947
884.20,0.121442
884.68,0.119982
885.17,0.118538
885.65,0.117139
886.13,0.115849
886.61,0.114744
887.09,0.113880
887.58,0.113279
888.06,0.112923
888.54,0.112761
889.02,0.112729
889.51,0.112752
889.99,0.112756
890.47,0.112679
890.95,0.112477
891.43,0.112139
891.92,0.111688
892.40,0.111191
892.88,0.110743
893.36,0.110441
893.84,0.110362
894.33,0.110532
894.81,0.110924
895.29,0.111458
895.77,0.112031
896.25,0.112553
896.74,0.112965
897.22,0.113258
897.70,0.113467
898.18,0.113651
898.67,0.113867
899.15,0.114152
899.63,0.114518
900.11,0.114951
900.59,0.115426
901.08,0.115912
901.56,0.116388
902.04,0.116837
902.52,0.117245
903.00,0.117600
903.49,0.117886
903.97,0.118092
904.45,0.118209
904.93,0.118236
905.42,0.118182
905.90,0.118065
906.38,0.117910
906.86,0.117745
907.34,0.117598
907.83,0.117500
908.31,0.117471
908.79,0.117523
909.27,0.117659
909.75,0.117871
910.24,0.118147
910.72,0.118478
911.20,0.118861
911.68,0.119307
912.16,0.119830
912.65,0.120444
913.13,0.121154
913.61,0.121946
914.09,0.122794
914.58,0.123664
915.06,0.124522
915.54,0.125351
916.02,0.126144
916.50,0.126909
916.99,0.127656
917.47,0.128388
917.95,0.129096
918.43,0.129768
918.91,0.130386
919.40,0.130945
919.88,0.131452
920.36,0.131923
920.84,0.132380
921.33,0.132836
921.81,0.133296
922.29,0.133757
922.77,0.134216
923.25,0.134676
923.74,0.135151
924.22,0.135666
924.70,0.136245
925.18,0.136907
925.66,0.137660
926.15,0.138498
926.63,0.139413
927.11,0.140395
927.59,0.141440
928.07,0.142550
928.56,0.143727
929.04,0.144974
929.52,0.146287
930.00,0.147660
930.49,0.149087
930.97,0.150558
931.45,0.152059
931.93,0.153563
932.41,0.155030
932.90,0.156406
933.38,0.157647
933.86,0.158733
934.34,0.159692
934.82,0.160603
935.31,0.161586
935.79,0.162763
936.27,0.164211
936.75,0.165934
937.23,0.167846
937.72,0.169803
938.20,0.171631
938.68,0.173200
939.16,0.174464
939.65,0.175476
940.13,0.176367
940.61,0.177297
941.09,0.178418
941.57,0.179818
942.06,0.181520
942.54,0.183484
943.02,0.185646
943.50,0.187938
943.98,0.190311
944.47,0.192744
944.95,0.195233
945.43,0.197774
945.91,0.200359
946.39,0.202959
946.88,0.205536
947.36,0.208042
947.84,0.210430
948.32,0.212659
948.81,0.214705
949.29,0.216569
949.77,0.218283
950.25,0.219912
950.73,0.221544
951.22,0.223269
951.70,0.225153
952.18,0.227219
952.66,0.229436
953.14,0.231725
953.63,0.233981
954.11,0.236107
954.59,0.238038
955.07,0.239752
955.56,0.241267
956.04,0.242634
956.52,0.243904
957.00,0.245119
957.48,0.246298
957.97,0.247442
958.45,0.248534
958.93,0.249551
959.41,0.250468
959.89,0.251269
960.38,0.251946
960.86,0.252507
961.34,0.252969
961.82,0.253356
962.30,0.253689
962.79,0.253972
963.27,0.254191
963.75,0.254324
964.23,0.254349
964.72,0.254270
965.20,0.254127
965.68,0.253999
966.16,0.253988
966.64,0.254190
967.13,0.254675
967.61,0.255467
968.09,0.256547
968.57,0.257871
969.05,0.259387
969.54,0.261057
970.02,0.262864
970.50,0.264802
970.98,0.266876
971.47,0.269083
971.95,0.271422
972.43,0.273897
972.91,0.276533
973.39,0.279371
973.88,0.282459
974.36,0.285831
974.84,0.289481
975.32,0.293353
975.80,0.297345
976.29,0.301346
976.77,0.305267
977.25,0.309075
977.73,0.312801
978.21,0.316529
978.70,0.320358
979.18,0.324360
979.66,0.328572
980.14,0.332980
980.63,0.337544
981.11,0.342207
981.59,0.346916
982.07,0.351629
982.55,0.356302
983.04,0.360891
983.52,0.365363
984.00,0.369702
984.48,0.373926
984.96,0.378087
985.45,0.382250
985.93,0.386457
986.41,0.390698
986.89,0.394898
987.37,0.398950
987.86,0.402754
988.34,0.406280
988.82,0.409589
989.30,0.412834
989.79,0.416199
990.27,0.419822
990.75,0.423754
991.23,0.427934
991.71,0.432235
992.20,0.436511
992.68,0.440677
993.16,0.444741
993.64,0.448785
994.12,0.452918
994.61,0.457212
995.09,0.461661
995.57,0.466178
996.05,0.470619
996.54,0.474829
997.02,0.478700
997.50,0.482179
997.98,0.485281
998.46,0.488063
998.95,0.490618
999.43,0.493058
999.91,0.495494
1000.39,0.498022
1000.87,0.500691
1001.36,0.503475
1001.84,0.506259
1002.32,0.508870
1002.80,0.511136
1003.28,0.512949
1003.77,0.514322
1004.25,0.515398
1004.73,0.516411
1005.21,0.517575
1005.70,0.519020
1006.18,0.520740
1006.66,0.522614
1007.14,0.524471
1007.62,0.526165
1008.11,0.527648
1008.59,0.528960
1009.07,0.530195
1009.55,0.531421
1010.03,0.532636
1010.52,0.533763
1011.00,0.534695
1011.48,0.535345
1011.96,0.535699
1012.45,0.535809
1012.93,0.535758
1013.41,0.535598
1013.89,0.535314
1014.37,0.534837
1014.86,0.534091
1015.34,0.533047
1015.82,0.531757
1016.30,0.530332
1016.78,0.528893
1017.27,0.527503
1017.75,0.526133
1018.23,0.524678
1018.71,0.523017
1019.20,0.521083
1019.68,0.518907
1020.16,0.516604
1020.64,0.514313
1021.12,0.512134
1021.61,0.510076
1022.09,0.508063
1022.57,0.505971
1023.05,0.503699
1023.53,0.501213
1024.02,0.498545
1024.50,0.495761
1024.98,0.492909
1025.46,0.489982
1025.94,0.486932
1026.43,0.483707
1026.91,0.480302
1027.39,0.476788
1027.87,0.473303
1028.36,0.470006
1028.84,0.467003
1029.32,0.464323
1029.80,0.461898
1030.28,0.459609
1030.77,0.457329
1031.25,0.454964
1031.73,0.452481
1032.21,0.449873
1032.69,0.447144
1033.18,0.444274
1033.66,0.441226
1034.14,0.437967
1034.62,0.434503
1035.10,0.430899
1035.59,0.427265
1036.07,0.423720
1036.55,0.420362
1037.03,0.417228
1037.52,0.414292
1038.00,0.411485
1038.48,0.408732
1038.96,0.405976
1039.44,0.403186
1039.93,0.400359
1040.41,0.397498
1040.89,0.394603
1041.37,0.391672
1041.85,0.388708
1042.34,0.385732
1042.82,0.382780
1043.30,0.379897
1043.78,0.377117
1044.27,0.374449
1044.75,0.371876
1045.23,0.369365
1045.71,0.366889
1046.19,0.364434
1046.67,0.362008
1047.16,0.359627
1047.64,0.357295
1048.12,0.355002
1048.60,0.352716
1049.09,0.350411
1049.57,0.348081
1050.05,0.345750
1050.53,0.343467
1051.01,0.341275
1051.50,0.339190
1051.98,0.337184
1052.46,0.335192
1052.94,0.333140
1053.42,0.330978
1053.91,0.328707
1054.39,0.326379
1054.87,0.324073
1055.35,0.321858
1055.84,0.319768
1056.32,0.317791
1056.80,0.315879
1057.28,0.313975
1057.76,0.312037
1058.25,0.310045
1058.73,0.307997
1059.21,0.305890
1059.69,0.303712
1060.17,0.301446
1060.66,0.299088
1061.14,0.296664
1061.62,0.294238
1062.10,0.291894
1062.59,0.289705
1063.07,0.287698
1063.55,0.285835
1064.03,0.284025
1064.51,0.282158
1065.00,0.280162
1065.48,0.278028
1065.96,0.275820
1066.44,0.273639
1066.92,0.271581
1067.41,0.269680
1067.89,0.267901
1068.37,0.266145
1068.85,0.264306
1069.34,0.262317
1069.82,0.260181
1070.30,0.257970
1070.78,0.255793
1071.26,0.253752
1071.74,0.251893
1072.23,0.250196
1072.71,0.248586
1073.19,0.246975
1073.67,0.245286
1074.16,0.243490
1074.64,0.241607
1075.12,0.239692
1075.60,0.237813
1076.08,0.236024
1076.57,0.234358
1077.05,0.232814
1077.53,0.231367
1078.01,0.229969
1078.49,0.228562
1078.98,0.227091
1079.46,0.225514
1079.94,0.223819
1080.42,0.222032
1080.91,0.220216
1081.39,0.218451
1081.87,0.216810
1082.35,0.215333
1082.83,0.214007
1083.32,0.212767
1083.80,0.211519
1084.28,0.210172
1084.76,0.208669
1085.24,0.207007
1085.73,0.205230
1086.21,0.203417
1086.69,0.201654
1087.17,0.200003
1087.65,0.198499
1088.14,0.197148
1088.62,0.195939
1089.10,0.194850
1089.58,0.193859
1090.07,0.192941
1090.55,0.192061
1091.03,0.191177
1091.51,0.190242
1091.99,0.189213
1092.48,0.188068
1092.96,0.186810
1093.44,0.185467
1093.92,0.184078
1094.40,0.182681
1094.89,0.181300
1095.37,0.179940
1095.85,0.178588
1096.33,0.177224
1096.82,0.175832
1097.30,0.174405
1097.78,0.172943
1098.26,0.171449
1098.74,0.169925
1099.23,0.168366
1099.71,0.166764
1100.19,0.165106
1100.67,0.163381
1101.15,0.161586
1101.64,0.159729
1102.12,0.157828
1102.60,0.155908
1103.08,0.154007
1103.57,0.152162
1104.05,0.150405
1104.53,0.148754
1105.01,0.147203
1105.49,0.145721
1105.98,0.144251
1106.46,0.142733
1106.94,0.141110
1107.42,0.139349
1107.90,0.137457
1108.39,0.135473
1108.87,0.133460
1109.35,0.131488
1109.83,0.129618
1110.32,0.127883
1110.80,0.126288
1111.28,0.124806
1111.76,0.123389
1112.24,0.121974
1112.72,0.120490
1113.21,0.118875
1113.69,0.117081
1114.17,0.115083
1114.65,0.112893
1115.14,0.110562
1115.62,0.108176
1116.10,0.105834
1116.58,0.103635
1117.06,0.101651
1117.55,0.099902
1118.03,0.098361
1118.51,0.096955
1118.99,0.095595
1119.47,0.094194
1119.96,0.092695
1120.44,0.091083
1120.92,0.089377
1121.40,0.087623
1121.88,0.085866
1122.37,0.084144
1122.85,0.082472
1123.33,0.080852
1123.81,0.079278
1124.30,0.077746
1124.78,0.076264
1125.26,0.074844
1125.74,0.073499
1126.22,0.072228
1126.71,0.071016
1127.19,0.069835
1127.67,0.068647
1128.15,0.067423
1128.63,0.066150
1129.12,0.064836
1129.60,0.063507
1130.08,0.062199
1130.56,0.060947
1131.05,0.059778
1131.53,0.058705
1132.01,0.057732
1132.49,0.056854
1132.97,0.056062
1133.46,0.055339
1133.94,0.054666
1134.42,0.054018
1134.90,0.053365
1135.38,0.052682
1135.87,0.051953
1136.35,0.051176
1136.83,0.050365
1137.31,0.049544
1137.80,0.048735
1138.28,0.047953
1138.76,0.047197
1139.24,0.046451
1139.72,0.045698
1140.21,0.044923
1140.69,0.044127
1141.17,0.043327
1141.65,0.042559
1142.13,0.041859
1142.62,0.041257
1143.10,0.040767
1143.58,0.040382
1144.06,0.040078
1144.55,0.039817
1145.03,0.039561
1145.51,0.039277
1145.99,0.038940
1146.47,0.038539
1146.96,0.038077
1147.44,0.037568
1147.92,0.037031
1148.40,0.036494
1148.88,0.035980
1149.37,0.035511
1149.85,0.035099
1150.33,0.034744
1150.81,0.034438
1151.30,0.034167
1151.78,0.033910
1152.26,0.033649
1152.74,0.033370
1153.22,0.033061
1153.70,0.032721
1154.19,0.032352
1154.67,0.031962
1155.15,0.031567
1155.63,0.031182
1156.12,0.030823
1156.60,0.030499
1157.08,0.030214
1157.56,0.029963
1158.04,0.029737
1158.53,0.029525
1159.01,0.029322
1159.49,0.029134
1159.97,0.028971
1160.45,0.028845
1160.94,0.028764
1161.42,0.028727
1161.90,0.028714
1162.38,0.028695
1162.87,0.028633
1163.35,0.028497
1163.83,0.028260
1164.31,0.027916
1164.79,0.027472
1165.28,0.026952
1165.76,0.026390
1166.24,0.025826
1166.72,0.025303
1167.20,0.024858
1167.69,0.024523
1168.17,0.024315
1168.65,0.024236
1169.13,0.024271
1169.62,0.024387
1170.10,0.024545
1170.58,0.024701
1171.06,0.024813
1171.54,0.024853
1172.03,0.024803
1172.51,0.024658
1172.99,0.024423
1173.47,0.024113
1173.95,0.023749
1174.44,0.023357
1174.92,0.022968
1175.40,0.022608
1175.88,0.022299
1176.37,0.022050
1176.85,0.021863
1177.33,0.021725
1177.81,0.021623
1178.29,0.021545
1178.78,0.021486
1179.26,0.021447
1179.74,0.021439
1180.22,0.021470
1180.70,0.021546
1181.19,0.021666
1181.67,0.021820
1182.15,0.021995
1182.63,0.022179
1183.11,0.022360
1183.60,0.022533
1184.08,0.022694
1184.56,0.022840
1185.04,0.022969
1185.53,0.023082
1186.01,0.023176
1186.49,0.023257
1186.97,0.023328
1187.45,0.023396
1187.94,0.023462
1188.42,0.023527
1188.90,0.023583
1189.38,0.023626
1189.86,0.023648
1190.35,0.023653
1190.83,0.023647
1191.31,0.023646
1191.79,0.023666
1192.28,0.023720
1192.76,0.023813
1193.24,0.023945
1193.72,0.024109
1194.20,0.024296
1194.68,0.024496
1195.17,0.024705
1195.65,0.024920
1196.13,0.025140
1196.61,0.025366
1197.10,0.025594
1197.58,0.025821
1198.06,0.026041
1198.54,0.026248
1199.02,0.026434
1199.51,0.026598
1199.99,0.026737
1200.47,0.026858
1200.95,0.026968
1201.43,0.027080
1201.92,0.027204
1202.40,0.027343
1202.88,0.027490
1203.36,0.027625
1203.85,0.027721
1204.33,0.027749
1204.81,0.027691
1205.29,0.027549
1205.77,0.027345
1206.26,0.027120
1206.74,0.026921
1207.22,0.026786
1207.70,0.026735
1208.18,0.026760
1208.67,0.026832
1209.15,0.026915
1209.63,0.026977
1210.11,0.027002
1210.60,0.027000
1211.08,0.026995
1211.56,0.027021
1212.04,0.027101
1212.52,0.027243
1213.01,0.027436
1213.49,0.027647
1213.97,0.027838
1214.45,0.027975
1214.93,0.028033
1215.42,0.028007
1215.90,0.027908
1216.38,0.027760
1216.86,0.027600
1217.35,0.027465
1217.83,0.027394
1218.31,0.027416
1218.79,0.027551
1219.27,0.027800
1219.76,0.028147
1220.24,0.028560
1220.72,0.028997
1221.20,0.029422
1221.68,0.029806
1222.17,0.030141
1222.65,0.030438
1223.13,0.030725
1223.61,0.031033
1224.09,0.031381
1224.58,0.031775
1225.06,0.032197
1225.54,0.032616
1226.02,0.032994
1226.51,0.033305
1226.99,0.033543
1227.47,0.033724
1227.95,0.033884
1228.43,0.034063
1228.91,0.034299
1229.40,0.034613
1229.88,0.035005
1230.36,0.035454
1230.84,0.035928
1231.33,0.036391
1231.81,0.036810
1232.29,0.037164
1232.77,0.037444
1233.26,0.037651
1233.74,0.037796
1234.22,0.037898
1234.70,0.037983
1235.18,0.038076
1235.66,0.038201
1236.15,0.038376
1236.63,0.038602
1237.11,0.038868
1237.59,0.039150
1238.08,0.039416
1238.56,0.039633
1239.04,0.039783
1239.52,0.039859
1240.00,0.039871
1240.49,0.039842
1240.97,0.039796
1241.45,0.039757
1241.93,0.039737
1242.41,0.039742
1242.90,0.039768
1243.38,0.039806
1243.86,0.039848
1244.34,0.039881
1244.83,0.039894
1245.31,0.039873
1245.79,0.039808
1246.27,0.039695
1246.75,0.039538
1247.24,0.039353
1247.72,0.039167
1248.20,0.039007
1248.68,0.038898
1249.16,0.038849
1249.65,0.038850
1250.13,0.038881
1250.61,0.038912
1251.09,0.038919
1251.58,0.038887
1252.06,0.038819
1252.54,0.038730
1253.02,0.038638
1253.50,0.038558
1253.98,0.038495
1254.47,0.038440
1254.95,0.038379
1255.43,0.038292
1255.91,0.038167
1256.40,0.038001
1256.88,0.037798
1257.36,0.037571
1257.84,0.037337
1258.33,0.037115
1258.81,0.036924
1259.29,0.036783
1259.77,0.036708
1260.25,0.036705
1260.73,0.036771
1261.22,0.036887
1261.70,0.037021
1262.18,0.037138
1262.66,0.037203
1263.15,0.037196
1263.63,0.037114
1264.11,0.036971
1264.59,0.036791
1265.07,0.036602
1265.56,0.036426
1266.04,0.036274
1266.52,0.036148
1267.00,0.036041
1267.48,0.035944
1267.97,0.035854
1268.45,0.035768
1268.93,0.035689
1269.41,0.035621
1269.89,0.035567
1270.38,0.035526
1270.86,0.035500
1271.34,0.035487
1271.82,0.035490
1272.31,0.035512
1272.79,0.035559
1273.27,0.035632
1273.75,0.035731
1274.23,0.035849
1274.72,0.035977
1275.20,0.036100
1275.68,0.036199
1276.16,0.036258
1276.64,0.036263
1277.13,0.036207
1277.61,0.036094
1278.09,0.035939
1278.57,0.035769
1279.06,0.035615
1279.54,0.035508
1280.02,0.035467
1280.50,0.035495
1280.98,0.035577
1281.47,0.035685
1281.95,0.035788
1282.43,0.035859
1282.91,0.035888
1283.39,0.035877
1283.88,0.035841
1284.36,0.035799
1284.84,0.035762
1285.32,0.035730
1285.81,0.035690
1286.29,0.035623
1286.77,0.035514
1287.25,0.035355
1287.73,0.035155
1288.22,0.034937
1288.70,0.034731
1289.18,0.034565
1289.66,0.034458
1290.14,0.034414
1290.63,0.034421
1291.11,0.034461
1291.59,0.034508
1292.07,0.034540
1292.56,0.034542
1293.04,0.034505
1293.52,0.034431
1294.00,0.034328
1294.48,0.034208
1294.96,0.034084
1295.45,0.033969
1295.93,0.033872
1296.41,0.033799
1296.89,0.033753
1297.38,0.033736
1297.86,0.033751
1298.34,0.033801
1298.82,0.033892
1299.30,0.034024
1299.79,0.034197
1300.27,0.034400
1300.75,0.034618
1301.23,0.034828
1301.71,0.035008
1302.20,0.035139
1302.68,0.035214
1303.16,0.035234
1303.64,0.035213
1304.13,0.035171
1304.61,0.035128
1305.09,0.035105
1305.57,0.035117
1306.05,0.035173
1306.54,0.035276
1307.02,0.035423
1307.50,0.035603
1307.98,0.035799
1308.46,0.035988
1308.95,0.036144
1309.43,0.036245
1309.91,0.036278
1310.39,0.036247
1310.88,0.036172
1311.36,0.036086
1311.84,0.036030
1312.32,0.036040
1312.80,0.036140
1313.29,0.036332
1313.77,0.036597
1314.25,0.036906
1314.73,0.037224
1315.21,0.037527
1315.70,0.037809
1316.18,0.038073
1316.66,0.038333
1317.14,0.038599
1317.62,0.038870
1318.11,0.039131
1318.59,0.039355
1319.07,0.039508
1319.55,0.039569
1320.04,0.039533
1320.52,0.039420
1321.00,0.039265
1321.48,0.039114
1321.96,0.039009
1322.45,0.038975
1322.93,0.039019
1323.41,0.039128
1323.89,0.039276
1324.38,0.039429
1324.86,0.039561
1325.34,0.039660
1325.82,0.039731
1326.30,0.039790
1326.79,0.039861
1327.27,0.039968
1327.75,0.040118
1328.23,0.040309
1328.71,0.040524
1329.20,0.040744
1329.68,0.040951
1330.16,0.041138
1330.64,0.041307
1331.12,0.041469
1331.61,0.041638
1332.09,0.041819
1332.57,0.042015
1333.05,0.042219
1333.54,0.042427
1334.02,0.042635
1334.50,0.042849
1334.98,0.043077
1335.46,0.043323
1335.94,0.043585
1336.43,0.043850
1336.91,0.044093
1337.39,0.044284
1337.87,0.044404
1338.36,0.044444
1338.84,0.044419
1339.32,0.044360
1339.80,0.044305
1340.28,0.044284
1340.77,0.044305
1341.25,0.044358
1341.73,0.044420
1342.21,0.044468
1342.69,0.044491
1343.18,0.044492
1343.66,0.044485
1344.14,0.044489
1344.62,0.044524
1345.11,0.044601
1345.59,0.044723
1346.07,0.044879
1346.55,0.045048
1347.03,0.045202
1347.52,0.045312
1348.00,0.045350
1348.48,0.045301
1348.96,0.045165
1349.44,0.044963
1349.93,0.044730
1350.41,0.044514
1350.89,0.044360
1351.37,0.044294
1351.86,0.044325
1352.34,0.044435
1352.82,0.044598
1353.30,0.044782
1353.78,0.044963
1354.27,0.045132
1354.75,0.045294
1355.23,0.045462
1355.71,0.045645
1356.19,0.045850
1356.68,0.046078
1357.16,0.046331
1357.64,0.046618
1358.12,0.046954
1358.61,0.047357
1359.09,0.047842
1359.57,0.048409
1360.05,0.049039
1360.53,0.049697
1361.02,0.050343
1361.50,0.050938
1361.98,0.051462
1362.46,0.051916
1362.94,0.052320
1363.43,0.052705
1363.91,0.053094
1364.39,0.053501
1364.87,0.053933
1365.35,0.054392
1365.84,0.054889
1366.32,0.055441
1366.80,0.056064
1367.28,0.056766
1367.77,0.057543
1368.25,0.058376
1368.73,0.059235
1369.21,0.060093
1369.69,0.060938
1370.18,0.061772
1370.66,0.062608
1371.14,0.063463
1371.62,0.064346
1372.10,0.065264
1372.59,0.066221
1373.07,0.067226
1373.55,0.068295
1374.03,0.069445
1374.52,0.070678
1375.00,0.071973
1375.48,0.073282
1375.96,0.074554
1376.44,0.075753
1376.92,0.076871
1377.41,0.077929
1377.89,0.078961
1378.37,0.080005
1378.85,0.081083
1379.34,0.082201
1379.82,0.083346
1380.30,0.084504
1380.78,0.085667
1381.26,0.086840
1381.75,0.088038
1382.23,0.089265
1382.71,0.090513
1383.19,0.091752
1383.67,0.092943
1384.16,0.094057
1384.64,0.095091
1385.12,0.096076
1385.60,0.097066
1386.09,0.098127
1386.57,0.099312
1387.05,0.100635
1387.53,0.102063
1388.01,0.103524
1388.50,0.104948
1388.98,0.106297
1389.46,0.107571
1389.94,0.108796
1390.42,0.109996
1390.91,0.111179
1391.39,0.112338
1391.87,0.113459
1392.35,0.114534
1392.84,0.115573
1393.32,0.116601
1393.80,0.117659
1394.28,0.118776
1394.76,0.119960
1395.25,0.121186
1395.73,0.122406
1396.21,0.123583
1396.69,0.124707
1397.17,0.125797
1397.66,0.126888
1398.14,0.128009
1398.62,0.129162
1399.10,0.130326
1399.59,0.131458
1400.07,0.132521
1400.55,0.133502
1401.03,0.134415
1401.51,0.135289
1401.99,0.136154
1402.48,0.137032
1402.96,0.137927
1403.44,0.138836
1403.92,0.139746
1404.41,0.140638
1404.89,0.141482
1405.37,0.142243
1405.85,0.142888
1406.33,0.143394
1406.82,0.143759
1407.30,0.144004
1407.78,0.144172
1408.26,0.144314
1408.74,0.144481
1409.23,0.144711
1409.71,0.145026
1410.19,0.145425
1410.67,0.145892
1411.16,0.146395
1411.64,0.146893
1412.12,0.147341
1412.60,0.147694
1413.08,0.147908
1413.57,0.147951
1414.05,0.147812
1414.53,0.147512
1415.01,0.147097
1415.49,0.146642
1415.98,0.146221
1416.46,0.145883
1416.94,0.145638
1417.42,0.145443
1417.90,0.145212
1418.39,0.144841
1418.87,0.144262
1419.35,0.143498
1419.83,0.142671
1420.32,0.141933
1420.80,0.141370
1421.28,0.140977
1421.76,0.140685
1422.24,0.140402
1422.73,0.140045
1423.21,0.139557
1423.69,0.138918
1424.17,0.138148
1424.65,0.137306
1425.14,0.136469
1425.62,0.135709
1426.10,0.135063
1426.58,0.134539
1427.07,0.134121
1427.55,0.133780
1428.03,0.133483
1428.51,0.133188
1428.99,0.132857
1429.48,0.132457
1429.96,0.131976
1430.44,0.131426
1430.92,0.130845
1431.40,0.130273
1431.89,0.129742
1432.37,0.129268
1432.85,0.128851
1433.33,0.128483
1433.82,0.128165
1434.30,0.127910
1434.78,0.127740
1435.26,0.127687
1435.74,0.127770
1436.23,0.127983
1436.71,0.128271
1437.19,0.128552
1437.67,0.128754
1438.15,0.128864
1438.64,0.128922
1439.12,0.128981
1439.60,0.129070
1440.08,0.129182
1440.57,0.129284
1441.05,0.129330
1441.53,0.129288
1442.01,0.129157
1442.49,0.128972
1442.97,0.128798
1443.46,0.128701
1443.94,0.128721
1444.42,0.128854
1444.90,0.129059
1445.39,0.129279
1445.87,0.129455
1446.35,0.129552
1446.83,0.129563
1447.31,0.129506
1447.80,0.129418
1448.28,0.129330
1448.76,0.129266
1449.24,0.129231
1449.72,0.129224
1450.21,0.129234
1450.69,0.129253
1451.17,0.129270
1451.65,0.129270
1452.13,0.129241
1452.62,0.129170
1453.10,0.129060
1453.58,0.128923
1454.06,0.128778
1454.55,0.128642
1455.03,0.128512
1455.51,0.128359
1455.99,0.128117
1456.47,0.127704
1456.96,0.127054
1457.44,0.126197
1457.92,0.125284
1458.40,0.124490
1458.88,0.123884
1459.37,0.123423
1459.85,0.123022
1460.33,0.122617
1460.81,0.122190
1461.30,0.121754
1461.78,0.121338
1462.26,0.120970
1462.74,0.120661
1463.22,0.120406
1463.71,0.120179
1464.19,0.119947
1464.67,0.119686
1465.15,0.119402
1465.63,0.119127
1466.12,0.118900
1466.60,0.118738
1467.08,0.118627
1467.56,0.118531
1468.05,0.118413
1468.53,0.118249
1469.01,0.118036
1469.49,0.117782
1469.97,0.117495
1470.46,0.117171
1470.94,0.116775
1471.42,0.116245
1471.90,0.115500
1472.38,0.114494
1472.87,0.113272
1473.35,0.111988
1473.83,0.110828
1474.31,0.109899
1474.80,0.109189
1475.28,0.108609
1475.76,0.108065
1476.24,0.107492
1476.72,0.106874
1477.20,0.106233
1477.69,0.105611
1478.17,0.105034
1478.65,0.104502
1479.13,0.103989
1479.62,0.103458
1480.10,0.102878
1480.58,0.102235
1481.06,0.101540
1481.55,0.100822
1482.03,0.100118
1482.51,0.099459
1482.99,0.098854
1483.47,0.098301
1483.95,0.097785
1484.44,0.097296
1484.92,0.096828
1485.40,0.096380
1485.88,0.095948
1486.37,0.095530
1486.85,0.095119
1487.33,0.094713
1487.81,0.094320
1488.29,0.093960
1488.78,0.093662
1489.26,0.093449
1489.74,0.093326
1490.22,0.093268
1490.70,0.093231
1491.19,0.093172
1491.67,0.093075
1492.15,0.092946
1492.63,0.092804
1493.12,0.092666
1493.60,0.092538
1494.08,0.092416
1494.56,0.092290
1495.04,0.092154
1495.53,0.092006
1496.01,0.091858
1496.49,0.091727
1496.97,0.091627
1497.45,0.091552
1497.94,0.091479
1498.42,0.091379
1498.90,0.091234
1499.38,0.091054
1499.87,0.090865
1500.35,0.090702
1500.83,0.090589
1501.31,0.090530
1501.79,0.090513
1502.28,0.090516
1502.76,0.090515
1503.24,0.090497
1503.72,0.090461
1504.20,0.090411
1504.69,0.090358
1505.17,0.090307
1505.65,0.090259
1506.13,0.090207
1506.62,0.090148
1507.10,0.090092
1507.58,0.090069
1508.06,0.090098
1508.54,0.090155
1509.03,0.090198
1509.51,0.090191
1509.99,0.090121
1510.47,0.089999
1510.95,0.089855
1511.44,0.089733
1511.92,0.089674
1512.40,0.089702
1512.88,0.089816
1513.36,0.089990
1513.85,0.090182
1514.33,0.090359
1514.81,0.090503
1515.29,0.090619
1515.78,0.090724
1516.26,0.090842
1516.74,0.090979
1517.22,0.091121
1517.70,0.091231
1518.18,0.091281
1518.67,0.091267
1519.15,0.091211
1519.63,0.091152
1520.11,0.091121
1520.60,0.091137
1521.08,0.091192
1521.56,0.091253
1522.04,0.091279
1522.52,0.091255
1523.01,0.091215
1523.49,0.091211
1523.97,0.091288
1524.45,0.091458
1524.93,0.091710
1525.42,0.092007
1525.90,0.092308
1526.38,0.092569
1526.86,0.092773
1527.35,0.092935
1527.83,0.093099
1528.31,0.093313
1528.79,0.093610
1529.27,0.094001
1529.76,0.094480
1530.24,0.095029
1530.72,0.095633
1531.20,0.096284
1531.68,0.096984
1532.17,0.097735
1532.65,0.098533
1533.13,0.099352
1533.61,0.100140
1534.10,0.100833
1534.58,0.101398
1535.06,0.101858
1535.54,0.102263
1536.02,0.102662
1536.51,0.103076
1536.99,0.103501
1537.47,0.103911
1537.95,0.104270
1538.43,0.104538
1538.92,0.104673
1539.40,0.104645
1539.88,0.104452
1540.36,0.104136
1540.85,0.103776
1541.33,0.103467
1541.81,0.103275
1542.29,0.103230
1542.77,0.103328
1543.26,0.103536
1543.74,0.103791
1544.22,0.104004
1544.70,0.104082
1545.18,0.103967
1545.67,0.103659
1546.15,0.103225
1546.63,0.102749
1547.11,0.102295
1547.59,0.101880
1548.08,0.101482
1548.56,0.101051
1549.04,0.100542
1549.52,0.099938
1550.01,0.099276
1550.49,0.098630
1550.97,0.098080
1551.45,0.097656
1551.93,0.097330
1552.42,0.097028
1552.90,0.096671
1553.38,0.096206
1553.86,0.095628
1554.34,0.094990
1554.83,0.094375
1555.31,0.093868
1555.79,0.093505
1556.27,0.093266
1556.76,0.093097
1557.24,0.092942
1557.72,0.092763
1558.20,0.092551
1558.68,0.092317
1559.16,0.092060
1559.65,0.091731
1560.13,0.091280
1560.61,0.090723
1561.09,0.090122
1561.58,0.089536
1562.06,0.088997
1562.54,0.088508
1563.02,0.088054
1563.50,0.087604
1563.99,0.087127
1564.47,0.086601
1564.95,0.086035
1565.43,0.085474
1565.91,0.084978
1566.40,0.084602
1566.88,0.084364
1567.36,0.084244
1567.84,0.084187
1568.33,0.084118
1568.81,0.083963
1569.29,0.083650
1569.77,0.083151
1570.25,0.082499
1570.74,0.081775
1571.22,0.081069
1571.70,0.080439
1572.18,0.079907
1572.66,0.079476
1573.15,0.079140
1573.63,0.078894
1574.11,0.078719
1574.59,0.078578
1575.08,0.078404
1575.56,0.078107
1576.04,0.077597
1576.52,0.076848
1577.00,0.075940
1577.49,0.075027
1577.97,0.074234
1578.45,0.073590
1578.93,0.073053
1579.41,0.072555
1579.90,0.072044
1580.38,0.071499
1580.86,0.070931
1581.34,0.070371
1581.83,0.069855
1582.31,0.069402
1582.79,0.069002
1583.27,0.068620
1583.75,0.068219
1584.23,0.067772
1584.72,0.067277
1585.20,0.066753
1585.68,0.066231
1586.16,0.065739
1586.65,0.065290
1587.13,0.064888
1587.61,0.064527
1588.09,0.064206
1588.57,0.063926
1589.06,0.063688
1589.54,0.063489
1590.02,0.063317
1590.50,0.063158
1590.98,0.062999
1591.47,0.062846
1591.95,0.062716
1592.43,0.062636
1592.91,0.062626
1593.40,0.062689
1593.88,0.062806
1594.36,0.062941
1594.84,0.063063
1595.32,0.063161
1595.81,0.063249
1596.29,0.063361
1596.77,0.063526
1597.25,0.063759
1597.73,0.064047
1598.22,0.064361
1598.70,0.064672
1599.18,0.064970
1599.66,0.065268
1600.14,0.065594
1600.63,0.065975
1601.11,0.066421
1601.59,0.066914
1602.07,0.067421
1602.56,0.067904
1603.04,0.068348
1603.52,0.068763
1604.00,0.069185
1604.48,0.069650
1604.97,0.070180
1605.45,0.070772
1605.93,0.071406
1606.41,0.072058
1606.89,0.072722
1607.38,0.073416
1607.86,0.074172
1608.34,0.075028
1608.82,0.075995
1609.31,0.077054
1609.79,0.078159
1610.27,0.079260
1610.75,0.080320
1611.23,0.081329
1611.72,0.082299
1612.20,0.083251
1612.68,0.084197
1613.16,0.085140
1613.64,0.086072
1614.13,0.086996
1614.61,0.087931
1615.09,0.088923
1615.57,0.090041
1616.06,0.091353
1616.54,0.092884
1617.02,0.094565
1617.50,0.096242
1617.98,0.097753
1618.47,0.099026
1618.95,0.100096
1619.43,0.101054
1619.91,0.101981
1620.39,0.102930
1620.88,0.103916
1621.36,0.104941
1621.84,0.105995
1622.32,0.107081
1622.81,0.108219
1623.29,0.109434
1623.77,0.110727
1624.25,0.112056
1624.73,0.113345
1625.21,0.114521
1625.70,0.115548
1626.18,0.116442
1626.66,0.117258
1627.14,0.118071
1627.63,0.118953
1628.11,0.119933
1628.59,0.120989
1629.07,0.122049
1629.55,0.123038
1630.04,0.123908
1630.52,0.124668
1631.00,0.125361
1631.48,0.126039
1631.96,0.126740
1632.45,0.127470
1632.93,0.128208
1633.41,0.128920
1633.89,0.129581
1634.38,0.130181
1634.86,0.130737
1635.34,0.131276
1635.82,0.131800
1636.30,0.132248
1636.79,0.132524
1637.27,0.132571
1637.75,0.132421
1638.23,0.132165
1638.71,0.131894
1639.20,0.131662
1639.68,0.131483
1640.16,0.131331
1640.64,0.131167
1641.12,0.130952
1641.61,0.130677
1642.09,0.130370
1642.57,0.130088
1643.05,0.129890
1643.54,0.129806
1644.02,0.129825
1644.50,0.129892
1644.98,0.129923
1645.46,0.129821
1645.95,0.129517
1646.43,0.128997
1646.91,0.128336
1647.39,0.127669
1647.88,0.127120
1648.36,0.126725
1648.84,0.126449
1649.32,0.126240
1649.80,0.126081
1650.29,0.125985
1650.77,0.125979
1651.25,0.126078
1651.73,0.126253
1652.21,0.126390
1652.70,0.126241
1653.18,0.125470
1653.66,0.123931
1654.14,0.122025
1654.62,0.120421
1655.11,0.119413
1655.59,0.118855
1656.07,0.118494
1656.55,0.118131
1657.04,0.117669
1657.52,0.117086
1658.00,0.116414
1658.48,0.115703
1658.96,0.114999
1659.45,0.114315
1659.93,0.113624
1660.41,0.112868
1660.89,0.111988
1661.37,0.110947
1661.86,0.109754
1662.34,0.108466
1662.82,0.107171
1663.30,0.105953
1663.79,0.104853
1664.27,0.103863
1664.75,0.102941
1665.23,0.102048
1665.71,0.101164
1666.19,0.100282
1666.68,0.099390
1667.16,0.098459
1667.64,0.097443
1668.12,0.096280
1668.61,0.094925
1669.09,0.093378
1669.57,0.091712
1670.05,0.090062
1670.53,0.088561
1671.02,0.087274
1671.50,0.086175
1671.98,0.085194
1672.46,0.084271
1672.94,0.083376
1673.43,0.082511
1673.91,0.081688
1674.39,0.080906
1674.87,0.080136
1675.36,0.079324
1675.84,0.078413
1676.32,0.077395
1676.80,0.076319
1677.28,0.075257
1677.77,0.074254
1678.25,0.073308
1678.73,0.072380
1679.21,0.071407
1679.69,0.070336
1680.18,0.069156
1680.66,0.067908
1681.14,0.066680
1681.62,0.065565
1682.11,0.064611
1682.59,0.063793
1683.07,0.062997
1683.55,0.062039
1684.03,0.060706
1684.52,0.058936
1685.00,0.056972
1685.48,0.055235
1685.96,0.053962
1686.44,0.053107
1686.93,0.052486
1687.41,0.051926
1687.89,0.051317
1688.37,0.050603
1688.86,0.049776
1689.34,0.048858
1689.82,0.047884
1690.30,0.046878
1690.78,0.045850
1691.27,0.044802
1691.75,0.043736
1692.23,0.042670
1692.71,0.041627
1693.19,0.040621
1693.68,0.039647
1694.16,0.038671
1694.64,0.037627
1695.12,0.036439
1695.60,0.035068
1696.09,0.033572
1696.57,0.032135
1697.05,0.030968
1697.53,0.030177
1698.02,0.029720
1698.50,0.029468
1698.98,0.029273
1699.46,0.028989
1699.94,0.028496
1700.43,0.027731
1700.91,0.026732
1701.39,0.025647
1701.87,0.024618
1702.35,0.023694
1702.84,0.022854
1703.32,0.022062
1703.80,0.021299
1704.28,0.020571
1704.77,0.019904
1705.25,0.019322
1705.73,0.018826
1706.21,0.018382
1706.69,0.017937
1707.17,0.017454
1707.66,0.016932
1708.14,0.016407
1708.62,0.015925
1709.10,0.015523
1709.59,0.015209
1710.07,0.014962
1710.55,0.014735
1711.03,0.014482
1711.51,0.014170
1712.00,0.013794
1712.48,0.013367
1712.96,0.012919
1713.44,0.012479
1713.92,0.012065
1714.41,0.011685
1714.89,0.011338
1715.37,0.011019
1715.85,0.010731
1716.34,0.010475
1716.82,0.010253
1717.30,0.010058
1717.78,0.009874
1718.26,0.009687
1718.75,0.009505
1719.23,0.009353
1719.71,0.009261
1720.19,0.009245
1720.67,0.009302
1721.16,0.009410
1721.64,0.009537
1722.12,0.009645
1722.60,0.009692
1723.09,0.009641
1723.57,0.009471
1724.05,0.009181
1724.53,0.008794
1725.01,0.008351
1725.50,0.007903
1725.98,0.007504
1726.46,0.007197
1726.94,0.007021
1727.42,0.006993
1727.91,0.007110
1728.39,0.007337
1728.87,0.007607
1729.35,0.007838
1729.84,0.007938
1730.32,0.007850
1730.80,0.007565
1731.28,0.007131
1731.76,0.006622
1732.24,0.006120
1732.73,0.005687
1733.21,0.005357
1733.69,0.005138
1734.17,0.005015
1734.66,0.004958
1735.14,0.004932
1735.62,0.004917
1736.10,0.004908
1736.58,0.004907
1737.07,0.004913
1737.55,0.004928
1738.03,0.004954
1738.51,0.004999
1738.99,0.005072
1739.48,0.005186
1739.96,0.005343
1740.44,0.005531
1740.92,0.005724
1741.40,0.005895
1741.89,0.006025
1742.37,0.006102
1742.85,0.006126
1743.33,0.006097
1743.82,0.006020
1744.30,0.005898
1744.78,0.005734
1745.26,0.005535
1745.74,0.005309
1746.23,0.005068
1746.71,0.004827
1747.19,0.004598
1747.67,0.004398
1748.15,0.004239
1748.64,0.004134
1749.12,0.004094
1749.60,0.004131
1750.08,0.004253
1750.57,0.004461
1751.05,0.004733
1751.53,0.005024
1752.01,0.005271
1752.49,0.005415
1752.98,0.005425
1753.46,0.005304
1753.94,0.005077
1754.42,0.004783
1754.90,0.004466
1755.39,0.004165
1755.87,0.003918
1756.35,0.003763
1756.83,0.003723
1757.32,0.003800
1757.80,0.003967
1758.28,0.004181
1758.76,0.004390
1759.24,0.004557
1759.73,0.004663
1760.21,0.004703
1760.69,0.004688
1761.17,0.004634
1761.65,0.004565
1762.14,0.004498
1762.62,0.004436
1763.10,0.004364
1763.58,0.004266
1764.07,0.004131
1764.55,0.003970
1765.03,0.003810
1765.51,0.003693
1765.99,0.003661
1766.47,0.003744
1766.96,0.003949
1767.44,0.004240
1767.92,0.004552
1768.40,0.004794
1768.89,0.004892
1769.37,0.004820
1769.85,0.004605
1770.33,0.004309
1770.82,0.004003
1771.30,0.003749
1771.78,0.003584
1772.26,0.003510
1772.74,0.003499
1773.22,0.003508
1773.71,0.003506
1774.19,0.003482
1774.67,0.003448
1775.15,0.003414
1775.64,0.003382
1776.12,0.003342
1776.60,0.003281
1777.08,0.003187
1777.56,0.003062
1778.05,0.002921
1778.53,0.002789
1779.01,0.002696
1779.49,0.002665
1779.97,0.002708
1780.46,0.002817
1780.94,0.002965
1781.42,0.003110
1781.90,0.003215
1782.38,0.003251
1782.87,0.003209
1783.35,0.003092
1783.83,0.002915
1784.31,0.002703
1784.80,0.002486
1785.28,0.002303
1785.76,0.002189
1786.24,0.002159
1786.72,0.002209
1787.21,0.002308
1787.69,0.002412
1788.17,0.002477
1788.65,0.002473
1789.13,0.002390
1789.62,0.002242
1790.10,0.002069
1790.58,0.001926
1791.06,0.001871
1791.55,0.001943
1792.03,0.002139
1792.51,0.002402
1792.99,0.002643
1793.47,0.002779
1793.96,0.002782
1794.44,0.002681
1794.92,0.002541
1795.40,0.002420
1795.88,0.002356
1796.37,0.002358
1796.85,0.002410
1797.33,0.002481
1797.81,0.002543
1798.30,0.002580
1798.78,0.002599
1799.26,0.002622
1799.74,0.002669
1800.22,0.002749
1800.71,0.002843
1801.19,0.002915
1801.67,0.002922
1802.15,0.002845
1802.63,0.002696
1803.12,0.002522
1803.60,0.002381
1804.08,0.002320
1804.56,0.002367
1805.05,0.002515
1805.53,0.002734
1806.01,0.002979
1806.49,0.003206
1806.97,0.003380
1807.45,0.003480
1807.94,0.003499
1808.42,0.003436
1808.90,0.003299
1809.38,0.003095
1809.87,0.002836
1810.35,0.002542
1810.83,0.002234
1811.31,0.001938
1811.79,0.001669
1812.28,0.001432
1812.76,0.001215
1813.24,0.001003
1813.72,0.000784
1814.20,0.000563
1814.69,0.000363
1815.17,0.000220
1815.65,0.000179
1816.13,0.000273
1816.62,0.000514
1817.10,0.000884
1817.58,0.001335
1818.06,0.001804
1818.54,0.002224
1819.03,0.002540
1819.51,0.002720
1819.99,0.002751
1820.47,0.002640
1820.95,0.002415
1821.44,0.002121
1821.92,0.001810
1822.40,0.001537
1822.88,0.001351
1823.37,0.001282
1823.85,0.001337
1824.33,0.001493
1824.81,0.001706
1825.29,0.001916
1825.78,0.002073
1826.26,0.002153
1826.74,0.002160
1827.22,0.002111
1827.70,0.002024
1828.19,0.001905
1828.67,0.001749
1829.15,0.001558
1829.63,0.001354
1830.12,0.001188
1830.60,0.001133
1831.08,0.001246
1831.56,0.001533
1832.04,0.001941
1832.53,0.002379
1833.01,0.002756
1833.49,0.002992
1833.97,0.003040
1834.45,0.002890
1834.94,0.002570
1835.42,0.002142
1835.90,0.001686
1836.38,0.001288
1836.87,0.001016
1837.35,0.000907
1837.83,0.000967
1838.31,0.001172
1838.79,0.001474
1839.28,0.001806
1839.76,0.002107
1840.24,0.002323
1840.72,0.002427
1841.20,0.002418
1841.69,0.002317
1842.17,0.002162
1842.65,0.001991
1843.13,0.001836
1843.61,0.001714
1844.10,0.001622
1844.58,0.001538
1845.06,0.001441
1845.54,0.001322
1846.03,0.001190
1846.51,0.001054
1846.99,0.000920
1847.47,0.000776
1847.95,0.000601
1848.43,0.000378
1848.92,0.000103
1849.40,-0.000200
1849.88,-0.000485
1850.36,-0.000695
1850.85,-0.000784
1851.33,-0.000734
1851.81,-0.000559
1852.29,-0.000295
1852.77,0.000010
1853.26,0.000312
1853.74,0.000587
1854.22,0.000825
1854.70,0.001027
1855.18,0.001200
1855.67,0.001342
1856.15,0.001446
1856.63,0.001503
1857.11,0.001511
1857.60,0.001479
1858.08,0.001428
1858.56,0.001382
1859.04,0.001360
1859.52,0.001369
1860.01,0.001401
1860.49,0.001444
1860.97,0.001487
1861.45,0.001528
1861.93,0.001577
1862.42,0.001647
1862.90,0.001749
1863.38,0.001878
1863.86,0.002020
1864.35,0.002154
1864.83,0.002257
1865.31,0.002312
1865.79,0.002306
1866.27,0.002226
1866.76,0.002057
1867.24,0.001778
1867.72,0.001369
1868.20,0.000830
1868.68,0.000203
1869.17,-0.000421
1869.65,-0.000910
1870.13,-0.001152
1870.61,-0.001103
1871.10,-0.000803
1871.58,-0.000351
1872.06,0.000131
1872.54,0.000528
1873.02,0.000765
1873.51,0.000811
1873.99,0.000682
1874.47,0.000439
1874.95,0.000165
1875.43,-0.000054
1875.92,-0.000164
1876.40,-0.000146
1876.88,-0.000022
1877.36,0.000161
1877.84,0.000342
1878.33,0.000472
1878.81,0.000527
1879.29,0.000511
1879.77,0.000446
1880.26,0.000366
1880.74,0.000301
1881.22,0.000267
1881.70,0.000268
1882.18,0.000301
1882.67,0.000362
1883.15,0.000460
1883.63,0.000613
1884.11,0.000844
1884.59,0.001172
1885.08,0.001598
1885.56,0.002096
1886.04,0.002614
1886.52,0.003087
1887.01,0.003454
1887.49,0.003661
1887.97,0.003671
1888.45,0.003472
1888.93,0.003073
1889.41,0.002518
1889.90,0.001883
1890.38,0.001269
1890.86,0.000776
1891.34,0.000474
1891.83,0.000391
1892.31,0.000506
1892.79,0.000761
1893.27,0.001074
1893.75,0.001358
1894.24,0.001540
1894.72,0.001574
1895.20,0.001458
1895.68,0.001233
1896.16,0.000965
1896.65,0.000715
1897.13,0.000524
1897.61,0.000393
1898.09,0.000301
1898.58,0.000215
1899.06,0.000120
1899.54,0.000020
1900.02,-0.000057
1900.50,-0.000079
1900.99,-0.000023
1901.47,0.000108
1901.95,0.000287
1902.43,0.000479
1902.91,0.000646
1903.40,0.000775
1903.88,0.000870
1904.36,0.000954
1904.84,0.001049
1905.33,0.001168
1905.81,0.001306
1906.29,0.001447
1906.77,0.001572
1907.25,0.001671
1907.74,0.001749
1908.22,0.001820
1908.70,0.001902
1909.18,0.002001
1909.66,0.002108
1910.15,0.002198
1910.63,0.002242
1911.11,0.002218
1911.59,0.002120
1912.08,0.001955
1912.56,0.001744
1913.04,0.001508
1913.52,0.001263
1914.00,0.001016
1914.48,0.000768
1914.97,0.000517
1915.45,0.000259
1915.93,-0.000009
1916.41,-0.000284
1916.90,-0.000555
1917.38,-0.000794
1917.86,-0.000958
1918.34,-0.000990
1918.82,-0.000845
1919.31,-0.000509
1919.79,-0.000015
1920.27,0.000564
1920.75,0.001134
1921.23,0.001616
1921.72,0.001965
1922.20,0.002189
1922.68,0.002351
1923.16,0.002556
1923.65,0.002917
1924.13,0.003491
1924.61,0.004245
1925.09,0.005050
1925.57,0.005730
1926.06,0.006103
1926.54,0.006034
1927.02,0.005481
1927.50,0.004509
1927.98,0.003285
1928.47,0.002020
1928.95,0.000936
1929.43,0.000195
1929.91,-0.000137
1930.39,-0.000079
1930.88,0.000272
1931.36,0.000780
1931.84,0.001293
1932.32,0.001678
1932.81,0.001852
1933.29,0.001777
1933.77,0.001471
1934.25,0.001005
1934.73,0.000493
1935.22,0.000066
1935.70,-0.000155
1936.18,-0.000088
1936.66,0.000273
1937.14,0.000859
1937.63,0.001524
1938.11,0.002094
1938.59,0.002393
1939.07,0.002302
1939.56,0.001796
1940.04,0.000949
1940.52,-0.000091
1941.00,-0.001152
1941.48,-0.002058
1941.97,-0.002675
1942.45,-0.002939
1942.93,-0.002859
1943.41,-0.002514
1943.89,-0.002018
1944.38,-0.001483
1944.86,-0.000983
1945.34,-0.000556
1945.82,-0.000218
1946.31,0.000025
1946.79,0.000173
1947.27,0.000240
1947.75,0.000261
1948.23,0.000300
1948.72,0.000434
1949.20,0.000725
1949.68,0.001196
1950.16,0.001809
1950.64,0.002465
1951.13,0.003030
1951.61,0.003379
1952.09,0.003446
1952.57,0.003243
1953.06,0.002854
1953.54,0.002393
1954.02,0.001972
1954.50,0.001654
1954.98,0.001436
1955.46,0.001264
1955.95,0.001073
1956.43,0.000814
1956.91,0.000479
1957.39,0.000094
1957.88,-0.000310
1958.36,-0.000719
1958.84,-0.001163
1959.32,-0.001702
1959.80,-0.002400
1960.29,-0.003283
1960.77,-0.004310
1961.25,-0.005369
1961.73,-0.006317
1962.21,-0.007006
1962.70,-0.007343
1963.18,-0.007309
1963.66,-0.006935
1964.14,-0.006265
1964.62,-0.005323
1965.11,-0.004111
1965.59,-0.002633
1966.07,-0.000940
1966.55,0.000831
1967.04,0.002474
1967.52,0.003763
1968.00,0.004517
1968.48,0.004677
1968.96,0.004328
1969.45,0.003678
1969.93,0.002968
1970.41,0.002416
1970.89,0.002141
1971.38,0.002149
1971.86,0.002366
1972.34,0.002688
1972.82,0.003035
1973.30,0.003369
1973.79,0.003697
1974.27,0.004030
1974.75,0.004349
1975.23,0.004575
1975.71,0.004582
1976.20,0.004219
1976.68,0.003378
1977.16,0.002049
1977.64,0.000346
1978.12,-0.001520
1978.61,-0.003298
1979.09,-0.004757
1979.57,-0.005752
1980.05,-0.006214
1980.54,-0.006148
1981.02,-0.005610
1981.50,-0.004699
1981.98,-0.003536
1982.46,-0.002243
1982.95,-0.000948
1983.43,0.000231
1983.91,0.001201
1984.39,0.001898
1984.87,0.002319
1985.36,0.002532
1985.84,0.002680
1986.32,0.002948
1986.80,0.003504
1987.29,0.004464
1987.77,0.005829
1988.25,0.007469
1988.73,0.009128
1989.21,0.010498
1989.70,0.011292
1990.18,0.011320
1990.66,0.010539
1991.14,0.009050
1991.62,0.007089
1992.11,0.004956
1992.59,0.003006
1993.07,0.001544
1993.55,0.000753
1994.04,0.000669
1994.52,0.001197
1995.00,0.002173
1995.48,0.003393
1995.96,0.004653
1996.44,0.005767
1996.93,0.006559
1997.41,0.006894
1997.89,0.006693
1998.37,0.005939
1998.86,0.004678
1999.34,0.003007
1999.82,0.001078
2000.30,-0.000923
2000.78,-0.002778
2001.27,-0.004247
2001.75,-0.005122
2002.23,-0.005229
2002.71,-0.004473
2003.19,-0.002858
2003.68,-0.000530
2004.16,0.002216
2004.64,0.004995
2005.12,0.007371
2005.61,0.008997
2006.09,0.009715
2006.57,0.009572
2007.05,0.008811
2007.53,0.007785
2008.02,0.006894
2008.50,0.006437
2008.98,0.006557
2009.46,0.007215
2009.94,0.008247
2010.43,0.009426
2010.91,0.010509
2011.39,0.011286
2011.87,0.011572
2012.36,0.011216
2012.84,0.010135
2013.32,0.008330
2013.80,0.005908
2014.28,0.003078
2014.77,0.000160
2015.25,-0.002464
2015.73,-0.004442
2016.21,-0.005509
2016.69,-0.005591
2017.18,-0.004813
2017.66,-0.003462
2018.14,-0.001869
2018.62,-0.000310
2019.11,0.001045
2019.59,0.002156
2020.07,0.003071
2020.55,0.003864
2021.03,0.004573
2021.52,0.005177
2022.00,0.005612
2022.48,0.005822
2022.96,0.005809
2023.44,0.005669
2023.93,0.005580
2024.41,0.005765
2024.89,0.006407
2025.37,0.007577
2025.85,0.009207
2026.34,0.011100
2026.82,0.012993
2027.30,0.014607
2027.78,0.015745
2028.27,0.016343
2028.75,0.016458
2029.23,0.016225
2029.71,0.015786
2030.19,0.015238
2030.67,0.014608
2031.16,0.013876
2031.64,0.013016
2032.12,0.012036
2032.60,0.010999
2033.09,0.010008
2033.57,0.009156
2034.05,0.008481
2034.53,0.007929
2035.02,0.007362
2035.50,0.006588
2035.98,0.005449
2036.46,0.003892
2036.94,0.002009
2037.42,0.000030
2037.91,-0.001740
2038.39,-0.002968
2038.87,-0.003411
2039.35,-0.002986
2039.84,-0.001798
2040.32,-0.000122
2040.80,0.001683
2041.28,0.003231
2041.76,0.004234
2042.25,0.004542
2042.73,0.004161
2043.21,0.003237
2043.69,0.002001
2044.17,0.000714
2044.66,-0.000401
2045.14,-0.001169
2045.62,-0.001480
2046.10,-0.001294
2046.59,-0.000644
2047.07,0.000369
2047.55,0.001594
2048.03,0.002843
2048.51,0.003924
2049.00,0.004685
2049.48,0.005012
2049.96,0.004873
2050.44,0.004306
2050.92,0.003414
2051.41,0.002325
2051.89,0.001161
2052.37,0.000028
2052.85,-0.000997
2053.34,-0.001844
2053.82,-0.002442
2054.30,-0.002725
2054.78,-0.002648
2055.26,-0.002210
2055.75,-0.001469
2056.23,-0.000545
2056.71,0.000396
2057.19,0.001198
2057.67,0.001744
2058.16,0.001999
2058.64,0.002030
2059.12,0.001986
2059.60,0.002051
2060.08,0.002373
2060.57,0.003032
2061.05,0.004004
2061.53,0.005182
2062.01,0.006407
2062.49,0.007539
2062.98,0.008490
2063.46,0.009244
2063.94,0.009837
2064.42,0.010320
2064.91,0.010726
2065.39,0.011052
2065.87,0.011262
2066.35,0.011318
2066.83,0.011210
2067.32,0.010962
2067.80,0.010622
2068.28,0.010236
2068.76,0.009821
2069.24,0.009354
2069.73,0.008788
2070.21,0.008078
2070.69,0.007221
2071.17,0.006267
2071.66,0.005328
2072.14,0.004541
2072.62,0.004028
2073.10,0.003871
2073.58,0.004078
2074.07,0.004595
2074.55,0.005320
2075.03,0.006150
2075.51,0.006992
2075.99,0.007777
2076.48,0.008455
2076.96,0.008980
2077.44,0.009301
2077.92,0.009373
2078.41,0.009168
2078.89,0.008699
2079.37,0.008015
2079.85,0.007209
2080.33,0.006392
2080.82,0.005659
2081.30,0.005075
2081.78,0.004659
2082.26,0.004387
2082.74,0.004211
2083.23,0.004088
2083.71,0.003997
2084.19,0.003948
2084.67,0.003974
2085.16,0.004114
2085.64,0.004384
2086.12,0.004767
2086.60,0.005199
2087.08,0.005578
2087.57,0.005797
2088.05,0.005760
2088.53,0.005420
2089.01,0.004795
2089.49,0.003976
2089.98,0.003108
2090.46,0.002350
2090.94,0.001846
2091.42,0.001686
2091.90,0.001882
2092.39,0.002373
2092.87,0.003042
2093.35,0.003754
2093.83,0.004379
2094.32,0.004833
2094.80,0.005087
2095.28,0.005173
2095.76,0.005160
2096.24,0.005144
2096.72,0.005225
2097.21,0.005471
2097.69,0.005908
2098.17,0.006499
2098.65,0.007153
2099.14,0.007721
2099.62,0.008039
2100.10,0.007972
2100.58,0.007459
2101.06,0.006555
2101.55,0.005419
2102.03,0.004305
2102.51,0.003479
2102.99,0.003138
2103.47,0.003367
2103.96,0.004100
2104.44,0.005151
2104.92,0.006263
2105.40,0.007210
2105.89,0.007857
2106.37,0.008187
2106.85,0.008283
2107.33,0.008282
2107.81,0.008314
2108.30,0.008443
2108.78,0.008657
2109.26,0.008877
2109.74,0.009004
2110.22,0.008958
2110.71,0.008713
2111.19,0.008308
2111.67,0.007836
2112.15,0.007409
2112.64,0.007120
2113.12,0.007028
2113.60,0.007133
2114.08,0.007391
2114.56,0.007719
2115.05,0.008021
2115.53,0.008213
2116.01,0.008229
2116.49,0.008042
2116.97,0.007661
2117.46,0.007129
2117.94,0.006510
2118.42,0.005878
2118.90,0.005313
2119.39,0.004883
2119.87,0.004648
2120.35,0.004647
2120.83,0.004890
2121.31,0.005351
2121.80,0.005958
2122.28,0.006603
2122.76,0.007149
2123.24,0.007461
2123.72,0.007447
2124.21,0.007088
2124.69,0.006455
2125.17,0.005690
2125.65,0.004982
2126.14,0.004495
2126.62,0.004329
2127.10,0.004487
2127.58,0.004875
2128.06,0.005336
2128.55,0.005697
2129.03,0.005841
2129.51,0.005731
2129.99,0.005418
2130.47,0.005020
2130.96,0.004684
2131.44,0.004545
2131.92,0.004685
2132.40,0.005121
2132.88,0.005803
2133.37,0.006630
2133.85,0.007462
2134.33,0.008146
2134.81,0.008557
2135.30,0.008616
2135.78,0.008323
2136.26,0.007764
2136.74,0.007095
2137.22,0.006486
2137.70,0.006073
2138.19,0.005916
2138.67,0.005976
2139.15,0.006135
2139.63,0.006239
2140.12,0.006176
2140.60,0.005908
2141.08,0.005500
2141.56,0.005083
2142.04,0.004816
2142.53,0.004821
2143.01,0.005140
2143.49,0.005734
2143.97,0.006502
2144.45,0.007333
2144.94,0.008130
2145.42,0.008835
2145.90,0.009428
2146.38,0.009901
2146.86,0.010242
2147.35,0.010419
2147.83,0.010376
2148.31,0.010052
2148.79,0.009393
2149.28,0.008374
2149.76,0.007024
2150.24,0.005434
2150.72,0.003775
2151.20,0.002254
2151.69,0.001092
2152.17,0.000468
2152.65,0.000457
2153.13,0.001017
2153.61,0.001976
2154.10,0.003101
2154.58,0.004136
2155.06,0.004901
2155.54,0.005346
2156.03,0.005531
2156.51,0.005576
2156.99,0.005570
2157.47,0.005506
2157.95,0.005270
2158.44,0.004713
2158.92,0.003777
2159.40,0.002605
2159.88,0.001559
2160.36,0.001112
2160.85,0.001604
2161.33,0.003098
2161.81,0.005289
2162.29,0.007624
2162.78,0.009456
2163.26,0.010267
2163.74,0.009844
2164.22,0.008280
2164.70,0.005946
2165.19,0.003330
2165.67,0.000943
2166.15,-0.000824
2166.63,-0.001761
2167.11,-0.001783
2167.60,-0.000904
2168.08,0.000797
2168.56,0.003169
2169.04,0.005964
2169.53,0.008821
2170.01,0.011277
2170.49,0.012905
2170.97,0.013403
2171.45,0.012699
2171.94,0.010987
2172.42,0.008700
2172.90,0.006412
2173.38,0.004635
2173.86,0.003707
2174.35,0.003669
2174.83,0.004299
2175.31,0.005187
2175.79,0.005910
2176.28,0.006177
2176.76,0.005884
2177.24,0.005144
2177.72,0.004219
2178.20,0.003431
2178.68,0.003036
2179.17,0.003154
2179.65,0.003748
2180.13,0.004657
2180.61,0.005646
2181.10,0.006471
2181.58,0.006960
2182.06,0.007044
2182.54,0.006768
2183.02,0.006242
2183.51,0.005592
2183.99,0.004898
2184.47,0.004164
2184.95,0.003331
2185.43,0.002329
2185.92,0.001130
2186.40,-0.000200
2186.88,-0.001500
2187.36,-0.002555
2187.84,-0.003131
2188.33,-0.003050
2188.81,-0.002237
2189.29,-0.000718
2189.77,0.001385
2190.26,0.003903
2190.74,0.006634
2191.22,0.009381
2191.70,0.011936
2192.18,0.014069
2192.67,0.015562
2193.15,0.016230
2193.63,0.015976
2194.11,0.014832
2194.59,0.012960
2195.08,0.010634
2195.56,0.008157
2196.04,0.005831
2196.52,0.003887
2197.01,0.002446
2197.49,0.001541
2197.97,0.001139
2198.45,0.001179
2198.93,0.001593
2199.42,0.002300
2199.90,0.003198
2200.38,0.004137
2200.86,0.004949
2201.34,0.005485
2201.83,0.005656
2202.31,0.005475
2202.79,0.005056
2203.27,0.004588
2203.76,0.004259
2204.24,0.004216
2204.72,0.004518
2205.20,0.005135
2205.68,0.005975
2206.17,0.006922
2206.65,0.007876
2207.13,0.008752
2207.61,0.009481
2208.09,0.010004
2208.58,0.010270
2209.06,0.010254
2209.54,0.009975
2210.02,0.009514
2210.51,0.008995
2210.99,0.008554
2211.47,0.008301
2211.95,0.008274
2212.43,0.008424
2212.92,0.008624
2213.40,0.008725
2213.88,0.008595
2214.36,0.008159
2214.84,0.007416
2215.33,0.006425
2215.81,0.005289
2216.29,0.004120
2216.77,0.003041
2217.26,0.002175
2217.74,0.001639
2218.22,0.001533
2218.70,0.001909
2219.18,0.002737
2219.66,0.003882
2220.15,0.005119
2220.63,0.006192
2221.11,0.006861
2221.59,0.006993
2222.08,0.006597
2222.56,0.005825
2223.04,0.004919
2223.52,0.004133
2224.00,0.003667
2224.49,0.003590
2224.97,0.003851
2225.45,0.004302
2225.93,0.004781
2226.41,0.005152
2226.90,0.005358
2227.38,0.005422
2227.86,0.005433
2228.34,0.005495
2228.82,0.005684
2229.31,0.006024
2229.79,0.006462
2230.27,0.006891
2230.75,0.007167
2231.24,0.007157
2231.72,0.006782
2232.20,0.006042
2232.68,0.005027
2233.16,0.003893
2233.65,0.002841
2234.13,0.002051
2234.61,0.001650
2235.09,0.001685
2235.57,0.002114
2236.06,0.002835
2236.54,0.003717
2237.02,0.004652
2237.50,0.005562
2237.99,0.006421
2238.47,0.007234
2238.95,0.008019
2239.43,0.008795
2239.91,0.009563
2240.40,0.010310
2240.88,0.011015
2241.36,0.011655
2241.84,0.012203
2242.32,0.012639
2242.81,0.012939
2243.29,0.013084
2243.77,0.013052
2244.25,0.012829
2244.74,0.012403
2245.22,0.011770
2245.70,0.010939
2246.18,0.009931
2246.66,0.008788
2247.15,0.007578
2247.63,0.006397
2248.11,0.005353
2248.59,0.004556
2249.07,0.004089
2249.56,0.003977
2250.04,0.004173
2250.52,0.004560
2251.00,0.004989
2251.49,0.005309
2251.97,0.005425
2252.45,0.005323
2252.93,0.005068
2253.41,0.004777
2253.90,0.004564
2254.38,0.004511
2254.86,0.004626
2255.34,0.004858
2255.82,0.005113
2256.31,0.005314
2256.79,0.005420
2257.27,0.005444
2257.75,0.005440
2258.24,0.005475
2258.72,0.005597
2259.20,0.005816
2259.68,0.006106
2260.16,0.006418
2260.64,0.006715
2261.13,0.006983
2261.61,0.007239
2262.09,0.007518
2262.57,0.007857
2263.06,0.008267
2263.54,0.008724
2264.02,0.009174
2264.50,0.009552
2264.98,0.009807
2265.47,0.009920
2265.95,0.009914
2266.43,0.009847
2266.91,0.009790
2267.39,0.009793
2267.88,0.009869
2268.36,0.009981
2268.84,0.010057
2269.32,0.010007
2269.80,0.009759
2270.29,0.009285
2270.77,0.008607
2271.25,0.007794
2271.73,0.006931
2272.22,0.006108
2272.70,0.005391
2273.18,0.004815
2273.66,0.004389
2274.14,0.004114
2274.63,0.003988
2275.11,0.004022
2275.59,0.004228
2276.07,0.004615
2276.55,0.005169
2277.04,0.005842
2277.52,0.006559
2278.00,0.007218
2278.48,0.007728
2278.97,0.008015
2279.45,0.008045
2279.93,0.007827
2280.41,0.007413
2280.89,0.006887
2281.38,0.006342
2281.86,0.005872
2282.34,0.005549
2282.82,0.005408
2283.30,0.005443
2283.79,0.005610
2284.27,0.005843
2284.75,0.006067
2285.23,0.006222
2285.72,0.006278
2286.20,0.006245
2286.68,0.006158
2287.16,0.006068
2287.64,0.006022
2288.13,0.006045
2288.61,0.006143
2289.09,0.006299
2289.57,0.006494
2290.05,0.006711
2290.54,0.006941
2291.02,0.007182
2291.50,0.007425
2291.98,0.007651
2292.47,0.007831
2292.95,0.007933
2293.43,0.007938
2293.91,0.007850
2294.39,0.007699
2294.88,0.007533
2295.36,0.007399
2295.84,0.007326
2296.32,0.007320
2296.80,0.007357
2297.29,0.007405
2297.77,0.007435
2298.25,0.007434
2298.73,0.007408
2299.21,0.007371
2299.70,0.007332
2300.18,0.007286
2300.66,0.007217
2301.14,0.007106
2301.62,0.006947
2302.11,0.006762
2302.59,0.006598
2303.07,0.006514
2303.55,0.006555
2304.04,0.006736
2304.52,0.007026
2305.00,0.007357
2305.48,0.007644
2305.96,0.007809
2306.45,0.007816
2306.93,0.007667
2307.41,0.007411
2307.89,0.007116
2308.38,0.006859
2308.86,0.006697
2309.34,0.006658
2309.82,0.006743
2310.30,0.006924
2310.78,0.007159
2311.27,0.007394
2311.75,0.007581
2312.23,0.007682
2312.71,0.007678
2313.20,0.007573
2313.68,0.007395
2314.16,0.007188
2314.64,0.007000
2315.12,0.006870
2315.61,0.006824
2316.09,0.006864
2316.57,0.006980
2317.05,0.007154
2317.53,0.007365
2318.02,0.007596
2318.50,0.007825
2318.98,0.008032
2319.46,0.008188
2319.95,0.008273
2320.43,0.008278
2320.91,0.008221
2321.39,0.008143
2321.87,0.008103
2322.36,0.008158
2322.84,0.008336
2323.32,0.008623
2323.80,0.008960
2324.28,0.009265
2324.77,0.009453
2325.25,0.009467
2325.73,0.009295
2326.21,0.008965
2326.70,0.008541
2327.18,0.008093
2327.66,0.007693
2328.14,0.007391
2328.62,0.007211
2329.11,0.007149
2329.59,0.007177
2330.07,0.007249
2330.55,0.007304
2331.03,0.007290
2331.52,0.007173
2332.00,0.006951
2332.48,0.006656
2332.96,0.006351
2333.45,0.006111
2333.93,0.005988
2334.41,0.006006
2334.89,0.006141
2335.37,0.006338
2335.86,0.006525
2336.34,0.006642
2336.82,0.006659
2337.30,0.006581
2337.78,0.006438
2338.27,0.006268
2338.75,0.006101
2339.23,0.005957
2339.71,0.005848
2340.19,0.005794
2340.68,0.005828
2341.16,0.005986
2341.64,0.006293
2342.12,0.006737
2342.61,0.007259
2343.09,0.007757
2343.57,0.008127
2344.05,0.008289
2344.53,0.008229
2345.02,0.008002
2345.50,0.007712
2345.98,0.007467
2346.46,0.007332
2346.94,0.007303
2347.43,0.007323
2347.91,0.007314
2348.39,0.007208
2348.87,0.006977
2349.35,0.006626
2349.84,0.006193
2350.32,0.005723
2350.80,0.005263
2351.28,0.004858
2351.76,0.004542
2352.25,0.004348
2352.73,0.004305
2353.21,0.004431
2353.69,0.004727
2354.18,0.005159
2354.66,0.005658
2355.14,0.006125
2355.62,0.006464
2356.10,0.006615
2356.59,0.006583
2357.07,0.006447
2357.55,0.006323
2358.03,0.006331
2358.51,0.006531
2359.00,0.006903
2359.48,0.007344
2359.96,0.007713
2360.44,0.007888
2360.93,0.007806
2361.41,0.007491
2361.89,0.007039
2362.37,0.006584
2362.85,0.006248
2363.34,0.006126
2363.82,0.006267
2364.30,0.006678
2364.78,0.007331
2365.26,0.008165
2365.75,0.009092
2366.23,0.009993
2366.71,0.010726
2367.19,0.011163
2367.68,0.011204
2368.16,0.010815
2368.64,0.010041
2369.12,0.009003
2369.60,0.007865
2370.09,0.006791
2370.57,0.005916
2371.05,0.005315
2371.53,0.005003
2372.01,0.004945
2372.50,0.005083
2372.98,0.005348
2373.46,0.005678
2373.94,0.006026
2374.43,0.006357
2374.91,0.006649
2375.39,0.006891
2375.87,0.007079
2376.35,0.007217
2376.84,0.007311
2377.32,0.007367
2377.80,0.007388
2378.28,0.007374
2378.76,0.007324
2379.25,0.007242
2379.73,0.007139
2380.21,0.007033
2380.69,0.006944
2381.17,0.006888
2381.66,0.006866
2382.14,0.006867
2382.62,0.006862
2383.10,0.006815
2383.59,0.006693
2384.07,0.006476
2384.55,0.006165
2385.03,0.005780
2385.51,0.005365
2385.99,0.004977
2386.48,0.004669
2386.96,0.004489
2387.44,0.004466
2387.92,0.004603
2388.41,0.004878
2388.89,0.005242
2389.37,0.005633
2389.85,0.005982
2390.33,0.006233
2390.82,0.006348
2391.30,0.006319
2391.78,0.006166
2392.26,0.005931
2392.74,0.005673
2393.23,0.005449
2393.71,0.005305
2394.19,0.005273
2394.67,0.005364
2395.16,0.005569
2395.64,0.005863
2396.12,0.006208
2396.60,0.006559
2397.08,0.006867
2397.57,0.007094
2398.05,0.007210
2398.53,0.007201
2399.01,0.007074
2399.49,0.006851
2399.98,0.006566
2400.46,0.006257
2400.94,0.005961
2401.42,0.005710
2401.91,0.005525
2402.39,0.005423
2402.87,0.005415
2403.35,0.005502
2403.83,0.005682
2404.32,0.005942
2404.80,0.006256
2405.28,0.006587
2405.76,0.006893
2406.24,0.007129
2406.73,0.007260
2407.21,0.007263
2407.69,0.007137
2408.17,0.006903
2408.66,0.006595
2409.14,0.006262
2409.62,0.005952
2410.10,0.005706
2410.58,0.005551
2411.07,0.005500
2411.55,0.005546
2412.03,0.005674
2412.51,0.005859
2412.99,0.006080
2413.48,0.006318
2413.96,0.006562
2414.44,0.006805
2414.92,0.007040
2415.41,0.007253
2415.89,0.007426
2416.37,0.007532
2416.85,0.007546
2417.33,0.007450
2417.82,0.007244
2418.30,0.006948
2418.78,0.006604
2419.26,0.006268
2419.74,0.005995
2420.23,0.005829
2420.71,0.005793
2421.19,0.005878
2421.67,0.006052
2422.15,0.006267
2422.64,0.006477
2423.12,0.006651
2423.60,0.006782
2424.08,0.006891
2424.57,0.007015
2425.05,0.007192
2425.53,0.007443
2426.01,0.007762
2426.49,0.008112
2426.97,0.008439
2427.46,0.008679
2427.94,0.008792
2428.42,0.008761
2428.90,0.008608
2429.39,0.008374
2429.87,0.008112
2430.35,0.007867
2430.83,0.007668
2431.31,0.007527
2431.80,0.007446
2432.28,0.007430
2432.76,0.007490
2433.24,0.007640
2433.72,0.007889
2434.21,0.008219
2434.69,0.008586
2435.17,0.008914
2435.65,0.009112
2436.14,0.009102
2436.62,0.008841
2437.10,0.008337
2437.58,0.007647
2438.06,0.006866
2438.55,0.006100
2439.03,0.005437
2439.51,0.004932
2439.99,0.004601
2440.47,0.004427
2440.96,0.004378
2441.44,0.004421
2441.92,0.004537
2442.40,0.004717
2442.89,0.004962
2443.37,0.005268
2443.85,0.005621
2444.33,0.005994
2444.81,0.006352
2445.30,0.006658
2445.78,0.006886
2446.26,0.007027
2446.74,0.007096
2447.22,0.007119
2447.71,0.007127
2448.19,0.007146
2448.67,0.007184
2449.15,0.007232
2449.64,0.007269
2450.12,0.007277
2450.60,0.007246
2451.08,0.007185
2451.56,0.007119
2452.05,0.007077
2452.53,0.007081
2453.01,0.007133
2453.49,0.007212
2453.97,0.007282
2454.46,0.007312
2454.94,0.007285
2455.42,0.007211
2455.90,0.007121
2456.39,0.007058
2456.87,0.007052
2457.35,0.007109
2457.83,0.007208
2458.31,0.007312
2458.80,0.007384
2459.28,0.007411
2459.76,0.007410
2460.24,0.007422
2460.72,0.007499
2461.21,0.007675
2461.69,0.007950
2462.17,0.008289
2462.65,0.008632
2463.13,0.008907
2463.62,0.009056
2464.10,0.009051
2464.58,0.008889
2465.06,0.008594
2465.55,0.008197
2466.03,0.007737
2466.51,0.007252
2466.99,0.006773
2467.47,0.006336
2467.95,0.005971
2468.44,0.005700
2468.92,0.005538
2469.40,0.005486
2469.88,0.005539
2470.37,0.005688
2470.85,0.005934
2471.33,0.006280
2471.81,0.006727
2472.29,0.007265
2472.78,0.007854
2473.26,0.008425
2473.74,0.008897
2474.22,0.009196
2474.70,0.009280
2475.19,0.009159
2475.67,0.008897
2476.15,0.008589
2476.63,0.008328
2477.11,0.008182
2477.60,0.008163
2478.08,0.008237
2478.56,0.008335
2479.04,0.008387
2479.53,0.008347
2480.01,0.008204
2480.49,0.007983
2480.97,0.007732
2481.45,0.007501
2481.94,0.007325
2482.42,0.007221
2482.90,0.007189
2483.38,0.007216
2483.86,0.007279
2484.35,0.007353
2484.83,0.007408
2485.31,0.007417
2485.79,0.007355
2486.28,0.007210
2486.76,0.006987
2487.24,0.006712
2487.72,0.006420
2488.20,0.006157
2488.69,0.005966
2489.17,0.005875
2489.65,0.005905
2490.13,0.006063
2490.61,0.006347
2491.10,0.006740
2491.58,0.007211
2492.06,0.007706
2492.54,0.008151
2493.03,0.008469
2493.51,0.008598
2493.99,0.008513
2494.47,0.008239
2494.95,0.007850
2495.44,0.007449
2495.92,0.007127
2496.40,0.006946
2496.88,0.006911
2497.36,0.006982
2497.85,0.007090
2498.33,0.007178
2498.81,0.007218
2499.29,0.007220
2499.78,0.007219
2500.26,0.007249
2500.74,0.007319
2501.22,0.007402
2501.70,0.007444
2502.19,0.007387
2502.67,0.007202
2503.15,0.006905
2503.63,0.006562
2504.11,0.006258
2504.60,0.006078
2505.08,0.006074
2505.56,0.006250
2506.04,0.006568
2506.53,0.006959
2507.01,0.007355
2507.49,0.007697
2507.97,0.007950
2508.45,0.008100
2508.93,0.008143
2509.42,0.008086
2509.90,0.007937
2510.38,0.007717
2510.86,0.007461
2511.35,0.007214
2511.83,0.007033
2512.31,0.006964
2512.79,0.007028
2513.27,0.007216
2513.76,0.007491
2514.24,0.007794
2514.72,0.008068
2515.20,0.008277
2515.68,0.008411
2516.17,0.008487
2516.65,0.008535
2517.13,0.008584
2517.61,0.008647
2518.09,0.008717
2518.58,0.008771
2519.06,0.008787
2519.54,0.008753
2520.02,0.008678
2520.51,0.008586
2520.99,0.008511
2521.47,0.008480
2521.95,0.008505
2522.43,0.008578
2522.92,0.008680
2523.40,0.008792
2523.88,0.008906
2524.36,0.009027
2524.84,0.009173
2525.33,0.009360
2525.81,0.009593
2526.29,0.009856
2526.77,0.010116
2527.26,0.010336
2527.74,0.010490
2528.22,0.010575
2528.70,0.010615
2529.18,0.010647
2529.67,0.010713
2530.15,0.010832
2530.63,0.010996
2531.11,0.011168
2531.59,0.011296
2532.08,0.011333
2532.56,0.011250
2533.04,0.011048
2533.52,0.010753
2534.01,0.010412
2534.49,0.010073
2534.97,0.009776
2535.45,0.009549
2535.93,0.009401
2536.42,0.009321
2536.90,0.009285
2537.38,0.009259
2537.86,0.009203
2538.34,0.009087
2538.83,0.008901
2539.31,0.008666
2539.79,0.008436
2540.27,0.008280
2540.76,0.008266
2541.24,0.008430
2541.72,0.008757
2542.20,0.009179
2542.68,0.009593
2543.17,0.009897
2543.65,0.010015
2544.13,0.009927
2544.61,0.009665
2545.09,0.009300
2545.58,0.008903
2546.06,0.008529
2546.54,0.008201
2547.02,0.007918
2547.50,0.007675
2547.99,0.007480
2548.47,0.007354
2548.95,0.007332
2549.43,0.007431
2549.91,0.007641
2550.40,0.007916
2550.88,0.008189
2551.36,0.008403
2551.84,0.008529
2552.33,0.008582
2552.81,0.008606
2553.29,0.008652
2553.77,0.008740
2554.25,0.008848
2554.74,0.008909
2555.22,0.008850
2555.70,0.008621
2556.18,0.008228
2556.66,0.007735
2557.15,0.007251
2557.63,0.006892
2558.11,0.006740
2558.59,0.006819
2559.07,0.007098
2559.56,0.007514
2560.04,0.007989
2560.52,0.008465
2561.00,0.008910
2561.49,0.009312
2561.97,0.009662
2562.45,0.009950
2562.93,0.010153
2563.41,0.010246
2563.90,0.010218
2564.38,0.010076
2564.86,0.009853
2565.34,0.009596
2565.82,0.009356
2566.31,0.009175
2566.79,0.009078
2567.27,0.009074
2567.75,0.009155
2568.24,0.009302
2568.72,0.009488
2569.20,0.009682
2569.68,0.009854
2570.16,0.009984
2570.65,0.010069
2571.13,0.010126
2571.61,0.010190
2572.09,0.010295
2572.57,0.010463
2573.06,0.010680
2573.54,0.010902
2574.02,0.011060
2574.50,0.011094
2574.99,0.010976
2575.47,0.010724
2575.95,0.010404
2576.43,0.010102
2576.91,0.009897
2577.40,0.009829
2577.88,0.009890
2578.36,0.010032
2578.84,0.010194
2579.32,0.010328
2579.81,0.010413
2580.29,0.010460
2580.77,0.010489
2581.25,0.010517
2581.74,0.010536
2582.22,0.010521
2582.70,0.010440
2583.18,0.010275
2583.66,0.010037
2584.14,0.009761
2584.63,0.009502
2585.11,0.009306
2585.59,0.009199
2586.07,0.009177
2586.56,0.009214
2587.04,0.009276
2587.52,0.009336
2588.00,0.009381
2588.48,0.009413
2588.97,0.009438
2589.45,0.009460
2589.93,0.009482
2590.41,0.009501
2590.89,0.009524
2591.38,0.009562
2591.86,0.009632
2592.34,0.009744
2592.82,0.009894
2593.31,0.010055
2593.79,0.010186
2594.27,0.010247
2594.75,0.010207
2595.23,0.010068
2595.72,0.009855
2596.20,0.009619
2596.68,0.009408
2597.16,0.009262
2597.64,0.009199
2598.13,0.009217
2598.61,0.009299
2599.09,0.009421
2599.57,0.009560
2600.05,0.009697
2600.54,0.009809
2601.02,0.009880
2601.50,0.009895
2601.98,0.009847
2602.47,0.009747
2602.95,0.009617
2603.43,0.009490
2603.91,0.009393
2604.39,0.009342
2604.88,0.009334
2605.36,0.009353
2605.84,0.009379
2606.32,0.009401
2606.80,0.009424
2607.29,0.009469
2607.77,0.009562
2608.25,0.009720
2608.73,0.009944
2609.22,0.010213
2609.70,0.010496
2610.18,0.010760
2610.66,0.010986
2611.14,0.011166
2611.63,0.011310
2612.11,0.011426
2612.59,0.011523
2613.07,0.011603
2613.55,0.011662
2614.04,0.011702
2614.52,0.011730
2615.00,0.011760
2615.48,0.011809
2615.97,0.011884
2616.45,0.011982
2616.93,0.012083
2617.41,0.012162
2617.89,0.012197
2618.38,0.012182
2618.86,0.012127
2619.34,0.012052
2619.82,0.011981
2620.30,0.011927
2620.79,0.011887
2621.27,0.011846
2621.75,0.011786
2622.23,0.011692
2622.72,0.011563
2623.20,0.011408
2623.68,0.011248
2624.16,0.011099
2624.64,0.010975
2625.12,0.010882
2625.61,0.010822
2626.09,0.010796
2626.57,0.010809
2627.05,0.010868
2627.54,0.010974
2628.02,0.011122
2628.50,0.011296
2628.98,0.011472
2629.46,0.011622
2629.95,0.011727
2630.43,0.011775
2630.91,0.011769
2631.39,0.011721
2631.88,0.011650
2632.36,0.011576
2632.84,0.011517
2633.32,0.011483
2633.80,0.011481
2634.28,0.011511
2634.77,0.011564
2635.25,0.011626
2635.73,0.011681
2636.21,0.011712
2636.70,0.011711
2637.18,0.011685
2637.66,0.011648
2638.14,0.011625
2638.62,0.011637
2639.11,0.011692
2639.59,0.011781
2640.07,0.011876
2640.55,0.011942
2641.03,0.011951
2641.52,0.011888
2642.00,0.011766
2642.48,0.011615
2642.96,0.011474
2643.45,0.011383
2643.93,0.011361
2644.41,0.011410
2644.89,0.011513
2645.37,0.011648
2645.86,0.011787
2646.34,0.011912
2646.82,0.012014
2647.30,0.012091
2647.78,0.012143
2648.27,0.012170
2648.75,0.012173
2649.23,0.012155
2649.71,0.012125
2650.20,0.012100
2650.68,0.012101
2651.16,0.012145
2651.64,0.012243
2652.12,0.012390
2652.61,0.012567
2653.09,0.012742
2653.57,0.012885
2654.05,0.012971
2654.53,0.012990
2655.02,0.012949
2655.50,0.012867
2655.98,0.012768
2656.46,0.012673
2656.95,0.012594
2657.43,0.012535
2657.91,0.012492
2658.39,0.012462
2658.87,0.012445
2659.36,0.012448
2659.84,0.012482
2660.32,0.012556
2660.80,0.012671
2661.28,0.012815
2661.77,0.012968
2662.25,0.013099
2662.73,0.013183
2663.21,0.013203
2663.70,0.013157
2664.18,0.013059
2664.66,0.012928
2665.14,0.012791
2665.62,0.012665
2666.11,0.012561
2666.59,0.012480
2667.07,0.012418
2667.55,0.012374
2668.03,0.012349
2668.52,0.012346
2669.00,0.012371
2669.48,0.012427
2669.96,0.012511
2670.44,0.012618
2670.93,0.012737
2671.41,0.012860
2671.89,0.012981
2672.37,0.013096
2672.86,0.013205
2673.34,0.013309
2673.82,0.013403
2674.30,0.013484
2674.78,0.013548
2675.26,0.013593
2675.75,0.013620
2676.23,0.013633
2676.71,0.013638
2677.19,0.013639
2677.68,0.013637
2678.16,0.013634
2678.64,0.013631
2679.12,0.013632
2679.60,0.013644
2680.09,0.013675
2680.57,0.013727
2681.05,0.013798
2681.53,0.013881
2682.01,0.013963
2682.50,0.014032
2682.98,0.014084
2683.46,0.014119
2683.94,0.014145
2684.43,0.014170
2684.91,0.014197
2685.39,0.014221
2685.87,0.014235
2686.35,0.014226
2686.84,0.014192
2687.32,0.014135
2687.80,0.014073
2688.28,0.014024
2688.76,0.014007
2689.25,0.014033
2689.73,0.014105
2690.21,0.014212
2690.69,0.014340
2691.18,0.014473
2691.66,0.014590
2692.14,0.014674
2692.62,0.014705
2693.10,0.014663
2693.59,0.014535
2694.07,0.014320
2694.55,0.014036
2695.03,0.013715
2695.51,0.013408
2696.00,0.013163
2696.48,0.013014
2696.96,0.012972
2697.44,0.013017
2697.93,0.013113
2698.41,0.013216
2698.89,0.013291
2699.37,0.013328
2699.85,0.013339
2700.34,0.013356
2700.82,0.013409
2701.30,0.013523
2701.78,0.013703
2702.26,0.013933
2702.75,0.014186
2703.23,0.014430
2703.71,0.014640
2704.19,0.014796
2704.68,0.014892
2705.16,0.014927
2705.64,0.014906
2706.12,0.014842
2706.60,0.014751
2707.09,0.014653
2707.57,0.014573
2708.05,0.014534
2708.53,0.014551
2709.01,0.014628
2709.50,0.014758
2709.98,0.014919
2710.46,0.015090
2710.94,0.015244
2711.42,0.015364
2711.91,0.015439
2712.39,0.015464
2712.87,0.015440
2713.35,0.015371
2713.84,0.015268
2714.32,0.015145
2714.80,0.015021
2715.28,0.014919
2715.76,0.014857
2716.24,0.014845
2716.73,0.014881
2717.21,0.014950
2717.69,0.015026
2718.17,0.015085
2718.66,0.015112
2719.14,0.015105
2719.62,0.015076
2720.10,0.015045
2720.58,0.015033
2721.07,0.015050
2721.55,0.015096
2722.03,0.015157
2722.51,0.015215
2722.99,0.015256
2723.48,0.015276
2723.96,0.015283
2724.44,0.015294
2724.92,0.015333
2725.41,0.015415
2725.89,0.015546
2726.37,0.015719
2726.85,0.015918
2727.33,0.016124
2727.82,0.016320
2728.30,0.016497
2728.78,0.016653
2729.26,0.016793
2729.74,0.016923
2730.23,0.017043
2730.71,0.017148
2731.19,0.017226
2731.67,0.017262
2732.16,0.017244
2732.64,0.017168
2733.12,0.017040
2733.60,0.016879
2734.08,0.016708
2734.57,0.016554
2735.05,0.016437
2735.53,0.016368
2736.01,0.016349
2736.49,0.016368
2736.98,0.016409
2737.46,0.016452
2737.94,0.016480
2738.42,0.016480
2738.91,0.016452
2739.39,0.016400
2739.87,0.016339
2740.35,0.016286
2740.83,0.016258
2741.32,0.016266
2741.80,0.016316
2742.28,0.016405
2742.76,0.016523
2743.24,0.016659
2743.73,0.016800
2744.21,0.016936
2744.69,0.017059
2745.17,0.017162
2745.66,0.017239
2746.14,0.017282
2746.62,0.017285
2747.10,0.017247
2747.58,0.017174
2748.07,0.017080
2748.55,0.016986
2749.03,0.016914
2749.51,0.016883
2749.99,0.016900
2750.48,0.016959
2750.96,0.017046
2751.44,0.017142
2751.92,0.017235
2752.40,0.017320
2752.89,0.017403
2753.37,0.017500
2753.85,0.017623
2754.33,0.017783
2754.82,0.017979
2755.30,0.018200
2755.78,0.018429
2756.26,0.018645
2756.74,0.018826
2757.22,0.018955
2757.71,0.019020
2758.19,0.019014
2758.67,0.018939
2759.15,0.018804
2759.64,0.018632
2760.12,0.018449
2760.60,0.018287
2761.08,0.018174
2761.56,0.018127
2762.05,0.018150
2762.53,0.018237
2763.01,0.018375
2763.49,0.018549
2763.97,0.018751
2764.46,0.018975
2764.94,0.019214
2765.42,0.019457
2765.90,0.019687
2766.39,0.019878
2766.87,0.020003
2767.35,0.020049
2767.83,0.020018
2768.31,0.019929
2768.80,0.019819
2769.28,0.019726
2769.76,0.019678
2770.24,0.019685
2770.72,0.019738
2771.21,0.019814
2771.69,0.019886
2772.17,0.019932
2772.65,0.019943
2773.14,0.019923
2773.62,0.019883
2774.10,0.019837
2774.58,0.019799
2775.06,0.019776
2775.55,0.019774
2776.03,0.019794
2776.51,0.019835
2776.99,0.019893
2777.47,0.019958
2777.96,0.020021
2778.44,0.020071
2778.92,0.020101
2779.40,0.020112
2779.89,0.020115
2780.37,0.020123
2780.85,0.020150
2781.33,0.020202
2781.81,0.020276
2782.30,0.020361
2782.78,0.020444
2783.26,0.020516
2783.74,0.020579
2784.22,0.020640
2784.71,0.020712
2785.19,0.020797
2785.67,0.020888
2786.15,0.020964
2786.63,0.021001
2787.12,0.020976
2787.60,0.020883
2788.08,0.020734
2788.56,0.020558
2789.05,0.020393
2789.53,0.020268
2790.01,0.020202
2790.49,0.020195
2790.97,0.020233
2791.46,0.020294
2791.94,0.020357
2792.42,0.020408
2792.90,0.020443
2793.38,0.020463
2793.87,0.020474
2794.35,0.020486
2794.83,0.020509
2795.31,0.020555
2795.80,0.020639
2796.28,0.020774
2796.76,0.020969
2797.24,0.021221
2797.72,0.021519
2798.20,0.021837
2798.69,0.022145
2799.17,0.022414
2799.65,0.022621
2800.13,0.022757
2800.62,0.022822
2801.10,0.022827
2801.58,0.022788
2802.06,0.022720
2802.54,0.022634
2803.03,0.022540
2803.51,0.022445
2803.99,0.022357
2804.47,0.022286
2804.95,0.022242
2805.44,0.022238
2805.92,0.022283
2806.40,0.022383
2806.88,0.022535
2807.36,0.022729
2807.85,0.022943
2808.33,0.023154
2808.81,0.023335
2809.29,0.023467
2809.78,0.023539
2810.26,0.023556
2810.74,0.023535
2811.22,0.023498
2811.70,0.023468
2812.19,0.023460
2812.67,0.023479
2813.15,0.023519
2813.63,0.023563
2814.11,0.023596
2814.60,0.023603
2815.08,0.023579
2815.56,0.023522
2816.04,0.023440
2816.53,0.023346
2817.01,0.023256
2817.49,0.023192
2817.97,0.023177
2818.45,0.023233
2818.94,0.023379
2819.42,0.023618
2819.90,0.023942
2820.38,0.024323
2820.86,0.024724
2821.35,0.025105
2821.83,0.025431
2822.31,0.025678
2822.79,0.025840
2823.28,0.025920
2823.76,0.025932
2824.24,0.025890
2824.72,0.025810
2825.20,0.025706
2825.69,0.025593
2826.17,0.025488
2826.65,0.025408
2827.13,0.025364
2827.61,0.025362
2828.10,0.025396
2828.58,0.025452
2829.06,0.025512
2829.54,0.025564
2830.03,0.025602
2830.51,0.025634
2830.99,0.025676
2831.47,0.025746
2831.95,0.025856
2832.44,0.026010
2832.92,0.026205
2833.40,0.026429
2833.88,0.026671
2834.36,0.026916
2834.85,0.027156
2835.33,0.027382
2835.81,0.027584
2836.29,0.027758
2836.77,0.027905
2837.26,0.028036
2837.74,0.028169
2838.22,0.028331
2838.70,0.028543
2839.18,0.028816
2839.67,0.029140
2840.15,0.029489
2840.63,0.029828
2841.11,0.030125
2841.60,0.030362
2842.08,0.030546
2842.56,0.030706
2843.04,0.030879
2843.52,0.031102
2844.01,0.031397
2844.49,0.031763
2844.97,0.032184
2845.45,0.032630
2845.93,0.033076
2846.42,0.033502
2846.90,0.033902
2847.38,0.034276
2847.86,0.034630
2848.34,0.034966
2848.83,0.035282
2849.31,0.035573
2849.79,0.035831
2850.27,0.036053
2850.76,0.036240
2851.24,0.036398
2851.72,0.036536
2852.20,0.036662
2852.68,0.036782
2853.17,0.036899
2853.65,0.037009
2854.13,0.037102
2854.61,0.037163
2855.09,0.037172
2855.58,0.037115
2856.06,0.036985
2856.54,0.036790
2857.02,0.036548
2857.51,0.036289
2857.99,0.036040
2858.47,0.035821
2858.95,0.035633
2859.43,0.035464
2859.92,0.035295
2860.40,0.035106
2860.88,0.034892
2861.36,0.034662
2861.84,0.034438
2862.33,0.034240
2862.81,0.034081
2863.29,0.033953
2863.77,0.033838
2864.26,0.033713
2864.74,0.033560
2865.22,0.033383
2865.70,0.033199
2866.18,0.033040
2866.67,0.032934
2867.15,0.032894
2867.63,0.032913
2868.11,0.032973
2868.59,0.033046
2869.08,0.033113
2869.56,0.033168
2870.04,0.033220
2870.52,0.033283
2871.01,0.033366
2871.49,0.033470
2871.97,0.033586
2872.45,0.033703
2872.93,0.033813
2873.41,0.033920
2873.90,0.034036
2874.38,0.034172
2874.86,0.034328
2875.34,0.034490
2875.83,0.034625
2876.31,0.034699
2876.79,0.034689
2877.27,0.034593
2877.75,0.034440
2878.24,0.034278
2878.72,0.034160
2879.20,0.034127
2879.68,0.034195
2880.16,0.034349
2880.65,0.034554
2881.13,0.034764
2881.61,0.034938
2882.09,0.035052
2882.58,0.035093
2883.06,0.035066
2883.54,0.034983
2884.02,0.034861
2884.50,0.034718
2884.99,0.034576
2885.47,0.034458
2885.95,0.034385
2886.43,0.034375
2886.91,0.034435
2887.40,0.034558
2887.88,0.034731
2888.36,0.034931
2888.84,0.035140
2889.32,0.035347
2889.81,0.035553
2890.29,0.035763
2890.77,0.035986
2891.25,0.036222
2891.74,0.036462
2892.22,0.036689
2892.70,0.036883
2893.18,0.037030
2893.66,0.037124
2894.15,0.037173
2894.63,0.037193
2895.11,0.037206
2895.59,0.037228
2896.07,0.037272
2896.56,0.037341
2897.04,0.037431
2897.52,0.037533
2898.00,0.037638
2898.49,0.037741
2898.97,0.037841
2899.45,0.037946
2899.93,0.038067
2900.41,0.038220
2900.90,0.038414
2901.38,0.038652
2901.86,0.038918
2902.34,0.039187
2902.82,0.039425
2903.31,0.039603
2903.79,0.039708
2904.27,0.039752
2904.75,0.039773
2905.24,0.039825
2905.72,0.039960
2906.20,0.040212
2906.68,0.040587
2907.16,0.041055
2907.65,0.041563
2908.13,0.042053
2908.61,0.042478
2909.09,0.042811
2909.57,0.043054
2910.06,0.043229
2910.54,0.043374
2911.02,0.043522
2911.50,0.043708
2911.99,0.043958
2912.47,0.044292
2912.95,0.044727
2913.43,0.045270
2913.91,0.045913
2914.39,0.046628
2914.88,0.047366
2915.36,0.048068
2915.84,0.048673
2916.32,0.049140
2916.81,0.049461
2917.29,0.049665
2917.77,0.049809
2918.25,0.049960
2918.73,0.050180
2919.22,0.050500
2919.70,0.050917
2920.18,0.051396
2920.66,0.051880
2921.14,0.052302
2921.63,0.052605
2922.11,0.052748
2922.59,0.052715
2923.07,0.052512
2923.55,0.052167
2924.04,0.051725
2924.52,0.051241
2925.00,0.050769
2925.48,0.050356
2925.97,0.050035
2926.45,0.049815
2926.93,0.049689
2927.41,0.049636
2927.89,0.049629
2928.38,0.049647
2928.86,0.049676
2929.34,0.049712
2929.82,0.049753
2930.30,0.049797
2930.79,0.049834
2931.27,0.049849
2931.75,0.049823
2932.23,0.049740
2932.72,0.049595
2933.20,0.049395
2933.68,0.049158
2934.16,0.048906
2934.64,0.048664
2935.13,0.048452
2935.61,0.048283
2936.09,0.048163
2936.57,0.048089
2937.05,0.048052
2937.54,0.048035
2938.02,0.048018
2938.50,0.047980
2938.98,0.047906
2939.47,0.047786
2939.95,0.047626
2940.43,0.047438
2940.91,0.047241
2941.39,0.047049
2941.88,0.046868
2942.36,0.046689
2942.84,0.046498
2943.32,0.046275
2943.80,0.046007
2944.29,0.045693
2944.77,0.045344
2945.25,0.044984
2945.73,0.044636
2946.22,0.044328
2946.70,0.044077
2947.18,0.043900
2947.66,0.043809
2948.14,0.043810
2948.62,0.043904
2949.11,0.044079
2949.59,0.044306
2950.07,0.044544
2950.55,0.044740
2951.04,0.044850
2951.52,0.044847
2952.00,0.044733
2952.48,0.044537
2952.97,0.044311
2953.45,0.044110
2953.93,0.043976
2954.41,0.043928
2954.89,0.043960
2955.38,0.044049
2955.86,0.044164
2956.34,0.044279
2956.82,0.044381
2957.30,0.044464
2957.79,0.044527
2958.27,0.044571
2958.75,0.044591
2959.23,0.044584
2959.71,0.044549
2960.20,0.044496
2960.68,0.044441
2961.16,0.044403
2961.64,0.044399
2962.12,0.044431
2962.61,0.044490
2963.09,0.044550
2963.57,0.044584
2964.05,0.044567
2964.53,0.044487
2965.02,0.044353
2965.50,0.044185
2965.98,0.044019
2966.46,0.043889
2966.95,0.043826
2967.43,0.043846
2967.91,0.043945
2968.39,0.044099
2968.88,0.044270
2969.36,0.044410
2969.84,0.044474
2970.32,0.044432
2970.80,0.044278
2971.28,0.044032
2971.77,0.043731
2972.25,0.043422
2972.73,0.043147
2973.21,0.042931
2973.70,0.042781
2974.18,0.042689
2974.66,0.042644
2975.14,0.042634
2975.62,0.042654
2976.11,0.042705
2976.59,0.042780
2977.07,0.042866
2977.55,0.042938
2978.03,0.042969
2978.52,0.042936
2979.00,0.042836
2979.48,0.042688
2979.96,0.042529
2980.45,0.042394
2980.93,0.042310
2981.41,0.042277
2981.89,0.042272
2982.37,0.042257
2982.86,0.042197
2983.34,0.042077
2983.82,0.041910
2984.30,0.041727
2984.78,0.041567
2985.27,0.041463
2985.75,0.041426
2986.23,0.041444
2986.71,0.041494
2987.20,0.041549
2987.68,0.041595
2988.16,0.041627
2988.64,0.041654
2989.12,0.041682
2989.61,0.041711
2990.09,0.041730
2990.57,0.041721
2991.05,0.041668
2991.53,0.041566
2992.02,0.041425
2992.50,0.041265
2992.98,0.041114
2993.46,0.040996
2993.95,0.040923
2994.43,0.040898
2994.91,0.040916
2995.39,0.040968
2995.87,0.041045
2996.36,0.041142
2996.84,0.041252
2997.32,0.041373
2997.80,0.041504
2998.28,0.041646
2998.77,0.041803
2999.25,0.041981
2999.73,0.042186
3000.21,0.042413
3000.69,0.042651
3001.18,0.042875
3001.66,0.043060
3002.14,0.043183
3002.62,0.043238
3003.11,0.043234
3003.59,0.043192
3004.07,0.043132
3004.55,0.043070
3005.03,0.042999
3005.51,0.042903
3006.00,0.042763
3006.48,0.042572
3006.96,0.042349
3007.44,0.042139
3007.93,0.041996
3008.41,0.041972
3008.89,0.042091
3009.37,0.042338
3009.85,0.042660
3010.34,0.042984
3010.82,0.043241
3011.30,0.043384
3011.78,0.043406
3012.26,0.043339
3012.75,0.043238
3013.23,0.043162
3013.71,0.043152
3014.19,0.043221
3014.68,0.043355
3015.16,0.043518
3015.64,0.043668
3016.12,0.043775
3016.60,0.043827
3017.09,0.043836
3017.57,0.043828
3018.05,0.043839
3018.53,0.043899
3019.01,0.044024
3019.50,0.044211
3019.98,0.044435
3020.46,0.044662
3020.94,0.044853
3021.43,0.044981
3021.91,0.045036
3022.39,0.045031
3022.87,0.044994
3023.35,0.044955
3023.84,0.044943
3024.32,0.044968
3024.80,0.045026
3025.28,0.045101
3025.76,0.045179
3026.25,0.045249
3026.73,0.045315
3027.21,0.045386
3027.69,0.045474
3028.18,0.045583
3028.66,0.045707
3029.14,0.045832
3029.62,0.045944
3030.10,0.046034
3030.59,0.046106
3031.07,0.046173
3031.55,0.046246
3032.03,0.046332
3032.51,0.046421
3033.00,0.046493
3033.48,0.046521
3033.96,0.046486
3034.44,0.046385
3034.93,0.046235
3035.41,0.046065
3035.89,0.045914
3036.37,0.045814
3036.85,0.045785
3037.34,0.045836
3037.82,0.045961
3038.30,0.046150
3038.78,0.046384
3039.26,0.046642
3039.75,0.046896
3040.23,0.047117
3040.71,0.047278
3041.19,0.047364
3041.67,0.047380
3042.16,0.047360
3042.64,0.047349
3043.12,0.047406
3043.60,0.047574
3044.09,0.047870
3044.57,0.048282
3045.05,0.048766
3045.53,0.049268
3046.01,0.049733
3046.49,0.050127
3046.98,0.050433
3047.46,0.050650
3047.94,0.050786
3048.42,0.050846
3048.91,0.050834
3049.39,0.050753
3049.87,0.050614
3050.35,0.050438
3050.83,0.050255
3051.32,0.050093
3051.80,0.049973
3052.28,0.049895
3052.76,0.049844
3053.24,0.049798
3053.73,0.049739
3054.21,0.049666
3054.69,0.049597
3055.17,0.049557
3055.66,0.049575
3056.14,0.049662
3056.62,0.049810
3057.10,0.049995
3057.58,0.050191
3058.07,0.050381
3058.55,0.050567
3059.03,0.050762
3059.51,0.050984
3059.99,0.051241
3060.48,0.051516
3060.96,0.051774
3061.44,0.051971
3061.92,0.052077
3062.41,0.052085
3062.89,0.052022
3063.37,0.051935
3063.85,0.051881
3064.33,0.051904
3064.82,0.052020
3065.30,0.052217
3065.78,0.052462
3066.26,0.052717
3066.74,0.052953
3067.23,0.053153
3067.71,0.053315
3068.19,0.053439
3068.67,0.053518
3069.16,0.053540
3069.64,0.053488
3070.12,0.053353
3070.60,0.053142
3071.08,0.052888
3071.57,0.052633
3072.05,0.052429
3072.53,0.052315
3073.01,0.052302
3073.49,0.052376
3073.98,0.052497
3074.46,0.052615
3074.94,0.052690
3075.42,0.052700
3075.90,0.052651
3076.39,0.052572
3076.87,0.052505
3077.35,0.052489
3077.83,0.052550
3078.32,0.052691
3078.80,0.052894
3079.28,0.053125
3079.76,0.053347
3080.24,0.053530
3080.73,0.053656
3081.21,0.053725
3081.69,0.053747
3082.17,0.053740
3082.65,0.053716
3083.14,0.053679
3083.62,0.053626
3084.10,0.053552
3084.58,0.053454
3085.07,0.053341
3085.55,0.053234
3086.03,0.053162
3086.51,0.053152
3086.99,0.053221
3087.47,0.053369
3087.96,0.053576
3088.44,0.053808
3088.92,0.054024
3089.40,0.054185
3089.89,0.054263
3090.37,0.054244
3090.85,0.054129
3091.33,0.053931
3091.81,0.053681
3092.30,0.053420
3092.78,0.053201
3093.26,0.053087
3093.74,0.053128
3094.22,0.053360
3094.71,0.053784
3095.19,0.054363
3095.67,0.055018
3096.15,0.055646
3096.64,0.056149
3097.12,0.056448
3097.60,0.056509
3098.08,0.056351
3098.56,0.056035
3099.05,0.055644
3099.53,0.055263
3100.01,0.054962
3100.49,0.054779
3100.97,0.054722
3101.46,0.054772
3101.94,0.054896
3102.42,0.055050
3102.90,0.055194
3103.39,0.055294
3103.87,0.055325
3104.35,0.055274
3104.83,0.055136
3105.31,0.054917
3105.80,0.054634
3106.28,0.054311
3106.76,0.053981
3107.24,0.053680
3107.72,0.053443
3108.21,0.053300
3108.69,0.053270
3109.17,0.053351
3109.65,0.053527
3110.14,0.053763
3110.62,0.054022
3111.10,0.054267
3111.58,0.054478
3112.06,0.054658
3112.55,0.054825
3113.03,0.055007
3113.51,0.055224
3113.99,0.055474
3114.47,0.055732
3114.96,0.055951
3115.44,0.056079
3115.92,0.056083
3116.40,0.055961
3116.88,0.055746
3117.37,0.055501
3117.85,0.055296
3118.33,0.055188
3118.81,0.055202
3119.30,0.055330
3119.78,0.055536
3120.26,0.055773
3120.74,0.055991
3121.22,0.056157
3121.71,0.056245
3122.19,0.056242
3122.67,0.056142
3123.15,0.055945
3123.63,0.055671
3124.12,0.055355
3124.60,0.055055
3125.08,0.054839
3125.56,0.054769
3126.04,0.054881
3126.53,0.055174
3127.01,0.055608
3127.49,0.056110
3127.97,0.056599
3128.45,0.057013
3128.94,0.057315
3129.42,0.057506
3129.90,0.057611
3130.38,0.057665
3130.87,0.057699
3131.35,0.057729
3131.83,0.057759
3132.31,0.057786
3132.79,0.057807
3133.28,0.057823
3133.76,0.057842
3134.24,0.057871
3134.72,0.057914
3135.20,0.057973
3135.69,0.058049
3136.17,0.058143
3136.65,0.058259
3137.13,0.058401
3137.61,0.058567
3138.10,0.058745
3138.58,0.058916
3139.06,0.059054
3139.54,0.059142
3140.03,0.059174
3140.51,0.059162
3140.99,0.059129
3141.47,0.059096
3141.95,0.059079
3142.44,0.059074
3142.92,0.059066
3143.40,0.059037
3143.88,0.058977
3144.36,0.058892
3144.85,0.058803
3145.33,0.058732
3145.81,0.058696
3146.29,0.058694
3146.78,0.058711
3147.26,0.058724
3147.74,0.058722
3148.22,0.058712
3148.70,0.058723
3149.19,0.058792
3149.67,0.058952
3150.15,0.059214
3150.63,0.059563
3151.11,0.059965
3151.60,0.060379
3152.08,0.060778
3152.56,0.061149
3153.04,0.061500
3153.53,0.061838
3154.01,0.062162
3154.49,0.062452
3154.97,0.062670
3155.45,0.062781
3155.94,0.062767
3156.42,0.062647
3156.90,0.062477
3157.38,0.062334
3157.86,0.062294
3158.35,0.062409
3158.83,0.062686
3159.31,0.063091
3159.79,0.063554
3160.28,0.064000
3160.76,0.064360
3161.24,0.064591
3161.72,0.064679
3162.20,0.064629
3162.68,0.064461
3163.17,0.064199
3163.65,0.063875
3164.13,0.063518
3164.61,0.063167
3165.10,0.062867
3165.58,0.062660
3166.06,0.062584
3166.54,0.062662
3167.02,0.062891
3167.51,0.063247
3167.99,0.063682
3168.47,0.064140
3168.95,0.064561
3169.43,0.064891
3169.92,0.065097
3170.40,0.065163
3170.88,0.065102
3171.36,0.064946
3171.85,0.064747
3172.33,0.064566
3172.81,0.064462
3173.29,0.064481
3173.77,0.064649
3174.26,0.064963
3174.74,0.065392
3175.22,0.065888
3175.70,0.066391
3176.18,0.066846
3176.67,0.067215
3177.15,0.067483
3177.63,0.067660
3178.11,0.067774
3178.59,0.067864
3179.08,0.067961
3179.56,0.068080
3180.04,0.068218
3180.52,0.068350
3181.01,0.068449
3181.49,0.068488
3181.97,0.068458
3182.45,0.068365
3182.93,0.068234
3183.42,0.068093
3183.90,0.067968
3184.38,0.067873
3184.86,0.067812
3185.34,0.067783
3185.83,0.067787
3186.31,0.067831
3186.79,0.067930
3187.27,0.068097
3187.76,0.068334
3188.24,0.068623
3188.72,0.068926
3189.20,0.069197
3189.68,0.069395
3190.17,0.069498
3190.65,0.069515
3191.13,0.069477
3191.61,0.069425
3192.09,0.069392
3192.58,0.069391
3193.06,0.069408
3193.54,0.069419
3194.02,0.069399
3194.51,0.069341
3194.99,0.069268
3195.47,0.069220
3195.95,0.069244
3196.43,0.069370
3196.92,0.069600
3197.40,0.069905
3197.88,0.070231
3198.36,0.070518
3198.84,0.070722
3199.33,0.070828
3199.81,0.070848
3200.29,0.070816
3200.77,0.070767
3201.26,0.070729
3201.74,0.070709
3202.22,0.070698
3202.70,0.070681
3203.18,0.070645
3203.66,0.070591
3204.15,0.070536
3204.63,0.070509
3205.11,0.070543
3205.59,0.070659
3206.08,0.070859
3206.56,0.071125
3207.04,0.071420
3207.52,0.071701
3208.00,0.071931
3208.49,0.072091
3208.97,0.072184
3209.45,0.072234
3209.93,0.072273
3210.41,0.072333
3210.90,0.072434
3211.38,0.072582
3211.86,0.072767
3212.34,0.072981
3212.82,0.073217
3213.31,0.073472
3213.79,0.073748
3214.27,0.074038
3214.75,0.074318
3215.24,0.074550
3215.72,0.074689
3216.20,0.074700
3216.68,0.074577
3217.16,0.074350
3217.65,0.074085
3218.13,0.073857
3218.61,0.073728
3219.09,0.073723
3219.57,0.073822
3220.06,0.073964
3220.54,0.074071
3221.02,0.074084
3221.50,0.073980
3221.99,0.073776
3222.47,0.073521
3222.95,0.073272
3223.43,0.073070
3223.91,0.072926
3224.40,0.072827
3224.88,0.072752
3225.36,0.072689
3225.84,0.072651
3226.32,0.072674
3226.81,0.072799
3227.29,0.073058
3227.77,0.073448
3228.25,0.073931
3228.74,0.074437
3229.22,0.074883
3229.70,0.075199
3230.18,0.075342
3230.66,0.075308
3231.15,0.075129
3231.63,0.074862
3232.11,0.074573
3232.59,0.074328
3233.07,0.074180
3233.56,0.074159
3234.04,0.074276
3234.52,0.074513
3235.00,0.074837
3235.49,0.075197
3235.97,0.075541
3236.45,0.075824
3236.93,0.076019
3237.41,0.076114
3237.90,0.076120
3238.38,0.076059
3238.86,0.075960
3239.34,0.075854
3239.82,0.075772
3240.31,0.075742
3240.79,0.075784
3241.27,0.075909
3241.75,0.076104
3242.24,0.076337
3242.72,0.076551
3243.20,0.076684
3243.68,0.076683
3244.16,0.076522
3244.64,0.076218
3245.13,0.075833
3245.61,0.075461
3246.09,0.075194
3246.57,0.075108
3247.06,0.075230
3247.54,0.075538
3248.02,0.075970
3248.50,0.076446
3248.98,0.076892
3249.47,0.077254
3249.95,0.077509
3250.43,0.077663
3250.91,0.077740
3251.39,0.077773
3251.88,0.077793
3252.36,0.077825
3252.84,0.077878
3253.32,0.077954
3253.80,0.078041
3254.29,0.078118
3254.77,0.078161
3255.25,0.078144
3255.73,0.078050
3256.22,0.077869
3256.70,0.077604
3257.18,0.077268
3257.66,0.076884
3258.14,0.076486
3258.63,0.076110
3259.11,0.075807
3259.59,0.075623
3260.07,0.075601
3260.55,0.075763
3261.04,0.076102
3261.52,0.076572
3262.00,0.077093
3262.48,0.077577
3262.97,0.077939
3263.45,0.078131
3263.93,0.078151
3264.41,0.078047
3264.89,0.077895
3265.38,0.077770
3265.86,0.077733
3266.34,0.077804
3266.82,0.077972
3267.30,0.078205
3267.79,0.078470
3268.27,0.078749
3268.75,0.079043
3269.23,0.079361
3269.72,0.079707
3270.20,0.080066
3270.68,0.080401
3271.16,0.080663
3271.64,0.080802
3272.13,0.080790
3272.61,0.080625
3273.09,0.080339
3273.57,0.079979
3274.05,0.079603
3274.54,0.079259
3275.02,0.078977
3275.50,0.078770
3275.98,0.078633
3276.47,0.078555
3276.95,0.078518
3277.43,0.078509
3277.91,0.078523
3278.39,0.078562
3278.88,0.078639
3279.36,0.078770
3279.84,0.078975
3280.32,0.079263
3280.80,0.079626
3281.29,0.080036
3281.77,0.080450
3282.25,0.080818
3282.73,0.081094
3283.22,0.081254
3283.70,0.081297
3284.18,0.081247
3284.66,0.081140
3285.14,0.081011
3285.62,0.080887
3286.11,0.080777
3286.59,0.080675
3287.07,0.080567
3287.55,0.080439
3288.04,0.080282
3288.52,0.080091
3289.00,0.079872
3289.48,0.079638
3289.96,0.079409
3290.45,0.079214
3290.93,0.079086
3291.41,0.079052
3291.89,0.079120
3292.38,0.079276
3292.86,0.079479
3293.34,0.079669
3293.82,0.079785
3294.30,0.079797
3294.78,0.079712
3295.27,0.079583
3295.75,0.079487
3296.23,0.079502
3296.71,0.079672
3297.20,0.079987
3297.68,0.080381
3298.16,0.080749
3298.64,0.080996
3299.12,0.081052
3299.61,0.080909
3300.09,0.080616
3300.57,0.080258
3301.05,0.079928
3301.53,0.079694
3302.02,0.079584
3302.50,0.079587
3302.98,0.079662
3303.46,0.079763
3303.95,0.079856
3304.43,0.079928
3304.91,0.079982
3305.39,0.080033
3305.87,0.080093
3306.36,0.080168
3306.84,0.080251
3307.32,0.080331
3307.80,0.080395
3308.28,0.080434
3308.77,0.080443
3309.25,0.080422
3309.73,0.080366
3310.21,0.080271
3310.70,0.080128
3311.18,0.079931
3311.66,0.079677
3312.14,0.079376
3312.62,0.079049
3313.11,0.078728
3313.59,0.078447
3314.07,0.078236
3314.55,0.078105
3315.03,0.078043
3315.52,0.078018
3316.00,0.077980
3316.48,0.077886
3316.96,0.077704
3317.45,0.077437
3317.93,0.077115
3318.41,0.076800
3318.89,0.076562
3319.37,0.076460
3319.86,0.076530
3320.34,0.076768
3320.82,0.077137
3321.30,0.077573
3321.78,0.077998
3322.27,0.078345
3322.75,0.078559
3323.23,0.078616
3323.71,0.078516
3324.20,0.078289
3324.68,0.077980
3325.16,0.077647
3325.64,0.077350
3326.12,0.077131
3326.61,0.077013
3327.09,0.076987
3327.57,0.077023
3328.05,0.077073
3328.53,0.077095
3329.02,0.077067
3329.50,0.076996
3329.98,0.076919
3330.46,0.076881
3330.94,0.076921
3331.43,0.077048
3331.91,0.077238
3332.39,0.077433
3332.87,0.077568
3333.36,0.077590
3333.84,0.077477
3334.32,0.077245
3334.80,0.076939
3335.28,0.076622
3335.76,0.076348
3336.25,0.076152
3336.73,0.076047
3337.21,0.076026
3337.69,0.076073
3338.18,0.076173
3338.66,0.076313
3339.14,0.076481
3339.62,0.076659
3340.10,0.076818
3340.59,0.076923
3341.07,0.076941
3341.55,0.076846
3342.03,0.076637
3342.51,0.076333
3343.00,0.075974
3343.48,0.075614
3343.96,0.075303
3344.44,0.075078
3344.93,0.074960
3345.41,0.074947
3345.89,0.075021
3346.37,0.075146
3346.85,0.075277
3347.34,0.075368
3347.82,0.075378
3348.30,0.075281
3348.78,0.075072
3349.26,0.074770
3349.75,0.074409
3350.23,0.074038
3350.71,0.073702
3351.19,0.073433
3351.68,0.073247
3352.16,0.073144
3352.64,0.073119
3353.12,0.073164
3353.60,0.073273
3354.09,0.073444
3354.57,0.073667
3355.05,0.073919
3355.53,0.074156
3356.01,0.074320
3356.50,0.074358
3356.98,0.074235
3357.46,0.073955
3357.94,0.073562
3358.43,0.073140
3358.91,0.072781
3359.39,0.072561
3359.87,0.072515
3360.35,0.072627
3360.84,0.072839
3361.32,0.073068
3361.80,0.073233
3362.28,0.073288
3362.76,0.073228
3363.25,0.073088
3363.73,0.072923
3364.21,0.072791
3364.69,0.072726
3365.17,0.072728
3365.66,0.072772
3366.14,0.072816
3366.62,0.072821
3367.10,0.072762
3367.59,0.072633
3368.07,0.072442
3368.55,0.072208
3369.03,0.071945
3369.51,0.071668
3370.00,0.071391
3370.48,0.071132
3370.96,0.070912
3371.44,0.070752
3371.92,0.070664
3372.41,0.070636
3372.89,0.070633
3373.37,0.070605
3373.85,0.070497
3374.33,0.070281
3374.82,0.069967
3375.30,0.069615
3375.78,0.069313
3376.26,0.069156
3376.74,0.069210
3377.23,0.069486
3377.71,0.069932
3378.19,0.070444
3378.67,0.070907
3379.16,0.071220
3379.64,0.071326
3380.12,0.071226
3380.60,0.070965
3381.08,0.070612
3381.57,0.070224
3382.05,0.069841
3382.53,0.069473
3383.01,0.069111
3383.49,0.068747
3383.98,0.068385
3384.46,0.068047
3384.94,0.067771
3385.42,0.067592
3385.91,0.067529
3386.39,0.067572
3386.87,0.067682
3387.35,0.067806
3387.83,0.067889
3388.32,0.067897
3388.80,0.067826
3389.28,0.067705
3389.76,0.067580
3390.24,0.067503
3390.73,0.067515
3391.21,0.067626
3391.69,0.067810
3392.17,0.068014
3392.66,0.068170
3393.14,0.068209
3393.62,0.068083
3394.10,0.067781
3394.58,0.067327
3395.07,0.066772
3395.55,0.066177
3396.03,0.065604
3396.51,0.065098
3396.99,0.064688
3397.48,0.064390
3397.96,0.064211
3398.44,0.064154
3398.92,0.064217
3399.41,0.064392
3399.89,0.064662
3400.37,0.064994
3400.85,0.065346
3401.33,0.065672
3401.82,0.065926
3402.30,0.066079
3402.78,0.066115
3403.26,0.066038
3403.74,0.065869
3404.23,0.065635
3404.71,0.065369
3405.19,0.065094
3405.67,0.064833
3406.15,0.064598
3406.64,0.064390
3407.12,0.064206
3407.60,0.064034
3408.08,0.063866
3408.57,0.063695
3409.05,0.063529
3409.53,0.063387
3410.01,0.063296
3410.49,0.063281
3410.97,0.063353
3411.46,0.063501
3411.94,0.063690
3412.42,0.063869
3412.90,0.063986
3413.39,0.064008
3413.87,0.063931
3414.35,0.063785
3414.83,0.063620
3415.31,0.063492
3415.80,0.063440
3416.28,0.063473
3416.76,0.063571
3417.24,0.063691
3417.72,0.063784
3418.21,0.063811
3418.69,0.063748
3419.17,0.063594
3419.65,0.063367
3420.14,0.063092
3420.62,0.062796
3421.10,0.062507
3421.58,0.062246
3422.06,0.062023
3422.55,0.061842
3423.03,0.061696
3423.51,0.061574
3423.99,0.061466
3424.47,0.061369
3424.96,0.061296
3425.44,0.061269
3425.92,0.061315
3426.40,0.061453
3426.89,0.061682
3427.37,0.061971
3427.85,0.062262
3428.33,0.062480
3428.81,0.062563
3429.30,0.062467
3429.78,0.062192
3430.26,0.061777
3430.74,0.061291
3431.22,0.060808
3431.71,0.060395
3432.19,0.060096
3432.67,0.059927
3433.15,0.059882
3433.64,0.059938
3434.12,0.060065
3434.60,0.060229
3435.08,0.060392
3435.56,0.060518
3436.05,0.060572
3436.53,0.060522
3437.01,0.060352
3437.49,0.060060
3437.97,0.059666
3438.46,0.059205
3438.94,0.058727
3439.42,0.058288
3439.90,0.057940
3440.39,0.057733
3440.87,0.057700
3441.35,0.057856
3441.83,0.058193
3442.31,0.058674
3442.80,0.059240
3443.28,0.059808
3443.76,0.060300
3444.24,0.060649
3444.72,0.060821
3445.21,0.060818
3445.69,0.060675
3446.17,0.060453
3446.65,0.060214
3447.13,0.060019
3447.62,0.059908
3448.10,0.059896
3448.58,0.059968
3449.06,0.060083
3449.55,0.060183
3450.03,0.060203
3450.51,0.060087
3450.99,0.059799
3451.47,0.059332
3451.95,0.058709
3452.44,0.057990
3452.92,0.057253
3453.40,0.056580
3453.88,0.056036
3454.37,0.055652
3454.85,0.055427
3455.33,0.055330
3455.81,0.055322
3456.29,0.055372
3456.78,0.055460
3457.26,0.055584
3457.74,0.055742
3458.22,0.055926
3458.70,0.056108
3459.19,0.056248
3459.67,0.056296
3460.15,0.056215
3460.63,0.055988
3461.11,0.055629
3461.60,0.055174
3462.08,0.054671
3462.56,0.054172
3463.04,0.053718
3463.53,0.053336
3464.01,0.053041
3464.49,0.052834
3464.97,0.052709
3465.45,0.052651
3465.94,0.052640
3466.42,0.052651
3466.90,0.052662
3467.38,0.052661
3467.86,0.052649
3468.35,0.052643
3468.83,0.052666
3469.31,0.052741
3469.79,0.052876
3470.28,0.053059
3470.76,0.053261
3471.24,0.053440
3471.72,0.053563
3472.20,0.053604
3472.69,0.053555
3473.17,0.053420
3473.65,0.053206
3474.13,0.052919
3474.61,0.052560
3475.10,0.052135
3475.58,0.051656
3476.06,0.051155
3476.54,0.050680
3477.03,0.050279
3477.51,0.049991
3477.99,0.049833
3478.47,0.049792
3478.95,0.049833
3479.44,0.049910
3479.92,0.049988
3480.40,0.050044
3480.88,0.050076
3481.36,0.050095
3481.85,0.050113
3482.33,0.050126
3482.81,0.050115
3483.29,0.050042
3483.78,0.049867
3484.26,0.049564
3484.74,0.049133
3485.22,0.048600
3485.70,0.048016
3486.19,0.047448
3486.67,0.046960
3487.15,0.046606
3487.63,0.046417
3488.11,0.046397
3488.60,0.046527
3489.08,0.046763
3489.56,0.047061
3490.04,0.047375
3490.53,0.047673
3491.01,0.047937
3491.49,0.048157
3491.97,0.048326
3492.45,0.048436
3492.93,0.048470
3493.42,0.048412
3493.90,0.048251
3494.38,0.047994
3494.86,0.047669
3495.35,0.047322
3495.83,0.047010
3496.31,0.046780
3496.79,0.046657
3497.27,0.046634
3497.76,0.046672
3498.24,0.046714
3498.72,0.046701
3499.20,0.046592
3499.68,0.046371
3500.17,0.046048
3500.65,0.045652
3501.13,0.045219
3501.61,0.044787
3502.09,0.044383
3502.58,0.044032
3503.06,0.043744
3503.54,0.043524
3504.02,0.043364
3504.51,0.043250
3504.99,0.043163
3505.47,0.043079
3505.95,0.042986
3506.43,0.042879
3506.92,0.042772
3507.40,0.042686
3507.88,0.042650
3508.36,0.042691
3508.84,0.042825
3509.33,0.043048
3509.81,0.043333
3510.29,0.043630
3510.77,0.043872
3511.26,0.043987
3511.74,0.043916
3512.22,0.043623
3512.70,0.043102
3513.18,0.042382
3513.67,0.041525
3514.15,0.040621
3514.63,0.039773
3515.11,0.039085
3515.59,0.038639
3516.08,0.038478
3516.56,0.038596
3517.04,0.038940
3517.52,0.039423
3518.01,0.039931
3518.49,0.040361
3518.97,0.040630
3519.45,0.040689
3519.93,0.040535
3520.42,0.040203
3520.90,0.039756
3521.38,0.039261
3521.86,0.038781
3522.34,0.038360
3522.83,0.038010
3523.31,0.037719
3523.79,0.037454
3524.27,0.037180
3524.76,0.036878
3525.24,0.036556
3525.72,0.036255
3526.20,0.036036
3526.68,0.035956
3527.17,0.036050
3527.65,0.036309
3528.13,0.036683
3528.61,0.037087
3529.09,0.037416
3529.58,0.037585
3530.06,0.037544
3530.54,0.037298
3531.02,0.036893
3531.51,0.036406
3531.99,0.035926
3532.47,0.035527
3532.95,0.035264
3533.43,0.035164
3533.91,0.035219
3534.40,0.035389
3534.88,0.035606
3535.36,0.035792
3535.84,0.035861
3536.33,0.035752
3536.81,0.035443
3537.29,0.034970
3537.77,0.034413
3538.25,0.033880
3538.74,0.033471
3539.22,0.033245
3539.70,0.033208
3540.18,0.033313
3540.66,0.033489
3541.15,0.033656
3541.63,0.033748
3542.11,0.033733
3542.59,0.033605
3543.07,0.033375
3543.56,0.033066
3544.04,0.032697
3544.52,0.032291
3545.00,0.031872
3545.49,0.031479
3545.97,0.031166
3546.45,0.030983
3546.93,0.030967
3547.41,0.031115
3547.90,0.031379
3548.38,0.031670
3548.86,0.031895
3549.34,0.031977
3549.82,0.031877
3550.31,0.031601
3550.79,0.031191
3551.27,0.030712
3551.75,0.030233
3552.24,0.029824
3552.72,0.029539
3553.20,0.029404
3553.68,0.029416
3554.16,0.029533
3554.65,0.029696
3555.13,0.029830
3555.61,0.029871
3556.09,0.029780
3556.57,0.029546
3557.06,0.029193
3557.54,0.028771
3558.02,0.028346
3558.50,0.027980
3558.99,0.027712
3559.47,0.027550
3559.95,0.027471
3560.43,0.027432
3560.91,0.027386
3561.40,0.027304
3561.88,0.027183
3562.36,0.027047
3562.84,0.026926
3563.32,0.026851
3563.81,0.026835
3564.29,0.026876
3564.77,0.026959
3565.25,0.027068
3565.74,0.027197
3566.22,0.027346
3566.70,0.027517
3567.18,0.027698
3567.66,0.027853
3568.15,0.027920
3568.63,0.027841
3569.11,0.027584
3569.59,0.027166
3570.07,0.026640
3570.56,0.026067
3571.04,0.025492
3571.52,0.024940
3572.00,0.024413
3572.49,0.023898
3572.97,0.023380
3573.45,0.022851
3573.93,0.022319
3574.41,0.021811
3574.89,0.021367
3575.38,0.021026
3575.86,0.020816
3576.34,0.020743
3576.82,0.020786
3577.31,0.020905
3577.79,0.021048
3578.27,0.021168
3578.75,0.021227
3579.23,0.021203
3579.72,0.021091
3580.20,0.020900
3580.68,0.020651
3581.16,0.020368
3581.64,0.020080
3582.13,0.019811
3582.61,0.019578
3583.09,0.019394
3583.57,0.019261
3584.05,0.019182
3584.54,0.019154
3585.02,0.019173
3585.50,0.019238
3585.98,0.019340
3586.47,0.019466
3586.95,0.019587
3587.43,0.019663
3587.91,0.019652
3588.39,0.019524
3588.88,0.019286
3589.36,0.018984
3589.84,0.018687
3590.32,0.018452
3590.80,0.018304
3591.29,0.018239
3591.77,0.018228
3592.25,0.018237
3592.73,0.018230
3593.22,0.018182
3593.70,0.018080
3594.18,0.017923
3594.66,0.017721
3595.14,0.017486
3595.63,0.017230
3596.11,0.016961
3596.59,0.016690
3597.07,0.016427
3597.55,0.016189
3598.04,0.015997
3598.52,0.015866
3599.00,0.015803
3599.48,0.015801
3599.97,0.015845
3600.45,0.015911
3600.93,0.015978
3601.41,0.016027
3601.89,0.016053
3602.38,0.016054
3602.86,0.016031
3603.34,0.015983
3603.82,0.015907
3604.30,0.015801
3604.79,0.015666
3605.27,0.015510
3605.75,0.015346
3606.23,0.015186
3606.72,0.015035
3607.20,0.014885
3607.68,0.014712
3608.16,0.014480
3608.64,0.014159
3609.12,0.013735
3609.61,0.013227
3610.09,0.012680
3610.57,0.012149
3611.05,0.011676
3611.54,0.011280
3612.02,0.010960
3612.50,0.010701
3612.98,0.010486
3613.46,0.010300
3613.95,0.010132
3614.43,0.009977
3614.91,0.009828
3615.39,0.009683
3615.88,0.009543
3616.36,0.009421
3616.84,0.009338
3617.32,0.009325
3617.80,0.009415
3618.29,0.009634
3618.77,0.009987
3619.25,0.010450
3619.73,0.010966
3620.21,0.011456
3620.70,0.011843
3621.18,0.012083
3621.66,0.012169
3622.14,0.012117
3622.62,0.011952
3623.11,0.011694
3623.59,0.011358
3624.07,0.010960
3624.55,0.010529
3625.03,0.010099
3625.52,0.009714
3626.00,0.009414
3626.48,0.009221
3626.96,0.009132
3627.45,0.009127
3627.93,0.009171
3628.41,0.009227
3628.89,0.009274
3629.37,0.009308
3629.86,0.009345
3630.34,0.009397
3630.82,0.009456
3631.30,0.009493
3631.78,0.009478
3632.27,0.009397
3632.75,0.009250
3633.23,0.009044
3633.71,0.008783
3634.20,0.008464
3634.68,0.008074
3635.16,0.007602
3635.64,0.007044
3636.12,0.006422
3636.61,0.005783
3637.09,0.005192
3637.57,0.004712
3638.05,0.004392
3638.53,0.004246
3639.02,0.004250
3639.50,0.004342
3639.98,0.004447
3640.46,0.004505
3640.95,0.004492
3641.43,0.004421
3641.91,0.004333
3642.39,0.004272
3642.87,0.004262
3643.36,0.004294
3643.84,0.004334
3644.32,0.004335
3644.80,0.004267
3645.28,0.004120
3645.77,0.003910
3646.25,0.003667
3646.73,0.003425
3647.21,0.003205
3647.70,0.003015
3648.18,0.002856
3648.66,0.002741
3649.14,0.002711
3649.62,0.002846
3650.11,0.003221
3650.59,0.003851
3651.07,0.004638
3651.55,0.005398
3652.03,0.005930
3652.52,0.006119
3653.00,0.005962
3653.48,0.005536
3653.96,0.004947
3654.44,0.004297
3654.93,0.003670
3655.41,0.003130
3655.89,0.002721
3656.37,0.002470
3656.86,0.002379
3657.34,0.002419
3657.82,0.002534
3658.30,0.002669
3658.78,0.002781
3659.27,0.002852
3659.75,0.002883
3660.23,0.002876
3660.71,0.002831
3661.19,0.002741
3661.68,0.002592
3662.16,0.002371
3662.64,0.002071
3663.12,0.001701
3663.60,0.001284
3664.09,0.000856
3664.57,0.000459
3665.05,0.000129
3665.53,-0.000113
3666.01,-0.000268
3666.50,-0.000353
3666.98,-0.000398
3667.46,-0.000433
3667.94,-0.000474
3668.43,-0.000519
3668.91,-0.000542
3669.39,-0.000503
3669.87,-0.000359
3670.35,-0.000092
3670.84,0.000264
3671.32,0.000621
3671.80,0.000878
3672.28,0.000980
3672.76,0.000936
3673.25,0.000799
3673.73,0.000631
3674.21,0.000488
3674.69,0.000407
3675.18,0.000401
3675.66,0.000459
3676.14,0.000539
3676.62,0.000585
3677.10,0.000562
3677.59,0.000485
3678.07,0.000402
3678.55,0.000356
3679.03,0.000363
3679.51,0.000409
3680.00,0.000466
3680.48,0.000497
3680.96,0.000469
3681.44,0.000367
3681.93,0.000195
3682.41,-0.000029
3682.89,-0.000276
3683.37,-0.000524
3683.85,-0.000756
3684.34,-0.000965
3684.82,-0.001152
3685.30,-0.001322
3685.78,-0.001481
3686.26,-0.001639
3686.75,-0.001807
3687.23,-0.001999
3687.71,-0.002227
3688.19,-0.002494
3688.68,-0.002782
3689.16,-0.003039
3689.64,-0.003171
3690.12,-0.003077
3690.60,-0.002687
3691.09,-0.002012
3691.57,-0.001150
3692.05,-0.000257
3692.53,0.000495
3693.01,0.000979
3693.50,0.001118
3693.98,0.000908
3694.46,0.000403
3694.94,-0.000302
3695.42,-0.001093
3695.91,-0.001856
3696.39,-0.002485
3696.87,-0.002905
3697.35,-0.003086
3697.84,-0.003049
3698.32,-0.002858
3698.80,-0.002597
3699.28,-0.002347
3699.76,-0.002154
3700.24,-0.002024
3700.73,-0.001926
3701.21,-0.001806
3701.69,-0.001611
3702.17,-0.001312
3702.66,-0.000929
3703.14,-0.000527
3703.62,-0.000194
3704.10,0.000010
3704.58,0.000064
3705.07,-0.000004
3705.55,-0.000145
3706.03,-0.000305
3706.51,-0.000453
3706.99,-0.000581
3707.48,-0.000699
3707.96,-0.000827
3708.44,-0.000976
3708.92,-0.001132
3709.41,-0.001256
3709.89,-0.001289
3710.37,-0.001172
3710.85,-0.000874
3711.33,-0.000423
3711.82,0.000083
3712.30,0.000506
3712.78,0.000716
3713.26,0.000653
3713.74,0.000351
3714.23,-0.000093
3714.71,-0.000572
3715.19,-0.001013
3715.67,-0.001378
3716.16,-0.001658
3716.64,-0.001859
3717.12,-0.001980
3717.60,-0.002021
3718.08,-0.001979
3718.57,-0.001857
3719.05,-0.001679
3719.53,-0.001486
3720.01,-0.001338
3720.49,-0.001293
3720.98,-0.001394
3721.46,-0.001659
3721.94,-0.002073
3722.42,-0.002593
3722.91,-0.003147
3723.39,-0.003654
3723.87,-0.004028
3724.35,-0.004200
3724.83,-0.004131
3725.32,-0.003813
3725.80,-0.003274
3726.28,-0.002578
3726.76,-0.001829
3727.24,-0.001156
3727.73,-0.000676
3728.21,-0.000466
3728.69,-0.000528
3729.17,-0.000801
3729.66,-0.001187
3730.14,-0.001597
3730.62,-0.001971
3731.10,-0.002284
3731.58,-0.002551
3732.07,-0.002812
3732.55,-0.003114
3733.03,-0.003489
3733.51,-0.003924
3733.99,-0.004354
3734.48,-0.004687
3734.96,-0.004827
3735.44,-0.004719
3735.92,-0.004380
3736.40,-0.003909
3736.89,-0.003461
3737.37,-0.003171
3737.85,-0.003094
3738.33,-0.003186
3738.82,-0.003346
3739.30,-0.003470
3739.78,-0.003490
3740.26,-0.003385
3740.74,-0.003179
3741.22,-0.002923
3741.71,-0.002687
3742.19,-0.002530
3742.67,-0.002488
3743.15,-0.002561
3743.64,-0.002716
3744.12,-0.002900
3744.60,-0.003049
3745.08,-0.003124
3745.56,-0.003144
3746.05,-0.003194
3746.53,-0.003372
3747.01,-0.003715
3747.49,-0.004194
3747.97,-0.004736
3748.46,-0.005266
3748.94,-0.005697
3749.42,-0.005945
3749.90,-0.005935
3750.39,-0.005617
3750.87,-0.004991
3751.35,-0.004127
3751.83,-0.003160
3752.31,-0.002239
3752.80,-0.001482
3753.28,-0.000956
3753.76,-0.000666
3754.24,-0.000580
3754.72,-0.000644
3755.21,-0.000803
3755.69,-0.001002
3756.17,-0.001195
3756.65,-0.001351
3757.14,-0.001445
3757.62,-0.001469
3758.10,-0.001428
3758.58,-0.001338
3759.06,-0.001221
3759.55,-0.001097
3760.03,-0.000984
3760.51,-0.000891
3760.99,-0.000826
3761.47,-0.000794
3761.96,-0.000799
3762.44,-0.000838
3762.92,-0.000904
3763.40,-0.000983
3763.89,-0.001065
3764.37,-0.001143
3764.85,-0.001223
3765.33,-0.001318
3765.81,-0.001452
3766.30,-0.001640
3766.78,-0.001887
3767.26,-0.002174
3767.74,-0.002466
3768.22,-0.002725
3768.71,-0.002918
3769.19,-0.003026
3769.67,-0.003042
3770.15,-0.002969
3770.64,-0.002820
3771.12,-0.002618
3771.60,-0.002391
3772.08,-0.002166
3772.56,-0.001967
3773.05,-0.001815
3773.53,-0.001726
3774.01,-0.001709
3774.49,-0.001770
3774.97,-0.001904
3775.46,-0.002097
3775.94,-0.002326
3776.42,-0.002564
3776.90,-0.002777
3777.38,-0.002939
3777.87,-0.003025
3778.35,-0.003016
3778.83,-0.002904
3779.31,-0.002696
3779.80,-0.002426
3780.28,-0.002153
3780.76,-0.001954
3781.24,-0.001893
3781.72,-0.001987
3782.20,-0.002206
3782.69,-0.002482
3783.17,-0.002732
3783.65,-0.002883
3784.13,-0.002885
3784.62,-0.002725
3785.10,-0.002432
3785.58,-0.002068
3786.06,-0.001714
3786.54,-0.001441
3787.03,-0.001281
3787.51,-0.001229
3787.99,-0.001248
3788.47,-0.001296
3788.95,-0.001333
3789.44,-0.001339
3789.92,-0.001306
3790.40,-0.001239
3790.88,-0.001154
3791.36,-0.001069
3791.85,-0.001009
3792.33,-0.000997
3792.81,-0.001054
3793.29,-0.001183
3793.78,-0.001371
3794.26,-0.001580
3794.74,-0.001758
3795.22,-0.001850
3795.70,-0.001822
3796.19,-0.001676
3796.67,-0.001465
3797.15,-0.001297
3797.63,-0.001300
3798.11,-0.001568
3798.60,-0.002114
3799.08,-0.002865
3799.56,-0.003695
3800.04,-0.004452
3800.53,-0.004986
3801.01,-0.005174
3801.49,-0.004931
3801.97,-0.004269
3802.45,-0.003332
3802.94,-0.002410
3803.42,-0.001787
3803.90,-0.001600
3804.38,-0.001800
3804.86,-0.002233
3805.35,-0.002725
3805.83,-0.003121
3806.31,-0.003313
3806.79,-0.003233
3807.28,-0.002875
3807.76,-0.002314
3808.24,-0.001707
3808.72,-0.001235
3809.20,-0.001010
3809.69,-0.001045
3810.17,-0.001270
3810.65,-0.001594
3811.13,-0.001934
3811.61,-0.002244
3812.10,-0.002507
3812.58,-0.002727
3813.06,-0.002915
3813.54,-0.003079
3814.03,-0.003211
3814.51,-0.003288
3814.99,-0.003282
3815.47,-0.003164
3815.95,-0.002933
3816.44,-0.002630
3816.92,-0.002349
3817.40,-0.002195
3817.88,-0.002240
3818.36,-0.002475
3818.85,-0.002824
3819.33,-0.003185
3819.81,-0.003452
3820.29,-0.003541
3820.78,-0.003380
3821.26,-0.002942
3821.74,-0.002274
3822.22,-0.001544
3822.70,-0.000983
3823.18,-0.000767
3823.67,-0.000933
3824.15,-0.001383
3824.63,-0.001976
3825.11,-0.002575
3825.60,-0.003080
3826.08,-0.003431
3826.56,-0.003599
3827.04,-0.003605
3827.52,-0.003512
3828.01,-0.003412
3828.49,-0.003389
3828.97,-0.003488
3829.45,-0.003696
3829.93,-0.003959
3830.42,-0.004201
3830.90,-0.004348
3831.38,-0.004357
3831.86,-0.004220
3832.34,-0.003975
3832.83,-0.003692
3833.31,-0.003456
3833.79,-0.003331
3834.27,-0.003336
3834.76,-0.003444
3835.24,-0.003593
3835.72,-0.003704
3836.20,-0.003696
3836.68,-0.003509
3837.17,-0.003118
3837.65,-0.002545
3838.13,-0.001869
3838.61,-0.001216
3839.09,-0.000729
3839.58,-0.000517
3840.06,-0.000611
3840.54,-0.000949
3841.02,-0.001408
3841.51,-0.001851
3841.99,-0.002174
3842.47,-0.002334
3842.95,-0.002341
3843.43,-0.002245
3843.92,-0.002116
3844.40,-0.002021
3844.88,-0.002005
3845.36,-0.002077
3845.84,-0.002217
3846.33,-0.002386
3846.81,-0.002544
3847.29,-0.002665
3847.77,-0.002740
3848.26,-0.002779
3848.74,-0.002801
3849.22,-0.002830
3849.70,-0.002886
3850.18,-0.002977
3850.67,-0.003097
3851.15,-0.003219
3851.63,-0.003297
3852.11,-0.003275
3852.59,-0.003094
3853.08,-0.002714
3853.56,-0.002148
3854.04,-0.001513
3854.52,-0.001020
3855.01,-0.000848
3855.49,-0.001019
3855.97,-0.001389
3856.45,-0.001782
3856.93,-0.002075
3857.42,-0.002229
3857.90,-0.002261
3858.38,-0.002222
3858.86,-0.002167
3859.34,-0.002147
3859.83,-0.002189
3860.31,-0.002295
3860.79,-0.002445
3861.27,-0.002600
3861.76,-0.002716
3862.24,-0.002752
3862.72,-0.002670
3863.20,-0.002448
3863.68,-0.002083
3864.16,-0.001594
3864.65,-0.001031
3865.13,-0.000482
3865.61,-0.000055
3866.09,0.000152
3866.58,0.000094
3867.06,-0.000198
3867.54,-0.000632
3868.02,-0.001081
3868.50,-0.001434
3868.99,-0.001607
3869.47,-0.001559
3869.95,-0.001306
3870.43,-0.000932
3870.91,-0.000592
3871.40,-0.000431
3871.88,-0.000511
3872.36,-0.000779
3872.84,-0.001121
3873.32,-0.001423
3873.81,-0.001619
3874.29,-0.001697
3874.77,-0.001691
3875.25,-0.001667
3875.74,-0.001686
3876.22,-0.001782
3876.70,-0.001942
3877.18,-0.002116
3877.66,-0.002242
3878.15,-0.002265
3878.63,-0.002151
3879.11,-0.001887
3879.59,-0.001492
3880.07,-0.001019
3880.56,-0.000573
3881.04,-0.000281
3881.52,-0.000265
3882.00,-0.000583
3882.49,-0.001192
3882.97,-0.001963
3883.45,-0.002732
3883.93,-0.003360
3884.41,-0.003743
3884.90,-0.003821
3885.38,-0.003573
3885.86,-0.003028
3886.34,-0.002283
3886.82,-0.001484
3887.31,-0.000804
3887.79,-0.000362
3888.27,-0.000184
3888.75,-0.000227
3889.24,-0.000418
3889.72,-0.000691
3890.20,-0.000988
3890.68,-0.001266
3891.16,-0.001478
3891.65,-0.001579
3892.13,-0.001533
3892.61,-0.001330
3893.09,-0.001003
3893.57,-0.000616
3894.06,-0.000250
3894.54,0.000024
3895.02,0.000168
3895.50,0.000165
3895.99,0.000020
3896.47,-0.000251
3896.95,-0.000620
3897.43,-0.001053
3897.91,-0.001506
3898.40,-0.001924
3898.88,-0.002249
3899.36,-0.002433
3899.84,-0.002450
3900.32,-0.002319
3900.81,-0.002102
3901.29,-0.001887
3901.77,-0.001750
3902.25,-0.001720
3902.73,-0.001765
3903.22,-0.001810
3903.70,-0.001767
3904.18,-0.001577
3904.66,-0.001241
3905.14,-0.000836
3905.63,-0.000480
3906.11,-0.000281
3906.59,-0.000299
3907.07,-0.000518
3907.56,-0.000874
3908.04,-0.001284
3908.52,-0.001674
3909.00,-0.001995
3909.48,-0.002222
3909.97,-0.002345
3910.45,-0.002367
3910.93,-0.002296
3911.41,-0.002146
3911.89,-0.001943
3912.38,-0.001730
3912.86,-0.001558
3913.34,-0.001480
3913.82,-0.001539
3914.30,-0.001741
3914.79,-0.002060
3915.27,-0.002440
3915.75,-0.002809
3916.23,-0.003099
3916.72,-0.003260
3917.20,-0.003275
3917.68,-0.003161
3918.16,-0.002963
3918.64,-0.002725
3919.13,-0.002487
3919.61,-0.002267
3920.09,-0.002072
3920.57,-0.001909
3921.05,-0.001790
3921.54,-0.001730
3922.02,-0.001737
3922.50,-0.001799
3922.98,-0.001883
3923.47,-0.001938
3923.95,-0.001908
3924.43,-0.001751
3924.91,-0.001454
3925.39,-0.001042
3925.88,-0.000575
3926.36,-0.000133
3926.84,0.000217
3927.32,0.000435
3927.80,0.000517
3928.29,0.000477
3928.77,0.000343
3929.25,0.000141
3929.73,-0.000104
3930.22,-0.000358
3930.70,-0.000581
3931.18,-0.000729
3931.66,-0.000763
3932.14,-0.000670
3932.63,-0.000467
3933.11,-0.000213
3933.59,0.000017
3934.07,0.000153
3934.55,0.000156
3935.04,0.000037
3935.52,-0.000161
3936.00,-0.000373
3936.48,-0.000552
3936.97,-0.000671
3937.45,-0.000739
3937.93,-0.000787
3938.41,-0.000857
3938.89,-0.000986
3939.38,-0.001188
3939.86,-0.001451
3940.34,-0.001740
3940.82,-0.002013
3941.30,-0.002237
3941.79,-0.002394
3942.27,-0.002488
3942.75,-0.002541
3943.23,-0.002582
3943.71,-0.002633
3944.20,-0.002697
3944.68,-0.002758
3945.16,-0.002782
3945.64,-0.002733
3946.12,-0.002586
3946.61,-0.002333
3947.09,-0.001992
3947.57,-0.001598
3948.05,-0.001205
3948.54,-0.000873
3949.02,-0.000653
3949.50,-0.000572
3949.98,-0.000626
3950.46,-0.000783
3950.95,-0.000988
3951.43,-0.001187
3951.91,-0.001344
3952.39,-0.001443
3952.88,-0.001489
3953.36,-0.001499
3953.84,-0.001493
3954.32,-0.001486
3954.80,-0.001485
3955.28,-0.001493
3955.77,-0.001507
3956.25,-0.001525
3956.73,-0.001543
3957.21,-0.001558
3957.70,-0.001564
3958.18,-0.001555
3958.66,-0.001524
3959.14,-0.001473
3959.62,-0.001410
3960.11,-0.001351
3960.59,-0.001316
3961.07,-0.001318
3961.55,-0.001359
3962.03,-0.001424
3962.52,-0.001485
3963.00,-0.001511
3963.48,-0.001477
3963.96,-0.001382
3964.45,-0.001243
3964.93,-0.001094
3965.41,-0.000975
3965.89,-0.000913
3966.37,-0.000921
3966.86,-0.000989
3967.34,-0.001096
3967.82,-0.001214
3968.30,-0.001319
3968.78,-0.001396
3969.27,-0.001441
3969.75,-0.001462
3970.23,-0.001471
3970.71,-0.001487
3971.20,-0.001528
3971.68,-0.001612
3972.16,-0.001752
3972.64,-0.001952
3973.12,-0.002202
3973.61,-0.002476
3974.09,-0.002738
3974.57,-0.002943
3975.05,-0.003054
3975.53,-0.003054
3976.02,-0.002952
3976.50,-0.002778
3976.98,-0.002576
3977.46,-0.002389
3977.95,-0.002240
3978.43,-0.002131
3978.91,-0.002040
3979.39,-0.001938
3979.87,-0.001795
3980.36,-0.001595
3980.84,-0.001342
3981.32,-0.001058
3981.80,-0.000774
3982.28,-0.000523
3982.77,-0.000328
3983.25,-0.000205
3983.73,-0.000154
3984.21,-0.000168
3984.69,-0.000235
3985.18,-0.000343
3985.66,-0.000480
3986.14,-0.000636
3986.62,-0.000807
3987.11,-0.000987
3987.59,-0.001175
3988.07,-0.001368
3988.55,-0.001566
3989.03,-0.001765
3989.51,-0.001962
3990.00,-0.002154
3990.48,-0.002338
3990.96,-0.002519
3991.44,-0.002701
3991.93,-0.002891
3992.41,-0.003093
3992.89,-0.003300
3993.37,-0.003497
3993.85,-0.003655
3994.34,-0.003746
3994.82,-0.003744
3995.30,-0.003641
3995.78,-0.003448
3996.26,-0.003197
3996.75,-0.002939
3997.23,-0.002722
3997.71,-0.002582
3998.19,-0.002533
3998.68,-0.002561
3999.16,-0.002630
3999.64,-0.002685
4000.12,-0.002679
