波数(cm-1),吸光度
399.67,0.000000
400.16,0.057708
400.64,0.073453
401.12,0.087416
401.60,0.096889
402.09,0.100837
402.57,0.099554
403.05,0.094493
403.53,0.087796
404.01,0.082080
404.50,0.079610
404.98,0.081624
405.46,0.088078
405.94,0.097755
406.42,0.108830
406.91,0.119281
407.39,0.127543
407.87,0.132821
408.35,0.135366
408.83,0.136204
409.32,0.136502
409.80,0.136743
410.28,0.136376
410.76,0.134030
411.25,0.128235
411.73,0.118389
412.21,0.105244
412.69,0.090852
413.17,0.077658
413.66,0.067928
414.14,0.062882
414.62,0.062463
415.10,0.065354
415.58,0.069426
416.07,0.072495
416.55,0.072941
417.03,0.070362
417.51,0.065661
418.00,0.061226
418.48,0.060462
418.96,0.066474
419.44,0.079062
419.92,0.094058
420.41,0.107133
420.89,0.116942
421.37,0.124258
421.85,0.130132
422.33,0.135022
422.82,0.138704
423.30,0.140500
423.78,0.139941
424.26,0.137360
424.74,0.134057
425.23,0.131773
425.71,0.131854
426.19,0.134789
426.67,0.139923
427.16,0.145722
427.64,0.150187
428.12,0.151701
428.60,0.149476
429.08,0.143703
429.57,0.135352
430.05,0.125885
430.53,0.116938
431.01,0.109861
431.49,0.105573
431.98,0.104343
432.46,0.105880
432.94,0.109525
433.42,0.114441
433.90,0.119752
434.39,0.124478
434.87,0.127731
435.35,0.128983
435.83,0.128258
436.32,0.126205
436.80,0.123790
437.28,0.121994
437.76,0.121415
438.24,0.122175
438.73,0.123981
439.21,0.126354
439.69,0.128843
440.17,0.131202
440.65,0.133406
441.14,0.135485
441.62,0.137281
442.10,0.138326
442.58,0.137872
443.07,0.135271
443.55,0.130422
444.03,0.123925
444.51,0.116941
444.99,0.110775
445.48,0.106719
445.96,0.105664
446.44,0.107850
446.92,0.112734
447.40,0.119099
447.89,0.125520
448.37,0.130759
448.85,0.134200
449.33,0.135802
449.81,0.135923
450.30,0.135067
450.78,0.133722
451.26,0.132261
451.74,0.130898
452.23,0.129758
452.71,0.128940
453.19,0.128538
453.67,0.128650
454.15,0.129318
454.64,0.130497
455.12,0.132044
455.60,0.133768
456.08,0.135518
456.56,0.137261
457.05,0.139176
457.53,0.141630
458.01,0.145070
458.49,0.149703
458.98,0.155300
459.46,0.161204
459.94,0.166560
460.42,0.170519
460.90,0.172401
461.39,0.171942
461.87,0.169378
462.35,0.165470
462.83,0.161212
463.31,0.157556
463.80,0.155084
464.28,0.153867
464.76,0.153575
465.24,0.153667
465.72,0.153678
466.21,0.153383
466.69,0.152931
467.17,0.152729
467.65,0.153273
468.14,0.154881
468.62,0.157580
469.10,0.161103
469.58,0.165015
470.06,0.168845
470.55,0.172122
471.03,0.174427
471.51,0.175335
471.99,0.174428
472.47,0.171480
472.96,0.166666
473.44,0.160700
473.92,0.154614
474.40,0.149482
474.88,0.146061
475.37,0.144590
475.85,0.144832
476.33,0.146092
476.81,0.147436
477.30,0.147859
477.78,0.146694
478.26,0.143872
478.74,0.139933
479.22,0.135820
479.71,0.132514
480.19,0.130824
480.67,0.131077
481.15,0.133070
481.63,0.136088
482.12,0.139186
482.60,0.141449
483.08,0.142263
483.56,0.141532
484.05,0.139691
484.53,0.137614
485.01,0.136272
485.49,0.136462
485.97,0.138452
486.46,0.141911
486.94,0.146036
487.42,0.149855
487.90,0.152581
488.38,0.153739
488.87,0.153319
489.35,0.151700
489.83,0.149509
490.31,0.147352
490.79,0.145636
491.28,0.144526
491.76,0.143979
492.24,0.143894
492.72,0.144256
493.21,0.145193
493.69,0.146914
494.17,0.149578
494.65,0.153150
495.13,0.157360
495.62,0.161734
496.10,0.165775
496.58,0.169073
497.06,0.171467
497.54,0.173059
498.03,0.174114
498.51,0.174891
498.99,0.175501
499.47,0.175886
499.95,0.175888
500.44,0.175381
500.92,0.174391
501.40,0.173123
501.88,0.171873
502.37,0.170870
502.85,0.170115
503.33,0.169363
503.81,0.168245
504.29,0.166495
504.78,0.164092
505.26,0.161316
505.74,0.158635
506.22,0.156595
506.70,0.155645
507.19,0.155993
507.67,0.157610
508.15,0.160276
508.63,0.163733
509.12,0.167751
509.60,0.172165
510.08,0.176806
510.56,0.181394
511.04,0.185537
511.53,0.188824
512.01,0.190958
512.49,0.191944
512.97,0.192114
513.45,0.192032
513.94,0.192244
514.42,0.193112
514.90,0.194691
515.38,0.196727
515.86,0.198753
516.35,0.200279
516.83,0.201012
517.31,0.200928
517.79,0.200223
518.28,0.199126
518.76,0.197769
519.24,0.196113
519.72,0.194035
520.20,0.191450
520.69,0.188445
521.17,0.185287
521.65,0.182388
522.13,0.180157
522.61,0.178885
523.10,0.178695
523.58,0.179505
524.06,0.181072
524.54,0.183044
525.03,0.185080
525.51,0.186901
525.99,0.188371
526.47,0.189532
526.95,0.190599
527.44,0.191901
527.92,0.193760
528.40,0.196431
528.88,0.200021
529.36,0.204471
529.85,0.209546
530.33,0.214887
530.81,0.220110
531.29,0.224857
531.77,0.228910
532.26,0.232197
532.74,0.234735
533.22,0.236558
533.70,0.237668
534.19,0.238046
534.67,0.237719
535.15,0.236829
535.63,0.235648
536.11,0.234480
536.60,0.233560
537.08,0.232942
537.56,0.232491
538.04,0.231959
538.52,0.231156
539.01,0.230116
539.49,0.229169
539.97,0.228884
540.45,0.229832
540.93,0.232440
541.42,0.236777
541.90,0.242527
542.38,0.249017
542.86,0.255442
543.35,0.261115
543.83,0.265598
544.31,0.268804
544.79,0.270890
545.27,0.272129
545.76,0.272759
546.24,0.272942
546.72,0.272794
547.20,0.272429
547.68,0.272008
548.17,0.271749
548.65,0.271872
549.13,0.272575
549.61,0.274001
550.10,0.276230
550.58,0.279304
551.06,0.283224
551.54,0.287940
552.02,0.293296
552.51,0.298996
552.99,0.304626
553.47,0.309667
553.95,0.313687
554.43,0.316514
554.92,0.318331
555.40,0.319630
555.88,0.321012
556.36,0.322968
556.84,0.325654
557.33,0.328879
557.81,0.332182
558.29,0.335073
558.77,0.337182
559.26,0.338389
559.74,0.338796
560.22,0.338603
560.70,0.337940
561.18,0.336765
561.67,0.334869
562.15,0.331979
562.63,0.327937
563.11,0.322796
563.59,0.316875
564.08,0.310673
564.56,0.304801
565.04,0.299801
565.52,0.296030
566.00,0.293607
566.49,0.292365
566.97,0.291904
567.45,0.291666
567.93,0.291127
568.42,0.289898
568.90,0.287828
569.38,0.285032
569.86,0.281824
570.34,0.278590
570.83,0.275634
571.31,0.273117
571.79,0.271017
572.27,0.269197
572.75,0.267479
573.24,0.265748
573.72,0.263993
574.20,0.262297
574.68,0.260765
575.17,0.259449
575.65,0.258302
576.13,0.257179
576.61,0.255906
577.09,0.254349
577.58,0.252485
578.06,0.250393
578.54,0.248209
579.02,0.246050
579.50,0.243987
579.99,0.242040
580.47,0.240205
580.95,0.238494
581.43,0.236950
581.91,0.235620
582.40,0.234517
582.88,0.233569
583.36,0.232632
583.84,0.231516
584.33,0.230071
584.81,0.228260
585.29,0.226188
585.77,0.224069
586.25,0.222121
586.74,0.220488
587.22,0.219162
587.70,0.218007
588.18,0.216821
588.66,0.215458
589.15,0.213906
589.63,0.212317
590.11,0.210945
590.59,0.210060
591.08,0.209840
591.56,0.210297
592.04,0.211286
592.52,0.212564
593.00,0.213919
593.49,0.215236
593.97,0.216541
594.45,0.217945
594.93,0.219569
595.41,0.221451
595.90,0.223514
596.38,0.225561
596.86,0.227351
597.34,0.228667
597.82,0.229360
598.31,0.229384
598.79,0.228780
599.27,0.227659
599.75,0.226179
600.24,0.224541
600.72,0.222979
601.20,0.221694
601.68,0.220829
602.16,0.220400
602.65,0.220291
603.13,0.220248
603.61,0.219948
604.09,0.219097
604.57,0.217476
605.06,0.215015
605.54,0.211780
606.02,0.207917
606.50,0.203584
606.98,0.198893
607.47,0.193914
607.95,0.188693
608.43,0.183294
608.91,0.177838
609.40,0.172488
609.88,0.167425
610.36,0.162818
610.84,0.158773
611.32,0.155329
611.81,0.152464
612.29,0.150119
612.77,0.148215
613.25,0.146679
613.73,0.145449
614.22,0.144463
614.70,0.143649
615.18,0.142921
615.66,0.142165
616.15,0.141261
616.63,0.140110
617.11,0.138641
617.59,0.136836
618.07,0.134725
618.56,0.132378
619.04,0.129872
619.52,0.127284
620.00,0.124674
620.48,0.122084
620.97,0.119548
621.45,0.117101
621.93,0.114785
622.41,0.112661
622.89,0.110798
623.38,0.109259
623.86,0.108085
624.34,0.107282
624.82,0.106810
625.31,0.106587
625.79,0.106505
626.27,0.106453
626.75,0.106330
627.23,0.106061
627.72,0.105607
628.20,0.104957
628.68,0.104129
629.16,0.103162
629.64,0.102118
630.13,0.101068
630.61,0.100078
631.09,0.099200
631.57,0.098451
632.05,0.097806
632.54,0.097204
633.02,0.096579
633.50,0.095879
633.98,0.095103
634.47,0.094300
634.95,0.093572
635.43,0.093031
635.91,0.092763
636.39,0.092793
636.88,0.093075
637.36,0.093503
637.84,0.093933
638.32,0.094228
638.80,0.094296
639.29,0.094101
639.77,0.093676
640.25,0.093114
640.73,0.092553
641.22,0.092142
641.70,0.092009
642.18,0.092240
642.66,0.092842
643.14,0.093738
643.63,0.094767
644.11,0.095740
644.59,0.096462
645.07,0.096799
645.55,0.096707
646.04,0.096239
646.52,0.095519
647.00,0.094688
647.48,0.093872
647.96,0.093142
648.45,0.092520
648.93,0.091998
649.41,0.091580
649.89,0.091295
650.38,0.091195
650.86,0.091326
651.34,0.091691
651.82,0.092220
652.30,0.092793
652.79,0.093273
653.27,0.093563
653.75,0.093654
654.23,0.093624
654.71,0.093615
655.20,0.093754
655.68,0.094092
656.16,0.094571
656.64,0.095043
657.13,0.095324
657.61,0.095277
658.09,0.094881
658.57,0.094238
659.05,0.093548
659.54,0.093022
660.02,0.092826
660.50,0.093015
660.98,0.093529
661.46,0.094226
661.95,0.094945
662.43,0.095564
662.91,0.096019
663.39,0.096318
663.87,0.096505
664.36,0.096640
664.84,0.096755
665.32,0.096859
665.80,0.096924
666.29,0.096899
666.77,0.096711
667.25,0.096277
667.73,0.095550
668.21,0.094583
668.70,0.093557
669.18,0.092681
669.66,0.092076
670.14,0.091731
670.62,0.091563
671.11,0.091476
671.59,0.091392
672.07,0.091259
672.55,0.091052
673.03,0.090780
673.52,0.090479
674.00,0.090206
674.48,0.090011
674.96,0.089926
675.45,0.089959
675.93,0.090098
676.41,0.090323
676.89,0.090623
677.37,0.090998
677.86,0.091451
678.34,0.091974
678.82,0.092544
679.30,0.093111
679.78,0.093617
680.27,0.094018
680.75,0.094301
681.23,0.094492
681.71,0.094643
682.20,0.094801
682.68,0.094974
683.16,0.095122
683.64,0.095154
684.12,0.094974
684.61,0.094521
685.09,0.093807
685.57,0.092929
686.05,0.092047
686.53,0.091349
687.02,0.090983
687.50,0.091039
687.98,0.091519
688.46,0.092346
688.94,0.093378
689.43,0.094433
689.91,0.095344
690.39,0.095957
690.87,0.096168
691.36,0.095934
691.84,0.095275
692.32,0.094280
692.80,0.093090
693.28,0.091884
693.77,0.090831
694.25,0.090056
694.73,0.089629
695.21,0.089546
695.69,0.089749
696.18,0.090138
696.66,0.090604
697.14,0.091042
697.62,0.091361
698.11,0.091501
698.59,0.091426
699.07,0.091128
699.55,0.090623
700.03,0.089951
700.52,0.089169
701.00,0.088334
701.48,0.087500
701.96,0.086719
702.44,0.086036
702.93,0.085510
703.41,0.085207
703.89,0.085189
704.37,0.085493
704.85,0.086104
705.34,0.086935
705.82,0.087824
706.30,0.088580
706.78,0.089025
707.27,0.089038
707.75,0.088604
708.23,0.087805
708.71,0.086797
709.19,0.085737
709.68,0.084751
710.16,0.083898
710.64,0.083183
711.12,0.082584
711.60,0.082097
712.09,0.081750
712.57,0.081604
713.05,0.081722
713.53,0.082130
714.01,0.082795
714.50,0.083622
714.98,0.084482
715.46,0.085242
715.94,0.085814
716.43,0.086169
716.91,0.086336
717.39,0.086376
717.87,0.086357
718.35,0.086343
718.84,0.086377
719.32,0.086490
719.80,0.086697
720.28,0.086992
720.76,0.087331
721.25,0.087628
721.73,0.087773
722.21,0.087647
722.69,0.087174
723.17,0.086354
723.66,0.085275
724.14,0.084090
724.62,0.082962
725.10,0.082031
725.59,0.081356
726.07,0.080923
726.55,0.080665
727.03,0.080515
727.51,0.080435
728.00,0.080442
728.48,0.080581
728.96,0.080894
729.44,0.081378
729.92,0.081974
730.41,0.082572
730.89,0.083052
731.37,0.083330
731.85,0.083387
732.34,0.083262
732.82,0.083030
733.30,0.082766
733.78,0.082513
734.26,0.082270
734.75,0.082012
735.23,0.081709
735.71,0.081353
736.19,0.080958
736.67,0.080558
737.16,0.080186
737.64,0.079870
738.12,0.079623
738.60,0.079458
739.08,0.079395
739.57,0.079455
740.05,0.079645
740.53,0.079937
741.01,0.080255
741.50,0.080472
741.98,0.080446
742.46,0.080079
742.94,0.079351
743.42,0.078357
743.91,0.077270
744.39,0.076309
744.87,0.075656
745.35,0.075393
745.83,0.075492
746.32,0.075829
746.80,0.076248
747.28,0.076612
747.76,0.076863
748.25,0.077024
748.73,0.077180
749.21,0.077416
749.69,0.077776
750.17,0.078234
750.66,0.078697
751.14,0.079032
751.62,0.079117
752.10,0.078883
752.58,0.078329
753.07,0.077534
753.55,0.076616
754.03,0.075726
754.51,0.074998
754.99,0.074522
755.48,0.074338
755.96,0.074426
756.44,0.074722
756.92,0.075124
757.41,0.075528
757.89,0.075847
758.37,0.076022
758.85,0.076044
759.33,0.075937
759.82,0.075751
760.30,0.075536
760.78,0.075324
761.26,0.075122
761.74,0.074913
762.23,0.074671
762.71,0.074373
763.19,0.074020
763.67,0.073634
764.15,0.073265
764.64,0.072973
765.12,0.072816
765.60,0.072835
766.08,0.073040
766.57,0.073405
767.05,0.073869
767.53,0.074355
768.01,0.074768
768.49,0.075033
768.98,0.075100
769.46,0.074964
769.94,0.074660
770.42,0.074253
770.90,0.073821
771.39,0.073427
771.87,0.073103
772.35,0.072850
772.83,0.072644
773.32,0.072453
773.80,0.072249
774.28,0.072026
774.76,0.071792
775.24,0.071566
775.73,0.071366
776.21,0.071200
776.69,0.071066
777.17,0.070960
777.65,0.070875
778.14,0.070814
778.62,0.070778
779.10,0.070769
779.58,0.070779
780.06,0.070790
780.55,0.070779
781.03,0.070733
781.51,0.070654
781.99,0.070563
782.48,0.070491
782.96,0.070469
783.44,0.070507
783.92,0.070593
784.40,0.070693
784.89,0.070763
785.37,0.070773
785.85,0.070713
786.33,0.070598
786.81,0.070454
787.30,0.070307
787.78,0.070166
788.26,0.070017
788.74,0.069833
789.23,0.069590
789.71,0.069279
790.19,0.068918
790.67,0.068546
791.15,0.068208
791.64,0.067940
792.12,0.067755
792.60,0.067635
793.08,0.067543
793.56,0.067434
794.05,0.067274
794.53,0.067045
795.01,0.066755
795.49,0.066430
795.97,0.066115
796.46,0.065860
796.94,0.065715
797.42,0.065726
797.90,0.065923
798.39,0.066310
798.87,0.066861
799.35,0.067513
799.83,0.068175
800.31,0.068742
800.80,0.069133
801.28,0.069298
801.76,0.069253
802.24,0.069062
802.72,0.068833
803.21,0.068672
803.69,0.068648
804.17,0.068769
804.65,0.068973
805.13,0.069143
805.62,0.069144
806.10,0.068889
806.58,0.068359
807.06,0.067634
807.55,0.066865
808.03,0.066251
808.51,0.065962
808.99,0.066086
809.47,0.066602
809.96,0.067378
810.44,0.068218
810.92,0.068901
811.40,0.069269
811.88,0.069256
812.37,0.068907
812.85,0.068347
813.33,0.067733
813.81,0.067209
814.30,0.066855
814.78,0.066682
815.26,0.066641
815.74,0.066662
816.22,0.066676
816.71,0.066644
817.19,0.066559
817.67,0.066438
818.15,0.066302
818.63,0.066165
819.12,0.066031
819.60,0.065897
820.08,0.065766
820.56,0.065655
821.04,0.065593
821.53,0.065613
822.01,0.065744
822.49,0.065999
822.97,0.066366
823.46,0.066813
823.94,0.067297
824.42,0.067770
824.90,0.068190
825.38,0.068526
825.87,0.068763
826.35,0.068900
826.83,0.068949
827.31,0.068940
827.79,0.068908
828.28,0.068892
828.76,0.068918
829.24,0.068999
829.72,0.069124
830.21,0.069266
830.69,0.069389
831.17,0.069458
831.65,0.069451
832.13,0.069353
832.62,0.069163
833.10,0.068882
833.58,0.068517
834.06,0.068082
834.54,0.067612
835.03,0.067159
835.51,0.066797
835.99,0.066609
836.47,0.066655
836.95,0.066965
837.44,0.067515
837.92,0.068238
838.40,0.069037
838.88,0.069815
839.37,0.070510
839.85,0.071102
840.33,0.071615
840.81,0.072090
841.29,0.072563
841.78,0.073040
842.26,0.073495
842.74,0.073878
843.22,0.074145
843.70,0.074274
844.19,0.074284
844.67,0.074223
845.15,0.074154
845.63,0.074131
846.11,0.074184
846.60,0.074306
847.08,0.074471
847.56,0.074643
848.04,0.074798
848.53,0.074930
849.01,0.075054
849.49,0.075189
849.97,0.075352
850.45,0.075546
850.94,0.075760
851.42,0.075980
851.90,0.076198
852.38,0.076426
852.86,0.076693
853.35,0.077040
853.83,0.077507
854.31,0.078113
854.79,0.078848
855.27,0.079674
855.76,0.080534
856.24,0.081376
856.72,0.082162
857.20,0.082885
857.69,0.083574
858.17,0.084276
858.65,0.085039
859.13,0.085894
859.61,0.086841
860.10,0.087847
860.58,0.088857
861.06,0.089816
861.54,0.090689
862.02,0.091470
862.51,0.092186
862.99,0.092882
863.47,0.093610
863.95,0.094407
864.44,0.095288
864.92,0.096245
865.40,0.097256
865.88,0.098289
866.36,0.099309
866.85,0.100289
867.33,0.101204
867.81,0.102038
868.29,0.102786
868.77,0.103456
869.26,0.104070
869.74,0.104656
870.22,0.105234
870.70,0.105800
871.18,0.106321
871.67,0.106728
872.15,0.106938
872.63,0.106884
873.11,0.106530
873.60,0.105893
874.08,0.105033
874.56,0.104041
875.04,0.103000
875.52,0.101964
876.01,0.100951
876.49,0.099945
876.97,0.098914
877.45,0.097820
877.93,0.096636
878.42,0.095345
878.90,0.093935
879.38,0.092396
879.86,0.090726
880.35,0.088939
880.83,0.087070
881.31,0.085184
881.79,0.083361
882.27,0.081676
882.76,0.080182
883.24,0.078888
883.72,0.077762
884.20,0.076740
884.68,0.075758
885.17,0.074776
885.65,0.073791
886.13,0.072844
886.61,0.071998
887.09,0.071321
887.58,0.070856
888.06,0.070607
888.54,0.070537
889.02,0.070579
889.51,0.070657
889.99,0.070702
890.47,0.070668
890.95,0.070536
891.43,0.070309
891.92,0.070009
892.40,0.069668
892.88,0.069323
893.36,0.069012
893.84,0.068769
894.33,0.068625
894.81,0.068600
895.29,0.068708
895.77,0.068946
896.25,0.069304
896.74,0.069754
897.22,0.070259
897.70,0.070776
898.18,0.071260
898.67,0.071674
899.15,0.071996
899.63,0.072226
900.11,0.072381
900.59,0.072494
901.08,0.072599
901.56,0.072716
902.04,0.072849
902.52,0.072982
903.00,0.073101
903.49,0.073200
903.97,0.073305
904.45,0.073465
904.93,0.073747
905.42,0.074208
905.90,0.074869
906.38,0.075698
906.86,0.076611
907.34,0.077498
907.83,0.078242
908.31,0.078761
908.79,0.079030
909.27,0.079075
909.75,0.078965
910.24,0.078783
910.72,0.078609
911.20,0.078496
911.68,0.078473
912.16,0.078541
912.65,0.078688
913.13,0.078891
913.61,0.079120
914.09,0.079347
914.58,0.079549
915.06,0.079718
915.54,0.079866
916.02,0.080030
916.50,0.080263
916.99,0.080616
917.47,0.081124
917.95,0.081786
918.43,0.082565
918.91,0.083393
919.40,0.084195
919.88,0.084908
920.36,0.085496
920.84,0.085956
921.33,0.086307
921.81,0.086586
922.29,0.086829
922.77,0.087071
923.25,0.087347
923.74,0.087684
924.22,0.088106
924.70,0.088621
925.18,0.089215
925.66,0.089845
926.15,0.090454
926.63,0.090990
927.11,0.091424
927.59,0.091776
928.07,0.092108
928.56,0.092513
929.04,0.093074
929.52,0.093835
930.00,0.094779
930.49,0.095835
930.97,0.096900
931.45,0.097871
931.93,0.098692
932.41,0.099358
932.90,0.099916
933.38,0.100436
933.86,0.100991
934.34,0.101628
934.82,0.102367
935.31,0.103207
935.79,0.104137
936.27,0.105146
936.75,0.106224
937.23,0.107351
937.72,0.108499
938.20,0.109618
938.68,0.110658
939.16,0.111580
939.65,0.112371
940.13,0.113057
940.61,0.113691
941.09,0.114347
941.57,0.115087
942.06,0.115955
942.54,0.116963
943.02,0.118101
943.50,0.119344
943.98,0.120661
944.47,0.122022
944.95,0.123401
945.43,0.124767
945.91,0.126095
946.39,0.127360
946.88,0.128550
947.36,0.129669
947.84,0.130737
948.32,0.131783
948.81,0.132832
949.29,0.133899
949.77,0.134982
950.25,0.136064
950.73,0.137128
951.22,0.138157
951.70,0.139146
952.18,0.140093
952.66,0.140996
953.14,0.141854
953.63,0.142658
954.11,0.143410
954.59,0.144120
955.07,0.144823
955.56,0.145562
956.04,0.146388
956.52,0.147330
957.00,0.148386
957.48,0.149509
957.97,0.150621
958.45,0.151635
958.93,0.152472
959.41,0.153090
959.89,0.153494
960.38,0.153730
960.86,0.153865
961.34,0.153969
961.82,0.154090
962.30,0.154246
962.79,0.154419
963.27,0.154565
963.75,0.154639
964.23,0.154607
964.72,0.154466
965.20,0.154249
965.68,0.154022
966.16,0.153874
966.64,0.153882
967.13,0.154104
967.61,0.154556
968.09,0.155210
968.57,0.156008
969.05,0.156884
969.54,0.157791
970.02,0.158715
970.50,0.159689
970.98,0.160772
971.47,0.162037
971.95,0.163537
972.43,0.165287
972.91,0.167257
973.39,0.169381
973.88,0.171583
974.36,0.173790
974.84,0.175957
975.32,0.178071
975.80,0.180142
976.29,0.182193
976.77,0.184246
977.25,0.186318
977.73,0.188415
978.21,0.190543
978.70,0.192710
979.18,0.194928
979.66,0.197213
980.14,0.199575
980.63,0.202013
981.11,0.204510
981.59,0.207032
982.07,0.209534
982.55,0.211971
983.04,0.214309
983.52,0.216535
984.00,0.218671
984.48,0.220766
984.96,0.222893
985.45,0.225138
985.93,0.227573
986.41,0.230243
986.89,0.233153
987.37,0.236266
987.86,0.239512
988.34,0.242803
988.82,0.246060
989.30,0.249224
989.79,0.252261
990.27,0.255167
990.75,0.257951
991.23,0.260629
991.71,0.263213
992.20,0.265712
992.68,0.268134
993.16,0.270488
993.64,0.272792
994.12,0.275069
994.61,0.277348
995.09,0.279655
995.57,0.282005
996.05,0.284399
996.54,0.286815
997.02,0.289217
997.50,0.291556
997.98,0.293788
998.46,0.295888
998.95,0.297864
999.43,0.299759
999.91,0.301638
1000.39,0.303573
1000.87,0.305611
1001.36,0.307751
1001.84,0.309943
1002.32,0.312098
1002.80,0.314123
1003.28,0.315943
1003.77,0.317531
1004.25,0.318905
1004.73,0.320115
1005.21,0.321212
1005.70,0.322227
1006.18,0.323164
1006.66,0.324004
1007.14,0.324730
1007.62,0.325338
1008.11,0.325849
1008.59,0.326304
1009.07,0.326745
1009.55,0.327207
1010.03,0.327712
1010.52,0.328279
1011.00,0.328927
1011.48,0.329683
1011.96,0.330565
1012.45,0.331568
1012.93,0.332641
1013.41,0.333692
1013.89,0.334608
1014.37,0.335284
1014.86,0.335662
1015.34,0.335752
1015.82,0.335616
1016.30,0.335330
1016.78,0.334948
1017.27,0.334471
1017.75,0.333861
1018.23,0.333072
1018.71,0.332097
1019.20,0.330996
1019.68,0.329895
1020.16,0.328941
1020.64,0.328234
1021.12,0.327788
1021.61,0.327509
1022.09,0.327235
1022.57,0.326775
1023.05,0.325990
1023.53,0.324828
1024.02,0.323325
1024.50,0.321575
1024.98,0.319684
1025.46,0.317748
1025.94,0.315832
1026.43,0.313989
1026.91,0.312273
1027.39,0.310740
1027.87,0.309431
1028.36,0.308348
1028.84,0.307426
1029.32,0.306538
1029.80,0.305515
1030.28,0.304212
1030.77,0.302550
1031.25,0.300545
1031.73,0.298301
1032.21,0.295971
1032.69,0.293706
1033.18,0.291603
1033.66,0.289700
1034.14,0.287982
1034.62,0.286411
1035.10,0.284950
1035.59,0.283581
1036.07,0.282292
1036.55,0.281062
1037.03,0.279846
1037.52,0.278575
1038.00,0.277164
1038.48,0.275553
1038.96,0.273720
1039.44,0.271698
1039.93,0.269554
1040.41,0.267376
1040.89,0.265238
1041.37,0.263184
1041.85,0.261219
1042.34,0.259317
1042.82,0.257443
1043.30,0.255563
1043.78,0.253663
1044.27,0.251754
1044.75,0.249871
1045.23,0.248064
1045.71,0.246386
1046.19,0.244880
1046.67,0.243566
1047.16,0.242426
1047.64,0.241409
1048.12,0.240435
1048.60,0.239424
1049.09,0.238303
1049.57,0.237044
1050.05,0.235658
1050.53,0.234200
1051.01,0.232736
1051.50,0.231333
1051.98,0.230030
1052.46,0.228830
1052.94,0.227708
1053.42,0.226614
1053.91,0.225499
1054.39,0.224315
1054.87,0.223029
1055.35,0.221624
1055.84,0.220104
1056.32,0.218489
1056.80,0.216825
1057.28,0.215175
1057.76,0.213607
1058.25,0.212172
1058.73,0.210890
1059.21,0.209733
1059.69,0.208632
1060.17,0.207490
1060.66,0.206222
1061.14,0.204775
1061.62,0.203152
1062.10,0.201401
1062.59,0.199607
1063.07,0.197858
1063.55,0.196217
1064.03,0.194719
1064.51,0.193364
1065.00,0.192131
1065.48,0.190988
1065.96,0.189901
1066.44,0.188838
1066.92,0.187765
1067.41,0.186647
1067.89,0.185454
1068.37,0.184162
1068.85,0.182770
1069.34,0.181295
1069.82,0.179773
1070.30,0.178239
1070.78,0.176719
1071.26,0.175220
1071.74,0.173730
1072.23,0.172226
1072.71,0.170689
1073.19,0.169116
1073.67,0.167522
1074.16,0.165935
1074.64,0.164390
1075.12,0.162918
1075.60,0.161541
1076.08,0.160270
1076.57,0.159108
1077.05,0.158050
1077.53,0.157082
1078.01,0.156178
1078.49,0.155304
1078.98,0.154418
1079.46,0.153478
1079.94,0.152450
1080.42,0.151322
1080.91,0.150101
1081.39,0.148813
1081.87,0.147496
1082.35,0.146194
1082.83,0.144949
1083.32,0.143799
1083.80,0.142778
1084.28,0.141906
1084.76,0.141181
1085.24,0.140574
1085.73,0.140022
1086.21,0.139432
1086.69,0.138707
1087.17,0.137775
1087.65,0.136609
1088.14,0.135251
1088.62,0.133797
1089.10,0.132377
1089.58,0.131108
1090.07,0.130059
1090.55,0.129228
1091.03,0.128549
1091.51,0.127912
1091.99,0.127196
1092.48,0.126319
1092.96,0.125244
1093.44,0.123992
1093.92,0.122616
1094.40,0.121192
1094.89,0.119788
1095.37,0.118450
1095.85,0.117207
1096.33,0.116066
1096.82,0.115021
1097.30,0.114054
1097.78,0.113140
1098.26,0.112248
1098.74,0.111346
1099.23,0.110412
1099.71,0.109437
1100.19,0.108429
1100.67,0.107415
1101.15,0.106426
1101.64,0.105483
1102.12,0.104593
1102.60,0.103734
1103.08,0.102865
1103.57,0.101941
1104.05,0.100924
1104.53,0.099796
1105.01,0.098566
1105.49,0.097262
1105.98,0.095927
1106.46,0.094591
1106.94,0.093278
1107.42,0.091986
1107.90,0.090703
1108.39,0.089407
1108.87,0.088086
1109.35,0.086738
1109.83,0.085382
1110.32,0.084046
1110.80,0.082759
1111.28,0.081540
1111.76,0.080388
1112.24,0.079279
1112.72,0.078176
1113.21,0.077038
1113.69,0.075842
1114.17,0.074583
1114.65,0.073286
1115.14,0.071992
1115.62,0.070747
1116.10,0.069578
1116.58,0.068487
1117.06,0.067448
1117.55,0.066413
1118.03,0.065325
1118.51,0.064140
1118.99,0.062837
1119.47,0.061427
1119.96,0.059949
1120.44,0.058457
1120.92,0.057017
1121.40,0.055680
1121.88,0.054481
1122.37,0.053430
1122.85,0.052510
1123.33,0.051677
1123.81,0.050873
1124.30,0.050037
1124.78,0.049115
1125.26,0.048074
1125.74,0.046912
1126.22,0.045657
1126.71,0.044360
1127.19,0.043083
1127.67,0.041883
1128.15,0.040799
1128.63,0.039840
1129.12,0.038988
1129.60,0.038200
1130.08,0.037424
1130.56,0.036609
1131.05,0.035718
1131.53,0.034739
1132.01,0.033689
1132.49,0.032606
1132.97,0.031543
1133.46,0.030560
1133.94,0.029700
1134.42,0.028985
1134.90,0.028409
1135.38,0.027943
1135.87,0.027543
1136.35,0.027165
1136.83,0.026780
1137.31,0.026380
1137.80,0.025973
1138.28,0.025578
1138.76,0.025212
1139.24,0.024883
1139.72,0.024584
1140.21,0.024297
1140.69,0.024002
1141.17,0.023686
1141.65,0.023347
1142.13,0.022993
1142.62,0.022634
1143.10,0.022283
1143.58,0.021942
1144.06,0.021608
1144.55,0.021273
1145.03,0.020933
1145.51,0.020589
1145.99,0.020253
1146.47,0.019938
1146.96,0.019661
1147.44,0.019432
1147.92,0.019255
1148.40,0.019127
1148.88,0.019039
1149.37,0.018981
1149.85,0.018940
1150.33,0.018906
1150.81,0.018864
1151.30,0.018803
1151.78,0.018709
1152.26,0.018576
1152.74,0.018398
1153.22,0.018177
1153.70,0.017919
1154.19,0.017634
1154.67,0.017332
1155.15,0.017027
1155.63,0.016736
1156.12,0.016480
1156.60,0.016281
1157.08,0.016160
1157.56,0.016125
1158.04,0.016170
1158.53,0.016266
1159.01,0.016371
1159.49,0.016433
1159.97,0.016408
1160.45,0.016277
1160.94,0.016047
1161.42,0.015755
1161.90,0.015450
1162.38,0.015184
1162.87,0.014993
1163.35,0.014885
1163.83,0.014843
1164.31,0.014833
1164.79,0.014817
1165.28,0.014765
1165.76,0.014665
1166.24,0.014528
1166.72,0.014380
1167.20,0.014253
1167.69,0.014173
1168.17,0.014153
1168.65,0.014188
1169.13,0.014254
1169.62,0.014319
1170.10,0.014350
1170.58,0.014325
1171.06,0.014241
1171.54,0.014117
1172.03,0.013984
1172.51,0.013881
1172.99,0.013835
1173.47,0.013852
1173.95,0.013912
1174.44,0.013976
1174.92,0.013994
1175.40,0.013923
1175.88,0.013748
1176.37,0.013479
1176.85,0.013157
1177.33,0.012837
1177.81,0.012578
1178.29,0.012421
1178.78,0.012385
1179.26,0.012464
1179.74,0.012633
1180.22,0.012852
1180.70,0.013079
1181.19,0.013278
1181.67,0.013421
1182.15,0.013493
1182.63,0.013492
1183.11,0.013430
1183.60,0.013330
1184.08,0.013218
1184.56,0.013120
1185.04,0.013056
1185.53,0.013029
1186.01,0.013029
1186.49,0.013038
1186.97,0.013038
1187.45,0.013021
1187.94,0.012991
1188.42,0.012970
1188.90,0.012985
1189.38,0.013063
1189.86,0.013216
1190.35,0.013442
1190.83,0.013728
1191.31,0.014050
1191.79,0.014383
1192.28,0.014709
1192.76,0.015013
1193.24,0.015284
1193.72,0.015508
1194.20,0.015672
1194.68,0.015762
1195.17,0.015775
1195.65,0.015719
1196.13,0.015618
1196.61,0.015508
1197.10,0.015428
1197.58,0.015408
1198.06,0.015463
1198.54,0.015590
1199.02,0.015773
1199.51,0.015988
1199.99,0.016212
1200.47,0.016427
1200.95,0.016621
1201.43,0.016783
1201.92,0.016902
1202.40,0.016965
1202.88,0.016958
1203.36,0.016876
1203.85,0.016725
1204.33,0.016527
1204.81,0.016314
1205.29,0.016122
1205.77,0.015987
1206.26,0.015934
1206.74,0.015970
1207.22,0.016092
1207.70,0.016282
1208.18,0.016514
1208.67,0.016760
1209.15,0.016991
1209.63,0.017185
1210.11,0.017328
1210.60,0.017416
1211.08,0.017458
1211.56,0.017468
1212.04,0.017465
1212.52,0.017463
1213.01,0.017466
1213.49,0.017467
1213.97,0.017451
1214.45,0.017406
1214.93,0.017322
1215.42,0.017208
1215.90,0.017082
1216.38,0.016974
1216.86,0.016910
1217.35,0.016910
1217.83,0.016978
1218.31,0.017108
1218.79,0.017287
1219.27,0.017499
1219.76,0.017737
1220.24,0.017999
1220.72,0.018289
1221.20,0.018606
1221.68,0.018947
1222.17,0.019297
1222.65,0.019642
1223.13,0.019964
1223.61,0.020255
1224.09,0.020515
1224.58,0.020754
1225.06,0.020985
1225.54,0.021219
1226.02,0.021460
1226.51,0.021702
1226.99,0.021931
1227.47,0.022130
1227.95,0.022286
1228.43,0.022400
1228.91,0.022484
1229.40,0.022565
1229.88,0.022677
1230.36,0.022856
1230.84,0.023122
1231.33,0.023473
1231.81,0.023882
1232.29,0.024300
1232.77,0.024667
1233.26,0.024923
1233.74,0.025034
1234.22,0.024994
1234.70,0.024833
1235.18,0.024605
1235.66,0.024379
1236.15,0.024216
1236.63,0.024153
1237.11,0.024203
1237.59,0.024350
1238.08,0.024561
1238.56,0.024797
1239.04,0.025023
1239.52,0.025216
1240.00,0.025367
1240.49,0.025475
1240.97,0.025550
1241.45,0.025601
1241.93,0.025643
1242.41,0.025685
1242.90,0.025739
1243.38,0.025808
1243.86,0.025893
1244.34,0.025984
1244.83,0.026071
1245.31,0.026137
1245.79,0.026170
1246.27,0.026164
1246.75,0.026117
1247.24,0.026035
1247.72,0.025924
1248.20,0.025790
1248.68,0.025638
1249.16,0.025466
1249.65,0.025276
1250.13,0.025070
1250.61,0.024856
1251.09,0.024644
1251.58,0.024447
1252.06,0.024277
1252.54,0.024142
1253.02,0.024045
1253.50,0.023982
1253.98,0.023944
1254.47,0.023922
1254.95,0.023905
1255.43,0.023886
1255.91,0.023863
1256.40,0.023839
1256.88,0.023822
1257.36,0.023822
1257.84,0.023844
1258.33,0.023887
1258.81,0.023938
1259.29,0.023979
1259.77,0.023988
1260.25,0.023952
1260.73,0.023870
1261.22,0.023758
1261.70,0.023644
1262.18,0.023561
1262.66,0.023531
1263.15,0.023558
1263.63,0.023624
1264.11,0.023699
1264.59,0.023748
1265.07,0.023740
1265.56,0.023662
1266.04,0.023518
1266.52,0.023323
1267.00,0.023097
1267.48,0.022860
1267.97,0.022626
1268.45,0.022407
1268.93,0.022218
1269.41,0.022074
1269.89,0.021992
1270.38,0.021985
1270.86,0.022054
1271.34,0.022180
1271.82,0.022331
1272.31,0.022466
1272.79,0.022551
1273.27,0.022567
1273.75,0.022516
1274.23,0.022423
1274.72,0.022324
1275.20,0.022254
1275.68,0.022239
1276.16,0.022289
1276.64,0.022398
1277.13,0.022547
1277.61,0.022711
1278.09,0.022868
1278.57,0.022996
1279.06,0.023082
1279.54,0.023117
1280.02,0.023100
1280.50,0.023039
1280.98,0.022950
1281.47,0.022854
1281.95,0.022775
1282.43,0.022732
1282.91,0.022731
1283.39,0.022767
1283.88,0.022821
1284.36,0.022862
1284.84,0.022863
1285.32,0.022803
1285.81,0.022677
1286.29,0.022495
1286.77,0.022287
1287.25,0.022092
1287.73,0.021948
1288.22,0.021884
1288.70,0.021913
1289.18,0.022026
1289.66,0.022194
1290.14,0.022375
1290.63,0.022531
1291.11,0.022629
1291.59,0.022656
1292.07,0.022619
1292.56,0.022545
1293.04,0.022468
1293.52,0.022421
1294.00,0.022426
1294.48,0.022492
1294.96,0.022611
1295.45,0.022766
1295.93,0.022934
1296.41,0.023094
1296.89,0.023226
1297.38,0.023315
1297.86,0.023352
1298.34,0.023335
1298.82,0.023273
1299.30,0.023187
1299.79,0.023110
1300.27,0.023076
1300.75,0.023118
1301.23,0.023252
1301.71,0.023470
1302.20,0.023741
1302.68,0.024017
1303.16,0.024252
1303.64,0.024409
1304.13,0.024474
1304.61,0.024457
1305.09,0.024384
1305.57,0.024283
1306.05,0.024178
1306.54,0.024083
1307.02,0.024005
1307.50,0.023948
1307.98,0.023919
1308.46,0.023931
1308.95,0.023996
1309.43,0.024119
1309.91,0.024289
1310.39,0.024485
1310.88,0.024675
1311.36,0.024830
1311.84,0.024933
1312.32,0.024985
1312.80,0.025004
1313.29,0.025014
1313.77,0.025041
1314.25,0.025094
1314.73,0.025174
1315.21,0.025271
1315.70,0.025375
1316.18,0.025483
1316.66,0.025602
1317.14,0.025742
1317.62,0.025915
1318.11,0.026123
1318.59,0.026357
1319.07,0.026595
1319.55,0.026815
1320.04,0.026998
1320.52,0.027136
1321.00,0.027233
1321.48,0.027305
1321.96,0.027369
1322.45,0.027446
1322.93,0.027548
1323.41,0.027683
1323.89,0.027854
1324.38,0.028056
1324.86,0.028280
1325.34,0.028517
1325.82,0.028753
1326.30,0.028978
1326.79,0.029187
1327.27,0.029380
1327.75,0.029560
1328.23,0.029736
1328.71,0.029917
1329.20,0.030109
1329.68,0.030318
1330.16,0.030543
1330.64,0.030781
1331.12,0.031022
1331.61,0.031255
1332.09,0.031467
1332.57,0.031644
1333.05,0.031780
1333.54,0.031875
1334.02,0.031943
1334.50,0.032001
1334.98,0.032070
1335.46,0.032163
1335.94,0.032282
1336.43,0.032415
1336.91,0.032539
1337.39,0.032631
1337.87,0.032675
1338.36,0.032675
1338.84,0.032650
1339.32,0.032629
1339.80,0.032636
1340.28,0.032677
1340.77,0.032739
1341.25,0.032797
1341.73,0.032835
1342.21,0.032850
1342.69,0.032864
1343.18,0.032901
1343.66,0.032988
1344.14,0.033133
1344.62,0.033322
1345.11,0.033524
1345.59,0.033700
1346.07,0.033822
1346.55,0.033886
1347.03,0.033910
1347.52,0.033929
1348.00,0.033979
1348.48,0.034079
1348.96,0.034228
1349.44,0.034404
1349.93,0.034579
1350.41,0.034731
1350.89,0.034854
1351.37,0.034958
1351.86,0.035060
1352.34,0.035178
1352.82,0.035319
1353.30,0.035480
1353.78,0.035654
1354.27,0.035835
1354.75,0.036022
1355.23,0.036224
1355.71,0.036451
1356.19,0.036712
1356.68,0.037011
1357.16,0.037340
1357.64,0.037692
1358.12,0.038058
1358.61,0.038437
1359.09,0.038828
1359.57,0.039236
1360.05,0.039667
1360.53,0.040126
1361.02,0.040619
1361.50,0.041152
1361.98,0.041728
1362.46,0.042344
1362.94,0.042981
1363.43,0.043607
1363.91,0.044185
1364.39,0.044689
1364.87,0.045118
1365.35,0.045497
1365.84,0.045869
1366.32,0.046284
1366.80,0.046785
1367.28,0.047400
1367.77,0.048130
1368.25,0.048955
1368.73,0.049830
1369.21,0.050710
1369.69,0.051558
1370.18,0.052352
1370.66,0.053089
1371.14,0.053774
1371.62,0.054412
1372.10,0.055011
1372.59,0.055583
1373.07,0.056151
1373.55,0.056749
1374.03,0.057421
1374.52,0.058200
1375.00,0.059087
1375.48,0.060049
1375.96,0.061031
1376.44,0.061981
1376.92,0.062868
1377.41,0.063685
1377.89,0.064443
1378.37,0.065163
1378.85,0.065861
1379.34,0.066549
1379.82,0.067238
1380.30,0.067941
1380.78,0.068679
1381.26,0.069481
1381.75,0.070365
1382.23,0.071336
1382.71,0.072366
1383.19,0.073410
1383.67,0.074406
1384.16,0.075308
1384.64,0.076102
1385.12,0.076806
1385.60,0.077468
1386.09,0.078143
1386.57,0.078877
1387.05,0.079685
1387.53,0.080547
1388.01,0.081419
1388.50,0.082258
1388.98,0.083050
1389.46,0.083805
1389.94,0.084546
1390.42,0.085290
1390.91,0.086040
1391.39,0.086790
1391.87,0.087528
1392.35,0.088253
1392.84,0.088974
1393.32,0.089709
1393.80,0.090472
1394.28,0.091257
1394.76,0.092033
1395.25,0.092749
1395.73,0.093364
1396.21,0.093873
1396.69,0.094316
1397.17,0.094754
1397.66,0.095246
1398.14,0.095824
1398.62,0.096480
1399.10,0.097166
1399.59,0.097817
1400.07,0.098374
1400.55,0.098816
1401.03,0.099158
1401.51,0.099435
1401.99,0.099684
1402.48,0.099931
1402.96,0.100189
1403.44,0.100469
1403.92,0.100779
1404.41,0.101134
1404.89,0.101539
1405.37,0.101985
1405.85,0.102442
1406.33,0.102859
1406.82,0.103192
1407.30,0.103414
1407.78,0.103529
1408.26,0.103563
1408.74,0.103560
1409.23,0.103559
1409.71,0.103585
1410.19,0.103639
1410.67,0.103704
1411.16,0.103753
1411.64,0.103759
1412.12,0.103709
1412.60,0.103606
1413.08,0.103465
1413.57,0.103299
1414.05,0.103120
1414.53,0.102932
1415.01,0.102735
1415.49,0.102523
1415.98,0.102287
1416.46,0.102010
1416.94,0.101669
1417.42,0.101235
1417.90,0.100683
1418.39,0.100016
1418.87,0.099285
1419.35,0.098596
1419.83,0.098071
1420.32,0.097777
1420.80,0.097698
1421.28,0.097760
1421.76,0.097875
1422.24,0.097976
1422.73,0.098019
1423.21,0.097986
1423.69,0.097873
1424.17,0.097684
1424.65,0.097429
1425.14,0.097116
1425.62,0.096754
1426.10,0.096352
1426.58,0.095924
1427.07,0.095484
1427.55,0.095052
1428.03,0.094646
1428.51,0.094280
1428.99,0.093959
1429.48,0.093680
1429.96,0.093431
1430.44,0.093196
1430.92,0.092962
1431.40,0.092720
1431.89,0.092464
1432.37,0.092186
1432.85,0.091880
1433.33,0.091544
1433.82,0.091182
1434.30,0.090808
1434.78,0.090448
1435.26,0.090140
1435.74,0.089922
1436.23,0.089827
1436.71,0.089856
1437.19,0.089972
1437.67,0.090108
1438.15,0.090206
1438.64,0.090241
1439.12,0.090219
1439.60,0.090154
1440.08,0.090057
1440.57,0.089926
1441.05,0.089762
1441.53,0.089566
1442.01,0.089353
1442.49,0.089144
1442.97,0.088960
1443.46,0.088811
1443.94,0.088685
1444.42,0.088553
1444.90,0.088379
1445.39,0.088137
1445.87,0.087824
1446.35,0.087465
1446.83,0.087102
1447.31,0.086788
1447.80,0.086562
1448.28,0.086430
1448.76,0.086368
1449.24,0.086334
1449.72,0.086292
1450.21,0.086228
1450.69,0.086149
1451.17,0.086069
1451.65,0.085994
1452.13,0.085917
1452.62,0.085820
1453.10,0.085676
1453.58,0.085471
1454.06,0.085203
1454.55,0.084889
1455.03,0.084553
1455.51,0.084220
1455.99,0.083908
1456.47,0.083626
1456.96,0.083368
1457.44,0.083115
1457.92,0.082848
1458.40,0.082553
1458.88,0.082222
1459.37,0.081853
1459.85,0.081442
1460.33,0.080990
1460.81,0.080508
1461.30,0.080017
1461.78,0.079545
1462.26,0.079117
1462.74,0.078755
1463.22,0.078472
1463.71,0.078265
1464.19,0.078115
1464.67,0.077993
1465.15,0.077871
1465.63,0.077734
1466.12,0.077591
1466.60,0.077460
1467.08,0.077357
1467.56,0.077282
1468.05,0.077219
1468.53,0.077141
1469.01,0.077024
1469.49,0.076845
1469.97,0.076592
1470.46,0.076261
1470.94,0.075858
1471.42,0.075398
1471.90,0.074906
1472.38,0.074426
1472.87,0.074010
1473.35,0.073701
1473.83,0.073504
1474.31,0.073393
1474.80,0.073328
1475.28,0.073276
1475.76,0.073216
1476.24,0.073138
1476.72,0.073039
1477.20,0.072914
1477.69,0.072758
1478.17,0.072563
1478.65,0.072322
1479.13,0.072030
1479.62,0.071687
1480.10,0.071298
1480.58,0.070880
1481.06,0.070457
1481.55,0.070054
1482.03,0.069692
1482.51,0.069377
1482.99,0.069100
1483.47,0.068842
1483.95,0.068586
1484.44,0.068322
1484.92,0.068050
1485.40,0.067775
1485.88,0.067508
1486.37,0.067264
1486.85,0.067054
1487.33,0.066891
1487.81,0.066789
1488.29,0.066760
1488.78,0.066811
1489.26,0.066932
1489.74,0.067091
1490.22,0.067227
1490.70,0.067271
1491.19,0.067186
1491.67,0.066978
1492.15,0.066691
1492.63,0.066381
1493.12,0.066100
1493.60,0.065883
1494.08,0.065748
1494.56,0.065701
1495.04,0.065736
1495.53,0.065831
1496.01,0.065947
1496.49,0.066034
1496.97,0.066044
1497.45,0.065947
1497.94,0.065747
1498.42,0.065481
1498.90,0.065200
1499.38,0.064946
1499.87,0.064749
1500.35,0.064616
1500.83,0.064536
1501.31,0.064487
1501.79,0.064444
1502.28,0.064389
1502.76,0.064313
1503.24,0.064221
1503.72,0.064130
1504.20,0.064066
1504.69,0.064063
1505.17,0.064159
1505.65,0.064387
1506.13,0.064761
1506.62,0.065235
1507.10,0.065650
1507.58,0.065803
1508.06,0.065603
1508.54,0.065149
1509.03,0.064601
1509.51,0.064066
1509.99,0.063590
1510.47,0.063179
1510.95,0.062832
1511.44,0.062545
1511.92,0.062305
1512.40,0.062100
1512.88,0.061908
1513.36,0.061711
1513.85,0.061497
1514.33,0.061269
1514.81,0.061044
1515.29,0.060854
1515.78,0.060736
1516.26,0.060717
1516.74,0.060790
1517.22,0.060903
1517.70,0.060976
1518.18,0.060930
1518.67,0.060736
1519.15,0.060414
1519.63,0.060019
1520.11,0.059616
1520.60,0.059281
1521.08,0.059085
1521.56,0.059067
1522.04,0.059197
1522.52,0.059372
1523.01,0.059477
1523.49,0.059447
1523.97,0.059276
1524.45,0.059000
1524.93,0.058666
1525.42,0.058328
1525.90,0.058044
1526.38,0.057873
1526.86,0.057853
1527.35,0.057988
1527.83,0.058238
1528.31,0.058541
1528.79,0.058826
1529.27,0.059034
1529.76,0.059127
1530.24,0.059096
1530.72,0.058948
1531.20,0.058709
1531.68,0.058413
1532.17,0.058105
1532.65,0.057837
1533.13,0.057670
1533.61,0.057656
1534.10,0.057810
1534.58,0.058075
1535.06,0.058351
1535.54,0.058550
1536.02,0.058613
1536.51,0.058515
1536.99,0.058242
1537.47,0.057785
1537.95,0.057142
1538.43,0.056328
1538.92,0.055417
1539.40,0.054566
1539.88,0.054030
1540.36,0.054076
1540.85,0.054795
1541.33,0.055981
1541.81,0.057273
1542.29,0.058398
1542.77,0.059239
1543.26,0.059782
1543.74,0.060045
1544.22,0.060034
1544.70,0.059752
1545.18,0.059226
1545.67,0.058517
1546.15,0.057719
1546.63,0.056921
1547.11,0.056189
1547.59,0.055553
1548.08,0.055023
1548.56,0.054603
1549.04,0.054296
1549.52,0.054104
1550.01,0.054012
1550.49,0.053980
1550.97,0.053948
1551.45,0.053855
1551.93,0.053665
1552.42,0.053372
1552.90,0.053006
1553.38,0.052614
1553.86,0.052263
1554.34,0.052013
1554.83,0.051892
1555.31,0.051883
1555.79,0.051938
1556.27,0.052012
1556.76,0.052086
1557.24,0.052186
1557.72,0.052379
1558.20,0.052747
1558.68,0.053294
1559.16,0.053801
1559.65,0.053821
1560.13,0.053137
1560.61,0.052017
1561.09,0.050856
1561.58,0.049869
1562.06,0.049111
1562.54,0.048562
1563.02,0.048172
1563.50,0.047881
1563.99,0.047632
1564.47,0.047380
1564.95,0.047099
1565.43,0.046794
1565.91,0.046489
1566.40,0.046211
1566.88,0.045969
1567.36,0.045751
1567.84,0.045524
1568.33,0.045247
1568.81,0.044891
1569.29,0.044448
1569.77,0.043945
1570.25,0.043438
1570.74,0.042980
1571.22,0.042589
1571.70,0.042248
1572.18,0.041927
1572.66,0.041602
1573.15,0.041264
1573.63,0.040914
1574.11,0.040554
1574.59,0.040189
1575.08,0.039817
1575.56,0.039443
1576.04,0.039083
1576.52,0.038772
1577.00,0.038551
1577.49,0.038437
1577.97,0.038405
1578.45,0.038405
1578.93,0.038383
1579.41,0.038303
1579.90,0.038148
1580.38,0.037921
1580.86,0.037644
1581.34,0.037348
1581.83,0.037069
1582.31,0.036835
1582.79,0.036657
1583.27,0.036527
1583.75,0.036430
1584.23,0.036343
1584.72,0.036247
1585.20,0.036127
1585.68,0.035972
1586.16,0.035780
1586.65,0.035551
1587.13,0.035299
1587.61,0.035046
1588.09,0.034822
1588.57,0.034657
1589.06,0.034570
1589.54,0.034559
1590.02,0.034601
1590.50,0.034658
1590.98,0.034695
1591.47,0.034686
1591.95,0.034632
1592.43,0.034550
1592.91,0.034475
1593.40,0.034437
1593.88,0.034459
1594.36,0.034555
1594.84,0.034727
1595.32,0.034976
1595.81,0.035299
1596.29,0.035690
1596.77,0.036135
1597.25,0.036605
1597.73,0.037068
1598.22,0.037488
1598.70,0.037839
1599.18,0.038115
1599.66,0.038327
1600.14,0.038502
1600.63,0.038675
1601.11,0.038877
1601.59,0.039128
1602.07,0.039439
1602.56,0.039809
1603.04,0.040232
1603.52,0.040700
1604.00,0.041196
1604.48,0.041700
1604.97,0.042184
1605.45,0.042620
1605.93,0.042986
1606.41,0.043273
1606.89,0.043493
1607.38,0.043671
1607.86,0.043844
1608.34,0.044053
1608.82,0.044323
1609.31,0.044670
1609.79,0.045096
1610.27,0.045600
1610.75,0.046177
1611.23,0.046822
1611.72,0.047520
1612.20,0.048240
1612.68,0.048942
1613.16,0.049582
1613.64,0.050131
1614.13,0.050584
1614.61,0.050970
1615.09,0.051355
1615.57,0.051834
1616.06,0.052512
1616.54,0.053460
1617.02,0.054649
1617.50,0.055931
1617.98,0.057106
1618.47,0.058038
1618.95,0.058703
1619.43,0.059161
1619.91,0.059494
1620.39,0.059782
1620.88,0.060083
1621.36,0.060444
1621.84,0.060907
1622.32,0.061506
1622.81,0.062261
1623.29,0.063148
1623.77,0.064090
1624.25,0.064976
1624.73,0.065701
1625.21,0.066225
1625.70,0.066572
1626.18,0.066819
1626.66,0.067062
1627.14,0.067398
1627.63,0.067896
1628.11,0.068574
1628.59,0.069393
1629.07,0.070263
1629.55,0.071089
1630.04,0.071808
1630.52,0.072401
1631.00,0.072888
1631.48,0.073298
1631.96,0.073649
1632.45,0.073944
1632.93,0.074177
1633.41,0.074346
1633.89,0.074475
1634.38,0.074624
1634.86,0.074889
1635.34,0.075373
1635.82,0.076110
1636.30,0.076976
1636.79,0.077718
1637.27,0.078107
1637.75,0.078101
1638.23,0.077815
1638.71,0.077411
1639.20,0.077021
1639.68,0.076730
1640.16,0.076565
1640.64,0.076510
1641.12,0.076523
1641.61,0.076548
1642.09,0.076548
1642.57,0.076502
1643.05,0.076412
1643.54,0.076287
1644.02,0.076131
1644.50,0.075941
1644.98,0.075707
1645.46,0.075423
1645.95,0.075108
1646.43,0.074813
1646.91,0.074615
1647.39,0.074567
1647.88,0.074651
1648.36,0.074774
1648.84,0.074844
1649.32,0.074817
1649.80,0.074704
1650.29,0.074540
1650.77,0.074367
1651.25,0.074210
1651.73,0.074070
1652.21,0.073909
1652.70,0.073638
1653.18,0.073149
1653.66,0.072422
1654.14,0.071633
1654.62,0.071015
1655.11,0.070629
1655.59,0.070384
1656.07,0.070162
1656.55,0.069883
1657.04,0.069510
1657.52,0.069041
1658.00,0.068497
1658.48,0.067911
1658.96,0.067316
1659.45,0.066734
1659.93,0.066170
1660.41,0.065619
1660.89,0.065075
1661.37,0.064539
1661.86,0.064023
1662.34,0.063537
1662.82,0.063081
1663.30,0.062630
1663.79,0.062141
1664.27,0.061587
1664.75,0.060968
1665.23,0.060320
1665.71,0.059688
1666.19,0.059117
1666.68,0.058628
1667.16,0.058211
1667.64,0.057828
1668.12,0.057413
1668.61,0.056882
1669.09,0.056170
1669.57,0.055260
1670.05,0.054206
1670.53,0.053115
1671.02,0.052088
1671.50,0.051177
1671.98,0.050387
1672.46,0.049693
1672.94,0.049077
1673.43,0.048530
1673.91,0.048050
1674.39,0.047629
1674.87,0.047238
1675.36,0.046823
1675.84,0.046317
1676.32,0.045688
1676.80,0.044955
1677.28,0.044178
1677.77,0.043415
1678.25,0.042696
1678.73,0.042027
1679.21,0.041391
1679.69,0.040764
1680.18,0.040133
1680.66,0.039498
1681.14,0.038880
1681.62,0.038308
1682.11,0.037805
1682.59,0.037378
1683.07,0.037009
1683.55,0.036655
1684.03,0.036239
1684.52,0.035687
1685.00,0.034983
1685.48,0.034188
1685.96,0.033369
1686.44,0.032553
1686.93,0.031716
1687.41,0.030830
1687.89,0.029878
1688.37,0.028875
1688.86,0.027855
1689.34,0.026870
1689.82,0.025971
1690.30,0.025182
1690.78,0.024494
1691.27,0.023872
1691.75,0.023281
1692.23,0.022700
1692.71,0.022130
1693.19,0.021585
1693.68,0.021082
1694.16,0.020636
1694.64,0.020245
1695.12,0.019895
1695.60,0.019557
1696.09,0.019196
1696.57,0.018793
1697.05,0.018355
1697.53,0.017912
1698.02,0.017490
1698.50,0.017101
1698.98,0.016739
1699.46,0.016386
1699.94,0.016008
1700.43,0.015564
1700.91,0.015017
1701.39,0.014374
1701.87,0.013678
1702.35,0.012977
1702.84,0.012299
1703.32,0.011660
1703.80,0.011064
1704.28,0.010513
1704.77,0.010003
1705.25,0.009524
1705.73,0.009053
1706.21,0.008568
1706.69,0.008062
1707.17,0.007550
1707.66,0.007062
1708.14,0.006626
1708.62,0.006254
1709.10,0.005940
1709.59,0.005665
1710.07,0.005401
1710.55,0.005128
1711.03,0.004845
1711.51,0.004566
1712.00,0.004318
1712.48,0.004122
1712.96,0.003985
1713.44,0.003891
1713.92,0.003805
1714.41,0.003686
1714.89,0.003500
1715.37,0.003243
1715.85,0.002945
1716.34,0.002667
1716.82,0.002469
1717.30,0.002392
1717.78,0.002431
1718.26,0.002537
1718.75,0.002642
1719.23,0.002708
1719.71,0.002732
1720.19,0.002735
1720.67,0.002735
1721.16,0.002736
1721.64,0.002729
1722.12,0.002702
1722.60,0.002641
1723.09,0.002543
1723.57,0.002413
1724.05,0.002264
1724.53,0.002109
1725.01,0.001953
1725.50,0.001789
1725.98,0.001609
1726.46,0.001408
1726.94,0.001195
1727.42,0.000994
1727.91,0.000837
1728.39,0.000755
1728.87,0.000770
1729.35,0.000884
1729.84,0.001071
1730.32,0.001290
1730.80,0.001495
1731.28,0.001648
1731.76,0.001732
1732.24,0.001748
1732.73,0.001710
1733.21,0.001632
1733.69,0.001527
1734.17,0.001405
1734.66,0.001272
1735.14,0.001137
1735.62,0.001009
1736.10,0.000896
1736.58,0.000801
1737.07,0.000728
1737.55,0.000683
1738.03,0.000671
1738.51,0.000693
1738.99,0.000741
1739.48,0.000790
1739.96,0.000803
1740.44,0.000744
1740.92,0.000601
1741.40,0.000398
1741.89,0.000183
1742.37,0.000018
1742.85,-0.000046
1743.33,0.000015
1743.82,0.000193
1744.30,0.000447
1744.78,0.000713
1745.26,0.000928
1745.74,0.001057
1746.23,0.001092
1746.71,0.001053
1747.19,0.000972
1747.67,0.000885
1748.15,0.000823
1748.64,0.000812
1749.12,0.000868
1749.60,0.001006
1750.08,0.001228
1750.57,0.001518
1751.05,0.001828
1751.53,0.002082
1752.01,0.002197
1752.49,0.002123
1752.98,0.001865
1753.46,0.001483
1753.94,0.001057
1754.42,0.000670
1754.90,0.000388
1755.39,0.000247
1755.87,0.000251
1756.35,0.000365
1756.83,0.000527
1757.32,0.000660
1757.80,0.000709
1758.28,0.000662
1758.76,0.000550
1759.24,0.000420
1759.73,0.000311
1760.21,0.000246
1760.69,0.000230
1761.17,0.000255
1761.65,0.000312
1762.14,0.000392
1762.62,0.000490
1763.10,0.000597
1763.58,0.000700
1764.07,0.000781
1764.55,0.000827
1765.03,0.000831
1765.51,0.000798
1765.99,0.000748
1766.47,0.000702
1766.96,0.000681
1767.44,0.000697
1767.92,0.000738
1768.40,0.000779
1768.89,0.000789
1769.37,0.000752
1769.85,0.000678
1770.33,0.000599
1770.82,0.000557
1771.30,0.000588
1771.78,0.000699
1772.26,0.000860
1772.74,0.001000
1773.22,0.001047
1773.71,0.000969
1774.19,0.000786
1774.67,0.000549
1775.15,0.000306
1775.64,0.000085
1776.12,-0.000110
1776.60,-0.000289
1777.08,-0.000463
1777.56,-0.000638
1778.05,-0.000806
1778.53,-0.000949
1779.01,-0.001045
1779.49,-0.001077
1779.97,-0.001039
1780.46,-0.000941
1780.94,-0.000813
1781.42,-0.000686
1781.90,-0.000587
1782.38,-0.000528
1782.87,-0.000504
1783.35,-0.000506
1783.83,-0.000521
1784.31,-0.000540
1784.80,-0.000557
1785.28,-0.000567
1785.76,-0.000565
1786.24,-0.000550
1786.72,-0.000523
1787.21,-0.000495
1787.69,-0.000480
1788.17,-0.000497
1788.65,-0.000557
1789.13,-0.000667
1789.62,-0.000823
1790.10,-0.001011
1790.58,-0.001216
1791.06,-0.001421
1791.55,-0.001615
1792.03,-0.001790
1792.51,-0.001939
1792.99,-0.002048
1793.47,-0.002096
1793.96,-0.002063
1794.44,-0.001940
1794.92,-0.001732
1795.40,-0.001464
1795.88,-0.001168
1796.37,-0.000883
1796.85,-0.000639
1797.33,-0.000449
1797.81,-0.000305
1798.30,-0.000181
1798.78,-0.000039
1799.26,0.000148
1799.74,0.000389
1800.22,0.000665
1800.71,0.000938
1801.19,0.001168
1801.67,0.001332
1802.15,0.001433
1802.63,0.001497
1803.12,0.001555
1803.60,0.001624
1804.08,0.001702
1804.56,0.001766
1805.05,0.001784
1805.53,0.001732
1806.01,0.001598
1806.49,0.001390
1806.97,0.001126
1807.45,0.000832
1807.94,0.000529
1808.42,0.000233
1808.90,-0.000051
1809.38,-0.000321
1809.87,-0.000574
1810.35,-0.000807
1810.83,-0.001014
1811.31,-0.001185
1811.79,-0.001311
1812.28,-0.001383
1812.76,-0.001391
1813.24,-0.001327
1813.72,-0.001186
1814.20,-0.000973
1814.69,-0.000708
1815.17,-0.000426
1815.65,-0.000184
1816.13,-0.000039
1816.62,-0.000037
1817.10,-0.000188
1817.58,-0.000454
1818.06,-0.000752
1818.54,-0.000978
1819.03,-0.001045
1819.51,-0.000913
1819.99,-0.000602
1820.47,-0.000177
1820.95,0.000264
1821.44,0.000633
1821.92,0.000881
1822.40,0.000996
1822.88,0.001006
1823.37,0.000949
1823.85,0.000859
1824.33,0.000750
1824.81,0.000614
1825.29,0.000432
1825.78,0.000196
1826.26,-0.000080
1826.74,-0.000356
1827.22,-0.000581
1827.70,-0.000710
1828.19,-0.000709
1828.67,-0.000561
1829.15,-0.000269
1829.63,0.000135
1830.12,0.000587
1830.60,0.000998
1831.08,0.001280
1831.56,0.001383
1832.04,0.001306
1832.53,0.001096
1833.01,0.000818
1833.49,0.000544
1833.97,0.000337
1834.45,0.000233
1834.94,0.000239
1835.42,0.000324
1835.90,0.000422
1836.38,0.000458
1836.87,0.000373
1837.35,0.000150
1837.83,-0.000174
1838.31,-0.000523
1838.79,-0.000809
1839.28,-0.000958
1839.76,-0.000944
1840.24,-0.000786
1840.72,-0.000534
1841.20,-0.000244
1841.69,0.000041
1842.17,0.000298
1842.65,0.000523
1843.13,0.000718
1843.61,0.000875
1844.10,0.000974
1844.58,0.000981
1845.06,0.000874
1845.54,0.000659
1846.03,0.000373
1846.51,0.000065
1846.99,-0.000225
1847.47,-0.000481
1847.95,-0.000705
1848.43,-0.000910
1848.92,-0.001101
1849.40,-0.001264
1849.88,-0.001365
1850.36,-0.001353
1850.85,-0.001183
1851.33,-0.000839
1851.81,-0.000339
1852.29,0.000256
1852.77,0.000858
1853.26,0.001359
1853.74,0.001673
1854.22,0.001744
1854.70,0.001571
1855.18,0.001203
1855.67,0.000725
1856.15,0.000236
1856.63,-0.000180
1857.11,-0.000462
1857.60,-0.000593
1858.08,-0.000592
1858.56,-0.000511
1859.04,-0.000414
1859.52,-0.000350
1860.01,-0.000338
1860.49,-0.000358
1860.97,-0.000357
1861.45,-0.000267
1861.93,-0.000041
1862.42,0.000330
1862.90,0.000806
1863.38,0.001311
1863.86,0.001756
1864.35,0.002063
1864.83,0.002190
1865.31,0.002136
1865.79,0.001934
1866.27,0.001629
1866.76,0.001267
1867.24,0.000878
1867.72,0.000480
1868.20,0.000101
1868.68,-0.000208
1869.17,-0.000368
1869.65,-0.000296
1870.13,0.000043
1870.61,0.000605
1871.10,0.001271
1871.58,0.001895
1872.06,0.002343
1872.54,0.002525
1873.02,0.002417
1873.51,0.002064
1873.99,0.001572
1874.47,0.001070
1874.95,0.000684
1875.43,0.000498
1875.92,0.000532
1876.40,0.000749
1876.88,0.001079
1877.36,0.001448
1877.84,0.001793
1878.33,0.002080
1878.81,0.002297
1879.29,0.002441
1879.77,0.002508
1880.26,0.002484
1880.74,0.002356
1881.22,0.002116
1881.70,0.001778
1882.18,0.001371
1882.67,0.000941
1883.15,0.000537
1883.63,0.000205
1884.11,-0.000020
1884.59,-0.000119
1885.08,-0.000085
1885.56,0.000076
1886.04,0.000337
1886.52,0.000662
1887.01,0.001006
1887.49,0.001315
1887.97,0.001537
1888.45,0.001631
1888.93,0.001568
1889.41,0.001350
1889.90,0.001007
1890.38,0.000599
1890.86,0.000192
1891.34,-0.000163
1891.83,-0.000434
1892.31,-0.000615
1892.79,-0.000707
1893.27,-0.000717
1893.75,-0.000645
1894.24,-0.000490
1894.72,-0.000255
1895.20,0.000050
1895.68,0.000398
1896.16,0.000738
1896.65,0.001013
1897.13,0.001161
1897.61,0.001135
1898.09,0.000918
1898.58,0.000533
1899.06,0.000050
1899.54,-0.000425
1900.02,-0.000752
1900.50,-0.000794
1900.99,-0.000461
1901.47,0.000267
1901.95,0.001316
1902.43,0.002535
1902.91,0.003719
1903.40,0.004674
1903.88,0.005258
1904.36,0.005418
1904.84,0.005197
1905.33,0.004716
1905.81,0.004126
1906.29,0.003551
1906.77,0.003061
1907.25,0.002661
1907.74,0.002308
1908.22,0.001943
1908.70,0.001525
1909.18,0.001058
1909.66,0.000588
1910.15,0.000193
1910.63,-0.000051
1911.11,-0.000091
1911.59,0.000089
1912.08,0.000466
1912.56,0.000990
1913.04,0.001597
1913.52,0.002219
1914.00,0.002785
1914.48,0.003234
1914.97,0.003519
1915.45,0.003618
1915.93,0.003544
1916.41,0.003350
1916.90,0.003121
1917.38,0.002946
1917.86,0.002896
1918.34,0.002986
1918.82,0.003164
1919.31,0.003327
1919.79,0.003376
1920.27,0.003261
1920.75,0.003005
1921.23,0.002695
1921.72,0.002443
1922.20,0.002359
1922.68,0.002498
1923.16,0.002832
1923.65,0.003230
1924.13,0.003511
1924.61,0.003512
1925.09,0.003154
1925.57,0.002471
1926.06,0.001598
1926.54,0.000729
1927.02,0.000052
1927.50,-0.000281
1927.98,-0.000204
1928.47,0.000251
1928.95,0.000970
1929.43,0.001797
1929.91,0.002592
1930.39,0.003250
1930.88,0.003721
1931.36,0.004006
1931.84,0.004134
1932.32,0.004140
1932.81,0.004042
1933.29,0.003843
1933.77,0.003536
1934.25,0.003121
1934.73,0.002624
1935.22,0.002093
1935.70,0.001590
1936.18,0.001172
1936.66,0.000863
1937.14,0.000651
1937.63,0.000489
1938.11,0.000327
1938.59,0.000123
1939.07,-0.000126
1939.56,-0.000382
1940.04,-0.000574
1940.52,-0.000615
1941.00,-0.000434
1941.48,0.000020
1941.97,0.000751
1942.45,0.001710
1942.93,0.002788
1943.41,0.003841
1943.89,0.004725
1944.38,0.005331
1944.86,0.005610
1945.34,0.005571
1945.82,0.005279
1946.31,0.004842
1946.79,0.004408
1947.27,0.004142
1947.75,0.004177
1948.23,0.004588
1948.72,0.005363
1949.20,0.006413
1949.68,0.007591
1950.16,0.008734
1950.64,0.009721
1951.13,0.010487
1951.61,0.011035
1952.09,0.011408
1952.57,0.011644
1953.06,0.011731
1953.54,0.011602
1954.02,0.011149
1954.50,0.010292
1954.98,0.009024
1955.46,0.007449
1955.95,0.005759
1956.43,0.004175
1956.91,0.002900
1957.39,0.002048
1957.88,0.001635
1958.36,0.001588
1958.84,0.001788
1959.32,0.002101
1959.80,0.002422
1960.29,0.002695
1960.77,0.002896
1961.25,0.003023
1961.73,0.003081
1962.21,0.003089
1962.70,0.003098
1963.18,0.003197
1963.66,0.003519
1964.14,0.004208
1964.62,0.005374
1965.11,0.007049
1965.59,0.009138
1966.07,0.011414
1966.55,0.013517
1967.04,0.015075
1967.52,0.015775
1968.00,0.015446
1968.48,0.014085
1968.96,0.011847
1969.45,0.009003
1969.93,0.005853
1970.41,0.002696
1970.89,-0.000242
1971.38,-0.002833
1971.86,-0.005026
1972.34,-0.006818
1972.82,-0.008214
1973.30,-0.009188
1973.79,-0.009674
1974.27,-0.009574
1974.75,-0.008781
1975.23,-0.007221
1975.71,-0.004888
1976.20,-0.001884
1976.68,0.001564
1977.16,0.005111
1977.64,0.008345
1978.12,0.010934
1978.61,0.012706
1979.09,0.013695
1979.57,0.014079
1980.05,0.014090
1980.54,0.013925
1981.02,0.013686
1981.50,0.013385
1981.98,0.012970
1982.46,0.012377
1982.95,0.011563
1983.43,0.010540
1983.91,0.009376
1984.39,0.008200
1984.87,0.007167
1985.36,0.006425
1985.84,0.006089
1986.32,0.006204
1986.80,0.006739
1987.29,0.007600
1987.77,0.008645
1988.25,0.009722
1988.73,0.010681
1989.21,0.011420
1989.70,0.011897
1990.18,0.012120
1990.66,0.012122
1991.14,0.011935
1991.62,0.011574
1992.11,0.011045
1992.59,0.010376
1993.07,0.009651
1993.55,0.009007
1994.04,0.008616
1994.52,0.008622
1995.00,0.009085
1995.48,0.009951
1995.96,0.011043
1996.44,0.012098
1996.93,0.012808
1997.41,0.012921
1997.89,0.012313
1998.37,0.011008
1998.86,0.009158
1999.34,0.006984
1999.82,0.004737
2000.30,0.002625
2000.78,0.000810
2001.27,-0.000597
2001.75,-0.001535
2002.23,-0.001977
2002.71,-0.001924
2003.19,-0.001412
2003.68,-0.000535
2004.16,0.000553
2004.64,0.001671
2005.12,0.002634
2005.61,0.003332
2006.09,0.003777
2006.57,0.004114
2007.05,0.004583
2007.53,0.005439
2008.02,0.006876
2008.50,0.008926
2008.98,0.011440
2009.46,0.014106
2009.94,0.016546
2010.43,0.018397
2010.91,0.019359
2011.39,0.019282
2011.87,0.018183
2012.36,0.016273
2012.84,0.013896
2013.32,0.011477
2013.80,0.009412
2014.28,0.007967
2014.77,0.007266
2015.25,0.007273
2015.73,0.007835
2016.21,0.008718
2016.69,0.009704
2017.18,0.010649
2017.66,0.011500
2018.14,0.012273
2018.62,0.012989
2019.11,0.013617
2019.59,0.014053
2020.07,0.014137
2020.55,0.013715
2021.03,0.012720
2021.52,0.011208
2022.00,0.009382
2022.48,0.007540
2022.96,0.006027
2023.44,0.005148
2023.93,0.005058
2024.41,0.005712
2024.89,0.006861
2025.37,0.008134
2025.85,0.009098
2026.34,0.009383
2026.82,0.008788
2027.30,0.007332
2027.78,0.005284
2028.27,0.003094
2028.75,0.001314
2029.23,0.000414
2029.71,0.000671
2030.19,0.002102
2030.67,0.004456
2031.16,0.007279
2031.64,0.010018
2032.12,0.012213
2032.60,0.013588
2033.09,0.014096
2033.57,0.013871
2034.05,0.013148
2034.53,0.012165
2035.02,0.011079
2035.50,0.009952
2035.98,0.008753
2036.46,0.007405
2036.94,0.005825
2037.42,0.003971
2037.91,0.001862
2038.39,-0.000403
2038.87,-0.002650
2039.35,-0.004652
2039.84,-0.006133
2040.32,-0.006836
2040.80,-0.006573
2041.28,-0.005271
2041.76,-0.003038
2042.25,-0.000180
2042.73,0.002817
2043.21,0.005442
2043.69,0.007262
2044.17,0.008059
2044.66,0.007882
2045.14,0.006998
2045.62,0.005811
2046.10,0.004709
2046.59,0.003995
2047.07,0.003799
2047.55,0.004075
2048.03,0.004657
2048.51,0.005348
2049.00,0.006009
2049.48,0.006574
2049.96,0.007058
2050.44,0.007503
2050.92,0.007944
2051.41,0.008374
2051.89,0.008752
2052.37,0.009029
2052.85,0.009180
2053.34,0.009226
2053.82,0.009244
2054.30,0.009331
2054.78,0.009576
2055.26,0.010006
2055.75,0.010566
2056.23,0.011107
2056.71,0.011424
2057.19,0.011329
2057.67,0.010689
2058.16,0.009494
2058.64,0.007870
2059.12,0.006070
2059.60,0.004416
2060.08,0.003201
2060.57,0.002651
2061.05,0.002841
2061.53,0.003683
2062.01,0.004931
2062.49,0.006264
2062.98,0.007364
2063.46,0.007986
2063.94,0.008032
2064.42,0.007556
2064.91,0.006739
2065.39,0.005819
2065.87,0.005031
2066.35,0.004529
2066.83,0.004345
2067.32,0.004390
2067.80,0.004497
2068.28,0.004497
2068.76,0.004256
2069.24,0.003732
2069.73,0.002979
2070.21,0.002137
2070.69,0.001383
2071.17,0.000881
2071.66,0.000759
2072.14,0.001061
2072.62,0.001758
2073.10,0.002743
2073.58,0.003857
2074.07,0.004919
2074.55,0.005745
2075.03,0.006195
2075.51,0.006182
2075.99,0.005689
2076.48,0.004770
2076.96,0.003551
2077.44,0.002215
2077.92,0.000953
2078.41,-0.000059
2078.89,-0.000706
2079.37,-0.000966
2079.85,-0.000901
2080.33,-0.000634
2080.82,-0.000312
2081.30,-0.000067
2081.78,0.000017
2082.26,-0.000074
2082.74,-0.000300
2083.23,-0.000586
2083.71,-0.000855
2084.19,-0.001047
2084.67,-0.001133
2085.16,-0.001113
2085.64,-0.001009
2086.12,-0.000853
2086.60,-0.000679
2087.08,-0.000516
2087.57,-0.000387
2088.05,-0.000311
2088.53,-0.000294
2089.01,-0.000328
2089.49,-0.000386
2089.98,-0.000430
2090.46,-0.000413
2090.94,-0.000298
2091.42,-0.000063
2091.90,0.000295
2092.39,0.000766
2092.87,0.001340
2093.35,0.002014
2093.83,0.002795
2094.32,0.003690
2094.80,0.004684
2095.28,0.005721
2095.76,0.006702
2096.24,0.007495
2096.72,0.007967
2097.21,0.008034
2097.69,0.007685
2098.17,0.006989
2098.65,0.006066
2099.14,0.005060
2099.62,0.004094
2100.10,0.003241
2100.58,0.002524
2101.06,0.001931
2101.55,0.001439
2102.03,0.001042
2102.51,0.000768
2102.99,0.000671
2103.47,0.000815
2103.96,0.001249
2104.44,0.001986
2104.92,0.002987
2105.40,0.004173
2105.89,0.005433
2106.37,0.006635
2106.85,0.007648
2107.33,0.008353
2107.81,0.008649
2108.30,0.008483
2108.78,0.007854
2109.26,0.006827
2109.74,0.005518
2110.22,0.004087
2110.71,0.002709
2111.19,0.001526
2111.67,0.000645
2112.15,0.000101
2112.64,-0.000134
2113.12,-0.000142
2113.60,-0.000027
2114.08,0.000119
2114.56,0.000236
2115.05,0.000308
2115.53,0.000368
2116.01,0.000473
2116.49,0.000678
2116.97,0.001014
2117.46,0.001462
2117.94,0.001962
2118.42,0.002422
2118.90,0.002749
2119.39,0.002890
2119.87,0.002858
2120.35,0.002735
2120.83,0.002642
2121.31,0.002711
2121.80,0.003026
2122.28,0.003589
2122.76,0.004317
2123.24,0.005063
2123.72,0.005673
2124.21,0.006015
2124.69,0.006034
2125.17,0.005745
2125.65,0.005222
2126.14,0.004552
2126.62,0.003815
2127.10,0.003075
2127.58,0.002387
2128.06,0.001811
2128.55,0.001422
2129.03,0.001291
2129.51,0.001458
2129.99,0.001888
2130.47,0.002468
2130.96,0.003007
2131.44,0.003299
2131.92,0.003212
2132.40,0.002739
2132.88,0.002035
2133.37,0.001356
2133.85,0.001004
2134.33,0.001195
2134.81,0.001978
2135.30,0.003208
2135.78,0.004592
2136.26,0.005810
2136.74,0.006601
2137.22,0.006866
2137.70,0.006658
2138.19,0.006137
2138.67,0.005479
2139.15,0.004822
2139.63,0.004238
2140.12,0.003740
2140.60,0.003315
2141.08,0.002957
2141.56,0.002664
2142.04,0.002427
2142.53,0.002209
2143.01,0.001941
2143.49,0.001545
2143.97,0.000987
2144.45,0.000313
2144.94,-0.000332
2145.42,-0.000743
2145.90,-0.000740
2146.38,-0.000238
2146.86,0.000690
2147.35,0.001817
2147.83,0.002819
2148.31,0.003415
2148.79,0.003452
2149.28,0.002959
2149.76,0.002120
2150.24,0.001193
2150.72,0.000424
2151.20,-0.000051
2151.69,-0.000216
2152.17,-0.000155
2152.65,0.000019
2153.13,0.000210
2153.61,0.000378
2154.10,0.000540
2154.58,0.000744
2155.06,0.001037
2155.54,0.001452
2156.03,0.002007
2156.51,0.002718
2156.99,0.003597
2157.47,0.004638
2157.95,0.005777
2158.44,0.006877
2158.92,0.007716
2159.40,0.008077
2159.88,0.007829
2160.36,0.007013
2160.85,0.005839
2161.33,0.004649
2161.81,0.003808
2162.29,0.003575
2162.78,0.004059
2163.26,0.005192
2163.74,0.006773
2164.22,0.008528
2164.70,0.010185
2165.19,0.011549
2165.67,0.012517
2166.15,0.013086
2166.63,0.013317
2167.11,0.013289
2167.60,0.013038
2168.08,0.012536
2168.56,0.011696
2169.04,0.010414
2169.53,0.008626
2170.01,0.006361
2170.49,0.003765
2170.97,0.001083
2171.45,-0.001373
2171.94,-0.003320
2172.42,-0.004540
2172.90,-0.004931
2173.38,-0.004539
2173.86,-0.003546
2174.35,-0.002229
2174.83,-0.000863
2175.31,0.000316
2175.79,0.001174
2176.28,0.001695
2176.76,0.001957
2177.24,0.002092
2177.72,0.002242
2178.20,0.002532
2178.68,0.003026
2179.17,0.003724
2179.65,0.004549
2180.13,0.005369
2180.61,0.006024
2181.10,0.006364
2181.58,0.006309
2182.06,0.005892
2182.54,0.005262
2183.02,0.004641
2183.51,0.004273
2183.99,0.004347
2184.47,0.004919
2184.95,0.005892
2185.43,0.007022
2185.92,0.007998
2186.40,0.008498
2186.88,0.008278
2187.36,0.007230
2187.84,0.005383
2188.33,0.002908
2188.81,0.000077
2189.29,-0.002738
2189.77,-0.005148
2190.26,-0.006810
2190.74,-0.007463
2191.22,-0.007013
2191.70,-0.005559
2192.18,-0.003409
2192.67,-0.000995
2193.15,0.001202
2193.63,0.002772
2194.11,0.003519
2194.59,0.003471
2195.08,0.002868
2195.56,0.002042
2196.04,0.001332
2196.52,0.000966
2197.01,0.001011
2197.49,0.001393
2197.97,0.001960
2198.45,0.002564
2198.93,0.003094
2199.42,0.003510
2199.90,0.003815
2200.38,0.004026
2200.86,0.004145
2201.34,0.004156
2201.83,0.004038
2202.31,0.003785
2202.79,0.003425
2203.27,0.003010
2203.76,0.002591
2204.24,0.002208
2204.72,0.001871
2205.20,0.001576
2205.68,0.001327
2206.17,0.001166
2206.65,0.001168
2207.13,0.001431
2207.61,0.002025
2208.09,0.002948
2208.58,0.004105
2209.06,0.005325
2209.54,0.006422
2210.02,0.007234
2210.51,0.007688
2210.99,0.007801
2211.47,0.007666
2211.95,0.007394
2212.43,0.007074
2212.92,0.006744
2213.40,0.006389
2213.88,0.005961
2214.36,0.005415
2214.84,0.004738
2215.33,0.003950
2215.81,0.003103
2216.29,0.002258
2216.77,0.001482
2217.26,0.000838
2217.74,0.000392
2218.22,0.000220
2218.70,0.000400
2219.18,0.000984
2219.66,0.001974
2220.15,0.003291
2220.63,0.004780
2221.11,0.006217
2221.59,0.007375
2222.08,0.008078
2222.56,0.008232
2223.04,0.007868
2223.52,0.007123
2224.00,0.006217
2224.49,0.005371
2224.97,0.004768
2225.45,0.004516
2225.93,0.004620
2226.41,0.005004
2226.90,0.005528
2227.38,0.006038
2227.86,0.006385
2228.34,0.006459
2228.82,0.006210
2229.31,0.005638
2229.79,0.004798
2230.27,0.003775
2230.75,0.002691
2231.24,0.001680
2231.72,0.000866
2232.20,0.000364
2232.68,0.000249
2233.16,0.000548
2233.65,0.001229
2234.13,0.002208
2234.61,0.003354
2235.09,0.004505
2235.57,0.005513
2236.06,0.006256
2236.54,0.006665
2237.02,0.006729
2237.50,0.006476
2237.99,0.005966
2238.47,0.005269
2238.95,0.004469
2239.43,0.003667
2239.91,0.002974
2240.40,0.002516
2240.88,0.002413
2241.36,0.002735
2241.84,0.003483
2242.32,0.004557
2242.81,0.005779
2243.29,0.006915
2243.77,0.007762
2244.25,0.008204
2244.74,0.008238
2245.22,0.007974
2245.70,0.007588
2246.18,0.007265
2246.66,0.007124
2247.15,0.007191
2247.63,0.007398
2248.11,0.007628
2248.59,0.007755
2249.07,0.007696
2249.56,0.007431
2250.04,0.006995
2250.52,0.006440
2251.00,0.005810
2251.49,0.005120
2251.97,0.004359
2252.45,0.003509
2252.93,0.002578
2253.41,0.001611
2253.90,0.000695
2254.38,-0.000051
2254.86,-0.000520
2255.34,-0.000637
2255.82,-0.000379
2256.31,0.000224
2256.79,0.001094
2257.27,0.002114
2257.75,0.003166
2258.24,0.004128
2258.72,0.004902
2259.20,0.005433
2259.68,0.005711
2260.16,0.005777
2260.64,0.005705
2261.13,0.005589
2261.61,0.005513
2262.09,0.005531
2262.57,0.005655
2263.06,0.005860
2263.54,0.006102
2264.02,0.006328
2264.50,0.006503
2264.98,0.006612
2265.47,0.006650
2265.95,0.006619
2266.43,0.006516
2266.91,0.006335
2267.39,0.006073
2267.88,0.005744
2268.36,0.005391
2268.84,0.005075
2269.32,0.004873
2269.80,0.004846
2270.29,0.005018
2270.77,0.005366
2271.25,0.005820
2271.73,0.006288
2272.22,0.006673
2272.70,0.006898
2273.18,0.006929
2273.66,0.006769
2274.14,0.006452
2274.63,0.006030
2275.11,0.005560
2275.59,0.005091
2276.07,0.004658
2276.55,0.004287
2277.04,0.003989
2277.52,0.003767
2278.00,0.003624
2278.48,0.003559
2278.97,0.003578
2279.45,0.003693
2279.93,0.003917
2280.41,0.004254
2280.89,0.004690
2281.38,0.005185
2281.86,0.005671
2282.34,0.006062
2282.82,0.006283
2283.30,0.006282
2283.79,0.006059
2284.27,0.005661
2284.75,0.005183
2285.23,0.004734
2285.72,0.004405
2286.20,0.004254
2286.68,0.004284
2287.16,0.004448
2287.64,0.004665
2288.13,0.004850
2288.61,0.004935
2289.09,0.004886
2289.57,0.004716
2290.05,0.004472
2290.54,0.004232
2291.02,0.004071
2291.50,0.004053
2291.98,0.004208
2292.47,0.004524
2292.95,0.004949
2293.43,0.005396
2293.91,0.005771
2294.39,0.005986
2294.88,0.005990
2295.36,0.005779
2295.84,0.005402
2296.32,0.004948
2296.80,0.004517
2297.29,0.004207
2297.77,0.004074
2298.25,0.004122
2298.73,0.004304
2299.21,0.004539
2299.70,0.004737
2300.18,0.004828
2300.66,0.004784
2301.14,0.004627
2301.62,0.004424
2302.11,0.004261
2302.59,0.004221
2303.07,0.004360
2303.55,0.004683
2304.04,0.005151
2304.52,0.005682
2305.00,0.006183
2305.48,0.006561
2305.96,0.006754
2306.45,0.006741
2306.93,0.006542
2307.41,0.006208
2307.89,0.005809
2308.38,0.005414
2308.86,0.005076
2309.34,0.004823
2309.82,0.004655
2310.30,0.004547
2310.78,0.004460
2311.27,0.004353
2311.75,0.004193
2312.23,0.003967
2312.71,0.003681
2313.20,0.003362
2313.68,0.003054
2314.16,0.002804
2314.64,0.002651
2315.12,0.002621
2315.61,0.002720
2316.09,0.002934
2316.57,0.003233
2317.05,0.003580
2317.53,0.003938
2318.02,0.004273
2318.50,0.004563
2318.98,0.004791
2319.46,0.004949
2319.95,0.005043
2320.43,0.005087
2320.91,0.005108
2321.39,0.005141
2321.87,0.005222
2322.36,0.005377
2322.84,0.005609
2323.32,0.005894
2323.80,0.006182
2324.28,0.006413
2324.77,0.006532
2325.25,0.006506
2325.73,0.006338
2326.21,0.006064
2326.70,0.005745
2327.18,0.005447
2327.66,0.005228
2328.14,0.005125
2328.62,0.005140
2329.11,0.005247
2329.59,0.005396
2330.07,0.005527
2330.55,0.005582
2331.03,0.005519
2331.52,0.005317
2332.00,0.004981
2332.48,0.004539
2332.96,0.004037
2333.45,0.003539
2333.93,0.003104
2334.41,0.002787
2334.89,0.002626
2335.37,0.002631
2335.86,0.002785
2336.34,0.003046
2336.82,0.003366
2337.30,0.003690
2337.78,0.003978
2338.27,0.004206
2338.75,0.004364
2339.23,0.004446
2339.71,0.004449
2340.19,0.004363
2340.68,0.004182
2341.16,0.003910
2341.64,0.003574
2342.12,0.003225
2342.61,0.002936
2343.09,0.002785
2343.57,0.002827
2344.05,0.003081
2344.53,0.003510
2345.02,0.004038
2345.50,0.004554
2345.98,0.004950
2346.46,0.005156
2346.94,0.005151
2347.43,0.004964
2347.91,0.004656
2348.39,0.004297
2348.87,0.003942
2349.35,0.003625
2349.84,0.003365
2350.32,0.003163
2350.80,0.003016
2351.28,0.002915
2351.76,0.002857
2352.25,0.002838
2352.73,0.002857
2353.21,0.002911
2353.69,0.002995
2354.18,0.003104
2354.66,0.003230
2355.14,0.003370
2355.62,0.003521
2356.10,0.003682
2356.59,0.003843
2357.07,0.003985
2357.55,0.004081
2358.03,0.004102
2358.51,0.004029
2359.00,0.003869
2359.48,0.003662
2359.96,0.003479
2360.44,0.003400
2360.93,0.003495
2361.41,0.003790
2361.89,0.004256
2362.37,0.004813
2362.85,0.005352
2363.34,0.005771
2363.82,0.005998
2364.30,0.006016
2364.78,0.005858
2365.26,0.005592
2365.75,0.005285
2366.23,0.004987
2366.71,0.004719
2367.19,0.004479
2367.68,0.004257
2368.16,0.004059
2368.64,0.003907
2369.12,0.003837
2369.60,0.003879
2370.09,0.004036
2370.57,0.004279
2371.05,0.004543
2371.53,0.004756
2372.01,0.004857
2372.50,0.004821
2372.98,0.004666
2373.46,0.004448
2373.94,0.004233
2374.43,0.004076
2374.91,0.004003
2375.39,0.004000
2375.87,0.004030
2376.35,0.004048
2376.84,0.004024
2377.32,0.003958
2377.80,0.003876
2378.28,0.003821
2378.76,0.003836
2379.25,0.003946
2379.73,0.004147
2380.21,0.004406
2380.69,0.004677
2381.17,0.004910
2381.66,0.005065
2382.14,0.005128
2382.62,0.005107
2383.10,0.005027
2383.59,0.004922
2384.07,0.004823
2384.55,0.004753
2385.03,0.004720
2385.51,0.004722
2385.99,0.004744
2386.48,0.004771
2386.96,0.004785
2387.44,0.004772
2387.92,0.004721
2388.41,0.004628
2388.89,0.004493
2389.37,0.004322
2389.85,0.004128
2390.33,0.003930
2390.82,0.003751
2391.30,0.003616
2391.78,0.003549
2392.26,0.003566
2392.74,0.003671
2393.23,0.003855
2393.71,0.004096
2394.19,0.004359
2394.67,0.004608
2395.16,0.004810
2395.64,0.004941
2396.12,0.004995
2396.60,0.004984
2397.08,0.004931
2397.57,0.004866
2398.05,0.004814
2398.53,0.004794
2399.01,0.004809
2399.49,0.004855
2399.98,0.004921
2400.46,0.004999
2400.94,0.005085
2401.42,0.005180
2401.91,0.005288
2402.39,0.005410
2402.87,0.005540
2403.35,0.005663
2403.83,0.005761
2404.32,0.005816
2404.80,0.005816
2405.28,0.005760
2405.76,0.005657
2406.24,0.005525
2406.73,0.005386
2407.21,0.005266
2407.69,0.005186
2408.17,0.005168
2408.66,0.005227
2409.14,0.005367
2409.62,0.005578
2410.10,0.005833
2410.58,0.006086
2411.07,0.006283
2411.55,0.006376
2412.03,0.006333
2412.51,0.006154
2412.99,0.005869
2413.48,0.005533
2413.96,0.005206
2414.44,0.004931
2414.92,0.004729
2415.41,0.004592
2415.89,0.004498
2416.37,0.004425
2416.85,0.004370
2417.33,0.004348
2417.82,0.004392
2418.30,0.004523
2418.78,0.004742
2419.26,0.005010
2419.74,0.005265
2420.23,0.005428
2420.71,0.005442
2421.19,0.005288
2421.67,0.004999
2422.15,0.004649
2422.64,0.004321
2423.12,0.004092
2423.60,0.004000
2424.08,0.004038
2424.57,0.004163
2425.05,0.004317
2425.53,0.004448
2426.01,0.004524
2426.49,0.004539
2426.97,0.004505
2427.46,0.004444
2427.94,0.004377
2428.42,0.004323
2428.90,0.004302
2429.39,0.004330
2429.87,0.004428
2430.35,0.004614
2430.83,0.004892
2431.31,0.005245
2431.80,0.005637
2432.28,0.006020
2432.76,0.006341
2433.24,0.006560
2433.72,0.006663
2434.21,0.006652
2434.69,0.006547
2435.17,0.006362
2435.65,0.006105
2436.14,0.005772
2436.62,0.005355
2437.10,0.004854
2437.58,0.004293
2438.06,0.003721
2438.55,0.003211
2439.03,0.002830
2439.51,0.002631
2439.99,0.002623
2440.47,0.002775
2440.96,0.003016
2441.44,0.003258
2441.92,0.003430
2442.40,0.003489
2442.89,0.003438
2443.37,0.003321
2443.85,0.003208
2444.33,0.003170
2444.81,0.003251
2445.30,0.003464
2445.78,0.003780
2446.26,0.004143
2446.74,0.004490
2447.22,0.004772
2447.71,0.004973
2448.19,0.005106
2448.67,0.005208
2449.15,0.005323
2449.64,0.005478
2450.12,0.005676
2450.60,0.005890
2451.08,0.006072
2451.56,0.006180
2452.05,0.006185
2452.53,0.006087
2453.01,0.005907
2453.49,0.005681
2453.97,0.005438
2454.46,0.005191
2454.94,0.004936
2455.42,0.004661
2455.90,0.004360
2456.39,0.004049
2456.87,0.003770
2457.35,0.003577
2457.83,0.003522
2458.31,0.003630
2458.80,0.003889
2459.28,0.004246
2459.76,0.004631
2460.24,0.004972
2460.72,0.005224
2461.21,0.005378
2461.69,0.005455
2462.17,0.005496
2462.65,0.005534
2463.13,0.005581
2463.62,0.005628
2464.10,0.005649
2464.58,0.005620
2465.06,0.005537
2465.55,0.005419
2466.03,0.005306
2466.51,0.005238
2466.99,0.005237
2467.47,0.005297
2467.95,0.005384
2468.44,0.005447
2468.92,0.005434
2469.40,0.005320
2469.88,0.005112
2470.37,0.004847
2470.85,0.004585
2471.33,0.004386
2471.81,0.004304
2472.29,0.004368
2472.78,0.004584
2473.26,0.004937
2473.74,0.005398
2474.22,0.005923
2474.70,0.006461
2475.19,0.006956
2475.67,0.007354
2476.15,0.007608
2476.63,0.007695
2477.11,0.007616
2477.60,0.007404
2478.08,0.007106
2478.56,0.006783
2479.04,0.006479
2479.53,0.006217
2480.01,0.005995
2480.49,0.005793
2480.97,0.005583
2481.45,0.005352
2481.94,0.005105
2482.42,0.004869
2482.90,0.004686
2483.38,0.004592
2483.86,0.004607
2484.35,0.004724
2484.83,0.004912
2485.31,0.005121
2485.79,0.005297
2486.28,0.005402
2486.76,0.005418
2487.24,0.005353
2487.72,0.005234
2488.20,0.005105
2488.69,0.005006
2489.17,0.004966
2489.65,0.004993
2490.13,0.005075
2490.61,0.005181
2491.10,0.005267
2491.58,0.005297
2492.06,0.005252
2492.54,0.005139
2493.03,0.004997
2493.51,0.004882
2493.99,0.004860
2494.47,0.004975
2494.95,0.005239
2495.44,0.005624
2495.92,0.006066
2496.40,0.006480
2496.88,0.006786
2497.36,0.006937
2497.85,0.006924
2498.33,0.006783
2498.81,0.006576
2499.29,0.006381
2499.78,0.006262
2500.26,0.006257
2500.74,0.006376
2501.22,0.006597
2501.70,0.006881
2502.19,0.007175
2502.67,0.007431
2503.15,0.007604
2503.63,0.007665
2504.11,0.007599
2504.60,0.007412
2505.08,0.007129
2505.56,0.006788
2506.04,0.006438
2506.53,0.006124
2507.01,0.005876
2507.49,0.005707
2507.97,0.005608
2508.45,0.005560
2508.93,0.005538
2509.42,0.005525
2509.90,0.005517
2510.38,0.005522
2510.86,0.005551
2511.35,0.005613
2511.83,0.005703
2512.31,0.005807
2512.79,0.005900
2513.27,0.005957
2513.76,0.005958
2514.24,0.005897
2514.72,0.005777
2515.20,0.005612
2515.68,0.005423
2516.17,0.005236
2516.65,0.005079
2517.13,0.004984
2517.61,0.004982
2518.09,0.005098
2518.58,0.005340
2519.06,0.005693
2519.54,0.006116
2520.02,0.006546
2520.51,0.006910
2520.99,0.007149
2521.47,0.007227
2521.95,0.007148
2522.43,0.006952
2522.92,0.006705
2523.40,0.006476
2523.88,0.006320
2524.36,0.006261
2524.84,0.006293
2525.33,0.006382
2525.81,0.006485
2526.29,0.006567
2526.77,0.006606
2527.26,0.006599
2527.74,0.006558
2528.22,0.006494
2528.70,0.006414
2529.18,0.006315
2529.67,0.006189
2530.15,0.006035
2530.63,0.005864
2531.11,0.005704
2531.59,0.005596
2532.08,0.005574
2532.56,0.005657
2533.04,0.005828
2533.52,0.006040
2534.01,0.006223
2534.49,0.006310
2534.97,0.006257
2535.45,0.006063
2535.93,0.005766
2536.42,0.005438
2536.90,0.005157
2537.38,0.004980
2537.86,0.004931
2538.34,0.004997
2538.83,0.005136
2539.31,0.005302
2539.79,0.005453
2540.27,0.005570
2540.76,0.005650
2541.24,0.005696
2541.72,0.005716
2542.20,0.005708
2542.68,0.005676
2543.17,0.005627
2543.65,0.005587
2544.13,0.005592
2544.61,0.005680
2545.09,0.005875
2545.58,0.006172
2546.06,0.006525
2546.54,0.006864
2547.02,0.007112
2547.50,0.007210
2547.99,0.007137
2548.47,0.006912
2548.95,0.006588
2549.43,0.006229
2549.91,0.005888
2550.40,0.005597
2550.88,0.005366
2551.36,0.005193
2551.84,0.005082
2552.33,0.005048
2552.81,0.005113
2553.29,0.005297
2553.77,0.005599
2554.25,0.005989
2554.74,0.006403
2555.22,0.006765
2555.70,0.007004
2556.18,0.007071
2556.66,0.006958
2557.15,0.006691
2557.63,0.006330
2558.11,0.005940
2558.59,0.005582
2559.07,0.005306
2559.56,0.005137
2560.04,0.005081
2560.52,0.005126
2561.00,0.005245
2561.49,0.005398
2561.97,0.005542
2562.45,0.005640
2562.93,0.005667
2563.41,0.005625
2563.90,0.005539
2564.38,0.005453
2564.86,0.005416
2565.34,0.005458
2565.82,0.005585
2566.31,0.005770
2566.79,0.005965
2567.27,0.006111
2567.75,0.006164
2568.24,0.006101
2568.72,0.005929
2569.20,0.005675
2569.68,0.005383
2570.16,0.005099
2570.65,0.004859
2571.13,0.004690
2571.61,0.004607
2572.09,0.004613
2572.57,0.004700
2573.06,0.004847
2573.54,0.005028
2574.02,0.005212
2574.50,0.005372
2574.99,0.005494
2575.47,0.005580
2575.95,0.005652
2576.43,0.005738
2576.91,0.005867
2577.40,0.006055
2577.88,0.006300
2578.36,0.006576
2578.84,0.006854
2579.32,0.007099
2579.81,0.007286
2580.29,0.007403
2580.77,0.007448
2581.25,0.007424
2581.74,0.007333
2582.22,0.007173
2582.70,0.006936
2583.18,0.006622
2583.66,0.006240
2584.14,0.005815
2584.63,0.005384
2585.11,0.004998
2585.59,0.004698
2586.07,0.004516
2586.56,0.004458
2587.04,0.004506
2587.52,0.004625
2588.00,0.004767
2588.48,0.004893
2588.97,0.004980
2589.45,0.005029
2589.93,0.005067
2590.41,0.005132
2590.89,0.005269
2591.38,0.005502
2591.86,0.005835
2592.34,0.006239
2592.82,0.006670
2593.31,0.007073
2593.79,0.007401
2594.27,0.007632
2594.75,0.007762
2595.23,0.007810
2595.72,0.007797
2596.20,0.007744
2596.68,0.007662
2597.16,0.007554
2597.64,0.007422
2598.13,0.007271
2598.61,0.007117
2599.09,0.006978
2599.57,0.006869
2600.05,0.006791
2600.54,0.006729
2601.02,0.006655
2601.50,0.006541
2601.98,0.006368
2602.47,0.006144
2602.95,0.005903
2603.43,0.005697
2603.91,0.005579
2604.39,0.005595
2604.88,0.005761
2605.36,0.006065
2605.84,0.006467
2606.32,0.006913
2606.80,0.007349
2607.29,0.007723
2607.77,0.007999
2608.25,0.008159
2608.73,0.008204
2609.22,0.008153
2609.70,0.008041
2610.18,0.007914
2610.66,0.007815
2611.14,0.007771
2611.63,0.007789
2612.11,0.007847
2612.59,0.007900
2613.07,0.007894
2613.55,0.007787
2614.04,0.007562
2614.52,0.007235
2615.00,0.006852
2615.48,0.006478
2615.97,0.006175
2616.45,0.005986
2616.93,0.005933
2617.41,0.006009
2617.89,0.006192
2618.38,0.006451
2618.86,0.006759
2619.34,0.007096
2619.82,0.007447
2620.30,0.007801
2620.79,0.008145
2621.27,0.008461
2621.75,0.008729
2622.23,0.008928
2622.72,0.009041
2623.20,0.009057
2623.68,0.008976
2624.16,0.008810
2624.64,0.008580
2625.12,0.008324
2625.61,0.008079
2626.09,0.007884
2626.57,0.007765
2627.05,0.007733
2627.54,0.007779
2628.02,0.007879
2628.50,0.008000
2628.98,0.008112
2629.46,0.008194
2629.95,0.008239
2630.43,0.008248
2630.91,0.008226
2631.39,0.008176
2631.88,0.008095
2632.36,0.007980
2632.84,0.007830
2633.32,0.007659
2633.80,0.007492
2634.28,0.007360
2634.77,0.007295
2635.25,0.007315
2635.73,0.007415
2636.21,0.007570
2636.70,0.007739
2637.18,0.007880
2637.66,0.007961
2638.14,0.007970
2638.62,0.007913
2639.11,0.007811
2639.59,0.007687
2640.07,0.007564
2640.55,0.007456
2641.03,0.007370
2641.52,0.007310
2642.00,0.007274
2642.48,0.007264
2642.96,0.007279
2643.45,0.007317
2643.93,0.007372
2644.41,0.007438
2644.89,0.007509
2645.37,0.007583
2645.86,0.007659
2646.34,0.007739
2646.82,0.007826
2647.30,0.007916
2647.78,0.008003
2648.27,0.008079
2648.75,0.008133
2649.23,0.008160
2649.71,0.008157
2650.20,0.008125
2650.68,0.008064
2651.16,0.007978
2651.64,0.007869
2652.12,0.007744
2652.61,0.007613
2653.09,0.007498
2653.57,0.007420
2654.05,0.007402
2654.53,0.007456
2655.02,0.007580
2655.50,0.007753
2655.98,0.007946
2656.46,0.008125
2656.95,0.008266
2657.43,0.008357
2657.91,0.008400
2658.39,0.008410
2658.87,0.008401
2659.36,0.008384
2659.84,0.008361
2660.32,0.008326
2660.80,0.008276
2661.28,0.008210
2661.77,0.008138
2662.25,0.008076
2662.73,0.008041
2663.21,0.008045
2663.70,0.008089
2664.18,0.008163
2664.66,0.008252
2665.14,0.008340
2665.62,0.008417
2666.11,0.008484
2666.59,0.008550
2667.07,0.008627
2667.55,0.008724
2668.03,0.008844
2668.52,0.008980
2669.00,0.009118
2669.48,0.009242
2669.96,0.009336
2670.44,0.009392
2670.93,0.009403
2671.41,0.009369
2671.89,0.009294
2672.37,0.009186
2672.86,0.009052
2673.34,0.008905
2673.82,0.008758
2674.30,0.008619
2674.78,0.008498
2675.26,0.008395
2675.75,0.008308
2676.23,0.008232
2676.71,0.008165
2677.19,0.008108
2677.68,0.008068
2678.16,0.008056
2678.64,0.008083
2679.12,0.008152
2679.60,0.008256
2680.09,0.008378
2680.57,0.008493
2681.05,0.008575
2681.53,0.008608
2682.01,0.008587
2682.50,0.008520
2682.98,0.008424
2683.46,0.008322
2683.94,0.008230
2684.43,0.008159
2684.91,0.008110
2685.39,0.008081
2685.87,0.008068
2686.35,0.008069
2686.84,0.008089
2687.32,0.008134
2687.80,0.008211
2688.28,0.008320
2688.76,0.008458
2689.25,0.008616
2689.73,0.008783
2690.21,0.008950
2690.69,0.009113
2691.18,0.009271
2691.66,0.009427
2692.14,0.009579
2692.62,0.009722
2693.10,0.009847
2693.59,0.009942
2694.07,0.009995
2694.55,0.010003
2695.03,0.009966
2695.51,0.009892
2696.00,0.009791
2696.48,0.009673
2696.96,0.009546
2697.44,0.009413
2697.93,0.009275
2698.41,0.009133
2698.89,0.008989
2699.37,0.008845
2699.85,0.008704
2700.34,0.008565
2700.82,0.008425
2701.30,0.008282
2701.78,0.008137
2702.26,0.007996
2702.75,0.007876
2703.23,0.007801
2703.71,0.007791
2704.19,0.007862
2704.68,0.008015
2705.16,0.008233
2705.64,0.008484
2706.12,0.008732
2706.60,0.008943
2707.09,0.009096
2707.57,0.009189
2708.05,0.009238
2708.53,0.009272
2709.01,0.009318
2709.50,0.009399
2709.98,0.009523
2710.46,0.009683
2710.94,0.009859
2711.42,0.010025
2711.91,0.010159
2712.39,0.010243
2712.87,0.010273
2713.35,0.010253
2713.84,0.010193
2714.32,0.010106
2714.80,0.010002
2715.28,0.009889
2715.76,0.009772
2716.24,0.009654
2716.73,0.009542
2717.21,0.009445
2717.69,0.009373
2718.17,0.009338
2718.66,0.009344
2719.14,0.009390
2719.62,0.009467
2720.10,0.009561
2720.58,0.009655
2721.07,0.009737
2721.55,0.009803
2722.03,0.009855
2722.51,0.009901
2722.99,0.009951
2723.48,0.010010
2723.96,0.010082
2724.44,0.010162
2724.92,0.010245
2725.41,0.010324
2725.89,0.010398
2726.37,0.010465
2726.85,0.010526
2727.33,0.010584
2727.82,0.010636
2728.30,0.010680
2728.78,0.010711
2729.26,0.010724
2729.74,0.010716
2730.23,0.010688
2730.71,0.010643
2731.19,0.010587
2731.67,0.010525
2732.16,0.010465
2732.64,0.010410
2733.12,0.010366
2733.60,0.010332
2734.08,0.010307
2734.57,0.010286
2735.05,0.010265
2735.53,0.010239
2736.01,0.010208
2736.49,0.010178
2736.98,0.010160
2737.46,0.010166
2737.94,0.010208
2738.42,0.010286
2738.91,0.010393
2739.39,0.010512
2739.87,0.010621
2740.35,0.010701
2740.83,0.010740
2741.32,0.010738
2741.80,0.010703
2742.28,0.010645
2742.76,0.010573
2743.24,0.010489
2743.73,0.010392
2744.21,0.010281
2744.69,0.010162
2745.17,0.010046
2745.66,0.009955
2746.14,0.009910
2746.62,0.009928
2747.10,0.010014
2747.58,0.010160
2748.07,0.010349
2748.55,0.010560
2749.03,0.010774
2749.51,0.010981
2749.99,0.011169
2750.48,0.011332
2750.96,0.011460
2751.44,0.011540
2751.92,0.011561
2752.40,0.011521
2752.89,0.011431
2753.37,0.011312
2753.85,0.011198
2754.33,0.011118
2754.82,0.011093
2755.30,0.011128
2755.78,0.011212
2756.26,0.011325
2756.74,0.011445
2757.22,0.011556
2757.71,0.011651
2758.19,0.011729
2758.67,0.011788
2759.15,0.011823
2759.64,0.011823
2760.12,0.011777
2760.60,0.011682
2761.08,0.011546
2761.56,0.011390
2762.05,0.011245
2762.53,0.011140
2763.01,0.011093
2763.49,0.011103
2763.97,0.011152
2764.46,0.011210
2764.94,0.011242
2765.42,0.011224
2765.90,0.011146
2766.39,0.011014
2766.87,0.010849
2767.35,0.010679
2767.83,0.010539
2768.31,0.010458
2768.80,0.010461
2769.28,0.010559
2769.76,0.010750
2770.24,0.011015
2770.72,0.011315
2771.21,0.011607
2771.69,0.011840
2772.17,0.011979
2772.65,0.012007
2773.14,0.011935
2773.62,0.011800
2774.10,0.011647
2774.58,0.011526
2775.06,0.011471
2775.55,0.011489
2776.03,0.011566
2776.51,0.011670
2776.99,0.011767
2777.47,0.011827
2777.96,0.011841
2778.44,0.011817
2778.92,0.011778
2779.40,0.011752
2779.89,0.011762
2780.37,0.011819
2780.85,0.011917
2781.33,0.012035
2781.81,0.012149
2782.30,0.012236
2782.78,0.012281
2783.26,0.012284
2783.74,0.012260
2784.22,0.012230
2784.71,0.012218
2785.19,0.012241
2785.67,0.012304
2786.15,0.012400
2786.63,0.012509
2787.12,0.012608
2787.60,0.012678
2788.08,0.012708
2788.56,0.012698
2789.05,0.012661
2789.53,0.012617
2790.01,0.012588
2790.49,0.012588
2790.97,0.012625
2791.46,0.012695
2791.94,0.012783
2792.42,0.012867
2792.90,0.012925
2793.38,0.012942
2793.87,0.012913
2794.35,0.012847
2794.83,0.012767
2795.31,0.012700
2795.80,0.012672
2796.28,0.012694
2796.76,0.012761
2797.24,0.012846
2797.72,0.012912
2798.20,0.012921
2798.69,0.012848
2799.17,0.012692
2799.65,0.012474
2800.13,0.012234
2800.62,0.012016
2801.10,0.011858
2801.58,0.011780
2802.06,0.011785
2802.54,0.011859
2803.03,0.011988
2803.51,0.012156
2803.99,0.012353
2804.47,0.012575
2804.95,0.012811
2805.44,0.013044
2805.92,0.013253
2806.40,0.013411
2806.88,0.013502
2807.36,0.013524
2807.85,0.013493
2808.33,0.013436
2808.81,0.013388
2809.29,0.013372
2809.78,0.013398
2810.26,0.013458
2810.74,0.013536
2811.22,0.013613
2811.70,0.013679
2812.19,0.013737
2812.67,0.013797
2813.15,0.013872
2813.63,0.013971
2814.11,0.014092
2814.60,0.014222
2815.08,0.014347
2815.56,0.014452
2816.04,0.014529
2816.53,0.014580
2817.01,0.014608
2817.49,0.014621
2817.97,0.014624
2818.45,0.014620
2818.94,0.014611
2819.42,0.014601
2819.90,0.014595
2820.38,0.014597
2820.86,0.014607
2821.35,0.014620
2821.83,0.014627
2822.31,0.014618
2822.79,0.014590
2823.28,0.014550
2823.76,0.014514
2824.24,0.014507
2824.72,0.014550
2825.20,0.014652
2825.69,0.014806
2826.17,0.014988
2826.65,0.015171
2827.13,0.015326
2827.61,0.015438
2828.10,0.015509
2828.58,0.015552
2829.06,0.015589
2829.54,0.015638
2830.03,0.015708
2830.51,0.015799
2830.99,0.015901
2831.47,0.016005
2831.95,0.016099
2832.44,0.016182
2832.92,0.016253
2833.40,0.016316
2833.88,0.016377
2834.36,0.016438
2834.85,0.016502
2835.33,0.016567
2835.81,0.016627
2836.29,0.016672
2836.77,0.016687
2837.26,0.016653
2837.74,0.016555
2838.22,0.016388
2838.70,0.016160
2839.18,0.015898
2839.67,0.015643
2840.15,0.015443
2840.63,0.015336
2841.11,0.015343
2841.60,0.015461
2842.08,0.015666
2842.56,0.015917
2843.04,0.016173
2843.52,0.016403
2844.01,0.016591
2844.49,0.016733
2844.97,0.016841
2845.45,0.016926
2845.93,0.017001
2846.42,0.017073
2846.90,0.017147
2847.38,0.017226
2847.86,0.017315
2848.34,0.017412
2848.83,0.017516
2849.31,0.017618
2849.79,0.017703
2850.27,0.017758
2850.76,0.017777
2851.24,0.017762
2851.72,0.017730
2852.20,0.017706
2852.68,0.017718
2853.17,0.017786
2853.65,0.017915
2854.13,0.018095
2854.61,0.018303
2855.09,0.018506
2855.58,0.018676
2856.06,0.018789
2856.54,0.018829
2857.02,0.018791
2857.51,0.018676
2857.99,0.018496
2858.47,0.018267
2858.95,0.018013
2859.43,0.017768
2859.92,0.017564
2860.40,0.017433
2860.88,0.017396
2861.36,0.017457
2861.84,0.017601
2862.33,0.017793
2862.81,0.017991
2863.29,0.018146
2863.77,0.018222
2864.26,0.018197
2864.74,0.018074
2865.22,0.017875
2865.70,0.017644
2866.18,0.017436
2866.67,0.017302
2867.15,0.017283
2867.63,0.017395
2868.11,0.017625
2868.59,0.017930
2869.08,0.018247
2869.56,0.018515
2870.04,0.018681
2870.52,0.018724
2871.01,0.018654
2871.49,0.018508
2871.97,0.018337
2872.45,0.018181
2872.93,0.018063
2873.41,0.017976
2873.90,0.017896
2874.38,0.017791
2874.86,0.017640
2875.34,0.017447
2875.83,0.017243
2876.31,0.017073
2876.79,0.016983
2877.27,0.017008
2877.75,0.017156
2878.24,0.017410
2878.72,0.017735
2879.20,0.018094
2879.68,0.018451
2880.16,0.018781
2880.65,0.019070
2881.13,0.019308
2881.61,0.019485
2882.09,0.019590
2882.58,0.019618
2883.06,0.019570
2883.54,0.019459
2884.02,0.019312
2884.50,0.019160
2884.99,0.019035
2885.47,0.018957
2885.95,0.018931
2886.43,0.018946
2886.91,0.018985
2887.40,0.019028
2887.88,0.019060
2888.36,0.019076
2888.84,0.019073
2889.32,0.019056
2889.81,0.019023
2890.29,0.018974
2890.77,0.018908
2891.25,0.018828
2891.74,0.018742
2892.22,0.018667
2892.70,0.018619
2893.18,0.018611
2893.66,0.018647
2894.15,0.018719
2894.63,0.018814
2895.11,0.018914
2895.59,0.019011
2896.07,0.019105
2896.56,0.019206
2897.04,0.019324
2897.52,0.019469
2898.00,0.019638
2898.49,0.019815
2898.97,0.019977
2899.45,0.020095
2899.93,0.020151
2900.41,0.020140
2900.90,0.020073
2901.38,0.019980
2901.86,0.019896
2902.34,0.019861
2902.82,0.019901
2903.31,0.020027
2903.79,0.020231
2904.27,0.020488
2904.75,0.020756
2905.24,0.020992
2905.72,0.021158
2906.20,0.021230
2906.68,0.021207
2907.16,0.021113
2907.65,0.020989
2908.13,0.020887
2908.61,0.020853
2909.09,0.020920
2909.57,0.021091
2910.06,0.021343
2910.54,0.021631
2911.02,0.021900
2911.50,0.022101
2911.99,0.022204
2912.47,0.022207
2912.95,0.022134
2913.43,0.022028
2913.91,0.021932
2914.39,0.021881
2914.88,0.021889
2915.36,0.021946
2915.84,0.022029
2916.32,0.022109
2916.81,0.022167
2917.29,0.022198
2917.77,0.022218
2918.25,0.022252
2918.73,0.022325
2919.22,0.022447
2919.70,0.022613
2920.18,0.022795
2920.66,0.022963
2921.14,0.023085
2921.63,0.023146
2922.11,0.023152
2922.59,0.023123
2923.07,0.023092
2923.55,0.023087
2924.04,0.023127
2924.52,0.023217
2925.00,0.023352
2925.48,0.023522
2925.97,0.023717
2926.45,0.023930
2926.93,0.024153
2927.41,0.024375
2927.89,0.024580
2928.38,0.024746
2928.86,0.024852
2929.34,0.024886
2929.82,0.024849
2930.30,0.024760
2930.79,0.024648
2931.27,0.024542
2931.75,0.024460
2932.23,0.024403
2932.72,0.024349
2933.20,0.024273
2933.68,0.024147
2934.16,0.023963
2934.64,0.023731
2935.13,0.023485
2935.61,0.023268
2936.09,0.023118
2936.57,0.023058
2937.05,0.023085
2937.54,0.023175
2938.02,0.023287
2938.50,0.023380
2938.98,0.023422
2939.47,0.023401
2939.95,0.023322
2940.43,0.023209
2940.91,0.023098
2941.39,0.023021
2941.88,0.023007
2942.36,0.023069
2942.84,0.023204
2943.32,0.023390
2943.80,0.023596
2944.29,0.023785
2944.77,0.023921
2945.25,0.023978
2945.73,0.023947
2946.22,0.023835
2946.70,0.023666
2947.18,0.023468
2947.66,0.023274
2948.14,0.023108
2948.62,0.022984
2949.11,0.022904
2949.59,0.022863
2950.07,0.022851
2950.55,0.022856
2951.04,0.022870
2951.52,0.022885
2952.00,0.022896
2952.48,0.022899
2952.97,0.022890
2953.45,0.022866
2953.93,0.022827
2954.41,0.022777
2954.89,0.022725
2955.38,0.022679
2955.86,0.022647
2956.34,0.022632
2956.82,0.022631
2957.30,0.022635
2957.79,0.022632
2958.27,0.022612
2958.75,0.022572
2959.23,0.022516
2959.71,0.022456
2960.20,0.022411
2960.68,0.022395
2961.16,0.022422
2961.64,0.022496
2962.12,0.022612
2962.61,0.022760
2963.09,0.022928
2963.57,0.023101
2964.05,0.023265
2964.53,0.023407
2965.02,0.023515
2965.50,0.023575
2965.98,0.023577
2966.46,0.023515
2966.95,0.023391
2967.43,0.023216
2967.91,0.023010
2968.39,0.022796
2968.88,0.022600
2969.36,0.022439
2969.84,0.022326
2970.32,0.022263
2970.80,0.022249
2971.28,0.022277
2971.77,0.022341
2972.25,0.022433
2972.73,0.022539
2973.21,0.022643
2973.70,0.022725
2974.18,0.022763
2974.66,0.022748
2975.14,0.022680
2975.62,0.022579
2976.11,0.022476
2976.59,0.022404
2977.07,0.022387
2977.55,0.022426
2978.03,0.022501
2978.52,0.022569
2979.00,0.022582
2979.48,0.022501
2979.96,0.022310
2980.45,0.022023
2980.93,0.021684
2981.41,0.021355
2981.89,0.021096
2982.37,0.020958
2982.86,0.020969
2983.34,0.021126
2983.82,0.021402
2984.30,0.021752
2984.78,0.022124
2985.27,0.022467
2985.75,0.022744
2986.23,0.022932
2986.71,0.023032
2987.20,0.023057
2987.68,0.023030
2988.16,0.022977
2988.64,0.022910
2989.12,0.022831
2989.61,0.022730
2990.09,0.022593
2990.57,0.022409
2991.05,0.022185
2991.53,0.021943
2992.02,0.021719
2992.50,0.021548
2992.98,0.021455
2993.46,0.021443
2993.95,0.021494
2994.43,0.021573
2994.91,0.021646
2995.39,0.021690
2995.87,0.021701
2996.36,0.021697
2996.84,0.021705
2997.32,0.021748
2997.80,0.021838
2998.28,0.021967
2998.77,0.022111
2999.25,0.022241
2999.73,0.022332
3000.21,0.022371
3000.69,0.022360
3001.18,0.022311
3001.66,0.022246
3002.14,0.022186
3002.62,0.022147
3003.11,0.022144
3003.59,0.022186
3004.07,0.022277
3004.55,0.022417
3005.03,0.022597
3005.51,0.022801
3006.00,0.023008
3006.48,0.023197
3006.96,0.023349
3007.44,0.023455
3007.93,0.023516
3008.41,0.023539
3008.89,0.023539
3009.37,0.023527
3009.85,0.023517
3010.34,0.023520
3010.82,0.023543
3011.30,0.023593
3011.78,0.023671
3012.26,0.023770
3012.75,0.023876
3013.23,0.023967
3013.71,0.024019
3014.19,0.024013
3014.68,0.023946
3015.16,0.023825
3015.64,0.023675
3016.12,0.023522
3016.60,0.023388
3017.09,0.023285
3017.57,0.023209
3018.05,0.023148
3018.53,0.023089
3019.01,0.023023
3019.50,0.022952
3019.98,0.022886
3020.46,0.022842
3020.94,0.022831
3021.43,0.022862
3021.91,0.022939
3022.39,0.023061
3022.87,0.023226
3023.35,0.023429
3023.84,0.023657
3024.32,0.023888
3024.80,0.024092
3025.28,0.024230
3025.76,0.024274
3026.25,0.024211
3026.73,0.024054
3027.21,0.023843
3027.69,0.023628
3028.18,0.023462
3028.66,0.023371
3029.14,0.023359
3029.62,0.023403
3030.10,0.023472
3030.59,0.023540
3031.07,0.023600
3031.55,0.023666
3032.03,0.023766
3032.51,0.023926
3033.00,0.024151
3033.48,0.024423
3033.96,0.024700
3034.44,0.024938
3034.93,0.025098
3035.41,0.025166
3035.89,0.025148
3036.37,0.025071
3036.85,0.024963
3037.34,0.024851
3037.82,0.024749
3038.30,0.024663
3038.78,0.024597
3039.26,0.024557
3039.75,0.024551
3040.23,0.024584
3040.71,0.024652
3041.19,0.024739
3041.67,0.024814
3042.16,0.024849
3042.64,0.024826
3043.12,0.024748
3043.60,0.024646
3044.09,0.024562
3044.57,0.024549
3045.05,0.024638
3045.53,0.024837
3046.01,0.025124
3046.49,0.025459
3046.98,0.025793
3047.46,0.026086
3047.94,0.026315
3048.42,0.026478
3048.91,0.026583
3049.39,0.026644
3049.87,0.026673
3050.35,0.026675
3050.83,0.026651
3051.32,0.026604
3051.80,0.026542
3052.28,0.026481
3052.76,0.026439
3053.24,0.026435
3053.73,0.026475
3054.21,0.026555
3054.69,0.026660
3055.17,0.026763
3055.66,0.026838
3056.14,0.026861
3056.62,0.026822
3057.10,0.026725
3057.58,0.026582
3058.07,0.026415
3058.55,0.026246
3059.03,0.026090
3059.51,0.025956
3059.99,0.025845
3060.48,0.025753
3060.96,0.025678
3061.44,0.025620
3061.92,0.025583
3062.41,0.025576
3062.89,0.025609
3063.37,0.025684
3063.85,0.025801
3064.33,0.025954
3064.82,0.026132
3065.30,0.026329
3065.78,0.026541
3066.26,0.026769
3066.74,0.027017
3067.23,0.027282
3067.71,0.027556
3068.19,0.027820
3068.67,0.028050
3069.16,0.028225
3069.64,0.028332
3070.12,0.028370
3070.60,0.028353
3071.08,0.028303
3071.57,0.028239
3072.05,0.028175
3072.53,0.028112
3073.01,0.028044
3073.49,0.027959
3073.98,0.027852
3074.46,0.027729
3074.94,0.027604
3075.42,0.027496
3075.90,0.027423
3076.39,0.027392
3076.87,0.027396
3077.35,0.027420
3077.83,0.027438
3078.32,0.027432
3078.80,0.027390
3079.28,0.027316
3079.76,0.027226
3080.24,0.027145
3080.73,0.027103
3081.21,0.027122
3081.69,0.027218
3082.17,0.027388
3082.65,0.027614
3083.14,0.027864
3083.62,0.028096
3084.10,0.028270
3084.58,0.028354
3085.07,0.028333
3085.55,0.028213
3086.03,0.028020
3086.51,0.027793
3086.99,0.027569
3087.47,0.027380
3087.96,0.027245
3088.44,0.027164
3088.92,0.027130
3089.40,0.027134
3089.89,0.027166
3090.37,0.027225
3090.85,0.027309
3091.33,0.027414
3091.81,0.027526
3092.30,0.027625
3092.78,0.027688
3093.26,0.027694
3093.74,0.027636
3094.22,0.027523
3094.71,0.027381
3095.19,0.027238
3095.67,0.027123
3096.15,0.027055
3096.64,0.027035
3097.12,0.027052
3097.60,0.027089
3098.08,0.027127
3098.56,0.027152
3099.05,0.027150
3099.53,0.027116
3100.01,0.027041
3100.49,0.026924
3100.97,0.026770
3101.46,0.026600
3101.94,0.026445
3102.42,0.026346
3102.90,0.026343
3103.39,0.026461
3103.87,0.026699
3104.35,0.027025
3104.83,0.027390
3105.31,0.027734
3105.80,0.028004
3106.28,0.028173
3106.76,0.028237
3107.24,0.028218
3107.72,0.028146
3108.21,0.028053
3108.69,0.027963
3109.17,0.027887
3109.65,0.027827
3110.14,0.027784
3110.62,0.027756
3111.10,0.027749
3111.58,0.027764
3112.06,0.027805
3112.55,0.027866
3113.03,0.027940
3113.51,0.028018
3113.99,0.028090
3114.47,0.028152
3114.96,0.028201
3115.44,0.028231
3115.92,0.028240
3116.40,0.028222
3116.88,0.028175
3117.37,0.028106
3117.85,0.028033
3118.33,0.027980
3118.81,0.027970
3119.30,0.028017
3119.78,0.028112
3120.26,0.028228
3120.74,0.028326
3121.22,0.028367
3121.71,0.028331
3122.19,0.028218
3122.67,0.028056
3123.15,0.027882
3123.63,0.027731
3124.12,0.027620
3124.60,0.027547
3125.08,0.027495
3125.56,0.027443
3126.04,0.027386
3126.53,0.027333
3127.01,0.027308
3127.49,0.027338
3127.97,0.027435
3128.45,0.027589
3128.94,0.027765
3129.42,0.027918
3129.90,0.028010
3130.38,0.028024
3130.87,0.027966
3131.35,0.027870
3131.83,0.027778
3132.31,0.027728
3132.79,0.027741
3133.28,0.027819
3133.76,0.027947
3134.24,0.028100
3134.72,0.028253
3135.20,0.028390
3135.69,0.028497
3136.17,0.028565
3136.65,0.028588
3137.13,0.028562
3137.61,0.028490
3138.10,0.028381
3138.58,0.028255
3139.06,0.028139
3139.54,0.028055
3140.03,0.028023
3140.51,0.028045
3140.99,0.028113
3141.47,0.028207
3141.95,0.028306
3142.44,0.028391
3142.92,0.028452
3143.40,0.028482
3143.88,0.028484
3144.36,0.028465
3144.85,0.028433
3145.33,0.028401
3145.81,0.028384
3146.29,0.028395
3146.78,0.028444
3147.26,0.028529
3147.74,0.028636
3148.22,0.028745
3148.70,0.028836
3149.19,0.028898
3149.67,0.028941
3150.15,0.028991
3150.63,0.029086
3151.11,0.029263
3151.60,0.029537
3152.08,0.029899
3152.56,0.030308
3153.04,0.030707
3153.53,0.031038
3154.01,0.031259
3154.49,0.031356
3154.97,0.031347
3155.45,0.031267
3155.94,0.031161
3156.42,0.031062
3156.90,0.030991
3157.38,0.030945
3157.86,0.030912
3158.35,0.030873
3158.83,0.030818
3159.31,0.030750
3159.79,0.030688
3160.28,0.030659
3160.76,0.030696
3161.24,0.030825
3161.72,0.031052
3162.20,0.031358
3162.68,0.031701
3163.17,0.032024
3163.65,0.032262
3164.13,0.032369
3164.61,0.032324
3165.10,0.032145
3165.58,0.031879
3166.06,0.031594
3166.54,0.031355
3167.02,0.031209
3167.51,0.031171
3167.99,0.031228
3168.47,0.031345
3168.95,0.031481
3169.43,0.031601
3169.92,0.031686
3170.40,0.031728
3170.88,0.031727
3171.36,0.031688
3171.85,0.031614
3172.33,0.031510
3172.81,0.031389
3173.29,0.031270
3173.77,0.031177
3174.26,0.031132
3174.74,0.031144
3175.22,0.031209
3175.70,0.031306
3176.18,0.031406
3176.67,0.031492
3177.15,0.031560
3177.63,0.031627
3178.11,0.031723
3178.59,0.031876
3179.08,0.032096
3179.56,0.032371
3180.04,0.032665
3180.52,0.032936
3181.01,0.033146
3181.49,0.033279
3181.97,0.033341
3182.45,0.033351
3182.93,0.033336
3183.42,0.033314
3183.90,0.033289
3184.38,0.033256
3184.86,0.033206
3185.34,0.033136
3185.83,0.033055
3186.31,0.032976
3186.79,0.032915
3187.27,0.032878
3187.76,0.032861
3188.24,0.032849
3188.72,0.032824
3189.20,0.032778
3189.68,0.032712
3190.17,0.032641
3190.65,0.032588
3191.13,0.032578
3191.61,0.032626
3192.09,0.032736
3192.58,0.032900
3193.06,0.033098
3193.54,0.033302
3194.02,0.033478
3194.51,0.033593
3194.99,0.033624
3195.47,0.033561
3195.95,0.033416
3196.43,0.033228
3196.92,0.033057
3197.40,0.032964
3197.88,0.033001
3198.36,0.033182
3198.84,0.033484
3199.33,0.033842
3199.81,0.034176
3200.29,0.034414
3200.77,0.034518
3201.26,0.034493
3201.74,0.034379
3202.22,0.034244
3202.70,0.034152
3203.18,0.034144
3203.66,0.034240
3204.15,0.034432
3204.63,0.034698
3205.11,0.035015
3205.59,0.035358
3206.08,0.035703
3206.56,0.036016
3207.04,0.036253
3207.52,0.036364
3208.00,0.036304
3208.49,0.036052
3208.97,0.035627
3209.45,0.035094
3209.93,0.034544
3210.41,0.034086
3210.90,0.033810
3211.38,0.033761
3211.86,0.033939
3212.34,0.034294
3212.82,0.034755
3213.31,0.035239
3213.79,0.035676
3214.27,0.036020
3214.75,0.036250
3215.24,0.036365
3215.72,0.036378
3216.20,0.036312
3216.68,0.036190
3217.16,0.036035
3217.65,0.035869
3218.13,0.035710
3218.61,0.035576
3219.09,0.035480
3219.57,0.035430
3220.06,0.035434
3220.54,0.035492
3221.02,0.035601
3221.50,0.035748
3221.99,0.035914
3222.47,0.036078
3222.95,0.036216
3223.43,0.036310
3223.91,0.036355
3224.40,0.036355
3224.88,0.036320
3225.36,0.036261
3225.84,0.036181
3226.32,0.036077
3226.81,0.035940
3227.29,0.035764
3227.77,0.035554
3228.25,0.035332
3228.74,0.035135
3229.22,0.035003
3229.70,0.034966
3230.18,0.035040
3230.66,0.035211
3231.15,0.035452
3231.63,0.035725
3232.11,0.036000
3232.59,0.036259
3233.07,0.036493
3233.56,0.036702
3234.04,0.036877
3234.52,0.037000
3235.00,0.037041
3235.49,0.036971
3235.97,0.036774
3236.45,0.036456
3236.93,0.036050
3237.41,0.035609
3237.90,0.035193
3238.38,0.034856
3238.86,0.034634
3239.34,0.034544
3239.82,0.034588
3240.31,0.034761
3240.79,0.035056
3241.27,0.035466
3241.75,0.035981
3242.24,0.036580
3242.72,0.037229
3243.20,0.037879
3243.68,0.038468
3244.16,0.038934
3244.64,0.039227
3245.13,0.039315
3245.61,0.039198
3246.09,0.038905
3246.57,0.038495
3247.06,0.038047
3247.54,0.037639
3248.02,0.037343
3248.50,0.037203
3248.98,0.037228
3249.47,0.037393
3249.95,0.037640
3250.43,0.037897
3250.91,0.038093
3251.39,0.038178
3251.88,0.038133
3252.36,0.037975
3252.84,0.037744
3253.32,0.037495
3253.80,0.037281
3254.29,0.037139
3254.77,0.037089
3255.25,0.037129
3255.73,0.037242
3256.22,0.037398
3256.70,0.037563
3257.18,0.037701
3257.66,0.037784
3258.14,0.037798
3258.63,0.037746
3259.11,0.037649
3259.59,0.037543
3260.07,0.037462
3260.55,0.037428
3261.04,0.037439
3261.52,0.037464
3262.00,0.037456
3262.48,0.037366
3262.97,0.037164
3263.45,0.036851
3263.93,0.036464
3264.41,0.036062
3264.89,0.035716
3265.38,0.035478
3265.86,0.035383
3266.34,0.035440
3266.82,0.035641
3267.30,0.035970
3267.79,0.036405
3268.27,0.036917
3268.75,0.037461
3269.23,0.037971
3269.72,0.038366
3270.20,0.038558
3270.68,0.038489
3271.16,0.038150
3271.64,0.037596
3272.13,0.036937
3272.61,0.036311
3273.09,0.035853
3273.57,0.035639
3274.05,0.035683
3274.54,0.035926
3275.02,0.036272
3275.50,0.036611
3275.98,0.036866
3276.47,0.037007
3276.95,0.037050
3277.43,0.037040
3277.91,0.037024
3278.39,0.037033
3278.88,0.037070
3279.36,0.037122
3279.84,0.037171
3280.32,0.037211
3280.80,0.037252
3281.29,0.037322
3281.77,0.037448
3282.25,0.037641
3282.73,0.037889
3283.22,0.038155
3283.70,0.038389
3284.18,0.038542
3284.66,0.038588
3285.14,0.038530
3285.62,0.038401
3286.11,0.038247
3286.59,0.038114
3287.07,0.038031
3287.55,0.037999
3288.04,0.037991
3288.52,0.037968
3289.00,0.037891
3289.48,0.037738
3289.96,0.037514
3290.45,0.037253
3290.93,0.037010
3291.41,0.036847
3291.89,0.036816
3292.38,0.036948
3292.86,0.037245
3293.34,0.037679
3293.82,0.038191
3294.30,0.038711
3294.78,0.039159
3295.27,0.039460
3295.75,0.039558
3296.23,0.039429
3296.71,0.039084
3297.20,0.038574
3297.68,0.037989
3298.16,0.037429
3298.64,0.036986
3299.12,0.036717
3299.61,0.036629
3300.09,0.036678
3300.57,0.036782
3301.05,0.036861
3301.53,0.036858
3302.02,0.036766
3302.50,0.036627
3302.98,0.036511
3303.46,0.036494
3303.95,0.036616
3304.43,0.036866
3304.91,0.037184
3305.39,0.037484
3305.87,0.037685
3306.36,0.037739
3306.84,0.037650
3307.32,0.037468
3307.80,0.037269
3308.28,0.037122
3308.77,0.037072
3309.25,0.037126
3309.73,0.037256
3310.21,0.037415
3310.70,0.037558
3311.18,0.037653
3311.66,0.037691
3312.14,0.037675
3312.62,0.037621
3313.11,0.037543
3313.59,0.037457
3314.07,0.037370
3314.55,0.037291
3315.03,0.037220
3315.52,0.037150
3316.00,0.037065
3316.48,0.036941
3316.96,0.036757
3317.45,0.036501
3317.93,0.036182
3318.41,0.035841
3318.89,0.035540
3319.37,0.035345
3319.86,0.035311
3320.34,0.035462
3320.82,0.035778
3321.30,0.036197
3321.78,0.036634
3322.27,0.037003
3322.75,0.037231
3323.23,0.037284
3323.71,0.037164
3324.20,0.036911
3324.68,0.036583
3325.16,0.036245
3325.64,0.035957
3326.12,0.035758
3326.61,0.035667
3327.09,0.035677
3327.57,0.035764
3328.05,0.035890
3328.53,0.036013
3329.02,0.036101
3329.50,0.036132
3329.98,0.036108
3330.46,0.036042
3330.94,0.035959
3331.43,0.035880
3331.91,0.035817
3332.39,0.035766
3332.87,0.035711
3333.36,0.035635
3333.84,0.035524
3334.32,0.035379
3334.80,0.035217
3335.28,0.035071
3335.76,0.034973
3336.25,0.034947
3336.73,0.035004
3337.21,0.035129
3337.69,0.035294
3338.18,0.035453
3338.66,0.035566
3339.14,0.035597
3339.62,0.035526
3340.10,0.035350
3340.59,0.035086
3341.07,0.034764
3341.55,0.034420
3342.03,0.034096
3342.51,0.033831
3343.00,0.033649
3343.48,0.033560
3343.96,0.033555
3344.44,0.033611
3344.93,0.033690
3345.41,0.033755
3345.89,0.033776
3346.37,0.033739
3346.85,0.033651
3347.34,0.033537
3347.82,0.033439
3348.30,0.033393
3348.78,0.033428
3349.26,0.033548
3349.75,0.033736
3350.23,0.033951
3350.71,0.034148
3351.19,0.034289
3351.68,0.034355
3352.16,0.034355
3352.64,0.034321
3353.12,0.034303
3353.60,0.034347
3354.09,0.034483
3354.57,0.034720
3355.05,0.035039
3355.53,0.035399
3356.01,0.035750
3356.50,0.036040
3356.98,0.036227
3357.46,0.036283
3357.94,0.036197
3358.43,0.035978
3358.91,0.035651
3359.39,0.035257
3359.87,0.034846
3360.35,0.034470
3360.84,0.034169
3361.32,0.033965
3361.80,0.033852
3362.28,0.033805
3362.76,0.033785
3363.25,0.033755
3363.73,0.033699
3364.21,0.033619
3364.69,0.033533
3365.17,0.033461
3365.66,0.033405
3366.14,0.033347
3366.62,0.033245
3367.10,0.033058
3367.59,0.032764
3368.07,0.032380
3368.55,0.031968
3369.03,0.031616
3369.51,0.031414
3370.00,0.031423
3370.48,0.031650
3370.96,0.032049
3371.44,0.032530
3371.92,0.033001
3372.41,0.033387
3372.89,0.033649
3373.37,0.033793
3373.85,0.033851
3374.33,0.033861
3374.82,0.033843
3375.30,0.033799
3375.78,0.033712
3376.26,0.033567
3376.74,0.033358
3377.23,0.033102
3377.71,0.032834
3378.19,0.032596
3378.67,0.032416
3379.16,0.032302
3379.64,0.032236
3380.12,0.032189
3380.60,0.032130
3381.08,0.032043
3381.57,0.031931
3382.05,0.031816
3382.53,0.031725
3383.01,0.031676
3383.49,0.031671
3383.98,0.031691
3384.46,0.031702
3384.94,0.031670
3385.42,0.031574
3385.91,0.031418
3386.39,0.031230
3386.87,0.031056
3387.35,0.030944
3387.83,0.030928
3388.32,0.031011
3388.80,0.031165
3389.28,0.031335
3389.76,0.031457
3390.24,0.031476
3390.73,0.031367
3391.21,0.031145
3391.69,0.030863
3392.17,0.030599
3392.66,0.030427
3393.14,0.030399
3393.62,0.030521
3394.10,0.030758
3394.58,0.031039
3395.07,0.031291
3395.55,0.031464
3396.03,0.031542
3396.51,0.031550
3396.99,0.031532
3397.48,0.031533
3397.96,0.031577
3398.44,0.031658
3398.92,0.031738
3399.41,0.031776
3399.89,0.031739
3400.37,0.031626
3400.85,0.031464
3401.33,0.031300
3401.82,0.031181
3402.30,0.031125
3402.78,0.031119
3403.26,0.031114
3403.74,0.031050
3404.23,0.030875
3404.71,0.030573
3405.19,0.030172
3405.67,0.029741
3406.15,0.029366
3406.64,0.029120
3407.12,0.029046
3407.60,0.029142
3408.08,0.029364
3408.57,0.029644
3409.05,0.029913
3409.53,0.030121
3410.01,0.030243
3410.49,0.030282
3410.97,0.030258
3411.46,0.030192
3411.94,0.030099
3412.42,0.029979
3412.90,0.029825
3413.39,0.029631
3413.87,0.029398
3414.35,0.029147
3414.83,0.028911
3415.31,0.028734
3415.80,0.028657
3416.28,0.028702
3416.76,0.028868
3417.24,0.029128
3417.72,0.029431
3418.21,0.029714
3418.69,0.029914
3419.17,0.029983
3419.65,0.029894
3420.14,0.029647
3420.62,0.029268
3421.10,0.028809
3421.58,0.028328
3422.06,0.027882
3422.55,0.027520
3423.03,0.027267
3423.51,0.027127
3423.99,0.027088
3424.47,0.027126
3424.96,0.027212
3425.44,0.027319
3425.92,0.027427
3426.40,0.027520
3426.89,0.027592
3427.37,0.027643
3427.85,0.027678
3428.33,0.027705
3428.81,0.027727
3429.30,0.027746
3429.78,0.027755
3430.26,0.027744
3430.74,0.027703
3431.22,0.027625
3431.71,0.027516
3432.19,0.027389
3432.67,0.027262
3433.15,0.027150
3433.64,0.027059
3434.12,0.026977
3434.60,0.026880
3435.08,0.026737
3435.56,0.026527
3436.05,0.026246
3436.53,0.025915
3437.01,0.025572
3437.49,0.025268
3437.97,0.025049
3438.46,0.024945
3438.94,0.024967
3439.42,0.025110
3439.90,0.025358
3440.39,0.025692
3440.87,0.026093
3441.35,0.026541
3441.83,0.027007
3442.31,0.027451
3442.80,0.027827
3443.28,0.028087
3443.76,0.028203
3444.24,0.028172
3444.72,0.028021
3445.21,0.027799
3445.69,0.027559
3446.17,0.027346
3446.65,0.027179
3447.13,0.027057
3447.62,0.026966
3448.10,0.026892
3448.58,0.026832
3449.06,0.026793
3449.55,0.026788
3450.03,0.026816
3450.51,0.026859
3450.99,0.026878
3451.47,0.026823
3451.95,0.026656
3452.44,0.026359
3452.92,0.025949
3453.40,0.025472
3453.88,0.024990
3454.37,0.024563
3454.85,0.024231
3455.33,0.024011
3455.81,0.023894
3456.29,0.023864
3456.78,0.023899
3457.26,0.023983
3457.74,0.024101
3458.22,0.024234
3458.70,0.024359
3459.19,0.024450
3459.67,0.024482
3460.15,0.024442
3460.63,0.024335
3461.11,0.024190
3461.60,0.024044
3462.08,0.023937
3462.56,0.023896
3463.04,0.023930
3463.53,0.024022
3464.01,0.024140
3464.49,0.024244
3464.97,0.024297
3465.45,0.024268
3465.94,0.024143
3466.42,0.023920
3466.90,0.023618
3467.38,0.023272
3467.86,0.022936
3468.35,0.022666
3468.83,0.022506
3469.31,0.022475
3469.79,0.022553
3470.28,0.022689
3470.76,0.022813
3471.24,0.022860
3471.72,0.022802
3472.20,0.022647
3472.69,0.022447
3473.17,0.022267
3473.65,0.022172
3474.13,0.022188
3474.61,0.022302
3475.10,0.022467
3475.58,0.022625
3476.06,0.022732
3476.54,0.022773
3477.03,0.022768
3477.51,0.022752
3477.99,0.022756
3478.47,0.022789
3478.95,0.022832
3479.44,0.022849
3479.92,0.022807
3480.40,0.022695
3480.88,0.022531
3481.36,0.022363
3481.85,0.022248
3482.33,0.022229
3482.81,0.022317
3483.29,0.022485
3483.78,0.022678
3484.26,0.022836
3484.74,0.022911
3485.22,0.022883
3485.70,0.022764
3486.19,0.022582
3486.67,0.022371
3487.15,0.022161
3487.63,0.021972
3488.11,0.021811
3488.60,0.021676
3489.08,0.021564
3489.56,0.021475
3490.04,0.021412
3490.53,0.021381
3491.01,0.021385
3491.49,0.021418
3491.97,0.021465
3492.45,0.021496
3492.93,0.021478
3493.42,0.021379
3493.90,0.021183
3494.38,0.020900
3494.86,0.020569
3495.35,0.020251
3495.83,0.020020
3496.31,0.019931
3496.79,0.020001
3497.27,0.020196
3497.76,0.020444
3498.24,0.020643
3498.72,0.020703
3499.20,0.020578
3499.68,0.020274
3500.17,0.019854
3500.65,0.019410
3501.13,0.019043
3501.61,0.018829
3502.09,0.018796
3502.58,0.018921
3503.06,0.019133
3503.54,0.019335
3504.02,0.019431
3504.51,0.019356
3504.99,0.019094
3505.47,0.018677
3505.95,0.018172
3506.43,0.017660
3506.92,0.017219
3507.40,0.016900
3507.88,0.016722
3508.36,0.016672
3508.84,0.016707
3509.33,0.016764
3509.81,0.016783
3510.29,0.016727
3510.77,0.016597
3511.26,0.016442
3511.74,0.016327
3512.22,0.016323
3512.70,0.016466
3513.18,0.016749
3513.67,0.017123
3514.15,0.017514
3514.63,0.017849
3515.11,0.018079
3515.59,0.018191
3516.08,0.018204
3516.56,0.018157
3517.04,0.018085
3517.52,0.018002
3518.01,0.017900
3518.49,0.017757
3518.97,0.017552
3519.45,0.017282
3519.93,0.016966
3520.42,0.016642
3520.90,0.016357
3521.38,0.016142
3521.86,0.016008
3522.34,0.015940
3522.83,0.015907
3523.31,0.015873
3523.79,0.015810
3524.27,0.015711
3524.76,0.015592
3525.24,0.015485
3525.72,0.015432
3526.20,0.015468
3526.68,0.015614
3527.17,0.015870
3527.65,0.016207
3528.13,0.016576
3528.61,0.016908
3529.09,0.017133
3529.58,0.017200
3530.06,0.017097
3530.54,0.016851
3531.02,0.016524
3531.51,0.016190
3531.99,0.015912
3532.47,0.015722
3532.95,0.015617
3533.43,0.015565
3533.91,0.015521
3534.40,0.015449
3534.88,0.015330
3535.36,0.015172
3535.84,0.014997
3536.33,0.014829
3536.81,0.014675
3537.29,0.014526
3537.77,0.014357
3538.25,0.014145
3538.74,0.013891
3539.22,0.013621
3539.70,0.013385
3540.18,0.013236
3540.66,0.013210
3541.15,0.013306
3541.63,0.013482
3542.11,0.013668
3542.59,0.013783
3543.07,0.013766
3543.56,0.013594
3544.04,0.013294
3544.52,0.012938
3545.00,0.012617
3545.49,0.012425
3545.97,0.012416
3546.45,0.012595
3546.93,0.012908
3547.41,0.013265
3547.90,0.013572
3548.38,0.013759
3548.86,0.013803
3549.34,0.013730
3549.82,0.013593
3550.31,0.013454
3550.79,0.013365
3551.27,0.013356
3551.75,0.013428
3552.24,0.013557
3552.72,0.013697
3553.20,0.013799
3553.68,0.013817
3554.16,0.013732
3554.65,0.013543
3555.13,0.013275
3555.61,0.012958
3556.09,0.012624
3556.57,0.012306
3557.06,0.012034
3557.54,0.011834
3558.02,0.011731
3558.50,0.011741
3558.99,0.011867
3559.47,0.012094
3559.95,0.012385
3560.43,0.012688
3560.91,0.012941
3561.40,0.013087
3561.88,0.013084
3562.36,0.012910
3562.84,0.012570
3563.32,0.012094
3563.81,0.011533
3564.29,0.010953
3564.77,0.010436
3565.25,0.010073
3565.74,0.009950
3566.22,0.010138
3566.70,0.010656
3567.18,0.011454
3567.66,0.012377
3568.15,0.013209
3568.63,0.013753
3569.11,0.013909
3569.59,0.013713
3570.07,0.013287
3570.56,0.012770
3571.04,0.012255
3571.52,0.011785
3572.00,0.011359
3572.49,0.010952
3572.97,0.010547
3573.45,0.010146
3573.93,0.009778
3574.41,0.009490
3574.89,0.009322
3575.38,0.009287
3575.86,0.009351
3576.34,0.009444
3576.82,0.009481
3577.31,0.009390
3577.79,0.009141
3578.27,0.008753
3578.75,0.008287
3579.23,0.007822
3579.72,0.007424
3580.20,0.007136
3580.68,0.006959
3581.16,0.006869
3581.64,0.006821
3582.13,0.006777
3582.61,0.006706
3583.09,0.006591
3583.57,0.006428
3584.05,0.006221
3584.54,0.005989
3585.02,0.005760
3585.50,0.005584
3585.98,0.005522
3586.47,0.005638
3586.95,0.005982
3587.43,0.006554
3587.91,0.007285
3588.39,0.008018
3588.88,0.008568
3589.36,0.008800
3589.84,0.008682
3590.32,0.008284
3590.80,0.007729
3591.29,0.007139
3591.77,0.006600
3592.25,0.006164
3592.73,0.005856
3593.22,0.005680
3593.70,0.005630
3594.18,0.005682
3594.66,0.005800
3595.14,0.005921
3595.63,0.005966
3596.11,0.005861
3596.59,0.005556
3597.07,0.005048
3597.55,0.004384
3598.04,0.003659
3598.52,0.002979
3599.00,0.002442
3599.48,0.002117
3599.97,0.002031
3600.45,0.002168
3600.93,0.002477
3601.41,0.002893
3601.89,0.003345
3602.38,0.003775
3602.86,0.004140
3603.34,0.004411
3603.82,0.004567
3604.30,0.004596
3604.79,0.004493
3605.27,0.004268
3605.75,0.003950
3606.23,0.003591
3606.72,0.003269
3607.20,0.003066
3607.68,0.003066
3608.16,0.003320
3608.64,0.003825
3609.12,0.004504
3609.61,0.005220
3610.09,0.005822
3610.57,0.006191
3611.05,0.006279
3611.54,0.006110
3612.02,0.005760
3612.50,0.005322
3612.98,0.004886
3613.46,0.004520
3613.95,0.004247
3614.43,0.004040
3614.91,0.003829
3615.39,0.003540
3615.88,0.003125
3616.36,0.002586
3616.84,0.001975
3617.32,0.001386
3617.80,0.000929
3618.29,0.000700
3618.77,0.000764
3619.25,0.001116
3619.73,0.001675
3620.21,0.002282
3620.70,0.002776
3621.18,0.003052
3621.66,0.003097
3622.14,0.002974
3622.62,0.002772
3623.11,0.002573
3623.59,0.002419
3624.07,0.002320
3624.55,0.002261
3625.03,0.002220
3625.52,0.002178
3626.00,0.002128
3626.48,0.002080
3626.96,0.002058
3627.45,0.002091
3627.93,0.002205
3628.41,0.002412
3628.89,0.002688
3629.37,0.002961
3629.86,0.003111
3630.34,0.003027
3630.82,0.002685
3631.30,0.002164
3631.78,0.001582
3632.27,0.001040
3632.75,0.000608
3633.23,0.000319
3633.71,0.000182
3634.20,0.000188
3634.68,0.000306
3635.16,0.000487
3635.64,0.000678
3636.12,0.000839
3636.61,0.000950
3637.09,0.001013
3637.57,0.001040
3638.05,0.001042
3638.53,0.001022
3639.02,0.000976
3639.50,0.000898
3639.98,0.000790
3640.46,0.000662
3640.95,0.000534
3641.43,0.000428
3641.91,0.000353
3642.39,0.000304
3642.87,0.000265
3643.36,0.000216
3643.84,0.000149
3644.32,0.000081
3644.80,0.000051
3645.28,0.000116
3645.77,0.000332
3646.25,0.000741
3646.73,0.001357
3647.21,0.002154
3647.70,0.003055
3648.18,0.003942
3648.66,0.004686
3649.14,0.005189
3649.62,0.005427
3650.11,0.005449
3650.59,0.005336
3651.07,0.005133
3651.55,0.004830
3652.03,0.004384
3652.52,0.003774
3653.00,0.003029
3653.48,0.002208
3653.96,0.001388
3654.44,0.000639
3654.93,0.000031
3655.41,-0.000384
3655.89,-0.000572
3656.37,-0.000531
3656.86,-0.000312
3657.34,-0.000019
3657.82,0.000215
3658.30,0.000294
3658.78,0.000189
3659.27,-0.000066
3659.75,-0.000402
3660.23,-0.000747
3660.71,-0.001049
3661.19,-0.001281
3661.68,-0.001441
3662.16,-0.001541
3662.64,-0.001595
3663.12,-0.001614
3663.60,-0.001597
3664.09,-0.001537
3664.57,-0.001438
3665.05,-0.001317
3665.53,-0.001213
3666.01,-0.001183
3666.50,-0.001278
3666.98,-0.001531
3667.46,-0.001939
3667.94,-0.002459
3668.43,-0.003011
3668.91,-0.003480
3669.39,-0.003750
3669.87,-0.003726
3670.35,-0.003386
3670.84,-0.002813
3671.32,-0.002192
3671.80,-0.001723
3672.28,-0.001509
3672.76,-0.001532
3673.25,-0.001696
3673.73,-0.001889
3674.21,-0.002006
3674.69,-0.001964
3675.18,-0.001700
3675.66,-0.001190
3676.14,-0.000486
3676.62,0.000260
3677.10,0.000843
3677.59,0.001129
3678.07,0.001116
3678.55,0.000884
3679.03,0.000517
3679.51,0.000077
3680.00,-0.000395
3680.48,-0.000869
3680.96,-0.001312
3681.44,-0.001690
3681.93,-0.001978
3682.41,-0.002163
3682.89,-0.002248
3683.37,-0.002252
3683.85,-0.002205
3684.34,-0.002139
3684.82,-0.002084
3685.30,-0.002066
3685.78,-0.002099
3686.26,-0.002189
3686.75,-0.002336
3687.23,-0.002537
3687.71,-0.002789
3688.19,-0.003084
3688.68,-0.003400
3689.16,-0.003695
3689.64,-0.003902
3690.12,-0.003952
3690.60,-0.003802
3691.09,-0.003469
3691.57,-0.003028
3692.05,-0.002586
3692.53,-0.002249
3693.01,-0.002082
3693.50,-0.002106
3693.98,-0.002287
3694.46,-0.002561
3694.94,-0.002843
3695.42,-0.003053
3695.91,-0.003136
3696.39,-0.003065
3696.87,-0.002855
3697.35,-0.002556
3697.84,-0.002247
3698.32,-0.002003
3698.80,-0.001881
3699.28,-0.001899
3699.76,-0.002044
3700.24,-0.002269
3700.73,-0.002514
3701.21,-0.002720
3701.69,-0.002835
3702.17,-0.002832
3702.66,-0.002719
3703.14,-0.002540
3703.62,-0.002355
3704.10,-0.002212
3704.58,-0.002139
3705.07,-0.002128
3705.55,-0.002154
3706.03,-0.002177
3706.51,-0.002160
3706.99,-0.002083
3707.48,-0.001937
3707.96,-0.001739
3708.44,-0.001518
3708.92,-0.001319
3709.41,-0.001180
3709.89,-0.001133
3710.37,-0.001183
3710.85,-0.001313
3711.33,-0.001474
3711.82,-0.001606
3712.30,-0.001655
3712.78,-0.001599
3713.26,-0.001462
3713.74,-0.001299
3714.23,-0.001178
3714.71,-0.001146
3715.19,-0.001220
3715.67,-0.001389
3716.16,-0.001623
3716.64,-0.001885
3717.12,-0.002131
3717.60,-0.002321
3718.08,-0.002427
3718.57,-0.002432
3719.05,-0.002339
3719.53,-0.002165
3720.01,-0.001938
3720.49,-0.001679
3720.98,-0.001399
3721.46,-0.001096
3721.94,-0.000764
3722.42,-0.000406
3722.91,-0.000039
3723.39,0.000298
3723.87,0.000561
3724.35,0.000716
3724.83,0.000754
3725.32,0.000697
3725.80,0.000583
3726.28,0.000448
3726.76,0.000313
3727.24,0.000171
3727.73,-0.000002
3728.21,-0.000237
3728.69,-0.000548
3729.17,-0.000920
3729.66,-0.001320
3730.14,-0.001704
3730.62,-0.002037
3731.10,-0.002295
3731.58,-0.002473
3732.07,-0.002584
3732.55,-0.002652
3733.03,-0.002698
3733.51,-0.002734
3733.99,-0.002747
3734.48,-0.002706
3734.96,-0.002585
3735.44,-0.002380
3735.92,-0.002130
3736.40,-0.001910
3736.89,-0.001806
3737.37,-0.001859
3737.85,-0.002044
3738.33,-0.002284
3738.82,-0.002500
3739.30,-0.002638
3739.78,-0.002684
3740.26,-0.002654
3740.74,-0.002585
3741.22,-0.002514
3741.71,-0.002469
3742.19,-0.002461
3742.67,-0.002477
3743.15,-0.002489
3743.64,-0.002459
3744.12,-0.002351
3744.60,-0.002148
3745.08,-0.001869
3745.56,-0.001581
3746.05,-0.001367
3746.53,-0.001272
3747.01,-0.001274
3747.49,-0.001312
3747.97,-0.001328
3748.46,-0.001287
3748.94,-0.001176
3749.42,-0.001010
3749.90,-0.000826
3750.39,-0.000686
3750.87,-0.000652
3751.35,-0.000758
3751.83,-0.000980
3752.31,-0.001242
3752.80,-0.001448
3753.28,-0.001529
3753.76,-0.001475
3754.24,-0.001323
3754.72,-0.001134
3755.21,-0.000961
3755.69,-0.000836
3756.17,-0.000770
3756.65,-0.000749
3757.14,-0.000746
3757.62,-0.000720
3758.10,-0.000631
3758.58,-0.000450
3759.06,-0.000174
3759.55,0.000165
3760.03,0.000497
3760.51,0.000735
3760.99,0.000798
3761.47,0.000642
3761.96,0.000276
3762.44,-0.000241
3762.92,-0.000824
3763.40,-0.001390
3763.89,-0.001872
3764.37,-0.002225
3764.85,-0.002427
3765.33,-0.002481
3765.81,-0.002412
3766.30,-0.002272
3766.78,-0.002122
3767.26,-0.002016
3767.74,-0.001978
3768.22,-0.001998
3768.71,-0.002045
3769.19,-0.002079
3769.67,-0.002065
3770.15,-0.001983
3770.64,-0.001841
3771.12,-0.001676
3771.60,-0.001539
3772.08,-0.001474
3772.56,-0.001508
3773.05,-0.001638
3773.53,-0.001842
3774.01,-0.002085
3774.49,-0.002330
3774.97,-0.002540
3775.46,-0.002685
3775.94,-0.002745
3776.42,-0.002716
3776.90,-0.002609
3777.38,-0.002448
3777.87,-0.002266
3778.35,-0.002095
3778.83,-0.001963
3779.31,-0.001888
3779.80,-0.001877
3780.28,-0.001925
3780.76,-0.002017
3781.24,-0.002136
3781.72,-0.002263
3782.20,-0.002385
3782.69,-0.002491
3783.17,-0.002569
3783.65,-0.002602
3784.13,-0.002570
3784.62,-0.002449
3785.10,-0.002223
3785.58,-0.001893
3786.06,-0.001478
3786.54,-0.001019
3787.03,-0.000567
3787.51,-0.000168
3787.99,0.000138
3788.47,0.000330
3788.95,0.000396
3789.44,0.000345
3789.92,0.000194
3790.40,-0.000022
3790.88,-0.000259
3791.36,-0.000474
3791.85,-0.000631
3792.33,-0.000710
3792.81,-0.000718
3793.29,-0.000684
3793.78,-0.000654
3794.26,-0.000679
3794.74,-0.000804
3795.22,-0.001053
3795.70,-0.001425
3796.19,-0.001888
3796.67,-0.002382
3797.15,-0.002827
3797.63,-0.003144
3798.11,-0.003287
3798.60,-0.003256
3799.08,-0.003090
3799.56,-0.002841
3800.04,-0.002553
3800.53,-0.002253
3801.01,-0.001953
3801.49,-0.001664
3801.97,-0.001407
3802.45,-0.001223
3802.94,-0.001164
3803.42,-0.001259
3803.90,-0.001495
3804.38,-0.001821
3804.86,-0.002176
3805.35,-0.002501
3805.83,-0.002743
3806.31,-0.002861
3806.79,-0.002822
3807.28,-0.002618
3807.76,-0.002282
3808.24,-0.001890
3808.72,-0.001542
3809.20,-0.001306
3809.69,-0.001199
3810.17,-0.001194
3810.65,-0.001248
3811.13,-0.001325
3811.61,-0.001405
3812.10,-0.001487
3812.58,-0.001577
3813.06,-0.001681
3813.54,-0.001792
3814.03,-0.001886
3814.51,-0.001921
3814.99,-0.001851
3815.47,-0.001637
3815.95,-0.001271
3816.44,-0.000805
3816.92,-0.000363
3817.40,-0.000090
3817.88,-0.000089
3818.36,-0.000355
3818.85,-0.000801
3819.33,-0.001298
3819.81,-0.001726
3820.29,-0.001992
3820.78,-0.002039
3821.26,-0.001860
3821.74,-0.001525
3822.22,-0.001192
3822.70,-0.001039
3823.18,-0.001160
3823.67,-0.001519
3824.15,-0.001994
3824.63,-0.002454
3825.11,-0.002793
3825.60,-0.002954
3826.08,-0.002913
3826.56,-0.002687
3827.04,-0.002328
3827.52,-0.001921
3828.01,-0.001566
3828.49,-0.001334
3828.97,-0.001256
3829.45,-0.001307
3829.93,-0.001438
3830.42,-0.001591
3830.90,-0.001718
3831.38,-0.001798
3831.86,-0.001833
3832.34,-0.001845
3832.83,-0.001870
3833.31,-0.001937
3833.79,-0.002060
3834.27,-0.002232
3834.76,-0.002424
3835.24,-0.002598
3835.72,-0.002710
3836.20,-0.002718
3836.68,-0.002588
3837.17,-0.002298
3837.65,-0.001850
3838.13,-0.001277
3838.61,-0.000651
3839.09,-0.000072
3839.58,0.000358
3840.06,0.000570
3840.54,0.000557
3841.02,0.000368
3841.51,0.000089
3841.99,-0.000193
3842.47,-0.000425
3842.95,-0.000585
3843.43,-0.000691
3843.92,-0.000783
3844.40,-0.000909
3844.88,-0.001103
3845.36,-0.001369
3845.84,-0.001681
3846.33,-0.001992
3846.81,-0.002256
3847.29,-0.002440
3847.77,-0.002536
3848.26,-0.002560
3848.74,-0.002545
3849.22,-0.002531
3849.70,-0.002552
3850.18,-0.002632
3850.67,-0.002773
3851.15,-0.002955
3851.63,-0.003137
3852.11,-0.003264
3852.59,-0.003268
3853.08,-0.003082
3853.56,-0.002651
3854.04,-0.001987
3854.52,-0.001200
3855.01,-0.000475
3855.49,0.000027
3855.97,0.000262
3856.45,0.000272
3856.93,0.000114
3857.42,-0.000168
3857.90,-0.000550
3858.38,-0.001013
3858.86,-0.001531
3859.34,-0.002063
3859.83,-0.002557
3860.31,-0.002963
3860.79,-0.003235
3861.27,-0.003345
3861.76,-0.003284
3862.24,-0.003066
3862.72,-0.002718
3863.20,-0.002268
3863.68,-0.001742
3864.16,-0.001158
3864.65,-0.000537
3865.13,0.000079
3865.61,0.000612
3866.09,0.000969
3866.58,0.001069
3867.06,0.000888
3867.54,0.000467
3868.02,-0.000098
3868.50,-0.000697
3868.99,-0.001220
3869.47,-0.001566
3869.95,-0.001665
3870.43,-0.001500
3870.91,-0.001145
3871.40,-0.000742
3871.88,-0.000444
3872.36,-0.000330
3872.84,-0.000384
3873.32,-0.000532
3873.81,-0.000692
3874.29,-0.000806
3874.77,-0.000849
3875.25,-0.000843
3875.74,-0.000835
3876.22,-0.000887
3876.70,-0.001036
3877.18,-0.001285
3877.66,-0.001604
3878.15,-0.001944
3878.63,-0.002252
3879.11,-0.002468
3879.59,-0.002541
3880.07,-0.002439
3880.56,-0.002161
3881.04,-0.001760
3881.52,-0.001339
3882.00,-0.001024
3882.49,-0.000901
3882.97,-0.000982
3883.45,-0.001207
3883.93,-0.001477
3884.41,-0.001685
3884.90,-0.001741
3885.38,-0.001588
3885.86,-0.001224
3886.34,-0.000711
3886.82,-0.000174
3887.31,0.000240
3887.79,0.000437
3888.27,0.000411
3888.75,0.000225
3889.24,-0.000032
3889.72,-0.000283
3890.20,-0.000463
3890.68,-0.000533
3891.16,-0.000472
3891.65,-0.000285
3892.13,-0.000006
3892.61,0.000301
3893.09,0.000556
3893.57,0.000694
3894.06,0.000678
3894.54,0.000512
3895.02,0.000227
3895.50,-0.000129
3895.99,-0.000507
3896.47,-0.000864
3896.95,-0.001167
3897.43,-0.001394
3897.91,-0.001539
3898.40,-0.001602
3898.88,-0.001593
3899.36,-0.001523
3899.84,-0.001408
3900.32,-0.001266
3900.81,-0.001116
3901.29,-0.000981
3901.77,-0.000875
3902.25,-0.000809
3902.73,-0.000777
3903.22,-0.000763
3903.70,-0.000745
3904.18,-0.000696
3904.66,-0.000605
3905.14,-0.000473
3905.63,-0.000316
3906.11,-0.000161
3906.59,-0.000027
3907.07,0.000070
3907.56,0.000127
3908.04,0.000137
3908.52,0.000096
3909.00,-0.000006
3909.48,-0.000175
3909.97,-0.000408
3910.45,-0.000686
3910.93,-0.000975
3911.41,-0.001229
3911.89,-0.001407
3912.38,-0.001482
3912.86,-0.001456
3913.34,-0.001358
3913.82,-0.001239
3914.30,-0.001149
3914.79,-0.001125
3915.27,-0.001181
3915.75,-0.001308
3916.23,-0.001474
3916.72,-0.001642
3917.20,-0.001779
3917.68,-0.001859
3918.16,-0.001871
3918.64,-0.001816
3919.13,-0.001705
3919.61,-0.001551
3920.09,-0.001371
3920.57,-0.001185
3921.05,-0.001014
3921.54,-0.000874
3922.02,-0.000773
3922.50,-0.000701
3922.98,-0.000639
3923.47,-0.000558
3923.95,-0.000439
3924.43,-0.000282
3924.91,-0.000112
3925.39,0.000027
3925.88,0.000085
3926.36,0.000035
3926.84,-0.000111
3927.32,-0.000307
3927.80,-0.000490
3928.29,-0.000607
3928.77,-0.000631
3929.25,-0.000566
3929.73,-0.000444
3930.22,-0.000312
3930.70,-0.000209
3931.18,-0.000160
3931.66,-0.000162
3932.14,-0.000195
3932.63,-0.000235
3933.11,-0.000269
3933.59,-0.000305
3934.07,-0.000361
3934.55,-0.000459
3935.04,-0.000602
3935.52,-0.000770
3936.00,-0.000926
3936.48,-0.001035
3936.97,-0.001067
3937.45,-0.001016
3937.93,-0.000895
3938.41,-0.000735
3938.89,-0.000575
3939.38,-0.000440
3939.86,-0.000343
3940.34,-0.000276
3940.82,-0.000219
3941.30,-0.000151
3941.79,-0.000060
3942.27,0.000047
3942.75,0.000143
3943.23,0.000186
3943.71,0.000134
3944.20,-0.000045
3944.68,-0.000357
3945.16,-0.000785
3945.64,-0.001291
3946.12,-0.001834
3946.61,-0.002376
3947.09,-0.002888
3947.57,-0.003346
3948.05,-0.003728
3948.54,-0.004010
3949.02,-0.004165
3949.50,-0.004169
3949.98,-0.004007
3950.46,-0.003678
3950.95,-0.003209
3951.43,-0.002647
3951.91,-0.002053
3952.39,-0.001496
3952.88,-0.001038
3953.36,-0.000714
3953.84,-0.000540
3954.32,-0.000497
3954.80,-0.000548
3955.28,-0.000643
3955.77,-0.000738
3956.25,-0.000803
3956.73,-0.000823
3957.21,-0.000802
3957.70,-0.000752
3958.18,-0.000683
3958.66,-0.000595
3959.14,-0.000482
3959.62,-0.000333
3960.11,-0.000141
3960.59,0.000084
3961.07,0.000312
3961.55,0.000499
3962.03,0.000593
3962.52,0.000549
3963.00,0.000347
3963.48,0.000004
3963.96,-0.000428
3964.45,-0.000877
3964.93,-0.001259
3965.41,-0.001509
3965.89,-0.001595
3966.37,-0.001522
3966.86,-0.001326
3967.34,-0.001067
3967.82,-0.000814
3968.30,-0.000619
3968.78,-0.000512
3969.27,-0.000498
3969.75,-0.000556
3970.23,-0.000655
3970.71,-0.000763
3971.20,-0.000860
3971.68,-0.000941
3972.16,-0.001011
3972.64,-0.001078
3973.12,-0.001144
3973.61,-0.001208
3974.09,-0.001258
3974.57,-0.001286
3975.05,-0.001288
3975.53,-0.001269
3976.02,-0.001248
3976.50,-0.001242
3976.98,-0.001267
3977.46,-0.001326
3977.95,-0.001409
3978.43,-0.001496
3978.91,-0.001562
3979.39,-0.001587
3979.87,-0.001562
3980.36,-0.001492
3980.84,-0.001393
3981.32,-0.001287
3981.80,-0.001198
3982.28,-0.001140
3982.77,-0.001115
3983.25,-0.001110
3983.73,-0.001103
3984.21,-0.001065
3984.69,-0.000972
3985.18,-0.000815
3985.66,-0.000604
3986.14,-0.000372
3986.62,-0.000166
3987.11,-0.000041
3987.59,-0.000039
3988.07,-0.000183
3988.55,-0.000464
3989.03,-0.000845
3989.51,-0.001269
3990.00,-0.001672
3990.48,-0.002004
3990.96,-0.002234
3991.44,-0.002358
3991.93,-0.002393
3992.41,-0.002369
3992.89,-0.002318
3993.37,-0.002261
3993.85,-0.002205
3994.34,-0.002150
3994.82,-0.002090
3995.30,-0.002023
3995.78,-0.001953
3996.26,-0.001889
3996.75,-0.001843
3997.23,-0.001822
3997.71,-0.001824
3998.19,-0.001836
3998.68,-0.001841
3999.16,-0.001820
3999.64,-0.001758
4000.12,-0.001657
