波数(cm-1),吸光度
399.67,0.000000
400.16,0.131824
400.64,0.120896
401.12,0.112953
401.60,0.106878
402.09,0.101224
402.57,0.094598
403.05,0.086211
403.53,0.076236
404.01,0.065934
404.50,0.057270
404.98,0.052121
405.46,0.051749
405.94,0.056358
406.42,0.065313
406.91,0.077371
407.39,0.091077
407.87,0.104983
408.35,0.117993
408.83,0.129758
409.32,0.140658
409.80,0.151490
410.28,0.162871
410.76,0.174796
411.25,0.186379
411.73,0.196150
412.21,0.202452
412.69,0.204211
413.17,0.201374
413.66,0.194841
414.14,0.186032
414.62,0.176322
415.10,0.166840
415.58,0.158196
416.07,0.150529
416.55,0.143624
417.03,0.137012
417.51,0.130165
418.00,0.122831
418.48,0.115589
418.96,0.110346
419.44,0.109628
419.92,0.114332
420.41,0.122893
420.89,0.132583
421.37,0.141093
421.85,0.146605
422.33,0.147811
422.82,0.144172
423.30,0.136288
423.78,0.126328
424.26,0.117388
424.74,0.112633
425.23,0.113875
425.71,0.121166
426.19,0.133072
426.67,0.147252
427.16,0.161156
427.64,0.172528
428.12,0.180183
428.60,0.184057
429.08,0.184950
429.57,0.183908
430.05,0.181803
430.53,0.179166
431.01,0.176292
431.49,0.173535
431.98,0.171449
432.46,0.170643
432.94,0.171611
433.42,0.174450
433.90,0.178748
434.39,0.183505
434.87,0.187364
435.35,0.189098
435.83,0.188026
436.32,0.184375
436.80,0.179036
437.28,0.173122
437.76,0.167443
438.24,0.162396
438.73,0.158125
439.21,0.154739
439.69,0.152521
440.17,0.151979
440.65,0.153649
441.14,0.157881
441.62,0.164516
442.10,0.172795
442.58,0.181399
443.07,0.188940
443.55,0.194627
444.03,0.198542
444.51,0.201519
444.99,0.204561
445.48,0.208441
445.96,0.213327
446.44,0.218827
446.92,0.224186
447.40,0.228675
447.89,0.231840
448.37,0.233495
448.85,0.233616
449.33,0.232167
449.81,0.229056
450.30,0.224253
450.78,0.217999
451.26,0.211007
451.74,0.204370
452.23,0.199423
452.71,0.197295
453.19,0.198423
453.67,0.202389
454.15,0.208024
454.64,0.213964
455.12,0.218971
455.60,0.222313
456.08,0.223801
456.56,0.223642
457.05,0.222294
457.53,0.220294
458.01,0.218212
458.49,0.216539
458.98,0.215679
459.46,0.215975
459.94,0.217651
460.42,0.220765
460.90,0.225089
461.39,0.230048
461.87,0.234722
462.35,0.238031
462.83,0.239165
463.31,0.237800
463.80,0.234236
464.28,0.229197
464.76,0.223633
465.24,0.218421
465.72,0.214132
466.21,0.211020
466.69,0.208999
467.17,0.207799
467.65,0.207144
468.14,0.206959
468.62,0.207444
469.10,0.209056
469.58,0.212297
470.06,0.217497
470.55,0.224583
471.03,0.232940
471.51,0.241328
471.99,0.247956
472.47,0.251113
472.96,0.249761
473.44,0.244165
473.92,0.235769
474.40,0.226596
474.88,0.218476
475.37,0.212523
475.85,0.209236
476.33,0.208523
476.81,0.209886
477.30,0.212563
477.78,0.215749
478.26,0.218821
478.74,0.221378
479.22,0.223302
479.71,0.224669
480.19,0.225664
480.67,0.226514
481.15,0.227447
481.63,0.228664
482.12,0.230263
482.60,0.232185
483.08,0.234163
483.56,0.235778
484.05,0.236532
484.53,0.236040
485.01,0.234233
485.49,0.231434
485.97,0.228280
486.46,0.225439
486.94,0.223431
487.42,0.222416
487.90,0.222191
488.38,0.222258
488.87,0.222016
489.35,0.220968
489.83,0.218838
490.31,0.215675
490.79,0.211830
491.28,0.207917
491.76,0.204658
492.24,0.202760
492.72,0.202780
493.21,0.204939
493.69,0.209087
494.17,0.214707
494.65,0.221077
495.13,0.227344
495.62,0.232687
496.10,0.236541
496.58,0.238659
497.06,0.239194
497.54,0.238570
498.03,0.237317
498.51,0.235840
498.99,0.234301
499.47,0.232667
499.95,0.230810
500.44,0.228671
500.92,0.226391
501.40,0.224316
501.88,0.222873
502.37,0.222388
502.85,0.222896
503.33,0.224127
503.81,0.225619
504.29,0.226948
504.78,0.227858
505.26,0.228309
505.74,0.228416
506.22,0.228354
506.70,0.228276
507.19,0.228275
507.67,0.228439
508.15,0.228909
508.63,0.229883
509.12,0.231585
509.60,0.234122
510.08,0.237366
510.56,0.240870
511.04,0.243937
511.53,0.245843
512.01,0.246059
512.49,0.244537
512.97,0.241717
513.45,0.238390
513.94,0.235334
514.42,0.233098
514.90,0.231848
515.38,0.231386
515.86,0.231301
516.35,0.231205
516.83,0.230958
517.31,0.230708
517.79,0.230786
518.28,0.231456
518.76,0.232731
519.24,0.234297
519.72,0.235664
520.20,0.236360
520.69,0.236182
521.17,0.235272
521.65,0.234047
522.13,0.233017
522.61,0.232589
523.10,0.232977
523.58,0.234131
524.06,0.235806
524.54,0.237638
525.03,0.239299
525.51,0.240551
525.99,0.241289
526.47,0.241534
526.95,0.241402
527.44,0.241071
527.92,0.240739
528.40,0.240634
528.88,0.240989
529.36,0.241995
529.85,0.243783
530.33,0.246345
530.81,0.249518
531.29,0.252966
531.77,0.256262
532.26,0.258999
532.74,0.260852
533.22,0.261672
533.70,0.261496
534.19,0.260557
534.67,0.259225
535.15,0.257943
535.63,0.257162
536.11,0.257191
536.60,0.258169
537.08,0.260030
537.56,0.262549
538.04,0.265407
538.52,0.268282
539.01,0.270966
539.49,0.273379
539.97,0.275561
540.45,0.277590
540.93,0.279498
541.42,0.281214
541.90,0.282589
542.38,0.283453
542.86,0.283736
543.35,0.283538
543.83,0.283157
544.31,0.283008
544.79,0.283499
545.27,0.284928
545.76,0.287358
546.24,0.290592
546.72,0.294216
547.20,0.297760
547.68,0.300808
548.17,0.303107
548.65,0.304612
549.13,0.305468
549.61,0.305978
550.10,0.306516
550.58,0.307493
551.06,0.309236
551.54,0.311894
552.02,0.315400
552.51,0.319470
552.99,0.323686
553.47,0.327561
553.95,0.330714
554.43,0.332978
554.92,0.334436
555.40,0.335367
555.88,0.336104
556.36,0.336912
556.84,0.337879
557.33,0.338931
557.81,0.339900
558.29,0.340635
558.77,0.341043
559.26,0.341102
559.74,0.340799
560.22,0.340074
560.70,0.338798
561.18,0.336839
561.67,0.334137
562.15,0.330803
562.63,0.327106
563.11,0.323424
563.59,0.320084
564.08,0.317227
564.56,0.314752
565.04,0.312346
565.52,0.309613
566.00,0.306214
566.49,0.302028
566.97,0.297191
567.45,0.292050
567.93,0.287004
568.42,0.282394
568.90,0.278411
569.38,0.275073
569.86,0.272293
570.34,0.269956
570.83,0.267996
571.31,0.266409
571.79,0.265234
572.27,0.264500
572.75,0.264177
573.24,0.264161
573.72,0.264294
574.20,0.264394
574.68,0.264305
575.17,0.263933
575.65,0.263240
576.13,0.262242
576.61,0.260983
577.09,0.259522
577.58,0.257914
578.06,0.256205
578.54,0.254435
579.02,0.252631
579.50,0.250815
579.99,0.248997
580.47,0.247185
580.95,0.245388
581.43,0.243630
581.91,0.241951
582.40,0.240406
582.88,0.239053
583.36,0.237928
583.84,0.237029
584.33,0.236306
584.81,0.235671
585.29,0.235005
585.77,0.234212
586.25,0.233239
586.74,0.232102
587.22,0.230883
587.70,0.229712
588.18,0.228758
588.66,0.228182
589.15,0.228115
589.63,0.228642
590.11,0.229770
590.59,0.231419
591.08,0.233419
591.56,0.235541
592.04,0.237521
592.52,0.239139
593.00,0.240288
593.49,0.241005
593.97,0.241463
594.45,0.241899
594.93,0.242558
595.41,0.243596
595.90,0.245030
596.38,0.246734
596.86,0.248480
597.34,0.250022
597.82,0.251159
598.31,0.251808
598.79,0.251999
599.27,0.251843
599.75,0.251467
600.24,0.250948
600.72,0.250279
601.20,0.249369
601.68,0.248088
602.16,0.246321
602.65,0.244035
603.13,0.241294
603.61,0.238259
604.09,0.235130
604.57,0.232111
605.06,0.229342
605.54,0.226865
606.02,0.224634
606.50,0.222545
606.98,0.220487
607.47,0.218363
607.95,0.216123
608.43,0.213749
608.91,0.211248
609.40,0.208632
609.88,0.205923
610.36,0.203153
610.84,0.200373
611.32,0.197651
611.81,0.195063
612.29,0.192662
612.77,0.190463
613.25,0.188428
613.73,0.186486
614.22,0.184551
614.70,0.182558
615.18,0.180488
615.66,0.178370
616.15,0.176278
616.63,0.174295
617.11,0.172502
617.59,0.170947
618.07,0.169640
618.56,0.168556
619.04,0.167639
619.52,0.166811
620.00,0.165977
620.48,0.165050
620.97,0.163962
621.45,0.162683
621.93,0.161226
622.41,0.159646
622.89,0.158013
623.38,0.156383
623.86,0.154782
624.34,0.153199
624.82,0.151605
625.31,0.149981
625.79,0.148353
626.27,0.146797
626.75,0.145426
627.23,0.144346
627.72,0.143611
628.20,0.143196
628.68,0.143004
629.16,0.142903
629.64,0.142758
630.13,0.142490
630.61,0.142084
631.09,0.141577
631.57,0.141028
632.05,0.140482
632.54,0.139949
633.02,0.139411
633.50,0.138845
633.98,0.138253
634.47,0.137671
634.95,0.137173
635.43,0.136839
635.91,0.136723
636.39,0.136843
636.88,0.137167
637.36,0.137639
637.84,0.138183
638.32,0.138717
638.80,0.139154
639.29,0.139388
639.77,0.139305
640.25,0.138804
640.73,0.137826
641.22,0.136395
641.70,0.134627
642.18,0.132728
642.66,0.130928
643.14,0.129439
643.63,0.128402
644.11,0.127853
644.59,0.127748
645.07,0.127992
645.55,0.128500
646.04,0.129213
646.52,0.130095
647.00,0.131110
647.48,0.132182
647.96,0.133180
648.45,0.133953
648.93,0.134367
649.41,0.134384
649.89,0.134086
650.38,0.133677
650.86,0.133404
651.34,0.133470
651.82,0.133976
652.30,0.134868
652.79,0.135974
653.27,0.137056
653.75,0.137911
654.23,0.138426
654.71,0.138601
655.20,0.138538
655.68,0.138387
656.16,0.138303
656.64,0.138384
657.13,0.138675
657.61,0.139165
658.09,0.139809
658.57,0.140541
659.05,0.141282
659.54,0.141962
660.02,0.142513
660.50,0.142893
660.98,0.143099
661.46,0.143173
661.95,0.143183
662.43,0.143207
662.91,0.143296
663.39,0.143455
663.87,0.143638
664.36,0.143767
664.84,0.143770
665.32,0.143601
665.80,0.143251
666.29,0.142751
666.77,0.142170
667.25,0.141613
667.73,0.141194
668.21,0.140997
668.70,0.141005
669.18,0.141108
669.66,0.141174
670.14,0.141120
670.62,0.140918
671.11,0.140557
671.59,0.140027
672.07,0.139317
672.55,0.138431
673.03,0.137402
673.52,0.136304
674.00,0.135248
674.48,0.134345
674.96,0.133692
675.45,0.133344
675.93,0.133307
676.41,0.133543
676.89,0.133970
677.37,0.134495
677.86,0.135010
678.34,0.135420
678.82,0.135657
679.30,0.135673
679.78,0.135455
680.27,0.135019
680.75,0.134410
681.23,0.133689
681.71,0.132925
682.20,0.132187
682.68,0.131535
683.16,0.131021
683.64,0.130689
684.12,0.130568
684.61,0.130661
685.09,0.130928
685.57,0.131283
686.05,0.131602
686.53,0.131740
687.02,0.131578
687.50,0.131052
687.98,0.130181
688.46,0.129062
688.94,0.127852
689.43,0.126713
689.91,0.125750
690.39,0.124994
690.87,0.124391
691.36,0.123850
691.84,0.123276
692.32,0.122624
692.80,0.121918
693.28,0.121243
693.77,0.120706
694.25,0.120401
694.73,0.120374
695.21,0.120602
695.69,0.121002
696.18,0.121448
696.66,0.121822
697.14,0.122032
697.62,0.122045
698.11,0.121882
698.59,0.121612
699.07,0.121322
699.55,0.121082
700.03,0.120929
700.52,0.120849
701.00,0.120792
701.48,0.120686
701.96,0.120478
702.44,0.120155
702.93,0.119761
703.41,0.119381
703.89,0.119109
704.37,0.119015
704.85,0.119109
705.34,0.119331
705.82,0.119573
706.30,0.119726
706.78,0.119715
707.27,0.119534
707.75,0.119236
708.23,0.118914
708.71,0.118650
709.19,0.118477
709.68,0.118372
710.16,0.118277
710.64,0.118141
711.12,0.117968
711.60,0.117839
712.09,0.117897
712.57,0.118320
713.05,0.119244
713.53,0.120718
714.01,0.122676
714.50,0.124951
714.98,0.127323
715.46,0.129558
715.94,0.131484
716.43,0.133019
716.91,0.134173
717.39,0.135019
717.87,0.135665
718.35,0.136213
718.84,0.136723
719.32,0.137208
719.80,0.137626
720.28,0.137905
720.76,0.137957
721.25,0.137714
721.73,0.137151
722.21,0.136296
722.69,0.135229
723.17,0.134051
723.66,0.132856
724.14,0.131695
724.62,0.130555
725.10,0.129365
725.59,0.128027
726.07,0.126464
726.55,0.124653
727.03,0.122651
727.51,0.120582
728.00,0.118610
728.48,0.116872
728.96,0.115453
729.44,0.114360
729.92,0.113532
730.41,0.112864
730.89,0.112235
731.37,0.111548
731.85,0.110736
732.34,0.109773
732.82,0.108671
733.30,0.107471
733.78,0.106241
734.26,0.105056
734.75,0.103991
735.23,0.103091
735.71,0.102360
736.19,0.101749
736.67,0.101172
737.16,0.100533
737.64,0.099753
738.12,0.098809
738.60,0.097741
739.08,0.096639
739.57,0.095603
740.05,0.094713
740.53,0.093998
741.01,0.093428
741.50,0.092936
741.98,0.092448
742.46,0.091915
742.94,0.091328
743.42,0.090712
743.91,0.090106
744.39,0.089540
744.87,0.089022
745.35,0.088535
745.83,0.088053
746.32,0.087562
746.80,0.087068
747.28,0.086604
747.76,0.086211
748.25,0.085915
748.73,0.085713
749.21,0.085562
749.69,0.085386
750.17,0.085095
750.66,0.084614
751.14,0.083908
751.62,0.082997
752.10,0.081954
752.58,0.080897
753.07,0.079963
753.55,0.079266
754.03,0.078884
754.51,0.078827
754.99,0.079040
755.48,0.079412
755.96,0.079813
756.44,0.080128
756.92,0.080274
757.41,0.080229
757.89,0.080018
758.37,0.079699
758.85,0.079330
759.33,0.078953
759.82,0.078581
760.30,0.078211
760.78,0.077835
761.26,0.077462
761.74,0.077125
762.23,0.076868
762.71,0.076735
763.19,0.076744
763.67,0.076873
764.15,0.077067
764.64,0.077255
765.12,0.077364
765.60,0.077345
766.08,0.077183
766.57,0.076895
767.05,0.076514
767.53,0.076081
768.01,0.075636
768.49,0.075212
768.98,0.074837
769.46,0.074536
769.94,0.074316
770.42,0.074168
770.90,0.074055
771.39,0.073923
771.87,0.073716
772.35,0.073395
772.83,0.072964
773.32,0.072472
773.80,0.072007
774.28,0.071657
774.76,0.071483
775.24,0.071486
775.73,0.071608
776.21,0.071738
776.69,0.071756
777.17,0.071581
777.65,0.071186
778.14,0.070619
778.62,0.069973
779.10,0.069364
779.58,0.068888
780.06,0.068594
780.55,0.068478
781.03,0.068491
781.51,0.068556
781.99,0.068589
782.48,0.068524
782.96,0.068322
783.44,0.067973
783.92,0.067503
784.40,0.066961
784.89,0.066414
785.37,0.065924
785.85,0.065541
786.33,0.065280
786.81,0.065123
787.30,0.065020
787.78,0.064916
788.26,0.064767
788.74,0.064563
789.23,0.064335
789.71,0.064138
790.19,0.064037
790.67,0.064068
791.15,0.064225
791.64,0.064451
792.12,0.064661
792.60,0.064763
793.08,0.064685
793.56,0.064403
794.05,0.063931
794.53,0.063319
795.01,0.062625
795.49,0.061903
795.97,0.061200
796.46,0.060551
796.94,0.059992
797.42,0.059556
797.90,0.059270
798.39,0.059138
798.87,0.059133
799.35,0.059192
799.83,0.059222
800.31,0.059134
800.80,0.058876
801.28,0.058455
801.76,0.057946
802.24,0.057471
802.72,0.057166
803.21,0.057132
803.69,0.057398
804.17,0.057913
804.65,0.058564
805.13,0.059195
805.62,0.059663
806.10,0.059870
806.58,0.059778
807.06,0.059415
807.55,0.058852
808.03,0.058189
808.51,0.057532
808.99,0.056973
809.47,0.056583
809.96,0.056405
810.44,0.056443
810.92,0.056666
811.40,0.057003
811.88,0.057362
812.37,0.057637
812.85,0.057743
813.33,0.057625
813.81,0.057279
814.30,0.056744
814.78,0.056101
815.26,0.055452
815.74,0.054897
816.22,0.054518
816.71,0.054369
817.19,0.054471
817.67,0.054808
818.15,0.055335
818.63,0.055982
819.12,0.056656
819.60,0.057261
820.08,0.057721
820.56,0.057986
821.04,0.058051
821.53,0.057950
822.01,0.057750
822.49,0.057521
822.97,0.057320
823.46,0.057182
823.94,0.057111
824.42,0.057099
824.90,0.057136
825.38,0.057224
825.87,0.057376
826.35,0.057603
826.83,0.057896
827.31,0.058222
827.79,0.058520
828.28,0.058727
828.76,0.058799
829.24,0.058735
829.72,0.058580
830.21,0.058416
830.69,0.058327
831.17,0.058362
831.65,0.058515
832.13,0.058721
832.62,0.058884
833.10,0.058901
833.58,0.058710
834.06,0.058310
834.54,0.057762
835.03,0.057163
835.51,0.056620
835.99,0.056221
836.47,0.056015
836.95,0.056014
837.44,0.056206
837.92,0.056561
838.40,0.057042
838.88,0.057601
839.37,0.058183
839.85,0.058716
840.33,0.059126
840.81,0.059356
841.29,0.059369
841.78,0.059173
842.26,0.058812
842.74,0.058361
843.22,0.057901
843.70,0.057502
844.19,0.057216
844.67,0.057070
845.15,0.057074
845.63,0.057229
846.11,0.057524
846.60,0.057934
847.08,0.058410
847.56,0.058890
848.04,0.059297
848.53,0.059564
849.01,0.059659
849.49,0.059595
849.97,0.059431
850.45,0.059247
850.94,0.059124
851.42,0.059107
851.90,0.059192
852.38,0.059336
852.86,0.059475
853.35,0.059563
853.83,0.059580
854.31,0.059547
854.79,0.059505
855.27,0.059494
855.76,0.059533
856.24,0.059609
856.72,0.059692
857.20,0.059758
857.69,0.059807
858.17,0.059877
858.65,0.060025
859.13,0.060312
859.61,0.060772
860.10,0.061398
860.58,0.062141
861.06,0.062927
861.54,0.063692
862.02,0.064396
862.51,0.065042
862.99,0.065664
863.47,0.066308
863.95,0.067014
864.44,0.067796
864.92,0.068642
865.40,0.069521
865.88,0.070400
866.36,0.071252
866.85,0.072062
867.33,0.072833
867.81,0.073579
868.29,0.074324
868.77,0.075103
869.26,0.075959
869.74,0.076927
870.22,0.078026
870.70,0.079228
871.18,0.080458
871.67,0.081578
872.15,0.082421
872.63,0.082837
873.11,0.082723
873.60,0.082076
874.08,0.080990
874.56,0.079647
875.04,0.078252
875.52,0.076984
876.01,0.075960
876.49,0.075205
876.97,0.074663
877.45,0.074228
877.93,0.073783
878.42,0.073237
878.90,0.072541
879.38,0.071694
879.86,0.070728
880.35,0.069693
880.83,0.068636
881.31,0.067591
881.79,0.066577
882.27,0.065594
882.76,0.064635
883.24,0.063684
883.72,0.062730
884.20,0.061766
884.68,0.060799
885.17,0.059848
885.65,0.058951
886.13,0.058151
886.61,0.057497
887.09,0.057035
887.58,0.056790
888.06,0.056767
888.54,0.056944
889.02,0.057273
889.51,0.057689
889.99,0.058117
890.47,0.058489
890.95,0.058756
891.43,0.058893
891.92,0.058913
892.40,0.058858
892.88,0.058795
893.36,0.058788
893.84,0.058883
894.33,0.059091
894.81,0.059384
895.29,0.059702
895.77,0.059979
896.25,0.060172
896.74,0.060276
897.22,0.060332
897.70,0.060407
898.18,0.060573
898.67,0.060866
899.15,0.061268
899.63,0.061702
900.11,0.062055
900.59,0.062211
901.08,0.062087
901.56,0.061665
902.04,0.060996
902.52,0.060193
903.00,0.059389
903.49,0.058722
903.97,0.058298
904.45,0.058172
904.93,0.058351
905.42,0.058800
905.90,0.059455
906.38,0.060233
906.86,0.061046
907.34,0.061813
907.83,0.062462
908.31,0.062943
908.79,0.063238
909.27,0.063358
909.75,0.063345
910.24,0.063258
910.72,0.063168
911.20,0.063137
911.68,0.063210
912.16,0.063407
912.65,0.063721
913.13,0.064117
913.61,0.064545
914.09,0.064952
914.58,0.065280
915.06,0.065493
915.54,0.065576
916.02,0.065544
916.50,0.065437
916.99,0.065314
917.47,0.065240
917.95,0.065269
918.43,0.065429
918.91,0.065724
919.40,0.066131
919.88,0.066607
920.36,0.067109
920.84,0.067598
921.33,0.068057
921.81,0.068484
922.29,0.068889
922.77,0.069294
923.25,0.069715
923.74,0.070163
924.22,0.070639
924.70,0.071134
925.18,0.071636
925.66,0.072129
926.15,0.072604
926.63,0.073057
927.11,0.073493
927.59,0.073920
928.07,0.074349
928.56,0.074789
929.04,0.075247
929.52,0.075719
930.00,0.076205
930.49,0.076699
930.97,0.077205
931.45,0.077728
931.93,0.078278
932.41,0.078859
932.90,0.079473
933.38,0.080110
933.86,0.080757
934.34,0.081399
934.82,0.082032
935.31,0.082660
935.79,0.083298
936.27,0.083963
936.75,0.084666
937.23,0.085405
937.72,0.086166
938.20,0.086927
938.68,0.087668
939.16,0.088386
939.65,0.089094
940.13,0.089818
940.61,0.090591
941.09,0.091432
941.57,0.092343
942.06,0.093301
942.54,0.094267
943.02,0.095194
943.50,0.096045
943.98,0.096804
944.47,0.097477
944.95,0.098101
945.43,0.098728
945.91,0.099417
946.39,0.100221
946.88,0.101168
947.36,0.102254
947.84,0.103440
948.32,0.104654
948.81,0.105819
949.29,0.106865
949.77,0.107763
950.25,0.108536
950.73,0.109260
951.22,0.110037
951.70,0.110965
952.18,0.112108
952.66,0.113463
953.14,0.114960
953.63,0.116479
954.11,0.117892
954.59,0.119091
955.07,0.120022
955.56,0.120692
956.04,0.121157
956.52,0.121500
957.00,0.121798
957.48,0.122112
957.97,0.122473
958.45,0.122883
958.93,0.123326
959.41,0.123769
959.89,0.124176
960.38,0.124505
960.86,0.124714
961.34,0.124770
961.82,0.124651
962.30,0.124362
962.79,0.123928
963.27,0.123401
963.75,0.122839
964.23,0.122302
964.72,0.121832
965.20,0.121452
965.68,0.121159
966.16,0.120933
966.64,0.120754
967.13,0.120606
967.61,0.120488
968.09,0.120423
968.57,0.120447
969.05,0.120612
969.54,0.120961
970.02,0.121528
970.50,0.122324
970.98,0.123331
971.47,0.124504
971.95,0.125781
972.43,0.127094
972.91,0.128384
973.39,0.129611
973.88,0.130763
974.36,0.131855
974.84,0.132918
975.32,0.133991
975.80,0.135114
976.29,0.136320
976.77,0.137635
977.25,0.139078
977.73,0.140661
978.21,0.142383
978.70,0.144228
979.18,0.146163
979.66,0.148141
980.14,0.150107
980.63,0.152019
981.11,0.153853
981.59,0.155615
982.07,0.157338
982.55,0.159072
983.04,0.160868
983.52,0.162769
984.00,0.164803
984.48,0.166980
984.96,0.169301
985.45,0.171750
985.93,0.174301
986.41,0.176908
986.89,0.179505
987.37,0.182018
987.86,0.184372
988.34,0.186522
988.82,0.188468
989.30,0.190260
989.79,0.191991
990.27,0.193760
990.75,0.195648
991.23,0.197688
991.71,0.199861
992.20,0.202103
992.68,0.204339
993.16,0.206513
993.64,0.208607
994.12,0.210647
994.61,0.212690
995.09,0.214805
995.57,0.217039
996.05,0.219408
996.54,0.221888
997.02,0.224428
997.50,0.226958
997.98,0.229411
998.46,0.231738
998.95,0.233918
999.43,0.235963
999.91,0.237910
1000.39,0.239812
1000.87,0.241718
1001.36,0.243656
1001.84,0.245620
1002.32,0.247577
1002.80,0.249481
1003.28,0.251292
1003.77,0.253002
1004.25,0.254640
1004.73,0.256269
1005.21,0.257954
1005.70,0.259739
1006.18,0.261621
1006.66,0.263555
1007.14,0.265465
1007.62,0.267275
1008.11,0.268943
1008.59,0.270474
1009.07,0.271915
1009.55,0.273331
1010.03,0.274775
1010.52,0.276270
1011.00,0.277799
1011.48,0.279313
1011.96,0.280750
1012.45,0.282057
1012.93,0.283194
1013.41,0.284142
1013.89,0.284897
1014.37,0.285469
1014.86,0.285881
1015.34,0.286177
1015.82,0.286418
1016.30,0.286674
1016.78,0.287007
1017.27,0.287455
1017.75,0.288011
1018.23,0.288627
1018.71,0.289225
1019.20,0.289720
1019.68,0.290048
1020.16,0.290173
1020.64,0.290104
1021.12,0.289873
1021.61,0.289530
1022.09,0.289116
1022.57,0.288668
1023.05,0.288208
1023.53,0.287745
1024.02,0.287281
1024.50,0.286810
1024.98,0.286325
1025.46,0.285817
1025.94,0.285282
1026.43,0.284725
1026.91,0.284162
1027.39,0.283610
1027.87,0.283079
1028.36,0.282563
1028.84,0.282041
1029.32,0.281478
1029.80,0.280844
1030.28,0.280130
1030.77,0.279355
1031.25,0.278560
1031.73,0.277784
1032.21,0.277042
1032.69,0.276306
1033.18,0.275507
1033.66,0.274553
1034.14,0.273360
1034.62,0.271894
1035.10,0.270175
1035.59,0.268283
1036.07,0.266323
1036.55,0.264405
1037.03,0.262604
1037.52,0.260955
1038.00,0.259454
1038.48,0.258072
1038.96,0.256767
1039.44,0.255499
1039.93,0.254231
1040.41,0.252930
1040.89,0.251566
1041.37,0.250119
1041.85,0.248588
1042.34,0.246999
1042.82,0.245399
1043.30,0.243850
1043.78,0.242405
1044.27,0.241084
1044.75,0.239872
1045.23,0.238716
1045.71,0.237548
1046.19,0.236305
1046.67,0.234954
1047.16,0.233500
1047.64,0.231981
1048.12,0.230445
1048.60,0.228940
1049.09,0.227495
1049.57,0.226118
1050.05,0.224805
1050.53,0.223546
1051.01,0.222339
1051.50,0.221190
1051.98,0.220109
1052.46,0.219104
1052.94,0.218176
1053.42,0.217316
1053.91,0.216515
1054.39,0.215764
1054.87,0.215064
1055.35,0.214426
1055.84,0.213865
1056.32,0.213384
1056.80,0.212972
1057.28,0.212591
1057.76,0.212180
1058.25,0.211671
1058.73,0.210994
1059.21,0.210101
1059.69,0.208981
1060.17,0.207657
1060.66,0.206186
1061.14,0.204645
1061.62,0.203116
1062.10,0.201662
1062.59,0.200329
1063.07,0.199134
1063.55,0.198072
1064.03,0.197129
1064.51,0.196281
1065.00,0.195507
1065.48,0.194783
1065.96,0.194078
1066.44,0.193354
1066.92,0.192568
1067.41,0.191677
1067.89,0.190656
1068.37,0.189502
1068.85,0.188244
1069.34,0.186932
1069.82,0.185631
1070.30,0.184393
1070.78,0.183253
1071.26,0.182215
1071.74,0.181263
1072.23,0.180369
1072.71,0.179505
1073.19,0.178658
1073.67,0.177834
1074.16,0.177048
1074.64,0.176323
1075.12,0.175677
1075.60,0.175116
1076.08,0.174633
1076.57,0.174204
1077.05,0.173792
1077.53,0.173357
1078.01,0.172859
1078.49,0.172272
1078.98,0.171591
1079.46,0.170840
1079.94,0.170066
1080.42,0.169325
1080.91,0.168670
1081.39,0.168124
1081.87,0.167678
1082.35,0.167283
1082.83,0.166882
1083.32,0.166422
1083.80,0.165884
1084.28,0.165295
1084.76,0.164720
1085.24,0.164243
1085.73,0.163932
1086.21,0.163818
1086.69,0.163881
1087.17,0.164060
1087.65,0.164267
1088.14,0.164418
1088.62,0.164457
1089.10,0.164355
1089.58,0.164113
1090.07,0.163748
1090.55,0.163285
1091.03,0.162744
1091.51,0.162143
1091.99,0.161503
1092.48,0.160846
1092.96,0.160199
1093.44,0.159585
1093.92,0.159020
1094.40,0.158506
1094.89,0.158034
1095.37,0.157586
1095.85,0.157140
1096.33,0.156671
1096.82,0.156153
1097.30,0.155556
1097.78,0.154851
1098.26,0.154016
1098.74,0.153045
1099.23,0.151954
1099.71,0.150777
1100.19,0.149557
1100.67,0.148323
1101.15,0.147079
1101.64,0.145793
1102.12,0.144419
1102.60,0.142912
1103.08,0.141265
1103.57,0.139521
1104.05,0.137773
1104.53,0.136141
1105.01,0.134721
1105.49,0.133562
1105.98,0.132641
1106.46,0.131875
1106.94,0.131144
1107.42,0.130337
1107.90,0.129390
1108.39,0.128286
1108.87,0.127056
1109.35,0.125746
1109.83,0.124392
1110.32,0.123006
1110.80,0.121574
1111.28,0.120072
1111.76,0.118489
1112.24,0.116829
1112.72,0.115119
1113.21,0.113385
1113.69,0.111640
1114.17,0.109870
1114.65,0.108043
1115.14,0.106118
1115.62,0.104071
1116.10,0.101909
1116.58,0.099676
1117.06,0.097441
1117.55,0.095269
1118.03,0.093213
1118.51,0.091288
1118.99,0.089480
1119.47,0.087747
1119.96,0.086043
1120.44,0.084330
1120.92,0.082585
1121.40,0.080804
1121.88,0.078996
1122.37,0.077178
1122.85,0.075371
1123.33,0.073594
1123.81,0.071866
1124.30,0.070202
1124.78,0.068618
1125.26,0.067118
1125.74,0.065701
1126.22,0.064356
1126.71,0.063068
1127.19,0.061823
1127.67,0.060609
1128.15,0.059424
1128.63,0.058272
1129.12,0.057162
1129.60,0.056103
1130.08,0.055100
1130.56,0.054160
1131.05,0.053287
1131.53,0.052483
1132.01,0.051752
1132.49,0.051091
1132.97,0.050490
1133.46,0.049931
1133.94,0.049392
1134.42,0.048855
1134.90,0.048313
1135.38,0.047775
1135.87,0.047260
1136.35,0.046794
1136.83,0.046390
1137.31,0.046044
1137.80,0.045726
1138.28,0.045399
1138.76,0.045019
1139.24,0.044561
1139.72,0.044024
1140.21,0.043433
1140.69,0.042828
1141.17,0.042249
1141.65,0.041728
1142.13,0.041276
1142.62,0.040893
1143.10,0.040565
1143.58,0.040280
1144.06,0.040026
1144.55,0.039797
1145.03,0.039580
1145.51,0.039364
1145.99,0.039130
1146.47,0.038864
1146.96,0.038560
1147.44,0.038223
1147.92,0.037868
1148.40,0.037509
1148.88,0.037154
1149.37,0.036799
1149.85,0.036425
1150.33,0.036012
1150.81,0.035553
1151.30,0.035061
1151.78,0.034572
1152.26,0.034136
1152.74,0.033803
1153.22,0.033601
1153.70,0.033530
1154.19,0.033559
1154.67,0.033637
1155.15,0.033715
1155.63,0.033753
1156.12,0.033734
1156.60,0.033664
1157.08,0.033567
1157.56,0.033469
1158.04,0.033396
1158.53,0.033365
1159.01,0.033380
1159.49,0.033435
1159.97,0.033514
1160.45,0.033591
1160.94,0.033638
1161.42,0.033627
1161.90,0.033540
1162.38,0.033373
1162.87,0.033138
1163.35,0.032860
1163.83,0.032569
1164.31,0.032289
1164.79,0.032027
1165.28,0.031776
1165.76,0.031521
1166.24,0.031246
1166.72,0.030951
1167.20,0.030648
1167.69,0.030363
1168.17,0.030122
1168.65,0.029942
1169.13,0.029823
1169.62,0.029746
1170.10,0.029686
1170.58,0.029622
1171.06,0.029541
1171.54,0.029448
1172.03,0.029355
1172.51,0.029275
1172.99,0.029212
1173.47,0.029159
1173.95,0.029099
1174.44,0.029014
1174.92,0.028897
1175.40,0.028751
1175.88,0.028588
1176.37,0.028429
1176.85,0.028286
1177.33,0.028165
1177.81,0.028056
1178.29,0.027944
1178.78,0.027811
1179.26,0.027642
1179.74,0.027431
1180.22,0.027184
1180.70,0.026917
1181.19,0.026653
1181.67,0.026425
1182.15,0.026264
1182.63,0.026196
1183.11,0.026238
1183.60,0.026384
1184.08,0.026614
1184.56,0.026887
1185.04,0.027155
1185.53,0.027379
1186.01,0.027529
1186.49,0.027601
1186.97,0.027611
1187.45,0.027587
1187.94,0.027562
1188.42,0.027558
1188.90,0.027588
1189.38,0.027652
1189.86,0.027745
1190.35,0.027859
1190.83,0.027990
1191.31,0.028134
1191.79,0.028285
1192.28,0.028432
1192.76,0.028557
1193.24,0.028641
1193.72,0.028666
1194.20,0.028626
1194.68,0.028530
1195.17,0.028402
1195.65,0.028279
1196.13,0.028196
1196.61,0.028186
1197.10,0.028264
1197.58,0.028429
1198.06,0.028666
1198.54,0.028946
1199.02,0.029240
1199.51,0.029518
1199.99,0.029764
1200.47,0.029970
1200.95,0.030138
1201.43,0.030276
1201.92,0.030392
1202.40,0.030494
1202.88,0.030585
1203.36,0.030668
1203.85,0.030746
1204.33,0.030826
1204.81,0.030913
1205.29,0.031012
1205.77,0.031119
1206.26,0.031220
1206.74,0.031289
1207.22,0.031298
1207.70,0.031226
1208.18,0.031069
1208.67,0.030847
1209.15,0.030597
1209.63,0.030373
1210.11,0.030221
1210.60,0.030172
1211.08,0.030233
1211.56,0.030386
1212.04,0.030596
1212.52,0.030820
1213.01,0.031020
1213.49,0.031167
1213.97,0.031245
1214.45,0.031249
1214.93,0.031184
1215.42,0.031067
1215.90,0.030919
1216.38,0.030773
1216.86,0.030664
1217.35,0.030619
1217.83,0.030656
1218.31,0.030772
1218.79,0.030947
1219.27,0.031144
1219.76,0.031330
1220.24,0.031477
1220.72,0.031576
1221.20,0.031631
1221.68,0.031660
1222.17,0.031681
1222.65,0.031711
1223.13,0.031762
1223.61,0.031842
1224.09,0.031958
1224.58,0.032114
1225.06,0.032316
1225.54,0.032558
1226.02,0.032829
1226.51,0.033107
1226.99,0.033371
1227.47,0.033606
1227.95,0.033811
1228.43,0.034005
1228.91,0.034213
1229.40,0.034463
1229.88,0.034769
1230.36,0.035127
1230.84,0.035517
1231.33,0.035911
1231.81,0.036283
1232.29,0.036623
1232.77,0.036931
1233.26,0.037217
1233.74,0.037487
1234.22,0.037738
1234.70,0.037952
1235.18,0.038107
1235.66,0.038182
1236.15,0.038168
1236.63,0.038074
1237.11,0.037927
1237.59,0.037764
1238.08,0.037622
1238.56,0.037537
1239.04,0.037529
1239.52,0.037609
1240.00,0.037773
1240.49,0.038005
1240.97,0.038280
1241.45,0.038560
1241.93,0.038806
1242.41,0.038983
1242.90,0.039073
1243.38,0.039077
1243.86,0.039017
1244.34,0.038932
1244.83,0.038858
1245.31,0.038828
1245.79,0.038850
1246.27,0.038920
1246.75,0.039018
1247.24,0.039127
1247.72,0.039233
1248.20,0.039332
1248.68,0.039426
1249.16,0.039517
1249.65,0.039604
1250.13,0.039680
1250.61,0.039736
1251.09,0.039767
1251.58,0.039774
1252.06,0.039763
1252.54,0.039742
1253.02,0.039717
1253.50,0.039687
1253.98,0.039649
1254.47,0.039598
1254.95,0.039539
1255.43,0.039479
1255.91,0.039432
1256.40,0.039405
1256.88,0.039395
1257.36,0.039392
1257.84,0.039372
1258.33,0.039320
1258.81,0.039229
1259.29,0.039109
1259.77,0.038983
1260.25,0.038873
1260.73,0.038798
1261.22,0.038761
1261.70,0.038750
1262.18,0.038753
1262.66,0.038761
1263.15,0.038780
1263.63,0.038821
1264.11,0.038897
1264.59,0.039009
1265.07,0.039139
1265.56,0.039256
1266.04,0.039326
1266.52,0.039325
1267.00,0.039247
1267.48,0.039109
1267.97,0.038939
1268.45,0.038766
1268.93,0.038611
1269.41,0.038488
1269.89,0.038405
1270.38,0.038372
1270.86,0.038408
1271.34,0.038529
1271.82,0.038743
1272.31,0.039040
1272.79,0.039384
1273.27,0.039721
1273.75,0.039999
1274.23,0.040185
1274.72,0.040277
1275.20,0.040302
1275.68,0.040310
1276.16,0.040347
1276.64,0.040442
1277.13,0.040590
1277.61,0.040764
1278.09,0.040926
1278.57,0.041044
1279.06,0.041107
1279.54,0.041125
1280.02,0.041126
1280.50,0.041138
1280.98,0.041180
1281.47,0.041258
1281.95,0.041364
1282.43,0.041486
1282.91,0.041609
1283.39,0.041722
1283.88,0.041812
1284.36,0.041865
1284.84,0.041862
1285.32,0.041785
1285.81,0.041621
1286.29,0.041369
1286.77,0.041047
1287.25,0.040683
1287.73,0.040316
1288.22,0.039978
1288.70,0.039696
1289.18,0.039480
1289.66,0.039331
1290.14,0.039242
1290.63,0.039205
1291.11,0.039213
1291.59,0.039257
1292.07,0.039331
1292.56,0.039427
1293.04,0.039539
1293.52,0.039666
1294.00,0.039808
1294.48,0.039969
1294.96,0.040145
1295.45,0.040327
1295.93,0.040494
1296.41,0.040622
1296.89,0.040690
1297.38,0.040690
1297.86,0.040634
1298.34,0.040549
1298.82,0.040466
1299.30,0.040410
1299.79,0.040390
1300.27,0.040396
1300.75,0.040404
1301.23,0.040388
1301.71,0.040335
1302.20,0.040245
1302.68,0.040137
1303.16,0.040036
1303.64,0.039970
1304.13,0.039954
1304.61,0.039993
1305.09,0.040079
1305.57,0.040198
1306.05,0.040331
1306.54,0.040457
1307.02,0.040556
1307.50,0.040611
1307.98,0.040609
1308.46,0.040549
1308.95,0.040443
1309.43,0.040319
1309.91,0.040209
1310.39,0.040147
1310.88,0.040158
1311.36,0.040248
1311.84,0.040411
1312.32,0.040626
1312.80,0.040873
1313.29,0.041130
1313.77,0.041382
1314.25,0.041620
1314.73,0.041834
1315.21,0.042017
1315.70,0.042160
1316.18,0.042261
1316.66,0.042322
1317.14,0.042356
1317.62,0.042375
1318.11,0.042387
1318.59,0.042385
1319.07,0.042349
1319.55,0.042251
1320.04,0.042068
1320.52,0.041800
1321.00,0.041471
1321.48,0.041127
1321.96,0.040821
1322.45,0.040590
1322.93,0.040446
1323.41,0.040374
1323.89,0.040338
1324.38,0.040296
1324.86,0.040218
1325.34,0.040094
1325.82,0.039937
1326.30,0.039771
1326.79,0.039622
1327.27,0.039507
1327.75,0.039431
1328.23,0.039388
1328.71,0.039368
1329.20,0.039365
1329.68,0.039378
1330.16,0.039404
1330.64,0.039443
1331.12,0.039490
1331.61,0.039536
1332.09,0.039576
1332.57,0.039609
1333.05,0.039642
1333.54,0.039683
1334.02,0.039744
1334.50,0.039829
1334.98,0.039937
1335.46,0.040063
1335.94,0.040202
1336.43,0.040355
1336.91,0.040526
1337.39,0.040725
1337.87,0.040960
1338.36,0.041232
1338.84,0.041530
1339.32,0.041835
1339.80,0.042125
1340.28,0.042383
1340.77,0.042601
1341.25,0.042783
1341.73,0.042935
1342.21,0.043062
1342.69,0.043164
1343.18,0.043235
1343.66,0.043272
1344.14,0.043276
1344.62,0.043252
1345.11,0.043209
1345.59,0.043157
1346.07,0.043100
1346.55,0.043039
1347.03,0.042970
1347.52,0.042895
1348.00,0.042820
1348.48,0.042760
1348.96,0.042731
1349.44,0.042743
1349.93,0.042796
1350.41,0.042875
1350.89,0.042957
1351.37,0.043016
1351.86,0.043033
1352.34,0.043001
1352.82,0.042923
1353.30,0.042812
1353.78,0.042682
1354.27,0.042545
1354.75,0.042413
1355.23,0.042296
1355.71,0.042206
1356.19,0.042157
1356.68,0.042162
1357.16,0.042230
1357.64,0.042360
1358.12,0.042541
1358.61,0.042755
1359.09,0.042982
1359.57,0.043206
1360.05,0.043422
1360.53,0.043635
1361.02,0.043862
1361.50,0.044123
1361.98,0.044438
1362.46,0.044812
1362.94,0.045232
1363.43,0.045667
1363.91,0.046083
1364.39,0.046452
1364.87,0.046769
1365.35,0.047043
1365.84,0.047303
1366.32,0.047579
1366.80,0.047898
1367.28,0.048280
1367.77,0.048731
1368.25,0.049236
1368.73,0.049764
1369.21,0.050277
1369.69,0.050741
1370.18,0.051137
1370.66,0.051470
1371.14,0.051764
1371.62,0.052062
1372.10,0.052413
1372.59,0.052873
1373.07,0.053493
1373.55,0.054312
1374.03,0.055337
1374.52,0.056531
1375.00,0.057820
1375.48,0.059104
1375.96,0.060301
1376.44,0.061365
1376.92,0.062287
1377.41,0.063082
1377.89,0.063769
1378.37,0.064357
1378.85,0.064842
1379.34,0.065209
1379.82,0.065442
1380.30,0.065539
1380.78,0.065519
1381.26,0.065422
1381.75,0.065296
1382.23,0.065195
1382.71,0.065164
1383.19,0.065231
1383.67,0.065401
1384.16,0.065666
1384.64,0.066017
1385.12,0.066450
1385.60,0.066975
1386.09,0.067614
1386.57,0.068386
1387.05,0.069293
1387.53,0.070301
1388.01,0.071344
1388.50,0.072356
1388.98,0.073292
1389.46,0.074152
1389.94,0.074963
1390.42,0.075766
1390.91,0.076594
1391.39,0.077468
1391.87,0.078397
1392.35,0.079385
1392.84,0.080444
1393.32,0.081596
1393.80,0.082868
1394.28,0.084277
1394.76,0.085806
1395.25,0.087391
1395.73,0.088942
1396.21,0.090387
1396.69,0.091713
1397.17,0.092971
1397.66,0.094261
1398.14,0.095693
1398.62,0.097343
1399.10,0.099228
1399.59,0.101277
1400.07,0.103362
1400.55,0.105346
1401.03,0.107153
1401.51,0.108778
1401.99,0.110276
1402.48,0.111725
1402.96,0.113201
1403.44,0.114766
1403.92,0.116451
1404.41,0.118253
1404.89,0.120135
1405.37,0.122035
1405.85,0.123881
1406.33,0.125616
1406.82,0.127209
1407.30,0.128669
1407.78,0.130033
1408.26,0.131353
1408.74,0.132691
1409.23,0.134097
1409.71,0.135595
1410.19,0.137171
1410.67,0.138778
1411.16,0.140340
1411.64,0.141773
1412.12,0.143018
1412.60,0.144051
1413.08,0.144887
1413.57,0.145561
1414.05,0.146121
1414.53,0.146606
1415.01,0.147046
1415.49,0.147459
1415.98,0.147861
1416.46,0.148266
1416.94,0.148694
1417.42,0.149166
1417.90,0.149696
1418.39,0.150272
1418.87,0.150832
1419.35,0.151270
1419.83,0.151462
1420.32,0.151334
1420.80,0.150889
1421.28,0.150184
1421.76,0.149291
1422.24,0.148277
1422.73,0.147202
1423.21,0.146118
1423.69,0.145081
1424.17,0.144145
1424.65,0.143344
1425.14,0.142686
1425.62,0.142153
1426.10,0.141721
1426.58,0.141381
1427.07,0.141151
1427.55,0.141068
1428.03,0.141183
1428.51,0.141535
1428.99,0.142125
1429.48,0.142904
1429.96,0.143770
1430.44,0.144604
1430.92,0.145292
1431.40,0.145764
1431.89,0.146001
1432.37,0.146015
1432.85,0.145841
1433.33,0.145516
1433.82,0.145077
1434.30,0.144557
1434.78,0.143981
1435.26,0.143370
1435.74,0.142731
1436.23,0.142057
1436.71,0.141327
1437.19,0.140527
1437.67,0.139658
1438.15,0.138756
1438.64,0.137876
1439.12,0.137073
1439.60,0.136398
1440.08,0.135884
1440.57,0.135560
1441.05,0.135435
1441.53,0.135500
1442.01,0.135718
1442.49,0.136042
1442.97,0.136418
1443.46,0.136802
1443.94,0.137170
1444.42,0.137517
1444.90,0.137852
1445.39,0.138197
1445.87,0.138579
1446.35,0.139033
1446.83,0.139595
1447.31,0.140293
1447.80,0.141135
1448.28,0.142094
1448.76,0.143111
1449.24,0.144118
1449.72,0.145073
1450.21,0.145968
1450.69,0.146834
1451.17,0.147711
1451.65,0.148630
1452.13,0.149594
1452.62,0.150571
1453.10,0.151504
1453.58,0.152339
1454.06,0.153049
1454.55,0.153647
1455.03,0.154187
1455.51,0.154754
1455.99,0.155465
1456.47,0.156433
1456.96,0.157727
1457.44,0.159298
1457.92,0.160959
1458.40,0.162505
1458.88,0.163843
1459.37,0.164993
1459.85,0.166021
1460.33,0.166975
1460.81,0.167882
1461.30,0.168757
1461.78,0.169618
1462.26,0.170493
1462.74,0.171420
1463.22,0.172438
1463.71,0.173575
1464.19,0.174828
1464.67,0.176143
1465.15,0.177406
1465.63,0.178467
1466.12,0.179187
1466.60,0.179463
1467.08,0.179236
1467.56,0.178485
1468.05,0.177218
1468.53,0.175479
1469.01,0.173340
1469.49,0.170905
1469.97,0.168277
1470.46,0.165508
1470.94,0.162609
1471.42,0.159525
1471.90,0.156178
1472.38,0.152534
1472.87,0.148688
1473.35,0.144863
1473.83,0.141271
1474.31,0.137986
1474.80,0.134919
1475.28,0.131898
1475.76,0.128780
1476.24,0.125506
1476.72,0.122107
1477.20,0.118673
1477.69,0.115301
1478.17,0.112040
1478.65,0.108872
1479.13,0.105743
1479.62,0.102591
1480.10,0.099383
1480.58,0.096133
1481.06,0.092907
1481.55,0.089789
1482.03,0.086868
1482.51,0.084199
1482.99,0.081796
1483.47,0.079647
1483.95,0.077734
1484.44,0.076041
1484.92,0.074560
1485.40,0.073273
1485.88,0.072148
1486.37,0.071132
1486.85,0.070168
1487.33,0.069211
1487.81,0.068237
1488.29,0.067254
1488.78,0.066291
1489.26,0.065370
1489.74,0.064503
1490.22,0.063685
1490.70,0.062915
1491.19,0.062207
1491.67,0.061589
1492.15,0.061080
1492.63,0.060677
1493.12,0.060359
1493.60,0.060092
1494.08,0.059843
1494.56,0.059586
1495.04,0.059317
1495.53,0.059046
1496.01,0.058805
1496.49,0.058628
1496.97,0.058535
1497.45,0.058520
1497.94,0.058561
1498.42,0.058638
1498.90,0.058746
1499.38,0.058892
1499.87,0.059079
1500.35,0.059291
1500.83,0.059494
1501.31,0.059648
1501.79,0.059721
1502.28,0.059709
1502.76,0.059628
1503.24,0.059510
1503.72,0.059385
1504.20,0.059274
1504.69,0.059183
1505.17,0.059104
1505.65,0.059040
1506.13,0.059044
1506.62,0.059266
1507.10,0.059931
1507.58,0.061143
1508.06,0.062701
1508.54,0.064241
1509.03,0.065524
1509.51,0.066510
1509.99,0.067272
1510.47,0.067916
1510.95,0.068536
1511.44,0.069197
1511.92,0.069923
1512.40,0.070692
1512.88,0.071452
1513.36,0.072155
1513.85,0.072777
1514.33,0.073340
1514.81,0.073903
1515.29,0.074556
1515.78,0.075393
1516.26,0.076467
1516.74,0.077754
1517.22,0.079131
1517.70,0.080419
1518.18,0.081472
1518.67,0.082252
1519.15,0.082829
1519.63,0.083346
1520.11,0.083972
1520.60,0.084891
1521.08,0.086272
1521.56,0.088176
1522.04,0.090475
1522.52,0.092865
1523.01,0.095067
1523.49,0.096991
1523.97,0.098739
1524.45,0.100500
1524.93,0.102475
1525.42,0.104838
1525.90,0.107698
1526.38,0.111090
1526.86,0.114958
1527.35,0.119188
1527.83,0.123654
1528.31,0.128256
1528.79,0.132918
1529.27,0.137566
1529.76,0.142136
1530.24,0.146588
1530.72,0.150951
1531.20,0.155378
1531.68,0.160162
1532.17,0.165739
1532.65,0.172614
1533.13,0.181172
1533.61,0.191318
1534.10,0.202220
1534.58,0.212526
1535.06,0.221150
1535.54,0.227809
1536.02,0.232857
1536.51,0.236815
1536.99,0.240051
1537.47,0.242702
1537.95,0.244711
1538.43,0.245923
1538.92,0.246200
1539.40,0.245538
1539.88,0.244108
1540.36,0.242117
1540.85,0.239537
1541.33,0.236079
1541.81,0.231551
1542.29,0.226178
1542.77,0.220428
1543.26,0.214754
1543.74,0.209391
1544.22,0.204359
1544.70,0.199514
1545.18,0.194712
1545.67,0.189918
1546.15,0.185260
1546.63,0.180933
1547.11,0.177105
1547.59,0.173832
1548.08,0.171057
1548.56,0.168657
1549.04,0.166472
1549.52,0.164364
1550.01,0.162266
1550.49,0.160212
1550.97,0.158307
1551.45,0.156657
1551.93,0.155302
1552.42,0.154218
1552.90,0.153337
1553.38,0.152593
1553.86,0.151935
1554.34,0.151344
1554.83,0.150825
1555.31,0.150382
1555.79,0.150001
1556.27,0.149654
1556.76,0.149315
1557.24,0.148990
1557.72,0.148747
1558.20,0.148772
1558.68,0.149341
1559.16,0.150625
1559.65,0.152275
1560.13,0.153524
1560.61,0.153954
1561.09,0.153731
1561.58,0.153204
1562.06,0.152639
1562.54,0.152202
1563.02,0.151985
1563.50,0.152053
1563.99,0.152449
1564.47,0.153181
1564.95,0.154215
1565.43,0.155463
1565.91,0.156817
1566.40,0.158175
1566.88,0.159491
1567.36,0.160784
1567.84,0.162144
1568.33,0.163717
1568.81,0.165686
1569.29,0.168222
1569.77,0.171364
1570.25,0.174929
1570.74,0.178529
1571.22,0.181764
1571.70,0.184393
1572.18,0.186368
1572.66,0.187768
1573.15,0.188714
1573.63,0.189314
1574.11,0.189632
1574.59,0.189666
1575.08,0.189321
1575.56,0.188400
1576.04,0.186652
1576.52,0.183916
1577.00,0.180308
1577.49,0.176192
1577.97,0.171948
1578.45,0.167763
1578.93,0.163597
1579.41,0.159302
1579.90,0.154738
1580.38,0.149839
1580.86,0.144652
1581.34,0.139318
1581.83,0.134053
1582.31,0.129042
1582.79,0.124395
1583.27,0.120126
1583.75,0.116183
1584.23,0.112503
1584.72,0.109061
1585.20,0.105871
1585.68,0.102966
1586.16,0.100351
1586.65,0.097988
1587.13,0.095794
1587.61,0.093677
1588.09,0.091574
1588.57,0.089473
1589.06,0.087408
1589.54,0.085433
1590.02,0.083599
1590.50,0.081925
1590.98,0.080408
1591.47,0.079044
1591.95,0.077844
1592.43,0.076835
1592.91,0.076046
1593.40,0.075478
1593.88,0.075085
1594.36,0.074771
1594.84,0.074429
1595.32,0.073975
1595.81,0.073384
1596.29,0.072694
1596.77,0.071984
1597.25,0.071326
1597.73,0.070748
1598.22,0.070236
1598.70,0.069745
1599.18,0.069240
1599.66,0.068720
1600.14,0.068222
1600.63,0.067807
1601.11,0.067526
1601.59,0.067393
1602.07,0.067376
1602.56,0.067413
1603.04,0.067449
1603.52,0.067458
1604.00,0.067452
1604.48,0.067471
1604.97,0.067544
1605.45,0.067678
1605.93,0.067847
1606.41,0.068011
1606.89,0.068142
1607.38,0.068242
1607.86,0.068352
1608.34,0.068532
1608.82,0.068832
1609.31,0.069264
1609.79,0.069796
1610.27,0.070376
1610.75,0.070950
1611.23,0.071492
1611.72,0.072004
1612.20,0.072504
1612.68,0.073006
1613.16,0.073508
1613.64,0.073992
1614.13,0.074444
1614.61,0.074870
1615.09,0.075310
1615.57,0.075833
1616.06,0.076521
1616.54,0.077407
1617.02,0.078415
1617.50,0.079357
1617.98,0.080031
1618.47,0.080352
1618.95,0.080377
1619.43,0.080243
1619.91,0.080082
1620.39,0.079992
1620.88,0.080020
1621.36,0.080173
1621.84,0.080430
1622.32,0.080764
1622.81,0.081147
1623.29,0.081556
1623.77,0.081968
1624.25,0.082352
1624.73,0.082669
1625.21,0.082886
1625.70,0.082995
1626.18,0.083018
1626.66,0.083009
1627.14,0.083037
1627.63,0.083164
1628.11,0.083415
1628.59,0.083755
1629.07,0.084102
1629.55,0.084368
1630.04,0.084502
1630.52,0.084512
1631.00,0.084446
1631.48,0.084362
1631.96,0.084294
1632.45,0.084237
1632.93,0.084149
1633.41,0.083973
1633.89,0.083664
1634.38,0.083224
1634.86,0.082728
1635.34,0.082331
1635.82,0.082226
1636.30,0.082511
1636.79,0.083080
1637.27,0.083681
1637.75,0.084115
1638.23,0.084330
1638.71,0.084385
1639.20,0.084364
1639.68,0.084323
1640.16,0.084265
1640.64,0.084146
1641.12,0.083903
1641.61,0.083489
1642.09,0.082904
1642.57,0.082206
1643.05,0.081483
1643.54,0.080821
1644.02,0.080284
1644.50,0.079891
1644.98,0.079627
1645.46,0.079458
1645.95,0.079356
1646.43,0.079321
1646.91,0.079374
1647.39,0.079523
1647.88,0.079725
1648.36,0.079880
1648.84,0.079910
1649.32,0.079796
1649.80,0.079576
1650.29,0.079321
1650.77,0.079116
1651.25,0.079050
1651.73,0.079213
1652.21,0.079694
1652.70,0.080523
1653.18,0.081576
1653.66,0.082450
1654.14,0.082687
1654.62,0.082225
1655.11,0.081360
1655.59,0.080363
1656.07,0.079348
1656.55,0.078333
1657.04,0.077314
1657.52,0.076299
1658.00,0.075323
1658.48,0.074422
1658.96,0.073628
1659.45,0.072951
1659.93,0.072370
1660.41,0.071844
1660.89,0.071332
1661.37,0.070810
1661.86,0.070275
1662.34,0.069740
1662.82,0.069218
1663.30,0.068699
1663.79,0.068154
1664.27,0.067555
1664.75,0.066898
1665.23,0.066208
1665.71,0.065524
1666.19,0.064882
1666.68,0.064294
1667.16,0.063747
1667.64,0.063198
1668.12,0.062588
1668.61,0.061865
1669.09,0.061012
1669.57,0.060068
1670.05,0.059121
1670.53,0.058257
1671.02,0.057502
1671.50,0.056817
1671.98,0.056139
1672.46,0.055428
1672.94,0.054685
1673.43,0.053946
1673.91,0.053262
1674.39,0.052684
1674.87,0.052230
1675.36,0.051876
1675.84,0.051543
1676.32,0.051149
1676.80,0.050656
1677.28,0.050081
1677.77,0.049469
1678.25,0.048857
1678.73,0.048261
1679.21,0.047668
1679.69,0.047052
1680.18,0.046396
1680.66,0.045702
1681.14,0.044999
1681.62,0.044334
1682.11,0.043745
1682.59,0.043253
1683.07,0.042849
1683.55,0.042495
1684.03,0.042118
1684.52,0.041645
1685.00,0.041060
1685.48,0.040417
1685.96,0.039786
1686.44,0.039196
1686.93,0.038636
1687.41,0.038090
1687.89,0.037553
1688.37,0.037041
1688.86,0.036586
1689.34,0.036215
1689.82,0.035938
1690.30,0.035731
1690.78,0.035539
1691.27,0.035297
1691.75,0.034960
1692.23,0.034516
1692.71,0.033982
1693.19,0.033385
1693.68,0.032756
1694.16,0.032120
1694.64,0.031491
1695.12,0.030889
1695.60,0.030355
1696.09,0.029949
1696.57,0.029722
1697.05,0.029680
1697.53,0.029764
1698.02,0.029882
1698.50,0.029946
1698.98,0.029875
1699.46,0.029589
1699.94,0.029019
1700.43,0.028154
1700.91,0.027106
1701.39,0.026078
1701.87,0.025235
1702.35,0.024615
1702.84,0.024168
1703.32,0.023824
1703.80,0.023532
1704.28,0.023250
1704.77,0.022938
1705.25,0.022548
1705.73,0.022034
1706.21,0.021375
1706.69,0.020602
1707.17,0.019789
1707.66,0.019027
1708.14,0.018383
1708.62,0.017876
1709.10,0.017487
1709.59,0.017163
1710.07,0.016840
1710.55,0.016465
1711.03,0.016016
1711.51,0.015510
1712.00,0.014992
1712.48,0.014514
1712.96,0.014118
1713.44,0.013820
1713.92,0.013607
1714.41,0.013448
1714.89,0.013310
1715.37,0.013178
1715.85,0.013061
1716.34,0.012984
1716.82,0.012963
1717.30,0.012976
1717.78,0.012949
1718.26,0.012792
1718.75,0.012452
1719.23,0.011955
1719.71,0.011380
1720.19,0.010808
1720.67,0.010277
1721.16,0.009796
1721.64,0.009356
1722.12,0.008943
1722.60,0.008556
1723.09,0.008205
1723.57,0.007908
1724.05,0.007676
1724.53,0.007504
1725.01,0.007365
1725.50,0.007220
1725.98,0.007041
1726.46,0.006817
1726.94,0.006566
1727.42,0.006324
1727.91,0.006126
1728.39,0.005999
1728.87,0.005945
1729.35,0.005940
1729.84,0.005941
1730.32,0.005908
1730.80,0.005818
1731.28,0.005672
1731.76,0.005487
1732.24,0.005284
1732.73,0.005077
1733.21,0.004867
1733.69,0.004649
1734.17,0.004436
1734.66,0.004262
1735.14,0.004172
1735.62,0.004184
1736.10,0.004277
1736.58,0.004410
1737.07,0.004551
1737.55,0.004681
1738.03,0.004795
1738.51,0.004891
1738.99,0.004970
1739.48,0.005027
1739.96,0.005043
1740.44,0.004991
1740.92,0.004847
1741.40,0.004606
1741.89,0.004283
1742.37,0.003910
1742.85,0.003526
1743.33,0.003167
1743.82,0.002857
1744.30,0.002599
1744.78,0.002377
1745.26,0.002166
1745.74,0.001949
1746.23,0.001719
1746.71,0.001489
1747.19,0.001281
1747.67,0.001118
1748.15,0.001016
1748.64,0.000978
1749.12,0.000998
1749.60,0.001068
1750.08,0.001185
1750.57,0.001347
1751.05,0.001544
1751.53,0.001747
1752.01,0.001907
1752.49,0.001978
1752.98,0.001939
1753.46,0.001798
1753.94,0.001587
1754.42,0.001348
1754.90,0.001119
1755.39,0.000919
1755.87,0.000750
1756.35,0.000587
1756.83,0.000396
1757.32,0.000141
1757.80,-0.000185
1758.28,-0.000556
1758.76,-0.000922
1759.24,-0.001224
1759.73,-0.001418
1760.21,-0.001472
1760.69,-0.001375
1761.17,-0.001140
1761.65,-0.000808
1762.14,-0.000448
1762.62,-0.000139
1763.10,0.000054
1763.58,0.000106
1764.07,0.000035
1764.55,-0.000117
1765.03,-0.000301
1765.51,-0.000475
1765.99,-0.000610
1766.47,-0.000689
1766.96,-0.000711
1767.44,-0.000688
1767.92,-0.000645
1768.40,-0.000607
1768.89,-0.000596
1769.37,-0.000617
1769.85,-0.000666
1770.33,-0.000735
1770.82,-0.000820
1771.30,-0.000928
1771.78,-0.001074
1772.26,-0.001270
1772.74,-0.001518
1773.22,-0.001801
1773.71,-0.002084
1774.19,-0.002344
1774.67,-0.002570
1775.15,-0.002765
1775.64,-0.002940
1776.12,-0.003099
1776.60,-0.003241
1777.08,-0.003359
1777.56,-0.003447
1778.05,-0.003503
1778.53,-0.003535
1779.01,-0.003559
1779.49,-0.003592
1779.97,-0.003651
1780.46,-0.003743
1780.94,-0.003861
1781.42,-0.003986
1781.90,-0.004096
1782.38,-0.004172
1782.87,-0.004205
1783.35,-0.004193
1783.83,-0.004140
1784.31,-0.004053
1784.80,-0.003937
1785.28,-0.003797
1785.76,-0.003640
1786.24,-0.003473
1786.72,-0.003302
1787.21,-0.003131
1787.69,-0.002962
1788.17,-0.002800
1788.65,-0.002651
1789.13,-0.002524
1789.62,-0.002431
1790.10,-0.002379
1790.58,-0.002371
1791.06,-0.002399
1791.55,-0.002446
1792.03,-0.002490
1792.51,-0.002515
1792.99,-0.002526
1793.47,-0.002552
1793.96,-0.002632
1794.44,-0.002789
1794.92,-0.003026
1795.40,-0.003319
1795.88,-0.003631
1796.37,-0.003910
1796.85,-0.004112
1797.33,-0.004207
1797.81,-0.004185
1798.30,-0.004056
1798.78,-0.003848
1799.26,-0.003594
1799.74,-0.003321
1800.22,-0.003055
1800.71,-0.002814
1801.19,-0.002615
1801.67,-0.002474
1802.15,-0.002403
1802.63,-0.002403
1803.12,-0.002465
1803.60,-0.002568
1804.08,-0.002688
1804.56,-0.002797
1805.05,-0.002876
1805.53,-0.002912
1806.01,-0.002904
1806.49,-0.002858
1806.97,-0.002786
1807.45,-0.002700
1807.94,-0.002613
1808.42,-0.002537
1808.90,-0.002484
1809.38,-0.002467
1809.87,-0.002498
1810.35,-0.002589
1810.83,-0.002740
1811.31,-0.002945
1811.79,-0.003177
1812.28,-0.003403
1812.76,-0.003580
1813.24,-0.003673
1813.72,-0.003665
1814.20,-0.003556
1814.69,-0.003368
1815.17,-0.003138
1815.65,-0.002913
1816.13,-0.002739
1816.62,-0.002645
1817.10,-0.002633
1817.58,-0.002674
1818.06,-0.002714
1818.54,-0.002696
1819.03,-0.002592
1819.51,-0.002410
1819.99,-0.002202
1820.47,-0.002037
1820.95,-0.001981
1821.44,-0.002063
1821.92,-0.002265
1822.40,-0.002525
1822.88,-0.002763
1823.37,-0.002914
1823.85,-0.002945
1824.33,-0.002879
1824.81,-0.002779
1825.29,-0.002737
1825.78,-0.002818
1826.26,-0.003035
1826.74,-0.003342
1827.22,-0.003667
1827.70,-0.003945
1828.19,-0.004132
1828.67,-0.004221
1829.15,-0.004220
1829.63,-0.004149
1830.12,-0.004022
1830.60,-0.003841
1831.08,-0.003609
1831.56,-0.003332
1832.04,-0.003033
1832.53,-0.002747
1833.01,-0.002506
1833.49,-0.002341
1833.97,-0.002269
1834.45,-0.002296
1834.94,-0.002420
1835.42,-0.002631
1835.90,-0.002917
1836.38,-0.003264
1836.87,-0.003648
1837.35,-0.004038
1837.83,-0.004386
1838.31,-0.004641
1838.79,-0.004763
1839.28,-0.004738
1839.76,-0.004592
1840.24,-0.004381
1840.72,-0.004172
1841.20,-0.004016
1841.69,-0.003937
1842.17,-0.003917
1842.65,-0.003910
1843.13,-0.003849
1843.61,-0.003673
1844.10,-0.003360
1844.58,-0.002943
1845.06,-0.002504
1845.54,-0.002127
1846.03,-0.001865
1846.51,-0.001718
1846.99,-0.001653
1847.47,-0.001631
1847.95,-0.001622
1848.43,-0.001621
1848.92,-0.001633
1849.40,-0.001671
1849.88,-0.001738
1850.36,-0.001823
1850.85,-0.001907
1851.33,-0.001960
1851.81,-0.001963
1852.29,-0.001906
1852.77,-0.001795
1853.26,-0.001650
1853.74,-0.001496
1854.22,-0.001363
1854.70,-0.001273
1855.18,-0.001243
1855.67,-0.001280
1856.15,-0.001385
1856.63,-0.001556
1857.11,-0.001787
1857.60,-0.002069
1858.08,-0.002390
1858.56,-0.002735
1859.04,-0.003089
1859.52,-0.003431
1860.01,-0.003738
1860.49,-0.003986
1860.97,-0.004150
1861.45,-0.004214
1861.93,-0.004177
1862.42,-0.004048
1862.90,-0.003857
1863.38,-0.003631
1863.86,-0.003397
1864.35,-0.003169
1864.83,-0.002951
1865.31,-0.002747
1865.79,-0.002560
1866.27,-0.002407
1866.76,-0.002319
1867.24,-0.002330
1867.72,-0.002469
1868.20,-0.002740
1868.68,-0.003106
1869.17,-0.003491
1869.65,-0.003794
1870.13,-0.003934
1870.61,-0.003879
1871.10,-0.003646
1871.58,-0.003283
1872.06,-0.002849
1872.54,-0.002399
1873.02,-0.001979
1873.51,-0.001635
1873.99,-0.001409
1874.47,-0.001331
1874.95,-0.001410
1875.43,-0.001625
1875.92,-0.001927
1876.40,-0.002239
1876.88,-0.002479
1877.36,-0.002582
1877.84,-0.002517
1878.33,-0.002293
1878.81,-0.001961
1879.29,-0.001593
1879.77,-0.001255
1880.26,-0.000996
1880.74,-0.000838
1881.22,-0.000776
1881.70,-0.000796
1882.18,-0.000882
1882.67,-0.001027
1883.15,-0.001244
1883.63,-0.001552
1884.11,-0.001972
1884.59,-0.002514
1885.08,-0.003166
1885.56,-0.003889
1886.04,-0.004619
1886.52,-0.005280
1887.01,-0.005797
1887.49,-0.006100
1887.97,-0.006145
1888.45,-0.005919
1888.93,-0.005460
1889.41,-0.004863
1889.90,-0.004260
1890.38,-0.003796
1890.86,-0.003572
1891.34,-0.003607
1891.83,-0.003848
1892.31,-0.004195
1892.79,-0.004536
1893.27,-0.004771
1893.75,-0.004832
1894.24,-0.004685
1894.72,-0.004334
1895.20,-0.003818
1895.68,-0.003207
1896.16,-0.002603
1896.65,-0.002111
1897.13,-0.001829
1897.61,-0.001820
1898.09,-0.002093
1898.58,-0.002600
1899.06,-0.003239
1899.54,-0.003882
1900.02,-0.004392
1900.50,-0.004673
1900.99,-0.004696
1901.47,-0.004506
1901.95,-0.004208
1902.43,-0.003921
1902.91,-0.003753
1903.40,-0.003754
1903.88,-0.003916
1904.36,-0.004180
1904.84,-0.004465
1905.33,-0.004693
1905.81,-0.004809
1906.29,-0.004795
1906.77,-0.004662
1907.25,-0.004446
1907.74,-0.004190
1908.22,-0.003941
1908.70,-0.003742
1909.18,-0.003614
1909.66,-0.003552
1910.15,-0.003520
1910.63,-0.003461
1911.11,-0.003308
1911.59,-0.003016
1912.08,-0.002576
1912.56,-0.002024
1913.04,-0.001429
1913.52,-0.000867
1914.00,-0.000404
1914.48,-0.000074
1914.97,0.000120
1915.45,0.000199
1915.93,0.000177
1916.41,0.000053
1916.90,-0.000198
1917.38,-0.000613
1917.86,-0.001208
1918.34,-0.001950
1918.82,-0.002740
1919.31,-0.003434
1919.79,-0.003894
1920.27,-0.004052
1920.75,-0.003912
1921.23,-0.003550
1921.72,-0.003078
1922.20,-0.002635
1922.68,-0.002341
1923.16,-0.002281
1923.65,-0.002474
1924.13,-0.002863
1924.61,-0.003326
1925.09,-0.003711
1925.57,-0.003885
1926.06,-0.003743
1926.54,-0.003230
1927.02,-0.002351
1927.50,-0.001176
1927.98,0.000159
1928.47,0.001495
1928.95,0.002662
1929.43,0.003526
1929.91,0.004015
1930.39,0.004107
1930.88,0.003829
1931.36,0.003236
1931.84,0.002407
1932.32,0.001437
1932.81,0.000426
1933.29,-0.000510
1933.77,-0.001265
1934.25,-0.001753
1934.73,-0.001944
1935.22,-0.001877
1935.70,-0.001665
1936.18,-0.001462
1936.66,-0.001394
1937.14,-0.001510
1937.63,-0.001743
1938.11,-0.001929
1938.59,-0.001849
1939.07,-0.001313
1939.56,-0.000247
1940.04,0.001260
1940.52,0.002956
1941.00,0.004491
1941.48,0.005448
1941.97,0.005456
1942.45,0.004304
1942.93,0.002033
1943.41,-0.001034
1943.89,-0.004384
1944.38,-0.007443
1944.86,-0.009770
1945.34,-0.011111
1945.82,-0.011400
1946.31,-0.010741
1946.79,-0.009382
1947.27,-0.007680
1947.75,-0.005987
1948.23,-0.004604
1948.72,-0.003695
1949.20,-0.003266
1949.68,-0.003204
1950.16,-0.003338
1950.64,-0.003530
1951.13,-0.003712
1951.61,-0.003908
1952.09,-0.004189
1952.57,-0.004614
1953.06,-0.005161
1953.54,-0.005715
1954.02,-0.006079
1954.50,-0.006069
1954.98,-0.005586
1955.46,-0.004687
1955.95,-0.003563
1956.43,-0.002469
1956.91,-0.001632
1957.39,-0.001150
1957.88,-0.000969
1958.36,-0.000905
1958.84,-0.000743
1959.32,-0.000327
1959.80,0.000365
1960.29,0.001203
1960.77,0.001959
1961.25,0.002395
1961.73,0.002372
1962.21,0.001898
1962.70,0.001132
1963.18,0.000309
1963.66,-0.000334
1964.14,-0.000640
1964.62,-0.000564
1965.11,-0.000150
1965.59,0.000513
1966.07,0.001334
1966.55,0.002252
1967.04,0.003249
1967.52,0.004318
1968.00,0.005423
1968.48,0.006469
1968.96,0.007288
1969.45,0.007675
1969.93,0.007463
1970.41,0.006574
1970.89,0.005061
1971.38,0.003096
1971.86,0.000953
1972.34,-0.001053
1972.82,-0.002638
1973.30,-0.003585
1973.79,-0.003809
1974.27,-0.003372
1974.75,-0.002463
1975.23,-0.001327
1975.71,-0.000192
1976.20,0.000752
1976.68,0.001401
1977.16,0.001734
1977.64,0.001811
1978.12,0.001753
1978.61,0.001707
1979.09,0.001811
1979.57,0.002142
1980.05,0.002701
1980.54,0.003404
1981.02,0.004113
1981.50,0.004671
1981.98,0.004958
1982.46,0.004944
1982.95,0.004694
1983.43,0.004350
1983.91,0.004065
1984.39,0.003962
1984.87,0.004072
1985.36,0.004319
1985.84,0.004547
1986.32,0.004589
1986.80,0.004339
1987.29,0.003792
1987.77,0.003059
1988.25,0.002329
1988.73,0.001818
1989.21,0.001670
1989.70,0.001920
1990.18,0.002480
1990.66,0.003184
1991.14,0.003827
1991.62,0.004215
1992.11,0.004213
1992.59,0.003740
1993.07,0.002789
1993.55,0.001413
1994.04,-0.000290
1994.52,-0.002188
1995.00,-0.004118
1995.48,-0.005869
1995.96,-0.007195
1996.44,-0.007861
1996.93,-0.007683
1997.41,-0.006616
1997.89,-0.004776
1998.37,-0.002438
1998.86,0.000041
1999.34,0.002292
1999.82,0.003995
2000.30,0.004968
2000.78,0.005187
2001.27,0.004799
2001.75,0.004051
2002.23,0.003238
2002.71,0.002621
2003.19,0.002354
2003.68,0.002493
2004.16,0.002985
2004.64,0.003709
2005.12,0.004505
2005.61,0.005216
2006.09,0.005719
2006.57,0.005927
2007.05,0.005802
2007.53,0.005358
2008.02,0.004688
2008.50,0.003954
2008.98,0.003371
2009.46,0.003163
2009.94,0.003487
2010.43,0.004378
2010.91,0.005722
2011.39,0.007279
2011.87,0.008724
2012.36,0.009751
2012.84,0.010190
2013.32,0.010039
2013.80,0.009452
2014.28,0.008637
2014.77,0.007773
2015.25,0.006925
2015.73,0.006032
2016.21,0.004953
2016.69,0.003569
2017.18,0.001880
2017.66,0.000038
2018.14,-0.001700
2018.62,-0.003077
2019.11,-0.003937
2019.59,-0.004302
2020.07,-0.004352
2020.55,-0.004350
2021.03,-0.004496
2021.52,-0.004846
2022.00,-0.005297
2022.48,-0.005660
2022.96,-0.005759
2023.44,-0.005547
2023.93,-0.005142
2024.41,-0.004781
2024.89,-0.004691
2025.37,-0.004962
2025.85,-0.005493
2026.34,-0.006027
2026.82,-0.006289
2027.30,-0.006092
2027.78,-0.005459
2028.27,-0.004599
2028.75,-0.003818
2029.23,-0.003340
2029.71,-0.003200
2030.19,-0.003214
2030.67,-0.003070
2031.16,-0.002475
2031.64,-0.001305
2032.12,0.000311
2032.60,0.002038
2033.09,0.003459
2033.57,0.004272
2034.05,0.004364
2034.53,0.003858
2035.02,0.003036
2035.50,0.002261
2035.98,0.001834
2036.46,0.001911
2036.94,0.002495
2037.42,0.003456
2037.91,0.004601
2038.39,0.005691
2038.87,0.006493
2039.35,0.006822
2039.84,0.006559
2040.32,0.005696
2040.80,0.004357
2041.28,0.002796
2041.76,0.001336
2042.25,0.000301
2042.73,-0.000066
2043.21,0.000291
2043.69,0.001242
2044.17,0.002501
2044.66,0.003752
2045.14,0.004727
2045.62,0.005293
2046.10,0.005463
2046.59,0.005371
2047.07,0.005188
2047.55,0.005037
2048.03,0.004953
2048.51,0.004870
2049.00,0.004671
2049.48,0.004246
2049.96,0.003563
2050.44,0.002691
2050.92,0.001796
2051.41,0.001075
2051.89,0.000699
2052.37,0.000767
2052.85,0.001273
2053.34,0.002108
2053.82,0.003061
2054.30,0.003885
2054.78,0.004328
2055.26,0.004204
2055.75,0.003462
2056.23,0.002183
2056.71,0.000577
2057.19,-0.001091
2057.67,-0.002545
2058.16,-0.003570
2058.64,-0.004061
2059.12,-0.004022
2059.60,-0.003555
2060.08,-0.002806
2060.57,-0.001945
2061.05,-0.001113
2061.53,-0.000407
2062.01,0.000122
2062.49,0.000473
2062.98,0.000692
2063.46,0.000864
2063.94,0.001088
2064.42,0.001455
2064.91,0.002013
2065.39,0.002739
2065.87,0.003526
2066.35,0.004194
2066.83,0.004560
2067.32,0.004478
2067.80,0.003899
2068.28,0.002889
2068.76,0.001618
2069.24,0.000314
2069.73,-0.000810
2070.21,-0.001590
2070.69,-0.001966
2071.17,-0.001985
2071.66,-0.001771
2072.14,-0.001480
2072.62,-0.001253
2073.10,-0.001193
2073.58,-0.001341
2074.07,-0.001679
2074.55,-0.002139
2075.03,-0.002628
2075.51,-0.003052
2075.99,-0.003333
2076.48,-0.003443
2076.96,-0.003408
2077.44,-0.003309
2077.92,-0.003246
2078.41,-0.003307
2078.89,-0.003525
2079.37,-0.003852
2079.85,-0.004165
2080.33,-0.004307
2080.82,-0.004153
2081.30,-0.003652
2081.78,-0.002864
2082.26,-0.001935
2082.74,-0.001065
2083.23,-0.000420
2083.71,-0.000089
2084.19,-0.000062
2084.67,-0.000247
2085.16,-0.000505
2085.64,-0.000698
2086.12,-0.000735
2086.60,-0.000580
2087.08,-0.000248
2087.57,0.000220
2088.05,0.000764
2088.53,0.001316
2089.01,0.001800
2089.49,0.002124
2089.98,0.002198
2090.46,0.001957
2090.94,0.001391
2091.42,0.000566
2091.90,-0.000389
2092.39,-0.001289
2092.87,-0.001959
2093.35,-0.002288
2093.83,-0.002247
2094.32,-0.001908
2094.80,-0.001409
2095.28,-0.000921
2095.76,-0.000585
2096.24,-0.000490
2096.72,-0.000663
2097.21,-0.001076
2097.69,-0.001672
2098.17,-0.002373
2098.65,-0.003093
2099.14,-0.003732
2099.62,-0.004178
2100.10,-0.004329
2100.58,-0.004116
2101.06,-0.003536
2101.55,-0.002662
2102.03,-0.001643
2102.51,-0.000657
2102.99,0.000147
2103.47,0.000668
2103.96,0.000894
2104.44,0.000882
2104.92,0.000730
2105.40,0.000529
2105.89,0.000330
2106.37,0.000136
2106.85,-0.000085
2107.33,-0.000370
2107.81,-0.000737
2108.30,-0.001166
2108.78,-0.001608
2109.26,-0.002003
2109.74,-0.002310
2110.22,-0.002509
2110.71,-0.002606
2111.19,-0.002610
2111.67,-0.002521
2112.15,-0.002318
2112.64,-0.001971
2113.12,-0.001449
2113.60,-0.000749
2114.08,0.000093
2114.56,0.001001
2115.05,0.001873
2115.53,0.002608
2116.01,0.003120
2116.49,0.003364
2116.97,0.003330
2117.46,0.003037
2117.94,0.002511
2118.42,0.001775
2118.90,0.000850
2119.39,-0.000239
2119.87,-0.001450
2120.35,-0.002707
2120.83,-0.003916
2121.31,-0.004961
2121.80,-0.005735
2122.28,-0.006167
2122.76,-0.006226
2123.24,-0.005941
2123.72,-0.005389
2124.21,-0.004693
2124.69,-0.003992
2125.17,-0.003415
2125.65,-0.003066
2126.14,-0.002997
2126.62,-0.003198
2127.10,-0.003597
2127.58,-0.004075
2128.06,-0.004487
2128.55,-0.004689
2129.03,-0.004577
2129.51,-0.004107
2129.99,-0.003307
2130.47,-0.002269
2130.96,-0.001140
2131.44,-0.000088
2131.92,0.000744
2132.40,0.001253
2132.88,0.001400
2133.37,0.001206
2133.85,0.000744
2134.33,0.000123
2134.81,-0.000542
2135.30,-0.001128
2135.78,-0.001527
2136.26,-0.001662
2136.74,-0.001486
2137.22,-0.000992
2137.70,-0.000218
2138.19,0.000750
2138.67,0.001800
2139.15,0.002800
2139.63,0.003620
2140.12,0.004172
2140.60,0.004401
2141.08,0.004296
2141.56,0.003873
2142.04,0.003164
2142.53,0.002211
2143.01,0.001059
2143.49,-0.000235
2143.97,-0.001595
2144.45,-0.002937
2144.94,-0.004171
2145.42,-0.005223
2145.90,-0.006050
2146.38,-0.006657
2146.86,-0.007082
2147.35,-0.007387
2147.83,-0.007623
2148.31,-0.007807
2148.79,-0.007912
2149.28,-0.007879
2149.76,-0.007655
2150.24,-0.007227
2150.72,-0.006655
2151.20,-0.006069
2151.69,-0.005649
2152.17,-0.005583
2152.65,-0.005998
2153.13,-0.006931
2153.61,-0.008283
2154.10,-0.009840
2154.58,-0.011269
2155.06,-0.012203
2155.54,-0.012321
2156.03,-0.011393
2156.51,-0.009344
2156.99,-0.006274
2157.47,-0.002484
2157.95,0.001584
2158.44,0.005422
2158.92,0.008563
2159.40,0.010735
2159.88,0.011896
2160.36,0.012203
2160.85,0.011898
2161.33,0.011224
2161.81,0.010370
2162.29,0.009452
2162.78,0.008552
2163.26,0.007743
2163.74,0.007086
2164.22,0.006622
2164.70,0.006332
2165.19,0.006129
2165.67,0.005858
2166.15,0.005359
2166.63,0.004547
2167.11,0.003463
2167.60,0.002295
2168.08,0.001322
2168.56,0.000860
2169.04,0.001125
2169.53,0.002164
2170.01,0.003818
2170.49,0.005767
2170.97,0.007615
2171.45,0.008978
2171.94,0.009606
2172.42,0.009392
2172.90,0.008381
2173.38,0.006725
2173.86,0.004646
2174.35,0.002392
2174.83,0.000179
2175.31,-0.001794
2175.79,-0.003366
2176.28,-0.004427
2176.76,-0.004924
2177.24,-0.004880
2177.72,-0.004399
2178.20,-0.003648
2178.68,-0.002806
2179.17,-0.002021
2179.65,-0.001375
2180.13,-0.000870
2180.61,-0.000450
2181.10,-0.000027
2181.58,0.000462
2182.06,0.001029
2182.54,0.001622
2183.02,0.002137
2183.51,0.002436
2183.99,0.002378
2184.47,0.001855
2184.95,0.000807
2185.43,-0.000746
2185.92,-0.002692
2186.40,-0.004826
2186.88,-0.006870
2187.36,-0.008539
2187.84,-0.009573
2188.33,-0.009827
2188.81,-0.009312
2189.29,-0.008195
2189.77,-0.006755
2190.26,-0.005293
2190.74,-0.004079
2191.22,-0.003264
2191.70,-0.002869
2192.18,-0.002815
2192.67,-0.002975
2193.15,-0.003232
2193.63,-0.003528
2194.11,-0.003876
2194.59,-0.004332
2195.08,-0.004960
2195.56,-0.005787
2196.04,-0.006782
2196.52,-0.007850
2197.01,-0.008857
2197.49,-0.009641
2197.97,-0.010056
2198.45,-0.009988
2198.93,-0.009367
2199.42,-0.008184
2199.90,-0.006505
2200.38,-0.004476
2200.86,-0.002311
2201.34,-0.000249
2201.83,0.001484
2202.31,0.002746
2202.79,0.003511
2203.27,0.003870
2203.76,0.003994
2204.24,0.004078
2204.72,0.004276
2205.20,0.004639
2205.68,0.005115
2206.17,0.005564
2206.65,0.005821
2207.13,0.005727
2207.61,0.005181
2208.09,0.004162
2208.58,0.002722
2209.06,0.000974
2209.54,-0.000939
2210.02,-0.002837
2210.51,-0.004538
2210.99,-0.005864
2211.47,-0.006660
2211.95,-0.006837
2212.43,-0.006406
2212.92,-0.005495
2213.40,-0.004317
2213.88,-0.003132
2214.36,-0.002188
2214.84,-0.001639
2215.33,-0.001522
2215.81,-0.001752
2216.29,-0.002173
2216.77,-0.002602
2217.26,-0.002900
2217.74,-0.003009
2218.22,-0.002937
2218.70,-0.002734
2219.18,-0.002442
2219.66,-0.002064
2220.15,-0.001561
2220.63,-0.000875
2221.11,0.000033
2221.59,0.001142
2222.08,0.002356
2222.56,0.003515
2223.04,0.004446
2223.52,0.005009
2224.00,0.005139
2224.49,0.004869
2224.97,0.004306
2225.45,0.003600
2225.93,0.002889
2226.41,0.002276
2226.90,0.001810
2227.38,0.001493
2227.86,0.001305
2228.34,0.001215
2228.82,0.001195
2229.31,0.001210
2229.79,0.001216
2230.27,0.001152
2230.75,0.000940
2231.24,0.000511
2231.72,-0.000169
2232.20,-0.001086
2232.68,-0.002164
2233.16,-0.003288
2233.65,-0.004310
2234.13,-0.005101
2234.61,-0.005567
2235.09,-0.005670
2235.57,-0.005436
2236.06,-0.004939
2236.54,-0.004295
2237.02,-0.003618
2237.50,-0.003021
2237.99,-0.002587
2238.47,-0.002356
2238.95,-0.002322
2239.43,-0.002435
2239.91,-0.002622
2240.40,-0.002801
2240.88,-0.002909
2241.36,-0.002922
2241.84,-0.002859
2242.32,-0.002766
2242.81,-0.002701
2243.29,-0.002709
2243.77,-0.002808
2244.25,-0.002992
2244.74,-0.003239
2245.22,-0.003535
2245.70,-0.003877
2246.18,-0.004272
2246.66,-0.004721
2247.15,-0.005199
2247.63,-0.005644
2248.11,-0.005969
2248.59,-0.006081
2249.07,-0.005911
2249.56,-0.005448
2250.04,-0.004739
2250.52,-0.003882
2251.00,-0.002977
2251.49,-0.002106
2251.97,-0.001304
2252.45,-0.000565
2252.93,0.000132
2253.41,0.000787
2253.90,0.001365
2254.38,0.001791
2254.86,0.001984
2255.34,0.001891
2255.82,0.001519
2256.31,0.000935
2256.79,0.000246
2257.27,-0.000430
2257.75,-0.001015
2258.24,-0.001476
2258.72,-0.001828
2259.20,-0.002106
2259.68,-0.002337
2260.16,-0.002525
2260.64,-0.002649
2261.13,-0.002681
2261.61,-0.002607
2262.09,-0.002441
2262.57,-0.002224
2263.06,-0.002004
2263.54,-0.001813
2264.02,-0.001654
2264.50,-0.001500
2264.98,-0.001314
2265.47,-0.001072
2265.95,-0.000778
2266.43,-0.000468
2266.91,-0.000201
2267.39,-0.000027
2267.88,0.000023
2268.36,-0.000048
2268.84,-0.000218
2269.32,-0.000454
2269.80,-0.000731
2270.29,-0.001038
2270.77,-0.001365
2271.25,-0.001701
2271.73,-0.002018
2272.22,-0.002278
2272.70,-0.002440
2273.18,-0.002488
2273.66,-0.002439
2274.14,-0.002344
2274.63,-0.002271
2275.11,-0.002284
2275.59,-0.002409
2276.07,-0.002631
2276.55,-0.002895
2277.04,-0.003132
2277.52,-0.003285
2278.00,-0.003322
2278.48,-0.003247
2278.97,-0.003081
2279.45,-0.002847
2279.93,-0.002549
2280.41,-0.002170
2280.89,-0.001689
2281.38,-0.001097
2281.86,-0.000420
2282.34,0.000271
2282.82,0.000880
2283.30,0.001300
2283.79,0.001449
2284.27,0.001296
2284.75,0.000871
2285.23,0.000258
2285.72,-0.000432
2286.20,-0.001083
2286.68,-0.001609
2287.16,-0.001967
2287.64,-0.002153
2288.13,-0.002197
2288.61,-0.002137
2289.09,-0.002012
2289.57,-0.001843
2290.05,-0.001634
2290.54,-0.001379
2291.02,-0.001076
2291.50,-0.000731
2291.98,-0.000373
2292.47,-0.000043
2292.95,0.000207
2293.43,0.000336
2293.91,0.000322
2294.39,0.000177
2294.88,-0.000057
2295.36,-0.000316
2295.84,-0.000528
2296.32,-0.000630
2296.80,-0.000588
2297.29,-0.000402
2297.77,-0.000109
2298.25,0.000231
2298.73,0.000543
2299.21,0.000765
2299.70,0.000852
2300.18,0.000793
2300.66,0.000607
2301.14,0.000338
2301.62,0.000042
2302.11,-0.000228
2302.59,-0.000434
2303.07,-0.000560
2303.55,-0.000609
2304.04,-0.000600
2304.52,-0.000557
2305.00,-0.000501
2305.48,-0.000445
2305.96,-0.000395
2306.45,-0.000352
2306.93,-0.000318
2307.41,-0.000300
2307.89,-0.000304
2308.38,-0.000332
2308.86,-0.000375
2309.34,-0.000414
2309.82,-0.000417
2310.30,-0.000354
2310.78,-0.000206
2311.27,0.000026
2311.75,0.000319
2312.23,0.000631
2312.71,0.000910
2313.20,0.001113
2313.68,0.001205
2314.16,0.001172
2314.64,0.001011
2315.12,0.000735
2315.61,0.000367
2316.09,-0.000056
2316.57,-0.000478
2317.05,-0.000831
2317.53,-0.001044
2318.02,-0.001053
2318.50,-0.000835
2318.98,-0.000414
2319.46,0.000126
2319.95,0.000668
2320.43,0.001087
2320.91,0.001293
2321.39,0.001262
2321.87,0.001036
2322.36,0.000714
2322.84,0.000396
2323.32,0.000156
2323.80,0.000008
2324.28,-0.000087
2324.77,-0.000199
2325.25,-0.000387
2325.73,-0.000669
2326.21,-0.001014
2326.70,-0.001348
2327.18,-0.001588
2327.66,-0.001665
2328.14,-0.001552
2328.62,-0.001272
2329.11,-0.000882
2329.59,-0.000456
2330.07,-0.000053
2330.55,0.000291
2331.03,0.000567
2331.52,0.000782
2332.00,0.000945
2332.48,0.001052
2332.96,0.001097
2333.45,0.001079
2333.93,0.001018
2334.41,0.000965
2334.89,0.000987
2335.37,0.001146
2335.86,0.001474
2336.34,0.001950
2336.82,0.002498
2337.30,0.002997
2337.78,0.003326
2338.27,0.003397
2338.75,0.003189
2339.23,0.002754
2339.71,0.002201
2340.19,0.001668
2340.68,0.001268
2341.16,0.001063
2341.64,0.001045
2342.12,0.001148
2342.61,0.001273
2343.09,0.001315
2343.57,0.001204
2344.05,0.000915
2344.53,0.000472
2345.02,-0.000066
2345.50,-0.000614
2345.98,-0.001089
2346.46,-0.001433
2346.94,-0.001615
2347.43,-0.001647
2347.91,-0.001566
2348.39,-0.001430
2348.87,-0.001298
2349.35,-0.001221
2349.84,-0.001237
2350.32,-0.001360
2350.80,-0.001580
2351.28,-0.001854
2351.76,-0.002115
2352.25,-0.002283
2352.73,-0.002286
2353.21,-0.002090
2353.69,-0.001716
2354.18,-0.001239
2354.66,-0.000759
2355.14,-0.000374
2355.62,-0.000147
2356.10,-0.000087
2356.59,-0.000153
2357.07,-0.000277
2357.55,-0.000390
2358.03,-0.000446
2358.51,-0.000433
2359.00,-0.000368
2359.48,-0.000285
2359.96,-0.000219
2360.44,-0.000190
2360.93,-0.000205
2361.41,-0.000253
2361.89,-0.000306
2362.37,-0.000320
2362.85,-0.000246
2363.34,-0.000035
2363.82,0.000347
2364.30,0.000896
2364.78,0.001565
2365.26,0.002261
2365.75,0.002876
2366.23,0.003306
2366.71,0.003487
2367.19,0.003412
2367.68,0.003124
2368.16,0.002703
2368.64,0.002226
2369.12,0.001753
2369.60,0.001310
2370.09,0.000896
2370.57,0.000498
2371.05,0.000115
2371.53,-0.000241
2372.01,-0.000541
2372.50,-0.000759
2372.98,-0.000883
2373.46,-0.000918
2373.94,-0.000883
2374.43,-0.000801
2374.91,-0.000688
2375.39,-0.000544
2375.87,-0.000365
2376.35,-0.000154
2376.84,0.000070
2377.32,0.000263
2377.80,0.000370
2378.28,0.000344
2378.76,0.000160
2379.25,-0.000164
2379.73,-0.000578
2380.21,-0.001000
2380.69,-0.001350
2381.17,-0.001565
2381.66,-0.001611
2382.14,-0.001486
2382.62,-0.001216
2383.10,-0.000838
2383.59,-0.000395
2384.07,0.000075
2384.55,0.000531
2385.03,0.000935
2385.51,0.001249
2385.99,0.001439
2386.48,0.001486
2386.96,0.001389
2387.44,0.001175
2387.92,0.000890
2388.41,0.000591
2388.89,0.000331
2389.37,0.000142
2389.85,0.000030
2390.33,-0.000023
2390.82,-0.000052
2391.30,-0.000090
2391.78,-0.000162
2392.26,-0.000273
2392.74,-0.000412
2393.23,-0.000559
2393.71,-0.000691
2394.19,-0.000792
2394.67,-0.000858
2395.16,-0.000892
2395.64,-0.000907
2396.12,-0.000916
2396.60,-0.000930
2397.08,-0.000953
2397.57,-0.000982
2398.05,-0.001011
2398.53,-0.001030
2399.01,-0.001031
2399.49,-0.001017
2399.98,-0.000998
2400.46,-0.000994
2400.94,-0.001028
2401.42,-0.001118
2401.91,-0.001266
2402.39,-0.001455
2402.87,-0.001648
2403.35,-0.001799
2403.83,-0.001865
2404.32,-0.001826
2404.80,-0.001692
2405.28,-0.001511
2405.76,-0.001348
2406.24,-0.001272
2406.73,-0.001335
2407.21,-0.001547
2407.69,-0.001873
2408.17,-0.002238
2408.66,-0.002554
2409.14,-0.002735
2409.62,-0.002727
2410.10,-0.002519
2410.58,-0.002148
2411.07,-0.001681
2411.55,-0.001190
2412.03,-0.000745
2412.51,-0.000388
2412.99,-0.000128
2413.48,0.000043
2413.96,0.000149
2414.44,0.000205
2414.92,0.000217
2415.41,0.000177
2415.89,0.000072
2416.37,-0.000110
2416.85,-0.000364
2417.33,-0.000669
2417.82,-0.000986
2418.30,-0.001270
2418.78,-0.001479
2419.26,-0.001574
2419.74,-0.001537
2420.23,-0.001361
2420.71,-0.001057
2421.19,-0.000652
2421.67,-0.000190
2422.15,0.000272
2422.64,0.000672
2423.12,0.000945
2423.60,0.001045
2424.08,0.000953
2424.57,0.000684
2425.05,0.000282
2425.53,-0.000193
2426.01,-0.000676
2426.49,-0.001123
2426.97,-0.001511
2427.46,-0.001838
2427.94,-0.002113
2428.42,-0.002337
2428.90,-0.002500
2429.39,-0.002576
2429.87,-0.002538
2430.35,-0.002367
2430.83,-0.002067
2431.31,-0.001666
2431.80,-0.001211
2432.28,-0.000751
2432.76,-0.000328
2433.24,0.000032
2433.72,0.000313
2434.21,0.000506
2434.69,0.000599
2435.17,0.000577
2435.65,0.000434
2436.14,0.000182
2436.62,-0.000142
2437.10,-0.000469
2437.58,-0.000723
2438.06,-0.000842
2438.55,-0.000795
2439.03,-0.000602
2439.51,-0.000327
2439.99,-0.000063
2440.47,0.000110
2440.96,0.000143
2441.44,0.000036
2441.92,-0.000170
2442.40,-0.000404
2442.89,-0.000596
2443.37,-0.000701
2443.85,-0.000705
2444.33,-0.000626
2444.81,-0.000502
2445.30,-0.000377
2445.78,-0.000285
2446.26,-0.000247
2446.74,-0.000263
2447.22,-0.000323
2447.71,-0.000402
2448.19,-0.000471
2448.67,-0.000501
2449.15,-0.000466
2449.64,-0.000354
2450.12,-0.000167
2450.60,0.000076
2451.08,0.000340
2451.56,0.000592
2452.05,0.000802
2452.53,0.000956
2453.01,0.001051
2453.49,0.001097
2453.97,0.001104
2454.46,0.001076
2454.94,0.001012
2455.42,0.000903
2455.90,0.000747
2456.39,0.000545
2456.87,0.000312
2457.35,0.000071
2457.83,-0.000153
2458.31,-0.000340
2458.80,-0.000475
2459.28,-0.000549
2459.76,-0.000557
2460.24,-0.000495
2460.72,-0.000360
2461.21,-0.000157
2461.69,0.000093
2462.17,0.000355
2462.65,0.000589
2463.13,0.000752
2463.62,0.000821
2464.10,0.000797
2464.58,0.000709
2465.06,0.000602
2465.55,0.000517
2466.03,0.000478
2466.51,0.000485
2466.99,0.000513
2467.47,0.000527
2467.95,0.000501
2468.44,0.000429
2468.92,0.000330
2469.40,0.000231
2469.88,0.000160
2470.37,0.000124
2470.85,0.000111
2471.33,0.000088
2471.81,0.000023
2472.29,-0.000107
2472.78,-0.000302
2473.26,-0.000537
2473.74,-0.000778
2474.22,-0.000993
2474.70,-0.001160
2475.19,-0.001276
2475.67,-0.001350
2476.15,-0.001394
2476.63,-0.001413
2477.11,-0.001401
2477.60,-0.001343
2478.08,-0.001226
2478.56,-0.001044
2479.04,-0.000807
2479.53,-0.000539
2480.01,-0.000275
2480.49,-0.000048
2480.97,0.000115
2481.45,0.000202
2481.94,0.000216
2482.42,0.000172
2482.90,0.000092
2483.38,0.000003
2483.86,-0.000073
2484.35,-0.000115
2484.83,-0.000112
2485.31,-0.000064
2485.79,0.000023
2486.28,0.000136
2486.76,0.000256
2487.24,0.000369
2487.72,0.000461
2488.20,0.000527
2488.69,0.000565
2489.17,0.000576
2489.65,0.000562
2490.13,0.000526
2490.61,0.000468
2491.10,0.000393
2491.58,0.000310
2492.06,0.000229
2492.54,0.000162
2493.03,0.000119
2493.51,0.000099
2493.99,0.000093
2494.47,0.000084
2494.95,0.000051
2495.44,-0.000025
2495.92,-0.000152
2496.40,-0.000324
2496.88,-0.000517
2497.36,-0.000699
2497.85,-0.000823
2498.33,-0.000850
2498.81,-0.000750
2499.29,-0.000516
2499.78,-0.000166
2500.26,0.000256
2500.74,0.000684
2501.22,0.001054
2501.70,0.001314
2502.19,0.001443
2502.67,0.001461
2503.15,0.001420
2503.63,0.001391
2504.11,0.001435
2504.60,0.001578
2505.08,0.001800
2505.56,0.002043
2506.04,0.002217
2506.53,0.002243
2507.01,0.002078
2507.49,0.001731
2507.97,0.001266
2508.45,0.000775
2508.93,0.000356
2509.42,0.000081
2509.90,-0.000025
2510.38,0.000024
2510.86,0.000184
2511.35,0.000411
2511.83,0.000671
2512.31,0.000948
2512.79,0.001245
2513.27,0.001557
2513.76,0.001869
2514.24,0.002142
2514.72,0.002325
2515.20,0.002371
2515.68,0.002259
2516.17,0.002007
2516.65,0.001667
2517.13,0.001319
2517.61,0.001043
2518.09,0.000893
2518.58,0.000885
2519.06,0.000994
2519.54,0.001160
2520.02,0.001310
2520.51,0.001379
2520.99,0.001328
2521.47,0.001149
2521.95,0.000867
2522.43,0.000533
2522.92,0.000214
2523.40,-0.000027
2523.88,-0.000139
2524.36,-0.000096
2524.84,0.000100
2525.33,0.000413
2525.81,0.000783
2526.29,0.001146
2526.77,0.001439
2527.26,0.001622
2527.74,0.001685
2528.22,0.001646
2528.70,0.001542
2529.18,0.001412
2529.67,0.001291
2530.15,0.001191
2530.63,0.001112
2531.11,0.001040
2531.59,0.000958
2532.08,0.000857
2532.56,0.000736
2533.04,0.000606
2533.52,0.000482
2534.01,0.000381
2534.49,0.000325
2534.97,0.000330
2535.45,0.000414
2535.93,0.000586
2536.42,0.000842
2536.90,0.001158
2537.38,0.001488
2537.86,0.001773
2538.34,0.001946
2538.83,0.001964
2539.31,0.001811
2539.79,0.001511
2540.27,0.001121
2540.76,0.000717
2541.24,0.000365
2541.72,0.000105
2542.20,-0.000059
2542.68,-0.000154
2543.17,-0.000223
2543.65,-0.000305
2544.13,-0.000413
2544.61,-0.000531
2545.09,-0.000621
2545.58,-0.000633
2546.06,-0.000525
2546.54,-0.000275
2547.02,0.000112
2547.50,0.000609
2547.99,0.001170
2548.47,0.001745
2548.95,0.002277
2549.43,0.002716
2549.91,0.003022
2550.40,0.003164
2550.88,0.003126
2551.36,0.002914
2551.84,0.002553
2552.33,0.002091
2552.81,0.001583
2553.29,0.001091
2553.77,0.000666
2554.25,0.000339
2554.74,0.000118
2555.22,-0.000014
2555.70,-0.000088
2556.18,-0.000145
2556.66,-0.000220
2557.15,-0.000335
2557.63,-0.000489
2558.11,-0.000665
2558.59,-0.000828
2559.07,-0.000936
2559.56,-0.000957
2560.04,-0.000873
2560.52,-0.000685
2561.00,-0.000416
2561.49,-0.000102
2561.97,0.000217
2562.45,0.000509
2562.93,0.000749
2563.41,0.000925
2563.90,0.001031
2564.38,0.001064
2564.86,0.001016
2565.34,0.000883
2565.82,0.000664
2566.31,0.000370
2566.79,0.000028
2567.27,-0.000322
2567.75,-0.000637
2568.24,-0.000876
2568.72,-0.001011
2569.20,-0.001033
2569.68,-0.000946
2570.16,-0.000768
2570.65,-0.000516
2571.13,-0.000211
2571.61,0.000128
2572.09,0.000483
2572.57,0.000831
2573.06,0.001146
2573.54,0.001409
2574.02,0.001607
2574.50,0.001738
2574.99,0.001814
2575.47,0.001851
2575.95,0.001862
2576.43,0.001851
2576.91,0.001812
2577.40,0.001733
2577.88,0.001609
2578.36,0.001442
2578.84,0.001249
2579.32,0.001053
2579.81,0.000880
2580.29,0.000740
2580.77,0.000628
2581.25,0.000526
2581.74,0.000413
2582.22,0.000276
2582.70,0.000122
2583.18,-0.000027
2583.66,-0.000138
2584.14,-0.000182
2584.63,-0.000147
2585.11,-0.000044
2585.59,0.000098
2586.07,0.000242
2586.56,0.000354
2587.04,0.000419
2587.52,0.000439
2588.00,0.000433
2588.48,0.000422
2588.97,0.000423
2589.45,0.000444
2589.93,0.000474
2590.41,0.000495
2590.89,0.000483
2591.38,0.000421
2591.86,0.000305
2592.34,0.000144
2592.82,-0.000033
2593.31,-0.000186
2593.79,-0.000268
2594.27,-0.000239
2594.75,-0.000073
2595.23,0.000229
2595.72,0.000639
2596.20,0.001106
2596.68,0.001563
2597.16,0.001949
2597.64,0.002214
2598.13,0.002336
2598.61,0.002317
2599.09,0.002182
2599.57,0.001967
2600.05,0.001711
2600.54,0.001448
2601.02,0.001203
2601.50,0.000991
2601.98,0.000822
2602.47,0.000701
2602.95,0.000628
2603.43,0.000597
2603.91,0.000603
2604.39,0.000636
2604.88,0.000691
2605.36,0.000767
2605.84,0.000865
2606.32,0.000993
2606.80,0.001151
2607.29,0.001336
2607.77,0.001537
2608.25,0.001737
2608.73,0.001915
2609.22,0.002059
2609.70,0.002159
2610.18,0.002212
2610.66,0.002217
2611.14,0.002173
2611.63,0.002076
2612.11,0.001922
2612.59,0.001717
2613.07,0.001476
2613.55,0.001227
2614.04,0.001011
2614.52,0.000868
2615.00,0.000823
2615.48,0.000887
2615.97,0.001042
2616.45,0.001254
2616.93,0.001472
2617.41,0.001649
2617.89,0.001748
2618.38,0.001750
2618.86,0.001659
2619.34,0.001494
2619.82,0.001293
2620.30,0.001098
2620.79,0.000950
2621.27,0.000884
2621.75,0.000915
2622.23,0.001039
2622.72,0.001237
2623.20,0.001475
2623.68,0.001719
2624.16,0.001940
2624.64,0.002124
2625.12,0.002270
2625.61,0.002382
2626.09,0.002465
2626.57,0.002515
2627.05,0.002523
2627.54,0.002477
2628.02,0.002375
2628.50,0.002234
2628.98,0.002090
2629.46,0.001992
2629.95,0.001982
2630.43,0.002084
2630.91,0.002290
2631.39,0.002564
2631.88,0.002853
2632.36,0.003100
2632.84,0.003271
2633.32,0.003358
2633.80,0.003374
2634.28,0.003347
2634.77,0.003303
2635.25,0.003256
2635.73,0.003205
2636.21,0.003139
2636.70,0.003051
2637.18,0.002945
2637.66,0.002839
2638.14,0.002760
2638.62,0.002731
2639.11,0.002765
2639.59,0.002856
2640.07,0.002982
2640.55,0.003115
2641.03,0.003231
2641.52,0.003318
2642.00,0.003375
2642.48,0.003414
2642.96,0.003451
2643.45,0.003493
2643.93,0.003541
2644.41,0.003586
2644.89,0.003614
2645.37,0.003609
2645.86,0.003561
2646.34,0.003463
2646.82,0.003318
2647.30,0.003133
2647.78,0.002921
2648.27,0.002697
2648.75,0.002481
2649.23,0.002293
2649.71,0.002148
2650.20,0.002056
2650.68,0.002016
2651.16,0.002019
2651.64,0.002051
2652.12,0.002097
2652.61,0.002145
2653.09,0.002194
2653.57,0.002245
2654.05,0.002306
2654.53,0.002380
2655.02,0.002463
2655.50,0.002545
2655.98,0.002611
2656.46,0.002651
2656.95,0.002666
2657.43,0.002667
2657.91,0.002677
2658.39,0.002722
2658.87,0.002818
2659.36,0.002967
2659.84,0.003147
2660.32,0.003324
2660.80,0.003455
2661.28,0.003508
2661.77,0.003467
2662.25,0.003345
2662.73,0.003173
2663.21,0.002995
2663.70,0.002851
2664.18,0.002766
2664.66,0.002740
2665.14,0.002758
2665.62,0.002789
2666.11,0.002805
2666.59,0.002785
2667.07,0.002727
2667.55,0.002637
2668.03,0.002534
2668.52,0.002434
2669.00,0.002350
2669.48,0.002290
2669.96,0.002260
2670.44,0.002267
2670.93,0.002320
2671.41,0.002428
2671.89,0.002594
2672.37,0.002812
2672.86,0.003063
2673.34,0.003315
2673.82,0.003531
2674.30,0.003682
2674.78,0.003747
2675.26,0.003726
2675.75,0.003632
2676.23,0.003492
2676.71,0.003334
2677.19,0.003185
2677.68,0.003064
2678.16,0.002983
2678.64,0.002944
2679.12,0.002941
2679.60,0.002962
2680.09,0.002993
2680.57,0.003018
2681.05,0.003021
2681.53,0.002997
2682.01,0.002952
2682.50,0.002904
2682.98,0.002874
2683.46,0.002888
2683.94,0.002958
2684.43,0.003082
2684.91,0.003242
2685.39,0.003406
2685.87,0.003544
2686.35,0.003629
2686.84,0.003652
2687.32,0.003619
2687.80,0.003545
2688.28,0.003452
2688.76,0.003356
2689.25,0.003269
2689.73,0.003195
2690.21,0.003133
2690.69,0.003079
2691.18,0.003031
2691.66,0.002987
2692.14,0.002947
2692.62,0.002909
2693.10,0.002871
2693.59,0.002833
2694.07,0.002796
2694.55,0.002763
2695.03,0.002735
2695.51,0.002711
2696.00,0.002690
2696.48,0.002667
2696.96,0.002641
2697.44,0.002616
2697.93,0.002602
2698.41,0.002615
2698.89,0.002669
2699.37,0.002764
2699.85,0.002891
2700.34,0.003024
2700.82,0.003131
2701.30,0.003184
2701.78,0.003168
2702.26,0.003089
2702.75,0.002969
2703.23,0.002839
2703.71,0.002727
2704.19,0.002651
2704.68,0.002616
2705.16,0.002617
2705.64,0.002646
2706.12,0.002703
2706.60,0.002791
2707.09,0.002922
2707.57,0.003101
2708.05,0.003328
2708.53,0.003588
2709.01,0.003859
2709.50,0.004116
2709.98,0.004336
2710.46,0.004512
2710.94,0.004641
2711.42,0.004731
2711.91,0.004789
2712.39,0.004823
2712.87,0.004836
2713.35,0.004830
2713.84,0.004809
2714.32,0.004778
2714.80,0.004741
2715.28,0.004697
2715.76,0.004641
2716.24,0.004561
2716.73,0.004445
2717.21,0.004289
2717.69,0.004101
2718.17,0.003904
2718.66,0.003727
2719.14,0.003598
2719.62,0.003537
2720.10,0.003544
2720.58,0.003605
2721.07,0.003693
2721.55,0.003783
2722.03,0.003857
2722.51,0.003907
2722.99,0.003936
2723.48,0.003955
2723.96,0.003970
2724.44,0.003989
2724.92,0.004015
2725.41,0.004051
2725.89,0.004099
2726.37,0.004165
2726.85,0.004248
2727.33,0.004344
2727.82,0.004439
2728.30,0.004517
2728.78,0.004564
2729.26,0.004575
2729.74,0.004560
2730.23,0.004544
2730.71,0.004558
2731.19,0.004625
2731.67,0.004753
2732.16,0.004929
2732.64,0.005118
2733.12,0.005279
2733.60,0.005372
2734.08,0.005377
2734.57,0.005296
2735.05,0.005155
2735.53,0.004988
2736.01,0.004834
2736.49,0.004719
2736.98,0.004654
2737.46,0.004634
2737.94,0.004644
2738.42,0.004666
2738.91,0.004684
2739.39,0.004690
2739.87,0.004683
2740.35,0.004670
2740.83,0.004656
2741.32,0.004649
2741.80,0.004650
2742.28,0.004660
2742.76,0.004676
2743.24,0.004690
2743.73,0.004697
2744.21,0.004689
2744.69,0.004659
2745.17,0.004601
2745.66,0.004515
2746.14,0.004403
2746.62,0.004279
2747.10,0.004161
2747.58,0.004074
2748.07,0.004042
2748.55,0.004085
2749.03,0.004204
2749.51,0.004387
2749.99,0.004598
2750.48,0.004795
2750.96,0.004935
2751.44,0.004987
2751.92,0.004945
2752.40,0.004828
2752.89,0.004678
2753.37,0.004543
2753.85,0.004468
2754.33,0.004480
2754.82,0.004583
2755.30,0.004756
2755.78,0.004969
2756.26,0.005189
2756.74,0.005389
2757.22,0.005555
2757.71,0.005685
2758.19,0.005781
2758.67,0.005846
2759.15,0.005883
2759.64,0.005887
2760.12,0.005855
2760.60,0.005785
2761.08,0.005683
2761.56,0.005560
2762.05,0.005430
2762.53,0.005307
2763.01,0.005203
2763.49,0.005122
2763.97,0.005065
2764.46,0.005031
2764.94,0.005017
2765.42,0.005025
2765.90,0.005059
2766.39,0.005125
2766.87,0.005228
2767.35,0.005370
2767.83,0.005549
2768.31,0.005753
2768.80,0.005964
2769.28,0.006159
2769.76,0.006313
2770.24,0.006407
2770.72,0.006435
2771.21,0.006402
2771.69,0.006332
2772.17,0.006261
2772.65,0.006221
2773.14,0.006242
2773.62,0.006334
2774.10,0.006489
2774.58,0.006680
2775.06,0.006867
2775.55,0.007017
2776.03,0.007101
2776.51,0.007109
2776.99,0.007049
2777.47,0.006939
2777.96,0.006805
2778.44,0.006672
2778.92,0.006561
2779.40,0.006484
2779.89,0.006451
2780.37,0.006462
2780.85,0.006518
2781.33,0.006610
2781.81,0.006726
2782.30,0.006847
2782.78,0.006951
2783.26,0.007015
2783.74,0.007024
2784.22,0.006971
2784.71,0.006867
2785.19,0.006730
2785.67,0.006594
2786.15,0.006491
2786.63,0.006445
2787.12,0.006471
2787.60,0.006568
2788.08,0.006721
2788.56,0.006905
2789.05,0.007094
2789.53,0.007265
2790.01,0.007402
2790.49,0.007500
2790.97,0.007565
2791.46,0.007607
2791.94,0.007642
2792.42,0.007683
2792.90,0.007745
2793.38,0.007837
2793.87,0.007967
2794.35,0.008136
2794.83,0.008342
2795.31,0.008579
2795.80,0.008834
2796.28,0.009095
2796.76,0.009351
2797.24,0.009591
2797.72,0.009810
2798.20,0.010004
2798.69,0.010170
2799.17,0.010303
2799.65,0.010397
2800.13,0.010447
2800.62,0.010447
2801.10,0.010402
2801.58,0.010326
2802.06,0.010238
2802.54,0.010165
2803.03,0.010128
2803.51,0.010136
2803.99,0.010190
2804.47,0.010276
2804.95,0.010378
2805.44,0.010479
2805.92,0.010571
2806.40,0.010654
2806.88,0.010736
2807.36,0.010825
2807.85,0.010926
2808.33,0.011044
2808.81,0.011178
2809.29,0.011331
2809.78,0.011509
2810.26,0.011722
2810.74,0.011978
2811.22,0.012278
2811.70,0.012610
2812.19,0.012947
2812.67,0.013257
2813.15,0.013512
2813.63,0.013694
2814.11,0.013806
2814.60,0.013868
2815.08,0.013908
2815.56,0.013951
2816.04,0.014014
2816.53,0.014094
2817.01,0.014181
2817.49,0.014260
2817.97,0.014324
2818.45,0.014380
2818.94,0.014447
2819.42,0.014549
2819.90,0.014707
2820.38,0.014933
2820.86,0.015227
2821.35,0.015581
2821.83,0.015982
2822.31,0.016424
2822.79,0.016903
2823.28,0.017417
2823.76,0.017960
2824.24,0.018521
2824.72,0.019075
2825.20,0.019598
2825.69,0.020064
2826.17,0.020464
2826.65,0.020801
2827.13,0.021096
2827.61,0.021381
2828.10,0.021689
2828.58,0.022044
2829.06,0.022460
2829.54,0.022938
2830.03,0.023465
2830.51,0.024024
2830.99,0.024597
2831.47,0.025165
2831.95,0.025717
2832.44,0.026246
2832.92,0.026749
2833.40,0.027234
2833.88,0.027713
2834.36,0.028207
2834.85,0.028742
2835.33,0.029347
2835.81,0.030051
2836.29,0.030876
2836.77,0.031838
2837.26,0.032945
2837.74,0.034196
2838.22,0.035582
2838.70,0.037096
2839.18,0.038731
2839.67,0.040491
2840.15,0.042391
2840.63,0.044459
2841.11,0.046736
2841.60,0.049270
2842.08,0.052106
2842.56,0.055280
2843.04,0.058813
2843.52,0.062707
2844.01,0.066946
2844.49,0.071507
2844.97,0.076355
2845.45,0.081449
2845.93,0.086739
2846.42,0.092159
2846.90,0.097611
2847.38,0.102974
2847.86,0.108096
2848.34,0.112804
2848.83,0.116937
2849.31,0.120353
2849.79,0.122951
2850.27,0.124690
2850.76,0.125575
2851.24,0.125651
2851.72,0.124989
2852.20,0.123677
2852.68,0.121810
2853.17,0.119487
2853.65,0.116818
2854.13,0.113908
2854.61,0.110850
2855.09,0.107720
2855.58,0.104561
2856.06,0.101390
2856.54,0.098208
2857.02,0.095010
2857.51,0.091810
2857.99,0.088640
2858.47,0.085555
2858.95,0.082615
2859.43,0.079874
2859.92,0.077353
2860.40,0.075043
2860.88,0.072902
2861.36,0.070871
2861.84,0.068896
2862.33,0.066941
2862.81,0.064999
2863.29,0.063095
2863.77,0.061268
2864.26,0.059559
2864.74,0.057997
2865.22,0.056593
2865.70,0.055336
2866.18,0.054206
2866.67,0.053184
2867.15,0.052265
2867.63,0.051456
2868.11,0.050784
2868.59,0.050278
2869.08,0.049965
2869.56,0.049856
2870.04,0.049941
2870.52,0.050186
2871.01,0.050539
2871.49,0.050935
2871.97,0.051307
2872.45,0.051600
2872.93,0.051766
2873.41,0.051780
2873.90,0.051636
2874.38,0.051345
2874.86,0.050931
2875.34,0.050425
2875.83,0.049861
2876.31,0.049268
2876.79,0.048669
2877.27,0.048084
2877.75,0.047527
2878.24,0.047014
2878.72,0.046562
2879.20,0.046189
2879.68,0.045916
2880.16,0.045754
2880.65,0.045705
2881.13,0.045759
2881.61,0.045892
2882.09,0.046074
2882.58,0.046277
2883.06,0.046478
2883.54,0.046669
2884.02,0.046853
2884.50,0.047041
2884.99,0.047249
2885.47,0.047494
2885.95,0.047788
2886.43,0.048137
2886.91,0.048550
2887.40,0.049029
2887.88,0.049582
2888.36,0.050213
2888.84,0.050926
2889.32,0.051720
2889.81,0.052587
2890.29,0.053518
2890.77,0.054494
2891.25,0.055498
2891.74,0.056513
2892.22,0.057524
2892.70,0.058520
2893.18,0.059495
2893.66,0.060449
2894.15,0.061389
2894.63,0.062326
2895.11,0.063277
2895.59,0.064256
2896.07,0.065275
2896.56,0.066337
2897.04,0.067434
2897.52,0.068555
2898.00,0.069683
2898.49,0.070810
2898.97,0.071935
2899.45,0.073068
2899.93,0.074226
2900.41,0.075425
2900.90,0.076677
2901.38,0.077985
2901.86,0.079341
2902.34,0.080736
2902.82,0.082165
2903.31,0.083636
2903.79,0.085167
2904.27,0.086785
2904.75,0.088522
2905.24,0.090398
2905.72,0.092422
2906.20,0.094591
2906.68,0.096891
2907.16,0.099313
2907.65,0.101853
2908.13,0.104523
2908.61,0.107343
2909.09,0.110340
2909.57,0.113541
2910.06,0.116963
2910.54,0.120614
2911.02,0.124488
2911.50,0.128574
2911.99,0.132849
2912.47,0.137285
2912.95,0.141847
2913.43,0.146486
2913.91,0.151150
2914.39,0.155779
2914.88,0.160310
2915.36,0.164683
2915.84,0.168837
2916.32,0.172706
2916.81,0.176223
2917.29,0.179311
2917.77,0.181894
2918.25,0.183909
2918.73,0.185318
2919.22,0.186115
2919.70,0.186335
2920.18,0.186039
2920.66,0.185293
2921.14,0.184161
2921.63,0.182687
2922.11,0.180894
2922.59,0.178799
2923.07,0.176422
2923.55,0.173795
2924.04,0.170972
2924.52,0.168018
2925.00,0.164991
2925.48,0.161939
2925.97,0.158885
2926.45,0.155826
2926.93,0.152744
2927.41,0.149617
2927.89,0.146433
2928.38,0.143188
2928.86,0.139894
2929.34,0.136569
2929.82,0.133237
2930.30,0.129917
2930.79,0.126629
2931.27,0.123397
2931.75,0.120248
2932.23,0.117215
2932.72,0.114328
2933.20,0.111606
2933.68,0.109047
2934.16,0.106622
2934.64,0.104283
2935.13,0.101971
2935.61,0.099631
2936.09,0.097238
2936.57,0.094794
2937.05,0.092333
2937.54,0.089902
2938.02,0.087552
2938.50,0.085313
2938.98,0.083192
2939.47,0.081175
2939.95,0.079242
2940.43,0.077378
2940.91,0.075587
2941.39,0.073889
2941.88,0.072316
2942.36,0.070896
2942.84,0.069634
2943.32,0.068512
2943.80,0.067487
2944.29,0.066510
2944.77,0.065536
2945.25,0.064541
2945.73,0.063532
2946.22,0.062538
2946.70,0.061607
2947.18,0.060783
2947.66,0.060100
2948.14,0.059575
2948.62,0.059203
2949.11,0.058969
2949.59,0.058852
2950.07,0.058833
2950.55,0.058896
2951.04,0.059031
2951.52,0.059228
2952.00,0.059478
2952.48,0.059770
2952.97,0.060088
2953.45,0.060416
2953.93,0.060740
2954.41,0.061044
2954.89,0.061313
2955.38,0.061529
2955.86,0.061670
2956.34,0.061711
2956.82,0.061629
2957.30,0.061403
2957.79,0.061025
2958.27,0.060503
2958.75,0.059862
2959.23,0.059136
2959.71,0.058365
2960.20,0.057580
2960.68,0.056795
2961.16,0.056004
2961.64,0.055183
2962.12,0.054300
2962.61,0.053328
2963.09,0.052256
2963.57,0.051093
2964.05,0.049870
2964.53,0.048628
2965.02,0.047407
2965.50,0.046236
2965.98,0.045125
2966.46,0.044070
2966.95,0.043058
2967.43,0.042074
2967.91,0.041113
2968.39,0.040177
2968.88,0.039279
2969.36,0.038429
2969.84,0.037636
2970.32,0.036901
2970.80,0.036217
2971.28,0.035570
2971.77,0.034946
2972.25,0.034332
2972.73,0.033714
2973.21,0.033081
2973.70,0.032421
2974.18,0.031724
2974.66,0.030985
2975.14,0.030202
2975.62,0.029388
2976.11,0.028560
2976.59,0.027746
2977.07,0.026974
2977.55,0.026273
2978.03,0.025666
2978.52,0.025170
2979.00,0.024793
2979.48,0.024536
2979.96,0.024392
2980.45,0.024342
2980.93,0.024355
2981.41,0.024396
2981.89,0.024422
2982.37,0.024391
2982.86,0.024273
2983.34,0.024049
2983.82,0.023719
2984.30,0.023299
2984.78,0.022819
2985.27,0.022318
2985.75,0.021835
2986.23,0.021406
2986.71,0.021060
2987.20,0.020809
2987.68,0.020653
2988.16,0.020573
2988.64,0.020542
2989.12,0.020525
2989.61,0.020490
2990.09,0.020416
2990.57,0.020302
2991.05,0.020162
2991.53,0.020024
2992.02,0.019927
2992.50,0.019904
2992.98,0.019978
2993.46,0.020160
2993.95,0.020450
2994.43,0.020832
2994.91,0.021283
2995.39,0.021774
2995.87,0.022266
2996.36,0.022721
2996.84,0.023102
2997.32,0.023380
2997.80,0.023545
2998.28,0.023605
2998.77,0.023593
2999.25,0.023558
2999.73,0.023552
3000.21,0.023619
3000.69,0.023782
3001.18,0.024041
3001.66,0.024370
3002.14,0.024732
3002.62,0.025088
3003.11,0.025405
3003.59,0.025661
3004.07,0.025850
3004.55,0.025972
3005.03,0.026032
3005.51,0.026040
3006.00,0.026006
3006.48,0.025946
3006.96,0.025882
3007.44,0.025837
3007.93,0.025833
3008.41,0.025889
3008.89,0.026007
3009.37,0.026174
3009.85,0.026363
3010.34,0.026535
3010.82,0.026647
3011.30,0.026662
3011.78,0.026557
3012.26,0.026328
3012.75,0.025995
3013.23,0.025598
3013.71,0.025189
3014.19,0.024824
3014.68,0.024545
3015.16,0.024372
3015.64,0.024296
3016.12,0.024280
3016.60,0.024270
3017.09,0.024208
3017.57,0.024051
3018.05,0.023779
3018.53,0.023397
3019.01,0.022934
3019.50,0.022429
3019.98,0.021922
3020.46,0.021442
3020.94,0.021008
3021.43,0.020631
3021.91,0.020313
3022.39,0.020054
3022.87,0.019847
3023.35,0.019682
3023.84,0.019539
3024.32,0.019392
3024.80,0.019218
3025.28,0.019002
3025.76,0.018746
3026.25,0.018474
3026.73,0.018223
3027.21,0.018032
3027.69,0.017931
3028.18,0.017925
3028.66,0.017995
3029.14,0.018102
3029.62,0.018202
3030.10,0.018260
3030.59,0.018260
3031.07,0.018209
3031.55,0.018132
3032.03,0.018067
3032.51,0.018042
3033.00,0.018078
3033.48,0.018177
3033.96,0.018326
3034.44,0.018509
3034.93,0.018703
3035.41,0.018896
3035.89,0.019080
3036.37,0.019254
3036.85,0.019423
3037.34,0.019591
3037.82,0.019761
3038.30,0.019930
3038.78,0.020088
3039.26,0.020219
3039.75,0.020306
3040.23,0.020332
3040.71,0.020288
3041.19,0.020177
3041.67,0.020011
3042.16,0.019813
3042.64,0.019609
3043.12,0.019424
3043.60,0.019279
3044.09,0.019185
3044.57,0.019150
3045.05,0.019176
3045.53,0.019264
3046.01,0.019406
3046.49,0.019593
3046.98,0.019802
3047.46,0.020008
3047.94,0.020183
3048.42,0.020303
3048.91,0.020359
3049.39,0.020360
3049.87,0.020329
3050.35,0.020298
3050.83,0.020290
3051.32,0.020316
3051.80,0.020365
3052.28,0.020415
3052.76,0.020435
3053.24,0.020405
3053.73,0.020320
3054.21,0.020197
3054.69,0.020066
3055.17,0.019961
3055.66,0.019907
3056.14,0.019918
3056.62,0.019990
3057.10,0.020111
3057.58,0.020268
3058.07,0.020457
3058.55,0.020681
3059.03,0.020945
3059.51,0.021255
3059.99,0.021603
3060.48,0.021967
3060.96,0.022315
3061.44,0.022609
3061.92,0.022821
3062.41,0.022938
3062.89,0.022971
3063.37,0.022948
3063.85,0.022909
3064.33,0.022895
3064.82,0.022932
3065.30,0.023025
3065.78,0.023158
3066.26,0.023301
3066.74,0.023414
3067.23,0.023466
3067.71,0.023444
3068.19,0.023354
3068.67,0.023225
3069.16,0.023095
3069.64,0.023001
3070.12,0.022971
3070.60,0.023012
3071.08,0.023111
3071.57,0.023244
3072.05,0.023378
3072.53,0.023483
3073.01,0.023543
3073.49,0.023552
3073.98,0.023514
3074.46,0.023441
3074.94,0.023346
3075.42,0.023241
3075.90,0.023137
3076.39,0.023042
3076.87,0.022966
3077.35,0.022911
3077.83,0.022875
3078.32,0.022853
3078.80,0.022830
3079.28,0.022792
3079.76,0.022730
3080.24,0.022647
3080.73,0.022557
3081.21,0.022484
3081.69,0.022452
3082.17,0.022479
3082.65,0.022568
3083.14,0.022704
3083.62,0.022860
3084.10,0.023012
3084.58,0.023139
3085.07,0.023240
3085.55,0.023322
3086.03,0.023403
3086.51,0.023493
3086.99,0.023592
3087.47,0.023687
3087.96,0.023756
3088.44,0.023779
3088.92,0.023748
3089.40,0.023672
3089.89,0.023572
3090.37,0.023479
3090.85,0.023418
3091.33,0.023402
3091.81,0.023429
3092.30,0.023489
3092.78,0.023569
3093.26,0.023662
3093.74,0.023771
3094.22,0.023908
3094.71,0.024083
3095.19,0.024297
3095.67,0.024539
3096.15,0.024780
3096.64,0.024988
3097.12,0.025131
3097.60,0.025190
3098.08,0.025166
3098.56,0.025076
3099.05,0.024945
3099.53,0.024801
3100.01,0.024664
3100.49,0.024546
3100.97,0.024445
3101.46,0.024358
3101.94,0.024277
3102.42,0.024202
3102.90,0.024138
3103.39,0.024092
3103.87,0.024074
3104.35,0.024089
3104.83,0.024139
3105.31,0.024216
3105.80,0.024311
3106.28,0.024414
3106.76,0.024515
3107.24,0.024611
3107.72,0.024705
3108.21,0.024803
3108.69,0.024909
3109.17,0.025024
3109.65,0.025138
3110.14,0.025240
3110.62,0.025312
3111.10,0.025345
3111.58,0.025342
3112.06,0.025320
3112.55,0.025309
3113.03,0.025337
3113.51,0.025424
3113.99,0.025566
3114.47,0.025735
3114.96,0.025883
3115.44,0.025955
3115.92,0.025915
3116.40,0.025756
3116.88,0.025508
3117.37,0.025227
3117.85,0.024978
3118.33,0.024814
3118.81,0.024751
3119.30,0.024771
3119.78,0.024824
3120.26,0.024853
3120.74,0.024814
3121.22,0.024696
3121.71,0.024525
3122.19,0.024360
3122.67,0.024269
3123.15,0.024307
3123.63,0.024506
3124.12,0.024859
3124.60,0.025326
3125.08,0.025848
3125.56,0.026365
3126.04,0.026826
3126.53,0.027199
3127.01,0.027471
3127.49,0.027647
3127.97,0.027741
3128.45,0.027771
3128.94,0.027756
3129.42,0.027714
3129.90,0.027664
3130.38,0.027626
3130.87,0.027623
3131.35,0.027673
3131.83,0.027792
3132.31,0.027982
3132.79,0.028230
3133.28,0.028499
3133.76,0.028740
3134.24,0.028899
3134.72,0.028930
3135.20,0.028812
3135.69,0.028558
3136.17,0.028216
3136.65,0.027848
3137.13,0.027527
3137.61,0.027309
3138.10,0.027216
3138.58,0.027243
3139.06,0.027357
3139.54,0.027521
3140.03,0.027701
3140.51,0.027885
3140.99,0.028077
3141.47,0.028292
3141.95,0.028535
3142.44,0.028800
3142.92,0.029059
3143.40,0.029281
3143.88,0.029437
3144.36,0.029520
3144.85,0.029547
3145.33,0.029558
3145.81,0.029597
3146.29,0.029698
3146.78,0.029868
3147.26,0.030087
3147.74,0.030320
3148.22,0.030525
3148.70,0.030674
3149.19,0.030762
3149.67,0.030809
3150.15,0.030844
3150.63,0.030899
3151.11,0.030992
3151.60,0.031127
3152.08,0.031287
3152.56,0.031447
3153.04,0.031580
3153.53,0.031664
3154.01,0.031688
3154.49,0.031650
3154.97,0.031556
3155.45,0.031425
3155.94,0.031277
3156.42,0.031142
3156.90,0.031051
3157.38,0.031034
3157.86,0.031113
3158.35,0.031298
3158.83,0.031583
3159.31,0.031950
3159.79,0.032365
3160.28,0.032792
3160.76,0.033193
3161.24,0.033534
3161.72,0.033793
3162.20,0.033953
3162.68,0.034010
3163.17,0.033972
3163.65,0.033856
3164.13,0.033687
3164.61,0.033496
3165.10,0.033312
3165.58,0.033160
3166.06,0.033056
3166.54,0.033009
3167.02,0.033022
3167.51,0.033095
3167.99,0.033228
3168.47,0.033420
3168.95,0.033669
3169.43,0.033965
3169.92,0.034292
3170.40,0.034628
3170.88,0.034943
3171.36,0.035216
3171.85,0.035429
3172.33,0.035579
3172.81,0.035677
3173.29,0.035746
3173.77,0.035816
3174.26,0.035916
3174.74,0.036069
3175.22,0.036284
3175.70,0.036558
3176.18,0.036866
3176.67,0.037175
3177.15,0.037444
3177.63,0.037632
3178.11,0.037718
3178.59,0.037698
3179.08,0.037595
3179.56,0.037448
3180.04,0.037309
3180.52,0.037228
3181.01,0.037235
3181.49,0.037343
3181.97,0.037540
3182.45,0.037800
3182.93,0.038088
3183.42,0.038370
3183.90,0.038620
3184.38,0.038819
3184.86,0.038961
3185.34,0.039047
3185.83,0.039089
3186.31,0.039101
3186.79,0.039101
3187.27,0.039102
3187.76,0.039103
3188.24,0.039094
3188.72,0.039054
3189.20,0.038964
3189.68,0.038820
3190.17,0.038647
3190.65,0.038494
3191.13,0.038436
3191.61,0.038541
3192.09,0.038843
3192.58,0.039326
3193.06,0.039913
3193.54,0.040493
3194.02,0.040936
3194.51,0.041152
3194.99,0.041114
3195.47,0.040869
3195.95,0.040517
3196.43,0.040188
3196.92,0.039997
3197.40,0.040006
3197.88,0.040219
3198.36,0.040583
3198.84,0.041023
3199.33,0.041460
3199.81,0.041836
3200.29,0.042129
3200.77,0.042338
3201.26,0.042475
3201.74,0.042550
3202.22,0.042568
3202.70,0.042528
3203.18,0.042433
3203.66,0.042292
3204.15,0.042125
3204.63,0.041954
3205.11,0.041801
3205.59,0.041680
3206.08,0.041595
3206.56,0.041546
3207.04,0.041535
3207.52,0.041565
3208.00,0.041645
3208.49,0.041782
3208.97,0.041978
3209.45,0.042225
3209.93,0.042510
3210.41,0.042818
3210.90,0.043142
3211.38,0.043485
3211.86,0.043858
3212.34,0.044271
3212.82,0.044724
3213.31,0.045197
3213.79,0.045651
3214.27,0.046042
3214.75,0.046323
3215.24,0.046462
3215.72,0.046455
3216.20,0.046318
3216.68,0.046088
3217.16,0.045806
3217.65,0.045514
3218.13,0.045240
3218.61,0.045005
3219.09,0.044817
3219.57,0.044673
3220.06,0.044561
3220.54,0.044461
3221.02,0.044352
3221.50,0.044218
3221.99,0.044056
3222.47,0.043884
3222.95,0.043736
3223.43,0.043657
3223.91,0.043686
3224.40,0.043844
3224.88,0.044124
3225.36,0.044497
3225.84,0.044915
3226.32,0.045334
3226.81,0.045727
3227.29,0.046087
3227.77,0.046423
3228.25,0.046748
3228.74,0.047058
3229.22,0.047328
3229.70,0.047513
3230.18,0.047562
3230.66,0.047444
3231.15,0.047158
3231.63,0.046746
3232.11,0.046273
3232.59,0.045818
3233.07,0.045451
3233.56,0.045208
3234.04,0.045101
3234.52,0.045116
3235.00,0.045237
3235.49,0.045446
3235.97,0.045739
3236.45,0.046111
3236.93,0.046547
3237.41,0.047011
3237.90,0.047450
3238.38,0.047798
3238.86,0.048006
3239.34,0.048052
3239.82,0.047959
3240.31,0.047784
3240.79,0.047604
3241.27,0.047491
3241.75,0.047487
3242.24,0.047593
3242.72,0.047774
3243.20,0.047979
3243.68,0.048152
3244.16,0.048262
3244.64,0.048302
3245.13,0.048293
3245.61,0.048269
3246.09,0.048262
3246.57,0.048294
3247.06,0.048372
3247.54,0.048488
3248.02,0.048626
3248.50,0.048772
3248.98,0.048909
3249.47,0.049027
3249.95,0.049118
3250.43,0.049179
3250.91,0.049214
3251.39,0.049233
3251.88,0.049260
3252.36,0.049319
3252.84,0.049435
3253.32,0.049619
3253.80,0.049866
3254.29,0.050151
3254.77,0.050430
3255.25,0.050655
3255.73,0.050786
3256.22,0.050799
3256.70,0.050694
3257.18,0.050489
3257.66,0.050220
3258.14,0.049925
3258.63,0.049638
3259.11,0.049385
3259.59,0.049181
3260.07,0.049034
3260.55,0.048942
3261.04,0.048907
3261.52,0.048930
3262.00,0.049019
3262.48,0.049187
3262.97,0.049447
3263.45,0.049807
3263.93,0.050265
3264.41,0.050801
3264.89,0.051375
3265.38,0.051934
3265.86,0.052419
3266.34,0.052775
3266.82,0.052971
3267.30,0.052999
3267.79,0.052875
3268.27,0.052631
3268.75,0.052307
3269.23,0.051939
3269.72,0.051556
3270.20,0.051183
3270.68,0.050841
3271.16,0.050554
3271.64,0.050347
3272.13,0.050234
3272.61,0.050218
3273.09,0.050275
3273.57,0.050367
3274.05,0.050441
3274.54,0.050458
3275.02,0.050407
3275.50,0.050314
3275.98,0.050246
3276.47,0.050283
3276.95,0.050502
3277.43,0.050942
3277.91,0.051591
3278.39,0.052382
3278.88,0.053210
3279.36,0.053961
3279.84,0.054531
3280.32,0.054856
3280.80,0.054920
3281.29,0.054749
3281.77,0.054401
3282.25,0.053946
3282.73,0.053452
3283.22,0.052968
3283.70,0.052526
3284.18,0.052135
3284.66,0.051795
3285.14,0.051503
3285.62,0.051264
3286.11,0.051090
3286.59,0.051005
3287.07,0.051037
3287.55,0.051204
3288.04,0.051507
3288.52,0.051924
3289.00,0.052404
3289.48,0.052878
3289.96,0.053272
3290.45,0.053526
3290.93,0.053603
3291.41,0.053502
3291.89,0.053253
3292.38,0.052911
3292.86,0.052537
3293.34,0.052186
3293.82,0.051900
3294.30,0.051698
3294.78,0.051581
3295.27,0.051534
3295.75,0.051538
3296.23,0.051572
3296.71,0.051618
3297.20,0.051663
3297.68,0.051703
3298.16,0.051739
3298.64,0.051777
3299.12,0.051828
3299.61,0.051902
3300.09,0.052010
3300.57,0.052159
3301.05,0.052355
3301.53,0.052597
3302.02,0.052882
3302.50,0.053197
3302.98,0.053526
3303.46,0.053845
3303.95,0.054127
3304.43,0.054350
3304.91,0.054496
3305.39,0.054563
3305.87,0.054560
3306.36,0.054507
3306.84,0.054426
3307.32,0.054339
3307.80,0.054258
3308.28,0.054187
3308.77,0.054120
3309.25,0.054053
3309.73,0.053981
3310.21,0.053903
3310.70,0.053823
3311.18,0.053738
3311.66,0.053646
3312.14,0.053542
3312.62,0.053424
3313.11,0.053297
3313.59,0.053182
3314.07,0.053105
3314.55,0.053098
3315.03,0.053178
3315.52,0.053343
3316.00,0.053567
3316.48,0.053806
3316.96,0.054010
3317.45,0.054137
3317.93,0.054170
3318.41,0.054118
3318.89,0.054012
3319.37,0.053897
3319.86,0.053820
3320.34,0.053823
3320.82,0.053930
3321.30,0.054156
3321.78,0.054497
3322.27,0.054939
3322.75,0.055449
3323.23,0.055980
3323.71,0.056482
3324.20,0.056898
3324.68,0.057189
3325.16,0.057339
3325.64,0.057357
3326.12,0.057277
3326.61,0.057139
3327.09,0.056984
3327.57,0.056830
3328.05,0.056680
3328.53,0.056520
3329.02,0.056336
3329.50,0.056125
3329.98,0.055896
3330.46,0.055674
3330.94,0.055487
3331.43,0.055356
3331.91,0.055290
3332.39,0.055289
3332.87,0.055344
3333.36,0.055448
3333.84,0.055595
3334.32,0.055784
3334.80,0.056007
3335.28,0.056243
3335.76,0.056462
3336.25,0.056626
3336.73,0.056704
3337.21,0.056687
3337.69,0.056592
3338.18,0.056468
3338.66,0.056371
3339.14,0.056355
3339.62,0.056454
3340.10,0.056665
3340.59,0.056957
3341.07,0.057273
3341.55,0.057555
3342.03,0.057748
3342.51,0.057818
3343.00,0.057752
3343.48,0.057561
3343.96,0.057266
3344.44,0.056899
3344.93,0.056496
3345.41,0.056089
3345.89,0.055709
3346.37,0.055386
3346.85,0.055143
3347.34,0.054998
3347.82,0.054960
3348.30,0.055027
3348.78,0.055182
3349.26,0.055392
3349.75,0.055614
3350.23,0.055802
3350.71,0.055918
3351.19,0.055948
3351.68,0.055905
3352.16,0.055837
3352.64,0.055805
3353.12,0.055875
3353.60,0.056091
3354.09,0.056456
3354.57,0.056931
3355.05,0.057439
3355.53,0.057894
3356.01,0.058215
3356.50,0.058359
3356.98,0.058322
3357.46,0.058143
3357.94,0.057880
3358.43,0.057599
3358.91,0.057355
3359.39,0.057181
3359.87,0.057086
3360.35,0.057064
3360.84,0.057094
3361.32,0.057149
3361.80,0.057196
3362.28,0.057210
3362.76,0.057176
3363.25,0.057101
3363.73,0.057013
3364.21,0.056964
3364.69,0.057010
3365.17,0.057195
3365.66,0.057530
3366.14,0.057986
3366.62,0.058498
3367.10,0.058974
3367.59,0.059330
3368.07,0.059508
3368.55,0.059486
3369.03,0.059280
3369.51,0.058929
3370.00,0.058486
3370.48,0.057993
3370.96,0.057489
3371.44,0.057005
3371.92,0.056569
3372.41,0.056208
3372.89,0.055948
3373.37,0.055798
3373.85,0.055751
3374.33,0.055784
3374.82,0.055867
3375.30,0.055972
3375.78,0.056093
3376.26,0.056240
3376.74,0.056441
3377.23,0.056717
3377.71,0.057069
3378.19,0.057472
3378.67,0.057878
3379.16,0.058230
3379.64,0.058482
3380.12,0.058611
3380.60,0.058619
3381.08,0.058528
3381.57,0.058362
3382.05,0.058137
3382.53,0.057863
3383.01,0.057547
3383.49,0.057204
3383.98,0.056870
3384.46,0.056592
3384.94,0.056427
3385.42,0.056414
3385.91,0.056564
3386.39,0.056853
3386.87,0.057226
3387.35,0.057618
3387.83,0.057961
3388.32,0.058203
3388.80,0.058311
3389.28,0.058264
3389.76,0.058058
3390.24,0.057705
3390.73,0.057233
3391.21,0.056691
3391.69,0.056147
3392.17,0.055675
3392.66,0.055336
3393.14,0.055163
3393.62,0.055144
3394.10,0.055235
3394.58,0.055368
3395.07,0.055485
3395.55,0.055558
3396.03,0.055593
3396.51,0.055621
3396.99,0.055680
3397.48,0.055796
3397.96,0.055966
3398.44,0.056165
3398.92,0.056348
3399.41,0.056478
3399.89,0.056527
3400.37,0.056483
3400.85,0.056341
3401.33,0.056101
3401.82,0.055764
3402.30,0.055341
3402.78,0.054863
3403.26,0.054392
3403.74,0.054003
3404.23,0.053777
3404.71,0.053762
3405.19,0.053957
3405.67,0.054295
3406.15,0.054667
3406.64,0.054955
3407.12,0.055066
3407.60,0.054969
3408.08,0.054702
3408.57,0.054357
3409.05,0.054042
3409.53,0.053843
3410.01,0.053802
3410.49,0.053904
3410.97,0.054097
3411.46,0.054311
3411.94,0.054490
3412.42,0.054601
3412.90,0.054640
3413.39,0.054618
3413.87,0.054554
3414.35,0.054461
3414.83,0.054349
3415.31,0.054227
3415.80,0.054101
3416.28,0.053985
3416.76,0.053889
3417.24,0.053816
3417.72,0.053762
3418.21,0.053710
3418.69,0.053643
3419.17,0.053546
3419.65,0.053414
3420.14,0.053249
3420.62,0.053058
3421.10,0.052845
3421.58,0.052604
3422.06,0.052330
3422.55,0.052016
3423.03,0.051668
3423.51,0.051311
3423.99,0.050980
3424.47,0.050711
3424.96,0.050529
3425.44,0.050436
3425.92,0.050410
3426.40,0.050412
3426.89,0.050400
3427.37,0.050353
3427.85,0.050268
3428.33,0.050169
3428.81,0.050089
3429.30,0.050056
3429.78,0.050077
3430.26,0.050132
3430.74,0.050177
3431.22,0.050160
3431.71,0.050041
3432.19,0.049806
3432.67,0.049472
3433.15,0.049089
3433.64,0.048725
3434.12,0.048443
3434.60,0.048287
3435.08,0.048271
3435.56,0.048377
3436.05,0.048558
3436.53,0.048752
3437.01,0.048901
3437.49,0.048964
3437.97,0.048927
3438.46,0.048808
3438.94,0.048651
3439.42,0.048515
3439.90,0.048451
3440.39,0.048496
3440.87,0.048654
3441.35,0.048897
3441.83,0.049168
3442.31,0.049396
3442.80,0.049516
3443.28,0.049476
3443.76,0.049264
3444.24,0.048896
3444.72,0.048420
3445.21,0.047893
3445.69,0.047373
3446.17,0.046904
3446.65,0.046515
3447.13,0.046218
3447.62,0.046018
3448.10,0.045911
3448.58,0.045891
3449.06,0.045947
3449.55,0.046063
3450.03,0.046214
3450.51,0.046373
3450.99,0.046512
3451.47,0.046607
3451.95,0.046649
3452.44,0.046644
3452.92,0.046612
3453.40,0.046579
3453.88,0.046565
3454.37,0.046576
3454.85,0.046593
3455.33,0.046579
3455.81,0.046491
3456.29,0.046295
3456.78,0.045982
3457.26,0.045573
3457.74,0.045111
3458.22,0.044660
3458.70,0.044278
3459.19,0.044000
3459.67,0.043840
3460.15,0.043786
3460.63,0.043804
3461.11,0.043853
3461.60,0.043889
3462.08,0.043876
3462.56,0.043787
3463.04,0.043604
3463.53,0.043322
3464.01,0.042953
3464.49,0.042519
3464.97,0.042060
3465.45,0.041623
3465.94,0.041253
3466.42,0.040984
3466.90,0.040831
3467.38,0.040788
3467.86,0.040823
3468.35,0.040891
3468.83,0.040952
3469.31,0.040969
3469.79,0.040927
3470.28,0.040829
3470.76,0.040691
3471.24,0.040534
3471.72,0.040377
3472.20,0.040236
3472.69,0.040123
3473.17,0.040047
3473.65,0.040014
3474.13,0.040029
3474.61,0.040094
3475.10,0.040200
3475.58,0.040327
3476.06,0.040447
3476.54,0.040529
3477.03,0.040548
3477.51,0.040495
3477.99,0.040379
3478.47,0.040227
3478.95,0.040077
3479.44,0.039967
3479.92,0.039923
3480.40,0.039952
3480.88,0.040044
3481.36,0.040170
3481.85,0.040293
3482.33,0.040375
3482.81,0.040386
3483.29,0.040308
3483.78,0.040134
3484.26,0.039868
3484.74,0.039525
3485.22,0.039125
3485.70,0.038702
3486.19,0.038299
3486.67,0.037967
3487.15,0.037756
3487.63,0.037706
3488.11,0.037828
3488.60,0.038096
3489.08,0.038447
3489.56,0.038800
3490.04,0.039067
3490.53,0.039185
3491.01,0.039133
3491.49,0.038926
3491.97,0.038616
3492.45,0.038267
3492.93,0.037941
3493.42,0.037680
3493.90,0.037502
3494.38,0.037402
3494.86,0.037358
3495.35,0.037342
3495.83,0.037321
3496.31,0.037269
3496.79,0.037161
3497.27,0.036979
3497.76,0.036715
3498.24,0.036375
3498.72,0.035982
3499.20,0.035568
3499.68,0.035178
3500.17,0.034850
3500.65,0.034611
3501.13,0.034473
3501.61,0.034426
3502.09,0.034451
3502.58,0.034520
3503.06,0.034610
3503.54,0.034707
3504.02,0.034805
3504.51,0.034904
3504.99,0.035007
3505.47,0.035111
3505.95,0.035207
3506.43,0.035281
3506.92,0.035317
3507.40,0.035296
3507.88,0.035202
3508.36,0.035019
3508.84,0.034742
3509.33,0.034378
3509.81,0.033959
3510.29,0.033537
3510.77,0.033180
3511.26,0.032948
3511.74,0.032875
3512.22,0.032955
3512.70,0.033137
3513.18,0.033349
3513.67,0.033509
3514.15,0.033558
3514.63,0.033476
3515.11,0.033289
3515.59,0.033056
3516.08,0.032847
3516.56,0.032719
3517.04,0.032692
3517.52,0.032738
3518.01,0.032796
3518.49,0.032790
3518.97,0.032652
3519.45,0.032348
3519.93,0.031882
3520.42,0.031301
3520.90,0.030674
3521.38,0.030068
3521.86,0.029544
3522.34,0.029142
3522.83,0.028872
3523.31,0.028725
3523.79,0.028669
3524.27,0.028663
3524.76,0.028660
3525.24,0.028622
3525.72,0.028528
3526.20,0.028375
3526.68,0.028183
3527.17,0.027983
3527.65,0.027813
3528.13,0.027702
3528.61,0.027668
3529.09,0.027713
3529.58,0.027821
3530.06,0.027968
3530.54,0.028127
3531.02,0.028277
3531.51,0.028404
3531.99,0.028500
3532.47,0.028562
3532.95,0.028589
3533.43,0.028582
3533.91,0.028548
3534.40,0.028494
3534.88,0.028423
3535.36,0.028337
3535.84,0.028220
3536.33,0.028049
3536.81,0.027793
3537.29,0.027428
3537.77,0.026948
3538.25,0.026376
3538.74,0.025766
3539.22,0.025180
3539.70,0.024684
3540.18,0.024324
3540.66,0.024115
3541.15,0.024042
3541.63,0.024063
3542.11,0.024127
3542.59,0.024182
3543.07,0.024189
3543.56,0.024128
3544.04,0.023994
3544.52,0.023790
3545.00,0.023523
3545.49,0.023195
3545.97,0.022811
3546.45,0.022383
3546.93,0.021936
3547.41,0.021506
3547.90,0.021136
3548.38,0.020863
3548.86,0.020706
3549.34,0.020661
3549.82,0.020708
3550.31,0.020824
3550.79,0.020990
3551.27,0.021197
3551.75,0.021441
3552.24,0.021711
3552.72,0.021980
3553.20,0.022199
3553.68,0.022297
3554.16,0.022209
3554.65,0.021906
3555.13,0.021403
3555.61,0.020770
3556.09,0.020106
3556.57,0.019527
3557.06,0.019124
3557.54,0.018944
3558.02,0.018978
3558.50,0.019165
3558.99,0.019415
3559.47,0.019629
3559.95,0.019736
3560.43,0.019709
3560.91,0.019564
3561.40,0.019343
3561.88,0.019095
3562.36,0.018852
3562.84,0.018623
3563.32,0.018398
3563.81,0.018161
3564.29,0.017909
3564.77,0.017659
3565.25,0.017445
3565.74,0.017310
3566.22,0.017290
3566.70,0.017396
3567.18,0.017605
3567.66,0.017848
3568.15,0.018042
3568.63,0.018116
3569.11,0.018043
3569.59,0.017840
3570.07,0.017552
3570.56,0.017226
3571.04,0.016894
3571.52,0.016583
3572.00,0.016312
3572.49,0.016100
3572.97,0.015966
3573.45,0.015921
3573.93,0.015961
3574.41,0.016061
3574.89,0.016178
3575.38,0.016261
3575.86,0.016266
3576.34,0.016171
3576.82,0.015982
3577.31,0.015735
3577.79,0.015477
3578.27,0.015250
3578.75,0.015079
3579.23,0.014964
3579.72,0.014886
3580.20,0.014819
3580.68,0.014744
3581.16,0.014663
3581.64,0.014599
3582.13,0.014584
3582.61,0.014645
3583.09,0.014792
3583.57,0.015010
3584.05,0.015255
3584.54,0.015472
3585.02,0.015606
3585.50,0.015615
3585.98,0.015482
3586.47,0.015220
3586.95,0.014871
3587.43,0.014503
3587.91,0.014185
3588.39,0.013972
3588.88,0.013876
3589.36,0.013857
3589.84,0.013849
3590.32,0.013788
3590.80,0.013640
3591.29,0.013398
3591.77,0.013081
3592.25,0.012720
3592.73,0.012356
3593.22,0.012025
3593.70,0.011760
3594.18,0.011578
3594.66,0.011476
3595.14,0.011424
3595.63,0.011376
3596.11,0.011279
3596.59,0.011096
3597.07,0.010818
3597.55,0.010468
3598.04,0.010096
3598.52,0.009762
3599.00,0.009517
3599.48,0.009391
3599.97,0.009385
3600.45,0.009469
3600.93,0.009586
3601.41,0.009678
3601.89,0.009696
3602.38,0.009618
3602.86,0.009454
3603.34,0.009236
3603.82,0.009005
3604.30,0.008791
3604.79,0.008610
3605.27,0.008462
3605.75,0.008337
3606.23,0.008219
3606.72,0.008092
3607.20,0.007944
3607.68,0.007762
3608.16,0.007538
3608.64,0.007268
3609.12,0.006955
3609.61,0.006618
3610.09,0.006280
3610.57,0.005968
3611.05,0.005701
3611.54,0.005483
3612.02,0.005305
3612.50,0.005153
3612.98,0.005017
3613.46,0.004902
3613.95,0.004828
3614.43,0.004828
3614.91,0.004937
3615.39,0.005166
3615.88,0.005501
3616.36,0.005907
3616.84,0.006340
3617.32,0.006757
3617.80,0.007126
3618.29,0.007424
3618.77,0.007637
3619.25,0.007754
3619.73,0.007763
3620.21,0.007656
3620.70,0.007430
3621.18,0.007102
3621.66,0.006709
3622.14,0.006299
3622.62,0.005919
3623.11,0.005604
3623.59,0.005368
3624.07,0.005211
3624.55,0.005122
3625.03,0.005089
3625.52,0.005107
3626.00,0.005183
3626.48,0.005329
3626.96,0.005559
3627.45,0.005869
3627.93,0.006220
3628.41,0.006520
3628.89,0.006617
3629.37,0.006344
3629.86,0.005612
3630.34,0.004523
3630.82,0.003352
3631.30,0.002389
3631.78,0.001788
3632.27,0.001555
3632.75,0.001620
3633.23,0.001887
3633.71,0.002262
3634.20,0.002647
3634.68,0.002960
3635.16,0.003129
3635.64,0.003108
3636.12,0.002889
3636.61,0.002499
3637.09,0.001999
3637.57,0.001459
3638.05,0.000964
3638.53,0.000594
3639.02,0.000404
3639.50,0.000413
3639.98,0.000595
3640.46,0.000888
3640.95,0.001204
3641.43,0.001465
3641.91,0.001618
3642.39,0.001640
3642.87,0.001544
3643.36,0.001363
3643.84,0.001139
3644.32,0.000906
3644.80,0.000692
3645.28,0.000512
3645.77,0.000380
3646.25,0.000308
3646.73,0.000309
3647.21,0.000389
3647.70,0.000531
3648.18,0.000689
3648.66,0.000793
3649.14,0.000763
3649.62,0.000559
3650.11,0.000207
3650.59,-0.000194
3651.07,-0.000531
3651.55,-0.000734
3652.03,-0.000810
3652.52,-0.000816
3653.00,-0.000817
3653.48,-0.000855
3653.96,-0.000935
3654.44,-0.001039
3654.93,-0.001138
3655.41,-0.001207
3655.89,-0.001236
3656.37,-0.001233
3656.86,-0.001228
3657.34,-0.001257
3657.82,-0.001342
3658.30,-0.001469
3658.78,-0.001597
3659.27,-0.001676
3659.75,-0.001677
3660.23,-0.001594
3660.71,-0.001450
3661.19,-0.001288
3661.68,-0.001156
3662.16,-0.001097
3662.64,-0.001128
3663.12,-0.001241
3663.60,-0.001406
3664.09,-0.001584
3664.57,-0.001741
3665.05,-0.001859
3665.53,-0.001941
3666.01,-0.002004
3666.50,-0.002072
3666.98,-0.002168
3667.46,-0.002304
3667.94,-0.002479
3668.43,-0.002679
3668.91,-0.002874
3669.39,-0.003029
3669.87,-0.003102
3670.35,-0.003060
3670.84,-0.002896
3671.32,-0.002643
3671.80,-0.002367
3672.28,-0.002133
3672.76,-0.001984
3673.25,-0.001940
3673.73,-0.002009
3674.21,-0.002209
3674.69,-0.002571
3675.18,-0.003135
3675.66,-0.003922
3676.14,-0.004884
3676.62,-0.005865
3677.10,-0.006649
3677.59,-0.007096
3678.07,-0.007212
3678.55,-0.007105
3679.03,-0.006889
3679.51,-0.006653
3680.00,-0.006451
3680.48,-0.006301
3680.96,-0.006200
3681.44,-0.006123
3681.93,-0.006040
3682.41,-0.005920
3682.89,-0.005743
3683.37,-0.005508
3683.85,-0.005226
3684.34,-0.004925
3684.82,-0.004638
3685.30,-0.004402
3685.78,-0.004246
3686.26,-0.004183
3686.75,-0.004212
3687.23,-0.004315
3687.71,-0.004463
3688.19,-0.004613
3688.68,-0.004720
3689.16,-0.004742
3689.64,-0.004668
3690.12,-0.004519
3690.60,-0.004360
3691.09,-0.004258
3691.57,-0.004254
3692.05,-0.004345
3692.53,-0.004492
3693.01,-0.004639
3693.50,-0.004739
3693.98,-0.004767
3694.46,-0.004725
3694.94,-0.004637
3695.42,-0.004538
3695.91,-0.004460
3696.39,-0.004427
3696.87,-0.004436
3697.35,-0.004465
3697.84,-0.004473
3698.32,-0.004418
3698.80,-0.004270
3699.28,-0.004019
3699.76,-0.003683
3700.24,-0.003300
3700.73,-0.002919
3701.21,-0.002595
3701.69,-0.002377
3702.17,-0.002299
3702.66,-0.002369
3703.14,-0.002571
3703.62,-0.002869
3704.10,-0.003227
3704.58,-0.003618
3705.07,-0.004027
3705.55,-0.004445
3706.03,-0.004863
3706.51,-0.005263
3706.99,-0.005626
3707.48,-0.005926
3707.96,-0.006147
3708.44,-0.006286
3708.92,-0.006357
3709.41,-0.006389
3709.89,-0.006415
3710.37,-0.006463
3710.85,-0.006541
3711.33,-0.006631
3711.82,-0.006692
3712.30,-0.006686
3712.78,-0.006595
3713.26,-0.006439
3713.74,-0.006262
3714.23,-0.006110
3714.71,-0.006010
3715.19,-0.005966
3715.67,-0.005964
3716.16,-0.005988
3716.64,-0.006026
3717.12,-0.006075
3717.60,-0.006131
3718.08,-0.006189
3718.57,-0.006230
3719.05,-0.006221
3719.53,-0.006125
3720.01,-0.005908
3720.49,-0.005562
3720.98,-0.005115
3721.46,-0.004631
3721.94,-0.004196
3722.42,-0.003898
3722.91,-0.003801
3723.39,-0.003918
3723.87,-0.004204
3724.35,-0.004577
3724.83,-0.004949
3725.32,-0.005253
3725.80,-0.005462
3726.28,-0.005588
3726.76,-0.005659
3727.24,-0.005701
3727.73,-0.005722
3728.21,-0.005707
3728.69,-0.005625
3729.17,-0.005453
3729.66,-0.005176
3730.14,-0.004798
3730.62,-0.004336
3731.10,-0.003817
3731.58,-0.003276
3732.07,-0.002755
3732.55,-0.002304
3733.03,-0.001967
3733.51,-0.001772
3733.99,-0.001719
3734.48,-0.001786
3734.96,-0.001936
3735.44,-0.002135
3735.92,-0.002371
3736.40,-0.002650
3736.89,-0.002988
3737.37,-0.003387
3737.85,-0.003824
3738.33,-0.004259
3738.82,-0.004643
3739.30,-0.004940
3739.78,-0.005124
3740.26,-0.005191
3740.74,-0.005147
3741.22,-0.005011
3741.71,-0.004807
3742.19,-0.004558
3742.67,-0.004279
3743.15,-0.003978
3743.64,-0.003664
3744.12,-0.003357
3744.60,-0.003103
3745.08,-0.002982
3745.56,-0.003059
3746.05,-0.003325
3746.53,-0.003671
3747.01,-0.003958
3747.49,-0.004075
3747.97,-0.003979
3748.46,-0.003684
3748.94,-0.003243
3749.42,-0.002744
3749.90,-0.002305
3750.39,-0.002059
3750.87,-0.002102
3751.35,-0.002441
3751.83,-0.002971
3752.31,-0.003527
3752.80,-0.003966
3753.28,-0.004231
3753.76,-0.004353
3754.24,-0.004403
3754.72,-0.004441
3755.21,-0.004491
3755.69,-0.004546
3756.17,-0.004585
3756.65,-0.004591
3757.14,-0.004561
3757.62,-0.004517
3758.10,-0.004494
3758.58,-0.004536
3759.06,-0.004671
3759.55,-0.004900
3760.03,-0.005189
3760.51,-0.005481
3760.99,-0.005721
3761.47,-0.005869
3761.96,-0.005917
3762.44,-0.005880
3762.92,-0.005783
3763.40,-0.005645
3763.89,-0.005477
3764.37,-0.005289
3764.85,-0.005094
3765.33,-0.004921
3765.81,-0.004816
3766.30,-0.004829
3766.78,-0.004993
3767.26,-0.005304
3767.74,-0.005713
3768.22,-0.006147
3768.71,-0.006526
3769.19,-0.006787
3769.67,-0.006888
3770.15,-0.006821
3770.64,-0.006617
3771.12,-0.006337
3771.60,-0.006057
3772.08,-0.005831
3772.56,-0.005683
3773.05,-0.005603
3773.53,-0.005567
3774.01,-0.005551
3774.49,-0.005536
3774.97,-0.005515
3775.46,-0.005487
3775.94,-0.005449
3776.42,-0.005398
3776.90,-0.005331
3777.38,-0.005241
3777.87,-0.005128
3778.35,-0.005000
3778.83,-0.004873
3779.31,-0.004769
3779.80,-0.004713
3780.28,-0.004717
3780.76,-0.004779
3781.24,-0.004877
3781.72,-0.004980
3782.20,-0.005065
3782.69,-0.005121
3783.17,-0.005157
3783.65,-0.005189
3784.13,-0.005240
3784.62,-0.005325
3785.10,-0.005454
3785.58,-0.005619
3786.06,-0.005798
3786.54,-0.005959
3787.03,-0.006076
3787.51,-0.006126
3787.99,-0.006099
3788.47,-0.005994
3788.95,-0.005814
3789.44,-0.005570
3789.92,-0.005274
3790.40,-0.004944
3790.88,-0.004606
3791.36,-0.004283
3791.85,-0.004004
3792.33,-0.003788
3792.81,-0.003642
3793.29,-0.003559
3793.78,-0.003521
3794.26,-0.003500
3794.74,-0.003471
3795.22,-0.003421
3795.70,-0.003352
3796.19,-0.003284
3796.67,-0.003251
3797.15,-0.003288
3797.63,-0.003412
3798.11,-0.003613
3798.60,-0.003850
3799.08,-0.004071
3799.56,-0.004236
3800.04,-0.004322
3800.53,-0.004339
3801.01,-0.004322
3801.49,-0.004337
3801.97,-0.004465
3802.45,-0.004766
3802.94,-0.005237
3803.42,-0.005791
3803.90,-0.006303
3804.38,-0.006668
3804.86,-0.006836
3805.35,-0.006799
3805.83,-0.006569
3806.31,-0.006172
3806.79,-0.005650
3807.28,-0.005076
3807.76,-0.004549
3808.24,-0.004175
3808.72,-0.004028
3809.20,-0.004106
3809.69,-0.004344
3810.17,-0.004651
3810.65,-0.004947
3811.13,-0.005169
3811.61,-0.005279
3812.10,-0.005261
3812.58,-0.005120
3813.06,-0.004881
3813.54,-0.004582
3814.03,-0.004267
3814.51,-0.003983
3814.99,-0.003768
3815.47,-0.003656
3815.95,-0.003669
3816.44,-0.003816
3816.92,-0.004070
3817.40,-0.004378
3817.88,-0.004670
3818.36,-0.004889
3818.85,-0.005011
3819.33,-0.005036
3819.81,-0.004972
3820.29,-0.004834
3820.78,-0.004638
3821.26,-0.004415
3821.74,-0.004209
3822.22,-0.004076
3822.70,-0.004054
3823.18,-0.004135
3823.67,-0.004275
3824.15,-0.004418
3824.63,-0.004527
3825.11,-0.004586
3825.60,-0.004600
3826.08,-0.004588
3826.56,-0.004579
3827.04,-0.004606
3827.52,-0.004689
3828.01,-0.004832
3828.49,-0.005017
3828.97,-0.005211
3829.45,-0.005382
3829.93,-0.005506
3830.42,-0.005573
3830.90,-0.005584
3831.38,-0.005545
3831.86,-0.005462
3832.34,-0.005345
3832.83,-0.005202
3833.31,-0.005048
3833.79,-0.004903
3834.27,-0.004790
3834.76,-0.004733
3835.24,-0.004751
3835.72,-0.004847
3836.20,-0.005006
3836.68,-0.005192
3837.17,-0.005355
3837.65,-0.005440
3838.13,-0.005410
3838.61,-0.005265
3839.09,-0.005052
3839.58,-0.004850
3840.06,-0.004745
3840.54,-0.004790
3841.02,-0.004982
3841.51,-0.005270
3841.99,-0.005575
3842.47,-0.005828
3842.95,-0.005972
3843.43,-0.005985
3843.92,-0.005874
3844.40,-0.005675
3844.88,-0.005438
3845.36,-0.005212
3845.84,-0.005032
3846.33,-0.004909
3846.81,-0.004831
3847.29,-0.004773
3847.77,-0.004708
3848.26,-0.004613
3848.74,-0.004472
3849.22,-0.004278
3849.70,-0.004030
3850.18,-0.003727
3850.67,-0.003368
3851.15,-0.002949
3851.63,-0.002471
3852.11,-0.001946
3852.59,-0.001413
3853.08,-0.000960
3853.56,-0.000723
3854.04,-0.000855
3854.52,-0.001413
3855.01,-0.002263
3855.49,-0.003121
3855.97,-0.003756
3856.45,-0.004096
3856.93,-0.004182
3857.42,-0.004111
3857.90,-0.003969
3858.38,-0.003824
3858.86,-0.003710
3859.34,-0.003631
3859.83,-0.003574
3860.31,-0.003519
3860.79,-0.003450
3861.27,-0.003367
3861.76,-0.003281
3862.24,-0.003211
3862.72,-0.003172
3863.20,-0.003159
3863.68,-0.003150
3864.16,-0.003116
3864.65,-0.003036
3865.13,-0.002921
3865.61,-0.002814
3866.09,-0.002776
3866.58,-0.002853
3867.06,-0.003052
3867.54,-0.003340
3868.02,-0.003659
3868.50,-0.003956
3868.99,-0.004203
3869.47,-0.004395
3869.95,-0.004559
3870.43,-0.004741
3870.91,-0.004987
3871.40,-0.005304
3871.88,-0.005652
3872.36,-0.005960
3872.84,-0.006169
3873.32,-0.006244
3873.81,-0.006183
3874.29,-0.006004
3874.77,-0.005748
3875.25,-0.005471
3875.74,-0.005225
3876.22,-0.005050
3876.70,-0.004955
3877.18,-0.004921
3877.66,-0.004914
3878.15,-0.004896
3878.63,-0.004830
3879.11,-0.004684
3879.59,-0.004435
3880.07,-0.004082
3880.56,-0.003656
3881.04,-0.003229
3881.52,-0.002899
3882.00,-0.002757
3882.49,-0.002835
3882.97,-0.003096
3883.45,-0.003452
3883.93,-0.003814
3884.41,-0.004105
3884.90,-0.004280
3885.38,-0.004333
3885.86,-0.004287
3886.34,-0.004194
3886.82,-0.004114
3887.31,-0.004092
3887.79,-0.004135
3888.27,-0.004217
3888.75,-0.004306
3889.24,-0.004377
3889.72,-0.004420
3890.20,-0.004439
3890.68,-0.004440
3891.16,-0.004433
3891.65,-0.004423
3892.13,-0.004416
3892.61,-0.004420
3893.09,-0.004442
3893.57,-0.004491
3894.06,-0.004567
3894.54,-0.004661
3895.02,-0.004752
3895.50,-0.004818
3895.99,-0.004840
3896.47,-0.004816
3896.95,-0.004759
3897.43,-0.004699
3897.91,-0.004668
3898.40,-0.004699
3898.88,-0.004798
3899.36,-0.004943
3899.84,-0.005081
3900.32,-0.005140
3900.81,-0.005059
3901.29,-0.004813
3901.77,-0.004417
3902.25,-0.003923
3902.73,-0.003393
3903.22,-0.002878
3903.70,-0.002420
3904.18,-0.002056
3904.66,-0.001824
3905.14,-0.001769
3905.63,-0.001925
3906.11,-0.002294
3906.59,-0.002832
3907.07,-0.003462
3907.56,-0.004095
3908.04,-0.004653
3908.52,-0.005083
3909.00,-0.005368
3909.48,-0.005520
3909.97,-0.005569
3910.45,-0.005553
3910.93,-0.005503
3911.41,-0.005436
3911.89,-0.005356
3912.38,-0.005254
3912.86,-0.005122
3913.34,-0.004955
3913.82,-0.004758
3914.30,-0.004534
3914.79,-0.004288
3915.27,-0.004019
3915.75,-0.003724
3916.23,-0.003406
3916.72,-0.003082
3917.20,-0.002783
3917.68,-0.002553
3918.16,-0.002429
3918.64,-0.002427
3919.13,-0.002531
3919.61,-0.002707
3920.09,-0.002918
3920.57,-0.003144
3921.05,-0.003384
3921.54,-0.003653
3922.02,-0.003961
3922.50,-0.004302
3922.98,-0.004641
3923.47,-0.004917
3923.95,-0.005065
3924.43,-0.005034
3924.91,-0.004813
3925.39,-0.004443
3925.88,-0.004021
3926.36,-0.003662
3926.84,-0.003454
3927.32,-0.003429
3927.80,-0.003554
3928.29,-0.003751
3928.77,-0.003927
3929.25,-0.004000
3929.73,-0.003927
3930.22,-0.003702
3930.70,-0.003363
3931.18,-0.002975
3931.66,-0.002622
3932.14,-0.002382
3932.63,-0.002310
3933.11,-0.002431
3933.59,-0.002733
3934.07,-0.003178
3934.55,-0.003706
3935.04,-0.004255
3935.52,-0.004773
3936.00,-0.005223
3936.48,-0.005584
3936.97,-0.005850
3937.45,-0.006020
3937.93,-0.006099
3938.41,-0.006091
3938.89,-0.006003
3939.38,-0.005843
3939.86,-0.005620
3940.34,-0.005354
3940.82,-0.005063
3941.30,-0.004776
3941.79,-0.004522
3942.27,-0.004327
3942.75,-0.004214
3943.23,-0.004188
3943.71,-0.004240
3944.20,-0.004341
3944.68,-0.004456
3945.16,-0.004551
3945.64,-0.004604
3946.12,-0.004612
3946.61,-0.004584
3947.09,-0.004538
3947.57,-0.004492
3948.05,-0.004459
3948.54,-0.004439
3949.02,-0.004423
3949.50,-0.004393
3949.98,-0.004336
3950.46,-0.004249
3950.95,-0.004149
3951.43,-0.004067
3951.91,-0.004036
3952.39,-0.004080
3952.88,-0.004205
3953.36,-0.004394
3953.84,-0.004610
3954.32,-0.004812
3954.80,-0.004967
3955.28,-0.005057
3955.77,-0.005086
3956.25,-0.005070
3956.73,-0.005031
3957.21,-0.004979
3957.70,-0.004908
3958.18,-0.004802
3958.66,-0.004642
3959.14,-0.004422
3959.62,-0.004157
3960.11,-0.003884
3960.59,-0.003651
3961.07,-0.003505
3961.55,-0.003472
3962.03,-0.003548
3962.52,-0.003706
3963.00,-0.003899
3963.48,-0.004080
3963.96,-0.004215
3964.45,-0.004290
3964.93,-0.004311
3965.41,-0.004289
3965.89,-0.004239
3966.37,-0.004166
3966.86,-0.004074
3967.34,-0.003964
3967.82,-0.003843
3968.30,-0.003730
3968.78,-0.003648
3969.27,-0.003625
3969.75,-0.003679
3970.23,-0.003817
3970.71,-0.004030
3971.20,-0.004297
3971.68,-0.004591
3972.16,-0.004881
3972.64,-0.005144
3973.12,-0.005359
3973.61,-0.005512
3974.09,-0.005590
3974.57,-0.005586
3975.05,-0.005498
3975.53,-0.005332
3976.02,-0.005108
3976.50,-0.004853
3976.98,-0.004603
3977.46,-0.004393
3977.95,-0.004244
3978.43,-0.004164
3978.91,-0.004141
3979.39,-0.004147
3979.87,-0.004146
3980.36,-0.004103
3980.84,-0.003998
3981.32,-0.003831
3981.80,-0.003621
3982.28,-0.003402
3982.77,-0.003212
3983.25,-0.003082
3983.73,-0.003025
3984.21,-0.003036
3984.69,-0.003097
3985.18,-0.003187
3985.66,-0.003293
3986.14,-0.003413
3986.62,-0.003551
3987.11,-0.003714
3987.59,-0.003898
3988.07,-0.004081
3988.55,-0.004226
3989.03,-0.004298
3989.51,-0.004268
3990.00,-0.004137
3990.48,-0.003934
3990.96,-0.003713
3991.44,-0.003539
3991.93,-0.003461
3992.41,-0.003503
3992.89,-0.003657
3993.37,-0.003890
3993.85,-0.004156
3994.34,-0.004419
3994.82,-0.004658
3995.30,-0.004869
3995.78,-0.005059
3996.26,-0.005241
3996.75,-0.005421
3997.23,-0.005598
3997.71,-0.005767
3998.19,-0.005924
3998.68,-0.006064
3999.16,-0.006185
3999.64,-0.006281
4000.12,-0.006341
