波数(cm-1),吸光度
399.67,0.000000
400.16,0.181876
400.64,0.148658
401.12,0.115726
401.60,0.086975
402.09,0.064687
402.57,0.050021
403.05,0.042789
403.53,0.041747
404.01,0.044714
404.50,0.049264
404.98,0.053539
405.46,0.056699
405.94,0.059034
406.42,0.061445
406.91,0.064966
407.39,0.070285
407.87,0.077636
408.35,0.086830
408.83,0.097436
409.32,0.108948
409.80,0.120832
410.28,0.132527
410.76,0.143247
411.25,0.152003
411.73,0.157890
412.21,0.160326
412.69,0.159416
413.17,0.155887
413.66,0.150899
414.14,0.145625
414.62,0.140954
415.10,0.137458
415.58,0.135277
416.07,0.134147
416.55,0.133388
417.03,0.131968
417.51,0.128534
418.00,0.121694
418.48,0.111017
418.96,0.098256
419.44,0.087163
419.92,0.080709
420.41,0.079277
420.89,0.081271
421.37,0.084772
421.85,0.088199
422.33,0.090573
422.82,0.091655
423.30,0.092017
423.78,0.093025
424.26,0.096281
424.74,0.103072
425.23,0.113647
425.71,0.127126
426.19,0.141693
426.67,0.155201
427.16,0.165797
427.64,0.172299
428.12,0.174544
428.60,0.173125
429.08,0.169067
429.57,0.163397
430.05,0.157043
430.53,0.150772
431.01,0.145123
431.49,0.140411
431.98,0.136615
432.46,0.133355
432.94,0.129865
433.42,0.125102
433.90,0.118032
434.39,0.107898
434.87,0.094789
435.35,0.079918
435.83,0.065691
436.32,0.054920
436.80,0.049864
437.28,0.051599
437.76,0.059475
438.24,0.071341
438.73,0.084041
439.21,0.094655
439.69,0.101209
440.17,0.103123
440.65,0.101174
441.14,0.097155
441.62,0.093467
442.10,0.092332
442.58,0.095300
443.07,0.102508
443.55,0.112722
444.03,0.123898
444.51,0.134093
444.99,0.142048
445.48,0.147089
445.96,0.149080
446.44,0.148240
446.92,0.145065
447.40,0.140224
447.89,0.134435
448.37,0.128403
448.85,0.122664
449.33,0.117591
449.81,0.113463
450.30,0.110473
450.78,0.108813
451.26,0.108688
451.74,0.110280
452.23,0.113670
452.71,0.118707
453.19,0.124947
453.67,0.131631
454.15,0.137868
454.64,0.142912
455.12,0.146218
455.60,0.147510
456.08,0.146732
456.56,0.144043
457.05,0.139878
457.53,0.134974
458.01,0.130317
458.49,0.126734
458.98,0.124585
459.46,0.123767
459.94,0.123945
460.42,0.124804
460.90,0.126148
461.39,0.127916
461.87,0.130103
462.35,0.132687
462.83,0.135587
463.31,0.138659
463.80,0.141729
464.28,0.144658
464.76,0.147350
465.24,0.149769
465.72,0.151930
466.21,0.153862
466.69,0.155560
467.17,0.156963
467.65,0.157936
468.14,0.158310
468.62,0.157957
469.10,0.156839
469.58,0.155065
470.06,0.152876
470.55,0.150635
471.03,0.148728
471.51,0.147522
471.99,0.147286
472.47,0.148079
472.96,0.149686
473.44,0.151634
473.92,0.153366
474.40,0.154355
474.88,0.154226
475.37,0.152832
475.85,0.150243
476.33,0.146813
476.81,0.143124
477.30,0.139940
477.78,0.137916
478.26,0.137331
478.74,0.138002
479.22,0.139350
479.71,0.140653
480.19,0.141248
480.67,0.140814
481.15,0.139475
481.63,0.137810
482.12,0.136608
482.60,0.136614
483.08,0.138250
483.56,0.141447
484.05,0.145676
484.53,0.150078
485.01,0.153797
485.49,0.156157
485.97,0.156892
486.46,0.156163
486.94,0.154462
487.42,0.152452
487.90,0.150783
488.38,0.150053
488.87,0.150644
489.35,0.152647
489.83,0.155829
490.31,0.159659
490.79,0.163443
491.28,0.166435
491.76,0.168105
492.24,0.168286
492.72,0.167252
493.21,0.165574
493.69,0.163878
494.17,0.162558
494.65,0.161612
495.13,0.160701
495.62,0.159338
496.10,0.157166
496.58,0.154115
497.06,0.150485
497.54,0.146782
498.03,0.143541
498.51,0.141079
498.99,0.139408
499.47,0.138295
499.95,0.137435
500.44,0.136659
500.92,0.136064
501.40,0.136004
501.88,0.136922
502.37,0.139120
502.85,0.142572
503.33,0.146946
503.81,0.151770
504.29,0.156664
504.78,0.161437
505.26,0.166063
505.74,0.170563
506.22,0.174833
506.70,0.178556
507.19,0.181292
507.67,0.182647
508.15,0.182560
508.63,0.181404
509.12,0.179936
509.60,0.179012
510.08,0.179265
510.56,0.180943
511.04,0.183775
511.53,0.187086
512.01,0.189977
512.49,0.191701
512.97,0.191881
513.45,0.190541
513.94,0.187989
514.42,0.184634
514.90,0.180876
515.38,0.177016
515.86,0.173337
516.35,0.170152
516.83,0.167795
517.31,0.166586
517.79,0.166695
518.28,0.168044
518.76,0.170293
519.24,0.172937
519.72,0.175519
520.20,0.177750
520.69,0.179639
521.17,0.181434
521.65,0.183533
522.13,0.186297
522.61,0.189917
523.10,0.194354
523.58,0.199330
524.06,0.204400
524.54,0.209009
525.03,0.212654
525.51,0.214950
525.99,0.215730
526.47,0.215102
526.95,0.213452
527.44,0.211375
527.92,0.209467
528.40,0.208244
528.88,0.208006
529.36,0.208790
529.85,0.210412
530.33,0.212531
530.81,0.214798
531.29,0.216950
531.77,0.218937
532.26,0.220902
532.74,0.223103
533.22,0.225735
533.70,0.228808
534.19,0.232081
534.67,0.235134
535.15,0.237534
535.63,0.239002
536.11,0.239546
536.60,0.239420
537.08,0.239005
537.56,0.238619
538.04,0.238422
538.52,0.238371
539.01,0.238283
539.49,0.237926
539.97,0.237150
540.45,0.235956
540.93,0.234503
541.42,0.233066
541.90,0.231940
542.38,0.231391
542.86,0.231565
543.35,0.232459
543.83,0.233929
544.31,0.235735
544.79,0.237617
545.27,0.239347
545.76,0.240829
546.24,0.242115
546.72,0.243387
547.20,0.244850
547.68,0.246632
548.17,0.248688
548.65,0.250805
549.13,0.252638
549.61,0.253857
550.10,0.254301
550.58,0.254051
551.06,0.253430
551.54,0.252834
552.02,0.252602
552.51,0.252847
552.99,0.253448
553.47,0.254123
553.95,0.254594
554.43,0.254741
554.92,0.254665
555.40,0.254648
555.88,0.255014
556.36,0.255986
556.84,0.257561
557.33,0.259510
557.81,0.261448
558.29,0.263009
558.77,0.263943
559.26,0.264178
559.74,0.263785
560.22,0.262897
560.70,0.261626
561.18,0.260021
561.67,0.258081
562.15,0.255783
562.63,0.253118
563.11,0.250100
563.59,0.246761
564.08,0.243148
564.56,0.239345
565.04,0.235504
565.52,0.231855
566.00,0.228711
566.49,0.226364
566.97,0.224988
567.45,0.224537
567.93,0.224710
568.42,0.224995
568.90,0.224790
569.38,0.223649
569.86,0.221396
570.34,0.218207
570.83,0.214492
571.31,0.210745
571.79,0.207347
572.27,0.204433
572.75,0.201919
573.24,0.199567
573.72,0.197136
574.20,0.194481
574.68,0.191639
575.17,0.188797
575.65,0.186234
576.13,0.184183
576.61,0.182749
577.09,0.181884
577.58,0.181436
578.06,0.181244
578.54,0.181201
579.02,0.181297
579.50,0.181593
579.99,0.182170
580.47,0.183054
580.95,0.184180
581.43,0.185384
581.91,0.186460
582.40,0.187196
582.88,0.187439
583.36,0.187112
583.84,0.186205
584.33,0.184774
584.81,0.182919
585.29,0.180787
585.77,0.178546
586.25,0.176371
586.74,0.174450
587.22,0.172955
587.70,0.172035
588.18,0.171809
588.66,0.172324
589.15,0.173543
589.63,0.175322
590.11,0.177439
590.59,0.179618
591.08,0.181579
591.56,0.183135
592.04,0.184215
592.52,0.184901
593.00,0.185368
593.49,0.185823
593.97,0.186398
594.45,0.187100
594.93,0.187811
595.41,0.188344
595.90,0.188530
596.38,0.188277
596.86,0.187620
597.34,0.186698
597.82,0.185697
598.31,0.184768
598.79,0.183980
599.27,0.183322
599.75,0.182744
600.24,0.182208
600.72,0.181732
601.20,0.181372
601.68,0.181178
602.16,0.181126
602.65,0.181087
603.13,0.180824
603.61,0.180050
604.09,0.178542
604.57,0.176194
605.06,0.173081
605.54,0.169423
606.02,0.165529
606.50,0.161703
606.98,0.158179
607.47,0.155124
607.95,0.152621
608.43,0.150691
608.91,0.149297
609.40,0.148344
609.88,0.147675
610.36,0.147066
610.84,0.146286
611.32,0.145135
611.81,0.143509
612.29,0.141442
612.77,0.139093
613.25,0.136686
613.73,0.134406
614.22,0.132346
614.70,0.130468
615.18,0.128637
615.66,0.126673
616.15,0.124446
616.63,0.121937
617.11,0.119258
617.59,0.116612
618.07,0.114218
618.56,0.112252
619.04,0.110785
619.52,0.109787
620.00,0.109152
620.48,0.108750
620.97,0.108463
621.45,0.108198
621.93,0.107894
622.41,0.107499
622.89,0.106957
623.38,0.106211
623.86,0.105213
624.34,0.103944
624.82,0.102438
625.31,0.100781
625.79,0.099103
626.27,0.097540
626.75,0.096212
627.23,0.095189
627.72,0.094473
628.20,0.094008
628.68,0.093695
629.16,0.093423
629.64,0.093085
630.13,0.092611
630.61,0.091978
631.09,0.091210
631.57,0.090365
632.05,0.089519
632.54,0.088736
633.02,0.088054
633.50,0.087478
633.98,0.086991
634.47,0.086571
634.95,0.086210
635.43,0.085926
635.91,0.085760
636.39,0.085757
636.88,0.085949
637.36,0.086334
637.84,0.086875
638.32,0.087517
638.80,0.088201
639.29,0.088883
639.77,0.089541
640.25,0.090170
640.73,0.090762
641.22,0.091297
641.70,0.091735
642.18,0.092027
642.66,0.092137
643.14,0.092061
643.63,0.091836
644.11,0.091524
644.59,0.091195
645.07,0.090897
645.55,0.090649
646.04,0.090444
646.52,0.090278
647.00,0.090168
647.48,0.090167
647.96,0.090338
648.45,0.090724
648.93,0.091311
649.41,0.092007
649.89,0.092666
650.38,0.093127
650.86,0.093285
651.34,0.093128
651.82,0.092753
652.30,0.092316
652.79,0.091974
653.27,0.091825
653.75,0.091869
654.23,0.092022
654.71,0.092161
655.20,0.092194
655.68,0.092097
656.16,0.091931
656.64,0.091800
657.13,0.091806
657.61,0.091995
658.09,0.092338
658.57,0.092753
659.05,0.093152
659.54,0.093497
660.02,0.093821
660.50,0.094209
660.98,0.094754
661.46,0.095499
661.95,0.096397
662.43,0.097314
662.91,0.098059
663.39,0.098472
663.87,0.098468
664.36,0.098065
664.84,0.097361
665.32,0.096493
665.80,0.095602
666.29,0.094800
666.77,0.094190
667.25,0.093869
667.73,0.093925
668.21,0.094383
668.70,0.095143
669.18,0.095998
669.66,0.096740
670.14,0.097245
670.62,0.097483
671.11,0.097477
671.59,0.097283
672.07,0.096981
672.55,0.096679
673.03,0.096484
673.52,0.096476
674.00,0.096680
674.48,0.097044
674.96,0.097454
675.45,0.097761
675.93,0.097839
676.41,0.097610
676.89,0.097070
677.37,0.096283
677.86,0.095363
678.34,0.094436
678.82,0.093601
679.30,0.092923
679.78,0.092424
680.27,0.092095
680.75,0.091908
681.23,0.091837
681.71,0.091871
682.20,0.092017
682.68,0.092293
683.16,0.092708
683.64,0.093245
684.12,0.093837
684.61,0.094366
685.09,0.094670
685.57,0.094594
686.05,0.094021
686.53,0.092924
687.02,0.091377
687.50,0.089569
687.98,0.087770
688.46,0.086261
688.94,0.085294
689.43,0.085015
689.91,0.085436
690.39,0.086443
690.87,0.087831
691.36,0.089365
691.84,0.090806
692.32,0.091964
692.80,0.092731
693.28,0.093072
693.77,0.093025
694.25,0.092680
694.73,0.092153
695.21,0.091558
695.69,0.090998
696.18,0.090560
696.66,0.090307
697.14,0.090280
697.62,0.090499
698.11,0.090952
698.59,0.091588
699.07,0.092308
699.55,0.092982
700.03,0.093455
700.52,0.093585
701.00,0.093291
701.48,0.092568
701.96,0.091499
702.44,0.090227
702.93,0.088934
703.41,0.087785
703.89,0.086888
704.37,0.086287
704.85,0.085960
705.34,0.085853
705.82,0.085916
706.30,0.086125
706.78,0.086494
707.27,0.087047
707.75,0.087789
708.23,0.088683
708.71,0.089640
709.19,0.090545
709.68,0.091283
710.16,0.091775
710.64,0.092007
711.12,0.092030
711.60,0.091943
712.09,0.091853
712.57,0.091857
713.05,0.092010
713.53,0.092317
714.01,0.092746
714.50,0.093234
714.98,0.093710
715.46,0.094098
715.94,0.094338
716.43,0.094390
716.91,0.094247
717.39,0.093934
717.87,0.093518
718.35,0.093094
718.84,0.092765
719.32,0.092620
719.80,0.092714
720.28,0.093047
720.76,0.093569
721.25,0.094187
721.73,0.094801
722.21,0.095308
722.69,0.095619
723.17,0.095673
723.66,0.095427
724.14,0.094864
724.62,0.094002
725.10,0.092893
725.59,0.091629
726.07,0.090321
726.55,0.089095
727.03,0.088049
727.51,0.087236
728.00,0.086653
728.48,0.086254
728.96,0.085971
729.44,0.085746
729.92,0.085555
730.41,0.085414
730.89,0.085362
731.37,0.085430
731.85,0.085622
732.34,0.085895
732.82,0.086168
733.30,0.086334
733.78,0.086299
734.26,0.086005
734.75,0.085445
735.23,0.084664
735.71,0.083739
736.19,0.082768
736.67,0.081832
737.16,0.080994
737.64,0.080284
738.12,0.079703
738.60,0.079232
739.08,0.078842
739.57,0.078509
740.05,0.078229
740.53,0.078020
741.01,0.077920
741.50,0.077969
741.98,0.078188
742.46,0.078559
742.94,0.079021
743.42,0.079474
743.91,0.079822
744.39,0.079988
744.87,0.079945
745.35,0.079718
745.83,0.079371
746.32,0.078969
746.80,0.078555
747.28,0.078132
747.76,0.077678
748.25,0.077164
748.73,0.076594
749.21,0.076020
749.69,0.075535
750.17,0.075246
750.66,0.075221
751.14,0.075462
751.62,0.075885
752.10,0.076352
752.58,0.076704
753.07,0.076819
753.55,0.076649
754.03,0.076235
754.51,0.075679
754.99,0.075102
755.48,0.074609
755.96,0.074253
756.44,0.074032
756.92,0.073901
757.41,0.073797
757.89,0.073669
758.37,0.073480
758.85,0.073217
759.33,0.072881
759.82,0.072482
760.30,0.072031
760.78,0.071545
761.26,0.071049
761.74,0.070577
762.23,0.070167
762.71,0.069856
763.19,0.069668
763.67,0.069607
764.15,0.069658
764.64,0.069790
765.12,0.069962
765.60,0.070129
766.08,0.070260
766.57,0.070333
767.05,0.070348
767.53,0.070321
768.01,0.070283
768.49,0.070265
768.98,0.070290
769.46,0.070360
769.94,0.070453
770.42,0.070524
770.90,0.070517
771.39,0.070389
771.87,0.070119
772.35,0.069725
772.83,0.069249
773.32,0.068752
773.80,0.068292
774.28,0.067900
774.76,0.067579
775.24,0.067302
775.73,0.067036
776.21,0.066749
776.69,0.066426
777.17,0.066078
777.65,0.065731
778.14,0.065417
778.62,0.065164
779.10,0.064989
779.58,0.064897
780.06,0.064877
780.55,0.064910
781.03,0.064966
781.51,0.065017
781.99,0.065035
782.48,0.065005
782.96,0.064929
783.44,0.064827
783.92,0.064730
784.40,0.064671
784.89,0.064665
785.37,0.064704
785.85,0.064751
786.33,0.064754
786.81,0.064669
787.30,0.064480
787.78,0.064208
788.26,0.063911
788.74,0.063663
789.23,0.063525
789.71,0.063523
790.19,0.063637
790.67,0.063807
791.15,0.063959
791.64,0.064017
792.12,0.063934
792.60,0.063696
793.08,0.063315
793.56,0.062820
794.05,0.062247
794.53,0.061634
795.01,0.061019
795.49,0.060442
795.97,0.059950
796.46,0.059581
796.94,0.059361
797.42,0.059291
797.90,0.059346
798.39,0.059483
798.87,0.059656
799.35,0.059836
799.83,0.060008
800.31,0.060174
800.80,0.060339
801.28,0.060492
801.76,0.060607
802.24,0.060648
802.72,0.060584
803.21,0.060416
803.69,0.060190
804.17,0.059999
804.65,0.059957
805.13,0.060170
805.62,0.060697
806.10,0.061529
806.58,0.062580
807.06,0.063707
807.55,0.064751
808.03,0.065564
808.51,0.066055
808.99,0.066207
809.47,0.066072
809.96,0.065753
810.44,0.065366
810.92,0.065018
811.40,0.064773
811.88,0.064645
812.37,0.064601
812.85,0.064580
813.33,0.064513
813.81,0.064347
814.30,0.064064
814.78,0.063685
815.26,0.063263
815.74,0.062862
816.22,0.062544
816.71,0.062345
817.19,0.062272
817.67,0.062299
818.15,0.062377
818.63,0.062451
819.12,0.062469
819.60,0.062392
820.08,0.062212
820.56,0.061949
821.04,0.061653
821.53,0.061390
822.01,0.061234
822.49,0.061243
822.97,0.061440
823.46,0.061801
823.94,0.062263
824.42,0.062738
824.90,0.063130
825.38,0.063377
825.87,0.063457
826.35,0.063393
826.83,0.063236
827.31,0.063047
827.79,0.062873
828.28,0.062730
828.76,0.062608
829.24,0.062486
829.72,0.062343
830.21,0.062175
830.69,0.061993
831.17,0.061816
831.65,0.061661
832.13,0.061533
832.62,0.061429
833.10,0.061340
833.58,0.061269
834.06,0.061227
834.54,0.061238
835.03,0.061321
835.51,0.061480
835.99,0.061701
836.47,0.061958
836.95,0.062224
837.44,0.062487
837.92,0.062757
838.40,0.063064
838.88,0.063435
839.37,0.063876
839.85,0.064358
840.33,0.064823
840.81,0.065201
841.29,0.065436
841.78,0.065513
842.26,0.065457
842.74,0.065333
843.22,0.065210
843.70,0.065137
844.19,0.065131
844.67,0.065179
845.15,0.065252
845.63,0.065337
846.11,0.065448
846.60,0.065626
847.08,0.065926
847.56,0.066380
848.04,0.066981
848.53,0.067669
849.01,0.068354
849.49,0.068931
849.97,0.069318
850.45,0.069482
850.94,0.069445
851.42,0.069270
851.90,0.069043
852.38,0.068847
852.86,0.068748
853.35,0.068780
853.83,0.068951
854.31,0.069251
854.79,0.069657
855.27,0.070141
855.76,0.070677
856.24,0.071241
856.72,0.071815
857.20,0.072388
857.69,0.072961
858.17,0.073540
858.65,0.074135
859.13,0.074754
859.61,0.075396
860.10,0.076051
860.58,0.076703
861.06,0.077338
861.54,0.077954
862.02,0.078564
862.51,0.079201
862.99,0.079907
863.47,0.080727
863.95,0.081698
864.44,0.082832
864.92,0.084116
865.40,0.085511
865.88,0.086958
866.36,0.088388
866.85,0.089736
867.33,0.090953
867.81,0.092007
868.29,0.092886
868.77,0.093592
869.26,0.094133
869.74,0.094508
870.22,0.094710
870.70,0.094717
871.18,0.094505
871.67,0.094054
872.15,0.093364
872.63,0.092461
873.11,0.091398
873.60,0.090250
874.08,0.089091
874.56,0.087993
875.04,0.087013
875.52,0.086183
876.01,0.085519
876.49,0.085016
876.97,0.084648
877.45,0.084363
877.93,0.084093
878.42,0.083754
878.90,0.083257
879.38,0.082532
879.86,0.081535
880.35,0.080259
880.83,0.078733
881.31,0.077015
881.79,0.075184
882.27,0.073320
882.76,0.071514
883.24,0.069851
883.72,0.068410
884.20,0.067260
884.68,0.066436
885.17,0.065935
885.65,0.065707
886.13,0.065666
886.61,0.065711
887.09,0.065754
887.58,0.065745
888.06,0.065682
888.54,0.065596
889.02,0.065534
889.51,0.065524
889.99,0.065564
890.47,0.065618
890.95,0.065633
891.43,0.065573
891.92,0.065431
892.40,0.065250
892.88,0.065099
893.36,0.065051
893.84,0.065158
894.33,0.065427
894.81,0.065826
895.29,0.066295
895.77,0.066773
896.25,0.067221
896.74,0.067628
897.22,0.068004
897.70,0.068372
898.18,0.068746
898.67,0.069124
899.15,0.069485
899.63,0.069799
900.11,0.070037
900.59,0.070180
901.08,0.070221
901.56,0.070163
902.04,0.070017
902.52,0.069800
903.00,0.069529
903.49,0.069234
903.97,0.068948
904.45,0.068712
904.93,0.068567
905.42,0.068546
905.90,0.068666
906.38,0.068931
906.86,0.069321
907.34,0.069806
907.83,0.070341
908.31,0.070878
908.79,0.071371
909.27,0.071781
909.75,0.072080
910.24,0.072257
910.72,0.072321
911.20,0.072295
911.68,0.072218
912.16,0.072134
912.65,0.072083
913.13,0.072098
913.61,0.072206
914.09,0.072423
914.58,0.072759
915.06,0.073210
915.54,0.073761
916.02,0.074376
916.50,0.075006
916.99,0.075599
917.47,0.076107
917.95,0.076513
918.43,0.076830
918.91,0.077103
919.40,0.077391
919.88,0.077750
920.36,0.078210
920.84,0.078760
921.33,0.079359
921.81,0.079937
922.29,0.080430
922.77,0.080787
923.25,0.080983
923.74,0.081027
924.22,0.080951
924.70,0.080807
925.18,0.080659
925.66,0.080583
926.15,0.080656
926.63,0.080941
927.11,0.081472
927.59,0.082238
928.07,0.083176
928.56,0.084180
929.04,0.085134
929.52,0.085946
930.00,0.086574
930.49,0.087041
930.97,0.087424
931.45,0.087821
931.93,0.088306
932.41,0.088914
932.90,0.089629
933.38,0.090408
933.86,0.091215
934.34,0.092039
934.82,0.092907
935.31,0.093862
935.79,0.094935
936.27,0.096111
936.75,0.097326
937.23,0.098478
937.72,0.099475
938.20,0.100266
938.68,0.100866
939.16,0.101354
939.65,0.101840
940.13,0.102416
940.61,0.103126
941.09,0.103953
941.57,0.104843
942.06,0.105730
942.54,0.106578
943.02,0.107389
943.50,0.108200
943.98,0.109053
944.47,0.109966
944.95,0.110923
945.43,0.111872
945.91,0.112762
946.39,0.113560
946.88,0.114281
947.36,0.114976
947.84,0.115723
948.32,0.116590
948.81,0.117613
949.29,0.118792
949.77,0.120096
950.25,0.121483
950.73,0.122911
951.22,0.124355
951.70,0.125790
952.18,0.127189
952.66,0.128512
953.14,0.129709
953.63,0.130733
954.11,0.131563
954.59,0.132214
955.07,0.132742
955.56,0.133219
956.04,0.133724
956.52,0.134309
957.00,0.134991
957.48,0.135752
957.97,0.136551
958.45,0.137342
958.93,0.138089
959.41,0.138770
959.89,0.139385
960.38,0.139940
960.86,0.140451
961.34,0.140928
961.82,0.141378
962.30,0.141806
962.79,0.142208
963.27,0.142582
963.75,0.142927
964.23,0.143247
964.72,0.143548
965.20,0.143839
965.68,0.144121
966.16,0.144383
966.64,0.144598
967.13,0.144725
967.61,0.144732
968.09,0.144612
968.57,0.144399
969.05,0.144182
969.54,0.144076
970.02,0.144210
970.50,0.144679
970.98,0.145519
971.47,0.146701
971.95,0.148145
972.43,0.149754
972.91,0.151441
973.39,0.153159
973.88,0.154896
974.36,0.156660
974.84,0.158456
975.32,0.160263
975.80,0.162038
976.29,0.163731
976.77,0.165311
977.25,0.166791
977.73,0.168224
978.21,0.169696
978.70,0.171292
979.18,0.173059
979.66,0.175001
980.14,0.177072
980.63,0.179202
981.11,0.181316
981.59,0.183355
982.07,0.185287
982.55,0.187096
983.04,0.188783
983.52,0.190354
984.00,0.191825
984.48,0.193226
984.96,0.194601
985.45,0.196000
985.93,0.197460
986.41,0.198991
986.89,0.200565
987.37,0.202130
987.86,0.203629
988.34,0.205038
988.82,0.206379
989.30,0.207729
989.79,0.209185
990.27,0.210826
990.75,0.212676
991.23,0.214682
991.71,0.216733
992.20,0.218675
992.68,0.220373
993.16,0.221749
993.64,0.222795
994.12,0.223568
994.61,0.224170
995.09,0.224720
995.57,0.225317
996.05,0.226030
996.54,0.226892
997.02,0.227896
997.50,0.229007
997.98,0.230165
998.46,0.231307
998.95,0.232377
999.43,0.233345
999.91,0.234211
1000.39,0.235007
1000.87,0.235780
1001.36,0.236565
1001.84,0.237371
1002.32,0.238173
1002.80,0.238921
1003.28,0.239560
1003.77,0.240059
1004.25,0.240420
1004.73,0.240680
1005.21,0.240890
1005.70,0.241095
1006.18,0.241318
1006.66,0.241555
1007.14,0.241790
1007.62,0.242010
1008.11,0.242216
1008.59,0.242420
1009.07,0.242637
1009.55,0.242864
1010.03,0.243074
1010.52,0.243220
1011.00,0.243258
1011.48,0.243161
1011.96,0.242937
1012.45,0.242619
1012.93,0.242257
1013.41,0.241888
1013.89,0.241528
1014.37,0.241170
1014.86,0.240800
1015.34,0.240412
1015.82,0.240020
1016.30,0.239653
1016.78,0.239333
1017.27,0.239063
1017.75,0.238812
1018.23,0.238523
1018.71,0.238133
1019.20,0.237598
1019.68,0.236912
1020.16,0.236106
1020.64,0.235228
1021.12,0.234324
1021.61,0.233421
1022.09,0.232523
1022.57,0.231623
1023.05,0.230716
1023.53,0.229814
1024.02,0.228938
1024.50,0.228108
1024.98,0.227323
1025.46,0.226553
1025.94,0.225748
1026.43,0.224854
1026.91,0.223834
1027.39,0.222689
1027.87,0.221452
1028.36,0.220177
1028.84,0.218911
1029.32,0.217683
1029.80,0.216494
1030.28,0.215329
1030.77,0.214165
1031.25,0.212988
1031.73,0.211794
1032.21,0.210584
1032.69,0.209359
1033.18,0.208110
1033.66,0.206834
1034.14,0.205534
1034.62,0.204236
1035.10,0.202986
1035.59,0.201834
1036.07,0.200811
1036.55,0.199916
1037.03,0.199103
1037.52,0.198297
1038.00,0.197416
1038.48,0.196408
1038.96,0.195262
1039.44,0.194014
1039.93,0.192720
1040.41,0.191438
1040.89,0.190194
1041.37,0.188980
1041.85,0.187760
1042.34,0.186492
1042.82,0.185154
1043.30,0.183761
1043.78,0.182356
1044.27,0.180998
1044.75,0.179740
1045.23,0.178614
1045.71,0.177621
1046.19,0.176735
1046.67,0.175925
1047.16,0.175162
1047.64,0.174434
1048.12,0.173746
1048.60,0.173113
1049.09,0.172550
1049.57,0.172061
1050.05,0.171627
1050.53,0.171204
1051.01,0.170730
1051.50,0.170133
1051.98,0.169346
1052.46,0.168328
1052.94,0.167080
1053.42,0.165650
1053.91,0.164121
1054.39,0.162605
1054.87,0.161209
1055.35,0.160007
1055.84,0.159036
1056.32,0.158281
1056.80,0.157696
1057.28,0.157210
1057.76,0.156754
1058.25,0.156271
1058.73,0.155716
1059.21,0.155061
1059.69,0.154287
1060.17,0.153385
1060.66,0.152362
1061.14,0.151241
1061.62,0.150073
1062.10,0.148921
1062.59,0.147858
1063.07,0.146945
1063.55,0.146217
1064.03,0.145673
1064.51,0.145274
1065.00,0.144960
1065.48,0.144651
1065.96,0.144273
1066.44,0.143763
1066.92,0.143080
1067.41,0.142207
1067.89,0.141150
1068.37,0.139941
1068.85,0.138630
1069.34,0.137280
1069.82,0.135954
1070.30,0.134707
1070.78,0.133573
1071.26,0.132567
1071.74,0.131686
1072.23,0.130914
1072.71,0.130234
1073.19,0.129631
1073.67,0.129091
1074.16,0.128598
1074.64,0.128133
1075.12,0.127668
1075.60,0.127176
1076.08,0.126635
1076.57,0.126033
1077.05,0.125378
1077.53,0.124686
1078.01,0.123978
1078.49,0.123268
1078.98,0.122556
1079.46,0.121831
1079.94,0.121077
1080.42,0.120284
1080.91,0.119460
1081.39,0.118628
1081.87,0.117828
1082.35,0.117100
1082.83,0.116477
1083.32,0.115972
1083.80,0.115579
1084.28,0.115270
1084.76,0.115003
1085.24,0.114722
1085.73,0.114378
1086.21,0.113923
1086.69,0.113328
1087.17,0.112583
1087.65,0.111710
1088.14,0.110751
1088.62,0.109768
1089.10,0.108828
1089.58,0.107988
1090.07,0.107284
1090.55,0.106727
1091.03,0.106304
1091.51,0.105987
1091.99,0.105737
1092.48,0.105515
1092.96,0.105286
1093.44,0.105017
1093.92,0.104683
1094.40,0.104265
1094.89,0.103758
1095.37,0.103165
1095.85,0.102508
1096.33,0.101811
1096.82,0.101100
1097.30,0.100392
1097.78,0.099694
1098.26,0.099000
1098.74,0.098306
1099.23,0.097608
1099.71,0.096913
1100.19,0.096232
1100.67,0.095572
1101.15,0.094926
1101.64,0.094274
1102.12,0.093584
1102.60,0.092827
1103.08,0.091990
1103.57,0.091085
1104.05,0.090147
1104.53,0.089225
1105.01,0.088358
1105.49,0.087567
1105.98,0.086840
1106.46,0.086147
1106.94,0.085444
1107.42,0.084699
1107.90,0.083895
1108.39,0.083038
1108.87,0.082146
1109.35,0.081240
1109.83,0.080336
1110.32,0.079438
1110.80,0.078545
1111.28,0.077648
1111.76,0.076743
1112.24,0.075825
1112.72,0.074889
1113.21,0.073930
1113.69,0.072941
1114.17,0.071917
1114.65,0.070862
1115.14,0.069790
1115.62,0.068724
1116.10,0.067687
1116.58,0.066699
1117.06,0.065767
1117.55,0.064884
1118.03,0.064041
1118.51,0.063223
1118.99,0.062423
1119.47,0.061633
1119.96,0.060837
1120.44,0.060009
1120.92,0.059106
1121.40,0.058080
1121.88,0.056893
1122.37,0.055540
1122.85,0.054059
1123.33,0.052528
1123.81,0.051056
1124.30,0.049735
1124.78,0.048627
1125.26,0.047734
1125.74,0.047004
1126.22,0.046349
1126.71,0.045675
1127.19,0.044919
1127.67,0.044065
1128.15,0.043145
1128.63,0.042222
1129.12,0.041367
1129.60,0.040626
1130.08,0.040008
1130.56,0.039483
1131.05,0.038996
1131.53,0.038486
1132.01,0.037904
1132.49,0.037230
1132.97,0.036478
1133.46,0.035688
1133.94,0.034911
1134.42,0.034201
1134.90,0.033598
1135.38,0.033115
1135.87,0.032744
1136.35,0.032451
1136.83,0.032193
1137.31,0.031924
1137.80,0.031610
1138.28,0.031236
1138.76,0.030806
1139.24,0.030341
1139.72,0.029867
1140.21,0.029409
1140.69,0.028986
1141.17,0.028606
1141.65,0.028267
1142.13,0.027963
1142.62,0.027684
1143.10,0.027416
1143.58,0.027146
1144.06,0.026855
1144.55,0.026528
1145.03,0.026154
1145.51,0.025733
1145.99,0.025279
1146.47,0.024816
1146.96,0.024374
1147.44,0.023980
1147.92,0.023648
1148.40,0.023377
1148.88,0.023158
1149.37,0.022982
1149.85,0.022845
1150.33,0.022756
1150.81,0.022730
1151.30,0.022776
1151.78,0.022890
1152.26,0.023047
1152.74,0.023200
1153.22,0.023300
1153.70,0.023309
1154.19,0.023215
1154.67,0.023036
1155.15,0.022811
1155.63,0.022586
1156.12,0.022393
1156.60,0.022241
1157.08,0.022114
1157.56,0.021983
1158.04,0.021821
1158.53,0.021618
1159.01,0.021383
1159.49,0.021144
1159.97,0.020932
1160.45,0.020768
1160.94,0.020661
1161.42,0.020603
1161.90,0.020577
1162.38,0.020566
1162.87,0.020556
1163.35,0.020539
1163.83,0.020507
1164.31,0.020452
1164.79,0.020368
1165.28,0.020255
1165.76,0.020122
1166.24,0.019994
1166.72,0.019910
1167.20,0.019904
1167.69,0.019995
1168.17,0.020172
1168.65,0.020394
1169.13,0.020595
1169.62,0.020707
1170.10,0.020680
1170.58,0.020498
1171.06,0.020186
1171.54,0.019791
1172.03,0.019374
1172.51,0.018983
1172.99,0.018640
1173.47,0.018346
1173.95,0.018084
1174.44,0.017841
1174.92,0.017614
1175.40,0.017419
1175.88,0.017280
1176.37,0.017224
1176.85,0.017261
1177.33,0.017379
1177.81,0.017546
1178.29,0.017723
1178.78,0.017870
1179.26,0.017964
1179.74,0.017998
1180.22,0.017981
1180.70,0.017932
1181.19,0.017871
1181.67,0.017809
1182.15,0.017753
1182.63,0.017704
1183.11,0.017664
1183.60,0.017638
1184.08,0.017634
1184.56,0.017660
1185.04,0.017721
1185.53,0.017817
1186.01,0.017938
1186.49,0.018070
1186.97,0.018198
1187.45,0.018307
1187.94,0.018391
1188.42,0.018446
1188.90,0.018472
1189.38,0.018466
1189.86,0.018428
1190.35,0.018355
1190.83,0.018251
1191.31,0.018125
1191.79,0.017997
1192.28,0.017889
1192.76,0.017823
1193.24,0.017814
1193.72,0.017862
1194.20,0.017954
1194.68,0.018065
1195.17,0.018169
1195.65,0.018246
1196.13,0.018286
1196.61,0.018294
1197.10,0.018281
1197.58,0.018259
1198.06,0.018238
1198.54,0.018219
1199.02,0.018201
1199.51,0.018181
1199.99,0.018161
1200.47,0.018150
1200.95,0.018159
1201.43,0.018197
1201.92,0.018261
1202.40,0.018340
1202.88,0.018413
1203.36,0.018460
1203.85,0.018468
1204.33,0.018437
1204.81,0.018380
1205.29,0.018317
1205.77,0.018265
1206.26,0.018231
1206.74,0.018208
1207.22,0.018180
1207.70,0.018129
1208.18,0.018046
1208.67,0.017932
1209.15,0.017803
1209.63,0.017680
1210.11,0.017580
1210.60,0.017510
1211.08,0.017468
1211.56,0.017440
1212.04,0.017412
1212.52,0.017376
1213.01,0.017333
1213.49,0.017293
1213.97,0.017275
1214.45,0.017296
1214.93,0.017369
1215.42,0.017498
1215.90,0.017680
1216.38,0.017907
1216.86,0.018164
1217.35,0.018434
1217.83,0.018699
1218.31,0.018939
1218.79,0.019137
1219.27,0.019283
1219.76,0.019374
1220.24,0.019417
1220.72,0.019431
1221.20,0.019442
1221.68,0.019476
1222.17,0.019561
1222.65,0.019713
1223.13,0.019940
1223.61,0.020235
1224.09,0.020581
1224.58,0.020947
1225.06,0.021300
1225.54,0.021611
1226.02,0.021858
1226.51,0.022039
1226.99,0.022168
1227.47,0.022275
1227.95,0.022394
1228.43,0.022555
1228.91,0.022770
1229.40,0.023035
1229.88,0.023329
1230.36,0.023626
1230.84,0.023903
1231.33,0.024150
1231.81,0.024370
1232.29,0.024574
1232.77,0.024772
1233.26,0.024966
1233.74,0.025144
1234.22,0.025289
1234.70,0.025386
1235.18,0.025432
1235.66,0.025440
1236.15,0.025434
1236.63,0.025443
1237.11,0.025490
1237.59,0.025582
1238.08,0.025707
1238.56,0.025843
1239.04,0.025965
1239.52,0.026055
1240.00,0.026108
1240.49,0.026126
1240.97,0.026119
1241.45,0.026097
1241.93,0.026063
1242.41,0.026020
1242.90,0.025971
1243.38,0.025921
1243.86,0.025881
1244.34,0.025857
1244.83,0.025851
1245.31,0.025848
1245.79,0.025825
1246.27,0.025753
1246.75,0.025608
1247.24,0.025383
1247.72,0.025095
1248.20,0.024782
1248.68,0.024495
1249.16,0.024280
1249.65,0.024172
1250.13,0.024180
1250.61,0.024289
1251.09,0.024460
1251.58,0.024648
1252.06,0.024805
1252.54,0.024891
1253.02,0.024884
1253.50,0.024777
1253.98,0.024583
1254.47,0.024326
1254.95,0.024041
1255.43,0.023767
1255.91,0.023536
1256.40,0.023371
1256.88,0.023280
1257.36,0.023257
1257.84,0.023283
1258.33,0.023336
1258.81,0.023397
1259.29,0.023449
1259.77,0.023481
1260.25,0.023484
1260.73,0.023446
1261.22,0.023358
1261.70,0.023212
1262.18,0.023010
1262.66,0.022766
1263.15,0.022513
1263.63,0.022292
1264.11,0.022141
1264.59,0.022089
1265.07,0.022138
1265.56,0.022263
1266.04,0.022418
1266.52,0.022549
1267.00,0.022613
1267.48,0.022587
1267.97,0.022476
1268.45,0.022308
1268.93,0.022124
1269.41,0.021963
1269.89,0.021848
1270.38,0.021786
1270.86,0.021765
1271.34,0.021764
1271.82,0.021761
1272.31,0.021746
1272.79,0.021719
1273.27,0.021692
1273.75,0.021680
1274.23,0.021697
1274.72,0.021747
1275.20,0.021828
1275.68,0.021930
1276.16,0.022043
1276.64,0.022158
1277.13,0.022271
1277.61,0.022381
1278.09,0.022486
1278.57,0.022581
1279.06,0.022656
1279.54,0.022695
1280.02,0.022682
1280.50,0.022606
1280.98,0.022466
1281.47,0.022271
1281.95,0.022041
1282.43,0.021802
1282.91,0.021582
1283.39,0.021407
1283.88,0.021300
1284.36,0.021275
1284.84,0.021338
1285.32,0.021485
1285.81,0.021698
1286.29,0.021948
1286.77,0.022194
1287.25,0.022390
1287.73,0.022496
1288.22,0.022486
1288.70,0.022354
1289.18,0.022119
1289.66,0.021813
1290.14,0.021481
1290.63,0.021159
1291.11,0.020882
1291.59,0.020669
1292.07,0.020533
1292.56,0.020476
1293.04,0.020498
1293.52,0.020591
1294.00,0.020737
1294.48,0.020915
1294.96,0.021093
1295.45,0.021244
1295.93,0.021348
1296.41,0.021401
1296.89,0.021415
1297.38,0.021416
1297.86,0.021428
1298.34,0.021470
1298.82,0.021542
1299.30,0.021633
1299.79,0.021725
1300.27,0.021805
1300.75,0.021874
1301.23,0.021945
1301.71,0.022040
1302.20,0.022177
1302.68,0.022358
1303.16,0.022565
1303.64,0.022763
1304.13,0.022913
1304.61,0.022985
1305.09,0.022966
1305.57,0.022868
1306.05,0.022719
1306.54,0.022557
1307.02,0.022411
1307.50,0.022305
1307.98,0.022246
1308.46,0.022233
1308.95,0.022260
1309.43,0.022319
1309.91,0.022404
1310.39,0.022506
1310.88,0.022618
1311.36,0.022729
1311.84,0.022826
1312.32,0.022902
1312.80,0.022953
1313.29,0.022982
1313.77,0.022998
1314.25,0.023011
1314.73,0.023030
1315.21,0.023060
1315.70,0.023105
1316.18,0.023166
1316.66,0.023246
1317.14,0.023346
1317.62,0.023462
1318.11,0.023588
1318.59,0.023710
1319.07,0.023813
1319.55,0.023883
1320.04,0.023916
1320.52,0.023919
1321.00,0.023908
1321.48,0.023905
1321.96,0.023929
1322.45,0.023989
1322.93,0.024086
1323.41,0.024207
1323.89,0.024338
1324.38,0.024459
1324.86,0.024557
1325.34,0.024623
1325.82,0.024658
1326.30,0.024667
1326.79,0.024662
1327.27,0.024656
1327.75,0.024658
1328.23,0.024674
1328.71,0.024703
1329.20,0.024737
1329.68,0.024765
1330.16,0.024778
1330.64,0.024773
1331.12,0.024756
1331.61,0.024745
1332.09,0.024762
1332.57,0.024828
1333.05,0.024956
1333.54,0.025148
1334.02,0.025392
1334.50,0.025673
1334.98,0.025970
1335.46,0.026265
1335.94,0.026539
1336.43,0.026778
1336.91,0.026960
1337.39,0.027070
1337.87,0.027093
1338.36,0.027030
1338.84,0.026896
1339.32,0.026734
1339.80,0.026599
1340.28,0.026540
1340.77,0.026586
1341.25,0.026728
1341.73,0.026933
1342.21,0.027157
1342.69,0.027368
1343.18,0.027553
1343.66,0.027719
1344.14,0.027885
1344.62,0.028071
1345.11,0.028287
1345.59,0.028527
1346.07,0.028772
1346.55,0.028992
1347.03,0.029163
1347.52,0.029273
1348.00,0.029318
1348.48,0.029307
1348.96,0.029250
1349.44,0.029157
1349.93,0.029036
1350.41,0.028895
1350.89,0.028746
1351.37,0.028610
1351.86,0.028513
1352.34,0.028482
1352.82,0.028535
1353.30,0.028680
1353.78,0.028905
1354.27,0.029188
1354.75,0.029496
1355.23,0.029796
1355.71,0.030061
1356.19,0.030274
1356.68,0.030429
1357.16,0.030531
1357.64,0.030593
1358.12,0.030635
1358.61,0.030677
1359.09,0.030739
1359.57,0.030838
1360.05,0.030981
1360.53,0.031172
1361.02,0.031414
1361.50,0.031708
1361.98,0.032064
1362.46,0.032493
1362.94,0.033002
1363.43,0.033583
1363.91,0.034209
1364.39,0.034839
1364.87,0.035437
1365.35,0.035984
1365.84,0.036483
1366.32,0.036955
1366.80,0.037432
1367.28,0.037948
1367.77,0.038523
1368.25,0.039158
1368.73,0.039823
1369.21,0.040478
1369.69,0.041077
1370.18,0.041594
1370.66,0.042027
1371.14,0.042401
1371.62,0.042756
1372.10,0.043137
1372.59,0.043590
1373.07,0.044152
1373.55,0.044847
1374.03,0.045677
1374.52,0.046613
1375.00,0.047603
1375.48,0.048577
1375.96,0.049481
1376.44,0.050287
1376.92,0.050996
1377.41,0.051632
1377.89,0.052225
1378.37,0.052806
1378.85,0.053393
1379.34,0.053990
1379.82,0.054585
1380.30,0.055159
1380.78,0.055696
1381.26,0.056196
1381.75,0.056672
1382.23,0.057153
1382.71,0.057671
1383.19,0.058250
1383.67,0.058898
1384.16,0.059605
1384.64,0.060351
1385.12,0.061115
1385.60,0.061878
1386.09,0.062633
1386.57,0.063380
1387.05,0.064124
1387.53,0.064863
1388.01,0.065593
1388.50,0.066303
1388.98,0.066984
1389.46,0.067635
1389.94,0.068263
1390.42,0.068878
1390.91,0.069497
1391.39,0.070132
1391.87,0.070795
1392.35,0.071489
1392.84,0.072215
1393.32,0.072965
1393.80,0.073727
1394.28,0.074482
1394.76,0.075211
1395.25,0.075897
1395.73,0.076534
1396.21,0.077129
1396.69,0.077691
1397.17,0.078228
1397.66,0.078742
1398.14,0.079231
1398.62,0.079698
1399.10,0.080157
1399.59,0.080636
1400.07,0.081167
1400.55,0.081774
1401.03,0.082460
1401.51,0.083209
1401.99,0.083991
1402.48,0.084778
1402.96,0.085545
1403.44,0.086276
1403.92,0.086965
1404.41,0.087617
1404.89,0.088236
1405.37,0.088823
1405.85,0.089374
1406.33,0.089876
1406.82,0.090321
1407.30,0.090709
1407.78,0.091054
1408.26,0.091374
1408.74,0.091690
1409.23,0.092016
1409.71,0.092355
1410.19,0.092702
1410.67,0.093045
1411.16,0.093372
1411.64,0.093680
1412.12,0.093966
1412.60,0.094233
1413.08,0.094481
1413.57,0.094705
1414.05,0.094901
1414.53,0.095070
1415.01,0.095219
1415.49,0.095361
1415.98,0.095502
1416.46,0.095636
1416.94,0.095725
1417.42,0.095698
1417.90,0.095465
1418.39,0.094948
1418.87,0.094152
1419.35,0.093215
1419.83,0.092384
1420.32,0.091884
1420.80,0.091795
1421.28,0.092054
1421.76,0.092514
1422.24,0.093015
1422.73,0.093400
1423.21,0.093553
1423.69,0.093399
1424.17,0.092930
1424.65,0.092220
1425.14,0.091407
1425.62,0.090638
1426.10,0.090006
1426.58,0.089540
1427.07,0.089210
1427.55,0.088966
1428.03,0.088754
1428.51,0.088538
1428.99,0.088305
1429.48,0.088064
1429.96,0.087837
1430.44,0.087645
1430.92,0.087498
1431.40,0.087391
1431.89,0.087312
1432.37,0.087251
1432.85,0.087204
1433.33,0.087175
1433.82,0.087164
1434.30,0.087166
1434.78,0.087157
1435.26,0.087095
1435.74,0.086924
1436.23,0.086595
1436.71,0.086100
1437.19,0.085505
1437.67,0.084937
1438.15,0.084509
1438.64,0.084263
1439.12,0.084176
1439.60,0.084192
1440.08,0.084254
1440.57,0.084319
1441.05,0.084363
1441.53,0.084376
1442.01,0.084365
1442.49,0.084338
1442.97,0.084304
1443.46,0.084266
1443.94,0.084223
1444.42,0.084173
1444.90,0.084121
1445.39,0.084073
1445.87,0.084033
1446.35,0.084004
1446.83,0.083977
1447.31,0.083938
1447.80,0.083875
1448.28,0.083790
1448.76,0.083710
1449.24,0.083674
1449.72,0.083716
1450.21,0.083852
1450.69,0.084068
1451.17,0.084331
1451.65,0.084598
1452.13,0.084829
1452.62,0.085003
1453.10,0.085123
1453.58,0.085211
1454.06,0.085297
1454.55,0.085396
1455.03,0.085496
1455.51,0.085550
1455.99,0.085474
1456.47,0.085177
1456.96,0.084624
1457.44,0.083925
1457.92,0.083330
1458.40,0.083068
1458.88,0.083180
1459.37,0.083553
1459.85,0.084041
1460.33,0.084541
1460.81,0.085011
1461.30,0.085442
1461.78,0.085851
1462.26,0.086256
1462.74,0.086669
1463.22,0.087088
1463.71,0.087499
1464.19,0.087879
1464.67,0.088202
1465.15,0.088461
1465.63,0.088661
1466.12,0.088817
1466.60,0.088934
1467.08,0.089007
1467.56,0.089020
1468.05,0.088966
1468.53,0.088849
1469.01,0.088688
1469.49,0.088501
1469.97,0.088295
1470.46,0.088047
1470.94,0.087686
1471.42,0.087099
1471.90,0.086156
1472.38,0.084785
1472.87,0.083069
1473.35,0.081260
1473.83,0.079655
1474.31,0.078403
1474.80,0.077463
1475.28,0.076675
1475.76,0.075884
1476.24,0.074988
1476.72,0.073973
1477.20,0.072890
1477.69,0.071823
1478.17,0.070839
1478.65,0.069957
1479.13,0.069159
1479.62,0.068406
1480.10,0.067659
1480.58,0.066897
1481.06,0.066118
1481.55,0.065336
1482.03,0.064568
1482.51,0.063828
1482.99,0.063118
1483.47,0.062437
1483.95,0.061790
1484.44,0.061189
1484.92,0.060653
1485.40,0.060197
1485.88,0.059827
1486.37,0.059529
1486.85,0.059273
1487.33,0.059019
1487.81,0.058730
1488.29,0.058385
1488.78,0.057981
1489.26,0.057535
1489.74,0.057077
1490.22,0.056649
1490.70,0.056298
1491.19,0.056062
1491.67,0.055968
1492.15,0.056016
1492.63,0.056189
1493.12,0.056452
1493.60,0.056765
1494.08,0.057080
1494.56,0.057343
1495.04,0.057503
1495.53,0.057517
1496.01,0.057366
1496.49,0.057071
1496.97,0.056691
1497.45,0.056313
1497.94,0.056001
1498.42,0.055787
1498.90,0.055668
1499.38,0.055628
1499.87,0.055652
1500.35,0.055728
1500.83,0.055845
1501.31,0.055983
1501.79,0.056115
1502.28,0.056215
1502.76,0.056264
1503.24,0.056253
1503.72,0.056189
1504.20,0.056090
1504.69,0.055976
1505.17,0.055866
1505.65,0.055770
1506.13,0.055677
1506.62,0.055553
1507.10,0.055360
1507.58,0.055107
1508.06,0.054866
1508.54,0.054709
1509.03,0.054656
1509.51,0.054685
1509.99,0.054764
1510.47,0.054872
1510.95,0.054999
1511.44,0.055141
1511.92,0.055300
1512.40,0.055479
1512.88,0.055677
1513.36,0.055889
1513.85,0.056107
1514.33,0.056317
1514.81,0.056501
1515.29,0.056637
1515.78,0.056695
1516.26,0.056652
1516.74,0.056500
1517.22,0.056277
1517.70,0.056058
1518.18,0.055936
1518.67,0.055975
1519.15,0.056201
1519.63,0.056599
1520.11,0.057132
1520.60,0.057730
1521.08,0.058289
1521.56,0.058690
1522.04,0.058858
1522.52,0.058827
1523.01,0.058721
1523.49,0.058666
1523.97,0.058725
1524.45,0.058893
1524.93,0.059138
1525.42,0.059421
1525.90,0.059726
1526.38,0.060062
1526.86,0.060472
1527.35,0.061008
1527.83,0.061712
1528.31,0.062589
1528.79,0.063610
1529.27,0.064722
1529.76,0.065874
1530.24,0.067026
1530.72,0.068168
1531.20,0.069320
1531.68,0.070538
1532.17,0.071897
1532.65,0.073484
1533.13,0.075356
1533.61,0.077489
1534.10,0.079737
1534.58,0.081895
1535.06,0.083816
1535.54,0.085481
1536.02,0.086955
1536.51,0.088309
1536.99,0.089580
1537.47,0.090742
1537.95,0.091724
1538.43,0.092404
1538.92,0.092613
1539.40,0.092171
1539.88,0.090963
1540.36,0.089082
1540.85,0.086873
1541.33,0.084787
1541.81,0.083108
1542.29,0.081868
1542.77,0.080948
1543.26,0.080183
1543.74,0.079421
1544.22,0.078523
1544.70,0.077405
1545.18,0.076082
1545.67,0.074671
1546.15,0.073338
1546.63,0.072211
1547.11,0.071345
1547.59,0.070703
1548.08,0.070198
1548.56,0.069716
1549.04,0.069156
1549.52,0.068464
1550.01,0.067664
1550.49,0.066858
1550.97,0.066176
1551.45,0.065702
1551.93,0.065441
1552.42,0.065327
1552.90,0.065264
1553.38,0.065165
1553.86,0.064970
1554.34,0.064668
1554.83,0.064297
1555.31,0.063922
1555.79,0.063604
1556.27,0.063369
1556.76,0.063209
1557.24,0.063088
1557.72,0.062953
1558.20,0.062725
1558.68,0.062309
1559.16,0.061654
1559.65,0.060888
1560.13,0.060282
1560.61,0.059981
1561.09,0.059942
1561.58,0.060071
1562.06,0.060300
1562.54,0.060586
1563.02,0.060896
1563.50,0.061201
1563.99,0.061474
1564.47,0.061698
1564.95,0.061876
1565.43,0.062037
1565.91,0.062218
1566.40,0.062455
1566.88,0.062759
1567.36,0.063114
1567.84,0.063488
1568.33,0.063841
1568.81,0.064141
1569.29,0.064377
1569.77,0.064577
1570.25,0.064795
1570.74,0.065093
1571.22,0.065495
1571.70,0.065988
1572.18,0.066536
1572.66,0.067104
1573.15,0.067660
1573.63,0.068169
1574.11,0.068589
1574.59,0.068850
1575.08,0.068856
1575.56,0.068497
1576.04,0.067704
1576.52,0.066532
1577.00,0.065190
1577.49,0.063950
1577.97,0.062973
1578.45,0.062249
1578.93,0.061664
1579.41,0.061085
1579.90,0.060413
1580.38,0.059591
1580.86,0.058610
1581.34,0.057494
1581.83,0.056291
1582.31,0.055043
1582.79,0.053780
1583.27,0.052511
1583.75,0.051242
1584.23,0.049984
1584.72,0.048766
1585.20,0.047623
1585.68,0.046584
1586.16,0.045656
1586.65,0.044818
1587.13,0.044032
1587.61,0.043265
1588.09,0.042507
1588.57,0.041774
1589.06,0.041101
1589.54,0.040518
1590.02,0.040035
1590.50,0.039634
1590.98,0.039276
1591.47,0.038924
1591.95,0.038561
1592.43,0.038195
1592.91,0.037853
1593.40,0.037561
1593.88,0.037332
1594.36,0.037158
1594.84,0.037019
1595.32,0.036900
1595.81,0.036799
1596.29,0.036734
1596.77,0.036728
1597.25,0.036791
1597.73,0.036915
1598.22,0.037066
1598.70,0.037212
1599.18,0.037329
1599.66,0.037420
1600.14,0.037511
1600.63,0.037636
1601.11,0.037824
1601.59,0.038076
1602.07,0.038372
1602.56,0.038672
1603.04,0.038945
1603.52,0.039180
1604.00,0.039389
1604.48,0.039599
1604.97,0.039830
1605.45,0.040085
1605.93,0.040345
1606.41,0.040587
1606.89,0.040792
1607.38,0.040967
1607.86,0.041141
1608.34,0.041362
1608.82,0.041669
1609.31,0.042079
1609.79,0.042577
1610.27,0.043129
1610.75,0.043701
1611.23,0.044272
1611.72,0.044840
1612.20,0.045416
1612.68,0.046006
1613.16,0.046608
1613.64,0.047206
1614.13,0.047777
1614.61,0.048300
1615.09,0.048767
1615.57,0.049181
1616.06,0.049567
1616.54,0.049959
1617.02,0.050394
1617.50,0.050889
1617.98,0.051445
1618.47,0.052047
1618.95,0.052682
1619.43,0.053340
1619.91,0.054011
1620.39,0.054670
1620.88,0.055281
1621.36,0.055808
1621.84,0.056215
1622.32,0.056498
1622.81,0.056699
1623.29,0.056919
1623.77,0.057272
1624.25,0.057828
1624.73,0.058572
1625.21,0.059416
1625.70,0.060261
1626.18,0.061035
1626.66,0.061718
1627.14,0.062327
1627.63,0.062904
1628.11,0.063487
1628.59,0.064093
1629.07,0.064711
1629.55,0.065314
1630.04,0.065879
1630.52,0.066409
1631.00,0.066921
1631.48,0.067443
1631.96,0.067988
1632.45,0.068553
1632.93,0.069109
1633.41,0.069615
1633.89,0.070026
1634.38,0.070306
1634.86,0.070436
1635.34,0.070427
1635.82,0.070321
1636.30,0.070178
1636.79,0.070041
1637.27,0.069926
1637.75,0.069824
1638.23,0.069733
1638.71,0.069659
1639.20,0.069610
1639.68,0.069592
1640.16,0.069597
1640.64,0.069610
1641.12,0.069618
1641.61,0.069618
1642.09,0.069626
1642.57,0.069672
1643.05,0.069786
1643.54,0.069985
1644.02,0.070259
1644.50,0.070573
1644.98,0.070873
1645.46,0.071087
1645.95,0.071154
1646.43,0.071039
1646.91,0.070762
1647.39,0.070395
1647.88,0.070036
1648.36,0.069747
1648.84,0.069534
1649.32,0.069380
1649.80,0.069268
1650.29,0.069196
1650.77,0.069161
1651.25,0.069144
1651.73,0.069085
1652.21,0.068849
1652.70,0.068206
1653.18,0.066928
1653.66,0.065109
1654.14,0.063375
1654.62,0.062363
1655.11,0.062142
1655.59,0.062405
1656.07,0.062847
1656.55,0.063280
1657.04,0.063623
1657.52,0.063851
1658.00,0.063976
1658.48,0.064021
1658.96,0.064008
1659.45,0.063943
1659.93,0.063808
1660.41,0.063572
1660.89,0.063199
1661.37,0.062666
1661.86,0.061972
1662.34,0.061150
1662.82,0.060263
1663.30,0.059391
1663.79,0.058605
1664.27,0.057943
1664.75,0.057410
1665.23,0.056992
1665.71,0.056674
1666.19,0.056438
1666.68,0.056262
1667.16,0.056112
1667.64,0.055928
1668.12,0.055633
1668.61,0.055142
1669.09,0.054395
1669.57,0.053398
1670.05,0.052242
1670.53,0.051072
1671.02,0.050011
1671.50,0.049111
1671.98,0.048348
1672.46,0.047669
1672.94,0.047020
1673.43,0.046360
1673.91,0.045663
1674.39,0.044907
1674.87,0.044081
1675.36,0.043195
1675.84,0.042287
1676.32,0.041423
1676.80,0.040656
1677.28,0.040007
1677.77,0.039455
1678.25,0.038955
1678.73,0.038462
1679.21,0.037939
1679.69,0.037368
1680.18,0.036764
1680.66,0.036167
1681.14,0.035627
1681.62,0.035175
1682.11,0.034800
1682.59,0.034438
1683.07,0.033972
1683.55,0.033254
1684.03,0.032172
1684.52,0.030802
1685.00,0.029476
1685.48,0.028566
1685.96,0.028170
1686.44,0.028135
1686.93,0.028249
1687.41,0.028360
1687.89,0.028387
1688.37,0.028292
1688.86,0.028074
1689.34,0.027747
1689.82,0.027336
1690.30,0.026855
1690.78,0.026315
1691.27,0.025723
1691.75,0.025092
1692.23,0.024449
1692.71,0.023827
1693.19,0.023251
1693.68,0.022734
1694.16,0.022266
1694.64,0.021809
1695.12,0.021296
1695.60,0.020656
1696.09,0.019855
1696.57,0.018948
1697.05,0.018062
1697.53,0.017313
1698.02,0.016744
1698.50,0.016324
1698.98,0.015982
1699.46,0.015636
1699.94,0.015214
1700.43,0.014682
1700.91,0.014079
1701.39,0.013508
1701.87,0.013059
1702.35,0.012761
1702.84,0.012592
1703.32,0.012525
1703.80,0.012536
1704.28,0.012603
1704.77,0.012689
1705.25,0.012731
1705.73,0.012653
1706.21,0.012390
1706.69,0.011936
1707.17,0.011351
1707.66,0.010732
1708.14,0.010164
1708.62,0.009691
1709.10,0.009320
1709.59,0.009027
1710.07,0.008774
1710.55,0.008531
1711.03,0.008286
1711.51,0.008049
1712.00,0.007846
1712.48,0.007704
1712.96,0.007635
1713.44,0.007628
1713.92,0.007648
1714.41,0.007646
1714.89,0.007572
1715.37,0.007403
1715.85,0.007146
1716.34,0.006846
1716.82,0.006557
1717.30,0.006331
1717.78,0.006194
1718.26,0.006138
1718.75,0.006138
1719.23,0.006172
1719.71,0.006227
1720.19,0.006301
1720.67,0.006391
1721.16,0.006487
1721.64,0.006575
1722.12,0.006641
1722.60,0.006672
1723.09,0.006665
1723.57,0.006624
1724.05,0.006561
1724.53,0.006486
1725.01,0.006407
1725.50,0.006322
1725.98,0.006225
1726.46,0.006115
1726.94,0.005997
1727.42,0.005882
1727.91,0.005785
1728.39,0.005720
1728.87,0.005694
1729.35,0.005704
1729.84,0.005741
1730.32,0.005788
1730.80,0.005829
1731.28,0.005846
1731.76,0.005829
1732.24,0.005770
1732.73,0.005673
1733.21,0.005556
1733.69,0.005464
1734.17,0.005472
1734.66,0.005639
1735.14,0.005954
1735.62,0.006323
1736.10,0.006644
1736.58,0.006857
1737.07,0.006956
1737.55,0.006965
1738.03,0.006926
1738.51,0.006890
1738.99,0.006902
1739.48,0.006995
1739.96,0.007159
1740.44,0.007348
1740.92,0.007493
1741.40,0.007552
1741.89,0.007525
1742.37,0.007453
1742.85,0.007391
1743.33,0.007386
1743.82,0.007455
1744.30,0.007576
1744.78,0.007703
1745.26,0.007784
1745.74,0.007793
1746.23,0.007736
1746.71,0.007648
1747.19,0.007571
1747.67,0.007538
1748.15,0.007554
1748.64,0.007594
1749.12,0.007613
1749.60,0.007568
1750.08,0.007440
1750.57,0.007235
1751.05,0.006973
1751.53,0.006670
1752.01,0.006327
1752.49,0.005940
1752.98,0.005509
1753.46,0.005051
1753.94,0.004598
1754.42,0.004184
1754.90,0.003843
1755.39,0.003590
1755.87,0.003421
1756.35,0.003309
1756.83,0.003213
1757.32,0.003088
1757.80,0.002916
1758.28,0.002708
1758.76,0.002500
1759.24,0.002326
1759.73,0.002203
1760.21,0.002129
1760.69,0.002081
1761.17,0.002033
1761.65,0.001959
1762.14,0.001844
1762.62,0.001692
1763.10,0.001516
1763.58,0.001330
1764.07,0.001139
1764.55,0.000944
1765.03,0.000745
1765.51,0.000548
1765.99,0.000363
1766.47,0.000201
1766.96,0.000068
1767.44,-0.000043
1767.92,-0.000150
1768.40,-0.000275
1768.89,-0.000426
1769.37,-0.000589
1769.85,-0.000727
1770.33,-0.000792
1770.82,-0.000746
1771.30,-0.000569
1771.78,-0.000281
1772.26,0.000054
1772.74,0.000343
1773.22,0.000509
1773.71,0.000538
1774.19,0.000473
1774.67,0.000373
1775.15,0.000279
1775.64,0.000202
1776.12,0.000133
1776.60,0.000058
1777.08,-0.000024
1777.56,-0.000101
1778.05,-0.000144
1778.53,-0.000124
1779.01,-0.000028
1779.49,0.000134
1779.97,0.000325
1780.46,0.000495
1780.94,0.000593
1781.42,0.000595
1781.90,0.000512
1782.38,0.000378
1782.87,0.000229
1783.35,0.000086
1783.83,-0.000054
1784.31,-0.000206
1784.80,-0.000383
1785.28,-0.000581
1785.76,-0.000777
1786.24,-0.000928
1786.72,-0.001000
1787.21,-0.000981
1787.69,-0.000888
1788.17,-0.000760
1788.65,-0.000644
1789.13,-0.000581
1789.62,-0.000597
1790.10,-0.000694
1790.58,-0.000850
1791.06,-0.001023
1791.55,-0.001161
1792.03,-0.001214
1792.51,-0.001152
1792.99,-0.000985
1793.47,-0.000756
1793.96,-0.000520
1794.44,-0.000323
1794.92,-0.000195
1795.40,-0.000149
1795.88,-0.000191
1796.37,-0.000317
1796.85,-0.000514
1797.33,-0.000756
1797.81,-0.001007
1798.30,-0.001229
1798.78,-0.001387
1799.26,-0.001462
1799.74,-0.001452
1800.22,-0.001381
1800.71,-0.001292
1801.19,-0.001236
1801.67,-0.001257
1802.15,-0.001375
1802.63,-0.001577
1803.12,-0.001825
1803.60,-0.002069
1804.08,-0.002257
1804.56,-0.002348
1805.05,-0.002315
1805.53,-0.002154
1806.01,-0.001878
1806.49,-0.001516
1806.97,-0.001112
1807.45,-0.000716
1807.94,-0.000376
1808.42,-0.000135
1808.90,-0.000023
1809.38,-0.000051
1809.87,-0.000209
1810.35,-0.000469
1810.83,-0.000789
1811.31,-0.001116
1811.79,-0.001403
1812.28,-0.001616
1812.76,-0.001743
1813.24,-0.001793
1813.72,-0.001792
1814.20,-0.001770
1814.69,-0.001757
1815.17,-0.001770
1815.65,-0.001815
1816.13,-0.001887
1816.62,-0.001971
1817.10,-0.002045
1817.58,-0.002088
1818.06,-0.002089
1818.54,-0.002044
1819.03,-0.001961
1819.51,-0.001853
1819.99,-0.001735
1820.47,-0.001614
1820.95,-0.001490
1821.44,-0.001353
1821.92,-0.001188
1822.40,-0.000979
1822.88,-0.000720
1823.37,-0.000420
1823.85,-0.000111
1824.33,0.000153
1824.81,0.000308
1825.29,0.000298
1825.78,0.000104
1826.26,-0.000245
1826.74,-0.000680
1827.22,-0.001119
1827.70,-0.001493
1828.19,-0.001749
1828.67,-0.001862
1829.15,-0.001823
1829.63,-0.001652
1830.12,-0.001395
1830.60,-0.001124
1831.08,-0.000921
1831.56,-0.000838
1832.04,-0.000889
1832.53,-0.001050
1833.01,-0.001274
1833.49,-0.001504
1833.97,-0.001683
1834.45,-0.001766
1834.94,-0.001721
1835.42,-0.001545
1835.90,-0.001262
1836.38,-0.000923
1836.87,-0.000582
1837.35,-0.000283
1837.83,-0.000046
1838.31,0.000131
1838.79,0.000262
1839.28,0.000367
1839.76,0.000450
1840.24,0.000507
1840.72,0.000529
1841.20,0.000513
1841.69,0.000469
1842.17,0.000423
1842.65,0.000412
1843.13,0.000471
1843.61,0.000612
1844.10,0.000815
1844.58,0.001017
1845.06,0.001146
1845.54,0.001164
1846.03,0.001081
1846.51,0.000952
1846.99,0.000836
1847.47,0.000773
1847.95,0.000763
1848.43,0.000773
1848.92,0.000743
1849.40,0.000620
1849.88,0.000374
1850.36,0.000014
1850.85,-0.000408
1851.33,-0.000820
1851.81,-0.001148
1852.29,-0.001344
1852.77,-0.001390
1853.26,-0.001306
1853.74,-0.001137
1854.22,-0.000945
1854.70,-0.000795
1855.18,-0.000732
1855.67,-0.000784
1856.15,-0.000950
1856.63,-0.001210
1857.11,-0.001528
1857.60,-0.001853
1858.08,-0.002138
1858.56,-0.002337
1859.04,-0.002428
1859.52,-0.002405
1860.01,-0.002287
1860.49,-0.002100
1860.97,-0.001872
1861.45,-0.001625
1861.93,-0.001368
1862.42,-0.001102
1862.90,-0.000820
1863.38,-0.000522
1863.86,-0.000217
1864.35,0.000070
1864.83,0.000310
1865.31,0.000470
1865.79,0.000525
1866.27,0.000471
1866.76,0.000327
1867.24,0.000134
1867.72,-0.000056
1868.20,-0.000189
1868.68,-0.000235
1869.17,-0.000203
1869.65,-0.000144
1870.13,-0.000129
1870.61,-0.000211
1871.10,-0.000406
1871.58,-0.000691
1872.06,-0.001018
1872.54,-0.001333
1873.02,-0.001600
1873.51,-0.001801
1873.99,-0.001948
1874.47,-0.002073
1874.95,-0.002216
1875.43,-0.002403
1875.92,-0.002641
1876.40,-0.002906
1876.88,-0.003158
1877.36,-0.003359
1877.84,-0.003487
1878.33,-0.003542
1878.81,-0.003542
1879.29,-0.003507
1879.77,-0.003445
1880.26,-0.003341
1880.74,-0.003172
1881.22,-0.002920
1881.70,-0.002590
1882.18,-0.002220
1882.67,-0.001866
1883.15,-0.001582
1883.63,-0.001400
1884.11,-0.001310
1884.59,-0.001269
1885.08,-0.001218
1885.56,-0.001115
1886.04,-0.000958
1886.52,-0.000787
1887.01,-0.000668
1887.49,-0.000664
1887.97,-0.000803
1888.45,-0.001065
1888.93,-0.001376
1889.41,-0.001634
1889.90,-0.001752
1890.38,-0.001685
1890.86,-0.001454
1891.34,-0.001121
1891.83,-0.000751
1892.31,-0.000376
1892.79,0.000010
1893.27,0.000438
1893.75,0.000935
1894.24,0.001494
1894.72,0.002060
1895.20,0.002538
1895.68,0.002815
1896.16,0.002795
1896.65,0.002444
1897.13,0.001794
1897.61,0.000927
1898.09,-0.000056
1898.58,-0.001050
1899.06,-0.001969
1899.54,-0.002742
1900.02,-0.003308
1900.50,-0.003621
1900.99,-0.003654
1901.47,-0.003416
1901.95,-0.002954
1902.43,-0.002349
1902.91,-0.001715
1903.40,-0.001162
1903.88,-0.000782
1904.36,-0.000631
1904.84,-0.000718
1905.33,-0.001015
1905.81,-0.001464
1906.29,-0.001999
1906.77,-0.002547
1907.25,-0.003029
1907.74,-0.003371
1908.22,-0.003497
1908.70,-0.003352
1909.18,-0.002924
1909.66,-0.002269
1910.15,-0.001507
1910.63,-0.000797
1911.11,-0.000303
1911.59,-0.000132
1912.08,-0.000297
1912.56,-0.000715
1913.04,-0.001233
1913.52,-0.001677
1914.00,-0.001897
1914.48,-0.001818
1914.97,-0.001456
1915.45,-0.000915
1915.93,-0.000340
1916.41,0.000112
1916.90,0.000320
1917.38,0.000239
1917.86,-0.000089
1918.34,-0.000546
1918.82,-0.000983
1919.31,-0.001269
1919.79,-0.001345
1920.27,-0.001234
1920.75,-0.001015
1921.23,-0.000783
1921.72,-0.000623
1922.20,-0.000596
1922.68,-0.000735
1923.16,-0.001042
1923.65,-0.001485
1924.13,-0.002016
1924.61,-0.002578
1925.09,-0.003114
1925.57,-0.003582
1926.06,-0.003947
1926.54,-0.004179
1927.02,-0.004263
1927.50,-0.004203
1927.98,-0.004025
1928.47,-0.003771
1928.95,-0.003488
1929.43,-0.003213
1929.91,-0.002957
1930.39,-0.002707
1930.88,-0.002436
1931.36,-0.002110
1931.84,-0.001704
1932.32,-0.001203
1932.81,-0.000606
1933.29,0.000075
1933.77,0.000813
1934.25,0.001556
1934.73,0.002221
1935.22,0.002701
1935.70,0.002887
1936.18,0.002702
1936.66,0.002134
1937.14,0.001257
1937.63,0.000233
1938.11,-0.000736
1938.59,-0.001438
1939.07,-0.001732
1939.56,-0.001589
1940.04,-0.001099
1940.52,-0.000440
1941.00,0.000197
1941.48,0.000638
1941.97,0.000768
1942.45,0.000551
1942.93,0.000019
1943.41,-0.000747
1943.89,-0.001651
1944.38,-0.002587
1944.86,-0.003445
1945.34,-0.004092
1945.82,-0.004364
1946.31,-0.004108
1946.79,-0.003235
1947.27,-0.001794
1947.75,0.000014
1948.23,0.001847
1948.72,0.003308
1949.20,0.004079
1949.68,0.003975
1950.16,0.003008
1950.64,0.001362
1951.13,-0.000647
1951.61,-0.002674
1952.09,-0.004446
1952.57,-0.005770
1953.06,-0.006544
1953.54,-0.006718
1954.02,-0.006263
1954.50,-0.005178
1954.98,-0.003517
1955.46,-0.001433
1955.95,0.000838
1956.43,0.002991
1956.91,0.004700
1957.39,0.005712
1957.88,0.005887
1958.36,0.005239
1958.84,0.003913
1959.32,0.002140
1959.80,0.000174
1960.29,-0.001786
1960.77,-0.003569
1961.25,-0.005022
1961.73,-0.005998
1962.21,-0.006358
1962.70,-0.006024
1963.18,-0.005038
1963.66,-0.003591
1964.14,-0.001998
1964.62,-0.000606
1965.11,0.000255
1965.59,0.000382
1966.07,-0.000251
1966.55,-0.001485
1967.04,-0.003050
1967.52,-0.004650
1968.00,-0.006043
1968.48,-0.007092
1968.96,-0.007736
1969.45,-0.007942
1969.93,-0.007666
1970.41,-0.006840
1970.89,-0.005408
1971.38,-0.003380
1971.86,-0.000884
1972.34,0.001804
1972.82,0.004314
1973.30,0.006219
1973.79,0.007194
1974.27,0.007138
1974.75,0.006208
1975.23,0.004760
1975.71,0.003201
1976.20,0.001893
1976.68,0.001021
1977.16,0.000575
1977.64,0.000377
1978.12,0.000198
1978.61,-0.000124
1979.09,-0.000597
1979.57,-0.001074
1980.05,-0.001315
1980.54,-0.001096
1981.02,-0.000318
1981.50,0.000955
1981.98,0.002499
1982.46,0.004021
1982.95,0.005225
1983.43,0.005906
1983.91,0.006001
1984.39,0.005570
1984.87,0.004767
1985.36,0.003766
1985.84,0.002707
1986.32,0.001654
1986.80,0.000595
1987.29,-0.000513
1987.77,-0.001695
1988.25,-0.002921
1988.73,-0.004093
1989.21,-0.005080
1989.70,-0.005762
1990.18,-0.006064
1990.66,-0.005972
1991.14,-0.005516
1991.62,-0.004741
1992.11,-0.003690
1992.59,-0.002420
1993.07,-0.001012
1993.55,0.000416
1994.04,0.001703
1994.52,0.002678
1995.00,0.003194
1995.48,0.003157
1995.96,0.002558
1996.44,0.001490
1996.93,0.000151
1997.41,-0.001209
1997.89,-0.002343
1998.37,-0.003054
1998.86,-0.003249
1999.34,-0.002933
1999.82,-0.002198
2000.30,-0.001191
2000.78,-0.000084
2001.27,0.000954
2001.75,0.001796
2002.23,0.002365
2002.71,0.002638
2003.19,0.002641
2003.68,0.002437
2004.16,0.002109
2004.64,0.001729
2005.12,0.001337
2005.61,0.000915
2006.09,0.000391
2006.57,-0.000334
2007.05,-0.001332
2007.53,-0.002591
2008.02,-0.003966
2008.50,-0.005202
2008.98,-0.005995
2009.46,-0.006081
2009.94,-0.005352
2010.43,-0.003882
2010.91,-0.001940
2011.39,0.000108
2011.87,0.001871
2012.36,0.003058
2012.84,0.003588
2013.32,0.003601
2013.80,0.003394
2014.28,0.003277
2014.77,0.003474
2015.25,0.004025
2015.73,0.004781
2016.21,0.005447
2016.69,0.005719
2017.18,0.005425
2017.66,0.004602
2018.14,0.003502
2018.62,0.002479
2019.11,0.001882
2019.59,0.001881
2020.07,0.002408
2020.55,0.003172
2021.03,0.003790
2021.52,0.003918
2022.00,0.003368
2022.48,0.002179
2022.96,0.000590
2023.44,-0.001025
2023.93,-0.002319
2024.41,-0.003048
2024.89,-0.003167
2025.37,-0.002804
2025.85,-0.002212
2026.34,-0.001684
2026.82,-0.001461
2027.30,-0.001705
2027.78,-0.002451
2028.27,-0.003604
2028.75,-0.004941
2029.23,-0.006157
2029.71,-0.006923
2030.19,-0.006919
2030.67,-0.005949
2031.16,-0.003997
2031.64,-0.001282
2032.12,0.001799
2032.60,0.004751
2033.09,0.007112
2033.57,0.008592
2034.05,0.009114
2034.53,0.008821
2035.02,0.007992
2035.50,0.006968
2035.98,0.006023
2036.46,0.005300
2036.94,0.004817
2037.42,0.004502
2037.91,0.004257
2038.39,0.003980
2038.87,0.003585
2039.35,0.003004
2039.84,0.002167
2040.32,0.001032
2040.80,-0.000397
2041.28,-0.002021
2041.76,-0.003641
2042.25,-0.004973
2042.73,-0.005699
2043.21,-0.005594
2043.69,-0.004575
2044.17,-0.002745
2044.66,-0.000350
2045.14,0.002267
2045.62,0.004741
2046.10,0.006780
2046.59,0.008176
2047.07,0.008849
2047.55,0.008833
2048.03,0.008248
2048.51,0.007253
2049.00,0.006012
2049.48,0.004687
2049.96,0.003412
2050.44,0.002284
2050.92,0.001358
2051.41,0.000642
2051.89,0.000117
2052.37,-0.000252
2052.85,-0.000494
2053.34,-0.000629
2053.82,-0.000671
2054.30,-0.000644
2054.78,-0.000584
2055.26,-0.000542
2055.75,-0.000560
2056.23,-0.000647
2056.71,-0.000757
2057.19,-0.000805
2057.67,-0.000674
2058.16,-0.000279
2058.64,0.000391
2059.12,0.001251
2059.60,0.002127
2060.08,0.002825
2060.57,0.003170
2061.05,0.003088
2061.53,0.002621
2062.01,0.001917
2062.49,0.001166
2062.98,0.000538
2063.46,0.000132
2063.94,-0.000049
2064.42,-0.000077
2064.91,-0.000066
2065.39,-0.000112
2065.87,-0.000275
2066.35,-0.000565
2066.83,-0.000959
2067.32,-0.001420
2067.80,-0.001921
2068.28,-0.002446
2068.76,-0.002978
2069.24,-0.003494
2069.73,-0.003960
2070.21,-0.004330
2070.69,-0.004564
2071.17,-0.004635
2071.66,-0.004531
2072.14,-0.004251
2072.62,-0.003793
2073.10,-0.003163
2073.58,-0.002375
2074.07,-0.001465
2074.55,-0.000505
2075.03,0.000408
2075.51,0.001162
2075.99,0.001662
2076.48,0.001859
2076.96,0.001773
2077.44,0.001495
2077.92,0.001153
2078.41,0.000891
2078.89,0.000814
2079.37,0.000957
2079.85,0.001284
2080.33,0.001696
2080.82,0.002067
2081.30,0.002266
2081.78,0.002201
2082.26,0.001842
2082.74,0.001227
2083.23,0.000459
2083.71,-0.000314
2084.19,-0.000921
2084.67,-0.001214
2085.16,-0.001100
2085.64,-0.000568
2086.12,0.000307
2086.60,0.001374
2087.08,0.002446
2087.57,0.003359
2088.05,0.003997
2088.53,0.004318
2089.01,0.004355
2089.49,0.004185
2089.98,0.003892
2090.46,0.003531
2090.94,0.003112
2091.42,0.002607
2091.90,0.001975
2092.39,0.001196
2092.87,0.000291
2093.35,-0.000673
2093.83,-0.001591
2094.32,-0.002355
2094.80,-0.002878
2095.28,-0.003111
2095.76,-0.003053
2096.24,-0.002745
2096.72,-0.002260
2097.21,-0.001676
2097.69,-0.001069
2098.17,-0.000504
2098.65,-0.000026
2099.14,0.000331
2099.62,0.000545
2100.10,0.000605
2100.58,0.000510
2101.06,0.000279
2101.55,-0.000058
2102.03,-0.000448
2102.51,-0.000830
2102.99,-0.001141
2103.47,-0.001320
2103.96,-0.001329
2104.44,-0.001159
2104.92,-0.000833
2105.40,-0.000400
2105.89,0.000077
2106.37,0.000536
2106.85,0.000931
2107.33,0.001233
2107.81,0.001429
2108.30,0.001515
2108.78,0.001490
2109.26,0.001360
2109.74,0.001138
2110.22,0.000855
2110.71,0.000560
2111.19,0.000311
2111.67,0.000166
2112.15,0.000158
2112.64,0.000278
2113.12,0.000472
2113.60,0.000660
2114.08,0.000760
2114.56,0.000714
2115.05,0.000511
2115.53,0.000180
2116.01,-0.000215
2116.49,-0.000612
2116.97,-0.000973
2117.46,-0.001294
2117.94,-0.001602
2118.42,-0.001940
2118.90,-0.002350
2119.39,-0.002850
2119.87,-0.003434
2120.35,-0.004066
2120.83,-0.004697
2121.31,-0.005262
2121.80,-0.005689
2122.28,-0.005908
2122.76,-0.005860
2123.24,-0.005514
2123.72,-0.004885
2124.21,-0.004054
2124.69,-0.003152
2125.17,-0.002330
2125.65,-0.001738
2126.14,-0.001473
2126.62,-0.001559
2127.10,-0.001949
2127.58,-0.002546
2128.06,-0.003242
2128.55,-0.003946
2129.03,-0.004608
2129.51,-0.005212
2129.99,-0.005757
2130.47,-0.006235
2130.96,-0.006630
2131.44,-0.006924
2131.92,-0.007126
2132.40,-0.007287
2132.88,-0.007502
2133.37,-0.007871
2133.85,-0.008466
2134.33,-0.009279
2134.81,-0.010206
2135.30,-0.011062
2135.78,-0.011649
2136.26,-0.011828
2136.74,-0.011575
2137.22,-0.010988
2137.70,-0.010255
2138.19,-0.009601
2138.67,-0.009208
2139.15,-0.009177
2139.63,-0.009504
2140.12,-0.010094
2140.60,-0.010783
2141.08,-0.011367
2141.56,-0.011660
2142.04,-0.011497
2142.53,-0.010784
2143.01,-0.009525
2143.49,-0.007837
2143.97,-0.005950
2144.45,-0.004144
2144.94,-0.002723
2145.42,-0.001928
2145.90,-0.001879
2146.38,-0.002552
2146.86,-0.003788
2147.35,-0.005351
2147.83,-0.006970
2148.31,-0.008417
2148.79,-0.009519
2149.28,-0.010141
2149.76,-0.010197
2150.24,-0.009645
2150.72,-0.008529
2151.20,-0.006998
2151.69,-0.005327
2152.17,-0.003887
2152.65,-0.003032
2153.13,-0.003036
2153.61,-0.003976
2154.10,-0.005712
2154.58,-0.007894
2155.06,-0.010083
2155.54,-0.011895
2156.03,-0.013045
2156.51,-0.013407
2156.99,-0.012978
2157.47,-0.011830
2157.95,-0.010091
2158.44,-0.007941
2158.92,-0.005657
2159.40,-0.003590
2159.88,-0.002121
2160.36,-0.001576
2160.85,-0.002096
2161.33,-0.003578
2161.81,-0.005678
2162.29,-0.007946
2162.78,-0.009939
2163.26,-0.011368
2163.74,-0.012156
2164.22,-0.012381
2164.70,-0.012183
2165.19,-0.011659
2165.67,-0.010825
2166.15,-0.009636
2166.63,-0.008073
2167.11,-0.006232
2167.60,-0.004352
2168.08,-0.002767
2168.56,-0.001819
2169.04,-0.001705
2169.53,-0.002397
2170.01,-0.003624
2170.49,-0.004988
2170.97,-0.006096
2171.45,-0.006702
2171.94,-0.006801
2172.42,-0.006598
2172.90,-0.006423
2173.38,-0.006563
2173.86,-0.007177
2174.35,-0.008227
2174.83,-0.009522
2175.31,-0.010790
2175.79,-0.011773
2176.28,-0.012294
2176.76,-0.012256
2177.24,-0.011641
2177.72,-0.010488
2178.20,-0.008879
2178.68,-0.006940
2179.17,-0.004829
2179.65,-0.002758
2180.13,-0.000943
2180.61,0.000431
2181.10,0.001251
2181.58,0.001527
2182.06,0.001377
2182.54,0.000984
2183.02,0.000517
2183.51,0.000080
2183.99,-0.000304
2184.47,-0.000671
2184.95,-0.001069
2185.43,-0.001518
2185.92,-0.001990
2186.40,-0.002425
2186.88,-0.002763
2187.36,-0.002972
2187.84,-0.003063
2188.33,-0.003079
2188.81,-0.003078
2189.29,-0.003121
2189.77,-0.003256
2190.26,-0.003523
2190.74,-0.003952
2191.22,-0.004559
2191.70,-0.005323
2192.18,-0.006177
2192.67,-0.007006
2193.15,-0.007671
2193.63,-0.008049
2194.11,-0.008094
2194.59,-0.007854
2195.08,-0.007468
2195.56,-0.007108
2196.04,-0.006924
2196.52,-0.006973
2197.01,-0.007194
2197.49,-0.007429
2197.97,-0.007487
2198.45,-0.007227
2198.93,-0.006602
2199.42,-0.005678
2199.90,-0.004600
2200.38,-0.003542
2200.86,-0.002639
2201.34,-0.001949
2201.83,-0.001468
2202.31,-0.001157
2202.79,-0.000979
2203.27,-0.000921
2203.76,-0.000993
2204.24,-0.001206
2204.72,-0.001551
2205.20,-0.001990
2205.68,-0.002460
2206.17,-0.002893
2206.65,-0.003239
2207.13,-0.003471
2207.61,-0.003579
2208.09,-0.003567
2208.58,-0.003444
2209.06,-0.003230
2209.54,-0.002969
2210.02,-0.002736
2210.51,-0.002634
2210.99,-0.002762
2211.47,-0.003185
2211.95,-0.003891
2212.43,-0.004775
2212.92,-0.005652
2213.40,-0.006323
2213.88,-0.006621
2214.36,-0.006457
2214.84,-0.005843
2215.33,-0.004876
2215.81,-0.003702
2216.29,-0.002470
2216.77,-0.001324
2217.26,-0.000394
2217.74,0.000207
2218.22,0.000364
2218.70,-0.000019
2219.18,-0.000973
2219.66,-0.002428
2220.15,-0.004189
2220.63,-0.005974
2221.11,-0.007449
2221.59,-0.008347
2222.08,-0.008540
2222.56,-0.008074
2223.04,-0.007154
2223.52,-0.006082
2224.00,-0.005174
2224.49,-0.004638
2224.97,-0.004547
2225.45,-0.004825
2225.93,-0.005308
2226.41,-0.005797
2226.90,-0.006125
2227.38,-0.006208
2227.86,-0.006044
2228.34,-0.005707
2228.82,-0.005311
2229.31,-0.004989
2229.79,-0.004856
2230.27,-0.004987
2230.75,-0.005401
2231.24,-0.006047
2231.72,-0.006811
2232.20,-0.007522
2232.68,-0.008007
2233.16,-0.008127
2233.65,-0.007821
2234.13,-0.007127
2234.61,-0.006173
2235.09,-0.005149
2235.57,-0.004225
2236.06,-0.003517
2236.54,-0.003047
2237.02,-0.002761
2237.50,-0.002559
2237.99,-0.002351
2238.47,-0.002104
2238.95,-0.001850
2239.43,-0.001675
2239.91,-0.001663
2240.40,-0.001863
2240.88,-0.002251
2241.36,-0.002738
2241.84,-0.003191
2242.32,-0.003489
2242.81,-0.003572
2243.29,-0.003457
2243.77,-0.003239
2244.25,-0.003050
2244.74,-0.003022
2245.22,-0.003227
2245.70,-0.003658
2246.18,-0.004226
2246.66,-0.004792
2247.15,-0.005204
2247.63,-0.005333
2248.11,-0.005121
2248.59,-0.004580
2249.07,-0.003791
2249.56,-0.002883
2250.04,-0.002009
2250.52,-0.001322
2251.00,-0.000928
2251.49,-0.000887
2251.97,-0.001187
2252.45,-0.001754
2252.93,-0.002457
2253.41,-0.003145
2253.90,-0.003679
2254.38,-0.003961
2254.86,-0.003971
2255.34,-0.003763
2255.82,-0.003455
2256.31,-0.003179
2256.79,-0.003044
2257.27,-0.003100
2257.75,-0.003323
2258.24,-0.003629
2258.72,-0.003906
2259.20,-0.004065
2259.68,-0.004057
2260.16,-0.003897
2260.64,-0.003641
2261.13,-0.003362
2261.61,-0.003120
2262.09,-0.002938
2262.57,-0.002799
2263.06,-0.002661
2263.54,-0.002481
2264.02,-0.002230
2264.50,-0.001907
2264.98,-0.001533
2265.47,-0.001145
2265.95,-0.000784
2266.43,-0.000482
2266.91,-0.000273
2267.39,-0.000183
2267.88,-0.000232
2268.36,-0.000423
2268.84,-0.000736
2269.32,-0.001114
2269.80,-0.001465
2270.29,-0.001691
2270.77,-0.001701
2271.25,-0.001449
2271.73,-0.000950
2272.22,-0.000282
2272.70,0.000436
2273.18,0.001085
2273.66,0.001565
2274.14,0.001829
2274.63,0.001878
2275.11,0.001753
2275.59,0.001505
2276.07,0.001176
2276.55,0.000792
2277.04,0.000357
2277.52,-0.000128
2278.00,-0.000660
2278.48,-0.001226
2278.97,-0.001796
2279.45,-0.002331
2279.93,-0.002794
2280.41,-0.003148
2280.89,-0.003366
2281.38,-0.003440
2281.86,-0.003378
2282.34,-0.003217
2282.82,-0.003006
2283.30,-0.002809
2283.79,-0.002683
2284.27,-0.002658
2284.75,-0.002728
2285.23,-0.002847
2285.72,-0.002950
2286.20,-0.002970
2286.68,-0.002871
2287.16,-0.002662
2287.64,-0.002398
2288.13,-0.002156
2288.61,-0.002011
2289.09,-0.002004
2289.57,-0.002127
2290.05,-0.002326
2290.54,-0.002527
2291.02,-0.002665
2291.50,-0.002705
2291.98,-0.002654
2292.47,-0.002547
2292.95,-0.002430
2293.43,-0.002339
2293.91,-0.002282
2294.39,-0.002247
2294.88,-0.002210
2295.36,-0.002158
2295.84,-0.002093
2296.32,-0.002037
2296.80,-0.002017
2297.29,-0.002052
2297.77,-0.002139
2298.25,-0.002252
2298.73,-0.002343
2299.21,-0.002364
2299.70,-0.002283
2300.18,-0.002086
2300.66,-0.001788
2301.14,-0.001424
2301.62,-0.001042
2302.11,-0.000688
2302.59,-0.000405
2303.07,-0.000221
2303.55,-0.000151
2304.04,-0.000190
2304.52,-0.000314
2305.00,-0.000488
2305.48,-0.000670
2305.96,-0.000828
2306.45,-0.000951
2306.93,-0.001056
2307.41,-0.001181
2307.89,-0.001370
2308.38,-0.001652
2308.86,-0.002020
2309.34,-0.002424
2309.82,-0.002778
2310.30,-0.002989
2310.78,-0.002990
2311.27,-0.002762
2311.75,-0.002347
2312.23,-0.001838
2312.71,-0.001353
2313.20,-0.000986
2313.68,-0.000790
2314.16,-0.000758
2314.64,-0.000832
2315.12,-0.000925
2315.61,-0.000957
2316.09,-0.000882
2316.57,-0.000699
2317.05,-0.000444
2317.53,-0.000179
2318.02,0.000036
2318.50,0.000164
2318.98,0.000199
2319.46,0.000167
2319.95,0.000116
2320.43,0.000092
2320.91,0.000128
2321.39,0.000227
2321.87,0.000361
2322.36,0.000480
2322.84,0.000530
2323.32,0.000473
2323.80,0.000300
2324.28,0.000039
2324.77,-0.000255
2325.25,-0.000512
2325.73,-0.000672
2326.21,-0.000697
2326.70,-0.000578
2327.18,-0.000340
2327.66,-0.000035
2328.14,0.000271
2328.62,0.000520
2329.11,0.000665
2329.59,0.000693
2330.07,0.000623
2330.55,0.000505
2331.03,0.000397
2331.52,0.000360
2332.00,0.000426
2332.48,0.000592
2332.96,0.000820
2333.45,0.001038
2333.93,0.001172
2334.41,0.001160
2334.89,0.000974
2335.37,0.000628
2335.86,0.000179
2336.34,-0.000293
2336.82,-0.000708
2337.30,-0.001000
2337.78,-0.001143
2338.27,-0.001146
2338.75,-0.001047
2339.23,-0.000897
2339.71,-0.000738
2340.19,-0.000599
2340.68,-0.000488
2341.16,-0.000402
2341.64,-0.000336
2342.12,-0.000284
2342.61,-0.000248
2343.09,-0.000228
2343.57,-0.000223
2344.05,-0.000230
2344.53,-0.000242
2345.02,-0.000255
2345.50,-0.000272
2345.98,-0.000300
2346.46,-0.000349
2346.94,-0.000420
2347.43,-0.000510
2347.91,-0.000608
2348.39,-0.000702
2348.87,-0.000784
2349.35,-0.000855
2349.84,-0.000919
2350.32,-0.000986
2350.80,-0.001062
2351.28,-0.001147
2351.76,-0.001235
2352.25,-0.001319
2352.73,-0.001395
2353.21,-0.001467
2353.69,-0.001553
2354.18,-0.001666
2354.66,-0.001809
2355.14,-0.001951
2355.62,-0.002030
2356.10,-0.001965
2356.59,-0.001679
2357.07,-0.001137
2357.55,-0.000364
2358.03,0.000546
2358.51,0.001459
2359.00,0.002239
2359.48,0.002777
2359.96,0.003018
2360.44,0.002971
2360.93,0.002692
2361.41,0.002257
2361.89,0.001742
2362.37,0.001213
2362.85,0.000718
2363.34,0.000291
2363.82,-0.000042
2364.30,-0.000269
2364.78,-0.000398
2365.26,-0.000458
2365.75,-0.000488
2366.23,-0.000528
2366.71,-0.000601
2367.19,-0.000702
2367.68,-0.000798
2368.16,-0.000845
2368.64,-0.000810
2369.12,-0.000681
2369.60,-0.000478
2370.09,-0.000242
2370.57,-0.000021
2371.05,0.000151
2371.53,0.000254
2372.01,0.000287
2372.50,0.000251
2372.98,0.000147
2373.46,-0.000030
2373.94,-0.000282
2374.43,-0.000597
2374.91,-0.000943
2375.39,-0.001269
2375.87,-0.001517
2376.35,-0.001642
2376.84,-0.001628
2377.32,-0.001496
2377.80,-0.001292
2378.28,-0.001075
2378.76,-0.000892
2379.25,-0.000766
2379.73,-0.000693
2380.21,-0.000648
2380.69,-0.000604
2381.17,-0.000546
2381.66,-0.000476
2382.14,-0.000410
2382.62,-0.000371
2383.10,-0.000379
2383.59,-0.000440
2384.07,-0.000552
2384.55,-0.000703
2385.03,-0.000882
2385.51,-0.001083
2385.99,-0.001297
2386.48,-0.001511
2386.96,-0.001704
2387.44,-0.001842
2387.92,-0.001890
2388.41,-0.001824
2388.89,-0.001640
2389.37,-0.001363
2389.85,-0.001051
2390.33,-0.000772
2390.82,-0.000586
2391.30,-0.000535
2391.78,-0.000621
2392.26,-0.000815
2392.74,-0.001062
2393.23,-0.001300
2393.71,-0.001478
2394.19,-0.001561
2394.67,-0.001539
2395.16,-0.001423
2395.64,-0.001237
2396.12,-0.001014
2396.60,-0.000790
2397.08,-0.000602
2397.57,-0.000478
2398.05,-0.000436
2398.53,-0.000476
2399.01,-0.000579
2399.49,-0.000707
2399.98,-0.000815
2400.46,-0.000863
2400.94,-0.000828
2401.42,-0.000710
2401.91,-0.000534
2402.39,-0.000343
2402.87,-0.000180
2403.35,-0.000076
2403.83,-0.000045
2404.32,-0.000077
2404.80,-0.000148
2405.28,-0.000228
2405.76,-0.000296
2406.24,-0.000339
2406.73,-0.000358
2407.21,-0.000362
2407.69,-0.000362
2408.17,-0.000369
2408.66,-0.000388
2409.14,-0.000419
2409.62,-0.000465
2410.10,-0.000529
2410.58,-0.000617
2411.07,-0.000739
2411.55,-0.000899
2412.03,-0.001097
2412.51,-0.001322
2412.99,-0.001555
2413.48,-0.001765
2413.96,-0.001924
2414.44,-0.002009
2414.92,-0.002006
2415.41,-0.001918
2415.89,-0.001761
2416.37,-0.001560
2416.85,-0.001340
2417.33,-0.001121
2417.82,-0.000912
2418.30,-0.000714
2418.78,-0.000522
2419.26,-0.000333
2419.74,-0.000150
2420.23,0.000014
2420.71,0.000141
2421.19,0.000216
2421.67,0.000231
2422.15,0.000190
2422.64,0.000108
2423.12,0.000009
2423.60,-0.000089
2424.08,-0.000172
2424.57,-0.000241
2425.05,-0.000301
2425.53,-0.000361
2426.01,-0.000423
2426.49,-0.000483
2426.97,-0.000527
2427.46,-0.000545
2427.94,-0.000533
2428.42,-0.000501
2428.90,-0.000475
2429.39,-0.000489
2429.87,-0.000572
2430.35,-0.000738
2430.83,-0.000974
2431.31,-0.001241
2431.80,-0.001481
2432.28,-0.001632
2432.76,-0.001648
2433.24,-0.001509
2433.72,-0.001235
2434.21,-0.000886
2434.69,-0.000542
2435.17,-0.000284
2435.65,-0.000178
2436.14,-0.000249
2436.62,-0.000474
2437.10,-0.000784
2437.58,-0.001085
2438.06,-0.001282
2438.55,-0.001301
2439.03,-0.001116
2439.51,-0.000749
2439.99,-0.000270
2440.47,0.000231
2440.96,0.000663
2441.44,0.000958
2441.92,0.001086
2442.40,0.001059
2442.89,0.000914
2443.37,0.000701
2443.85,0.000472
2444.33,0.000261
2444.81,0.000087
2445.30,-0.000043
2445.78,-0.000130
2446.26,-0.000174
2446.74,-0.000175
2447.22,-0.000136
2447.71,-0.000063
2448.19,0.000028
2448.67,0.000115
2449.15,0.000176
2449.64,0.000195
2450.12,0.000168
2450.60,0.000108
2451.08,0.000039
2451.56,-0.000015
2452.05,-0.000033
2452.53,-0.000014
2453.01,0.000027
2453.49,0.000056
2453.97,0.000038
2454.46,-0.000054
2454.94,-0.000226
2455.42,-0.000457
2455.90,-0.000705
2456.39,-0.000910
2456.87,-0.001016
2457.35,-0.000987
2457.83,-0.000812
2458.31,-0.000513
2458.80,-0.000136
2459.28,0.000253
2459.76,0.000595
2460.24,0.000839
2460.72,0.000959
2461.21,0.000950
2461.69,0.000830
2462.17,0.000634
2462.65,0.000399
2463.13,0.000169
2463.62,-0.000020
2464.10,-0.000143
2464.58,-0.000187
2465.06,-0.000154
2465.55,-0.000057
2466.03,0.000079
2466.51,0.000230
2466.99,0.000378
2467.47,0.000517
2467.95,0.000656
2468.44,0.000810
2468.92,0.000991
2469.40,0.001197
2469.88,0.001403
2470.37,0.001564
2470.85,0.001623
2471.33,0.001532
2471.81,0.001262
2472.29,0.000823
2472.78,0.000258
2473.26,-0.000358
2473.74,-0.000945
2474.22,-0.001431
2474.70,-0.001772
2475.19,-0.001957
2475.67,-0.002010
2476.15,-0.001977
2476.63,-0.001911
2477.11,-0.001865
2477.60,-0.001877
2478.08,-0.001963
2478.56,-0.002117
2479.04,-0.002308
2479.53,-0.002492
2480.01,-0.002613
2480.49,-0.002626
2480.97,-0.002507
2481.45,-0.002258
2481.94,-0.001919
2482.42,-0.001549
2482.90,-0.001223
2483.38,-0.000997
2483.86,-0.000905
2484.35,-0.000943
2484.83,-0.001077
2485.31,-0.001255
2485.79,-0.001422
2486.28,-0.001546
2486.76,-0.001614
2487.24,-0.001638
2487.72,-0.001643
2488.20,-0.001657
2488.69,-0.001700
2489.17,-0.001776
2489.65,-0.001878
2490.13,-0.001988
2490.61,-0.002082
2491.10,-0.002133
2491.58,-0.002120
2492.06,-0.002027
2492.54,-0.001847
2493.03,-0.001592
2493.51,-0.001293
2493.99,-0.000996
2494.47,-0.000751
2494.95,-0.000604
2495.44,-0.000578
2495.92,-0.000666
2496.40,-0.000832
2496.88,-0.001017
2497.36,-0.001166
2497.85,-0.001232
2498.33,-0.001201
2498.81,-0.001082
2499.29,-0.000909
2499.78,-0.000721
2500.26,-0.000549
2500.74,-0.000412
2501.22,-0.000316
2501.70,-0.000256
2502.19,-0.000227
2502.67,-0.000231
2503.15,-0.000271
2503.63,-0.000352
2504.11,-0.000471
2504.60,-0.000615
2505.08,-0.000760
2505.56,-0.000881
2506.04,-0.000957
2506.53,-0.000979
2507.01,-0.000956
2507.49,-0.000904
2507.97,-0.000846
2508.45,-0.000802
2508.93,-0.000780
2509.42,-0.000781
2509.90,-0.000802
2510.38,-0.000837
2510.86,-0.000889
2511.35,-0.000969
2511.83,-0.001090
2512.31,-0.001266
2512.79,-0.001495
2513.27,-0.001762
2513.76,-0.002033
2514.24,-0.002265
2514.72,-0.002408
2515.20,-0.002430
2515.68,-0.002318
2516.17,-0.002089
2516.65,-0.001780
2517.13,-0.001449
2517.61,-0.001151
2518.09,-0.000926
2518.58,-0.000790
2519.06,-0.000734
2519.54,-0.000730
2520.02,-0.000742
2520.51,-0.000738
2520.99,-0.000702
2521.47,-0.000630
2521.95,-0.000533
2522.43,-0.000425
2522.92,-0.000319
2523.40,-0.000223
2523.88,-0.000143
2524.36,-0.000088
2524.84,-0.000070
2525.33,-0.000106
2525.81,-0.000210
2526.29,-0.000382
2526.77,-0.000606
2527.26,-0.000839
2527.74,-0.001031
2528.22,-0.001127
2528.70,-0.001089
2529.18,-0.000906
2529.67,-0.000595
2530.15,-0.000200
2530.63,0.000222
2531.11,0.000615
2531.59,0.000933
2532.08,0.001146
2532.56,0.001241
2533.04,0.001218
2533.52,0.001087
2534.01,0.000872
2534.49,0.000602
2534.97,0.000319
2535.45,0.000066
2535.93,-0.000120
2536.42,-0.000222
2536.90,-0.000244
2537.38,-0.000217
2537.86,-0.000186
2538.34,-0.000196
2538.83,-0.000274
2539.31,-0.000419
2539.79,-0.000602
2540.27,-0.000779
2540.76,-0.000904
2541.24,-0.000950
2541.72,-0.000916
2542.20,-0.000827
2542.68,-0.000721
2543.17,-0.000630
2543.65,-0.000571
2544.13,-0.000539
2544.61,-0.000507
2545.09,-0.000441
2545.58,-0.000317
2546.06,-0.000126
2546.54,0.000115
2547.02,0.000375
2547.50,0.000616
2547.99,0.000801
2548.47,0.000910
2548.95,0.000941
2549.43,0.000911
2549.91,0.000846
2550.40,0.000779
2550.88,0.000736
2551.36,0.000730
2551.84,0.000759
2552.33,0.000800
2552.81,0.000819
2553.29,0.000775
2553.77,0.000639
2554.25,0.000401
2554.74,0.000079
2555.22,-0.000278
2555.70,-0.000606
2556.18,-0.000833
2556.66,-0.000913
2557.15,-0.000830
2557.63,-0.000611
2558.11,-0.000313
2558.59,-0.000015
2559.07,0.000213
2559.56,0.000327
2560.04,0.000316
2560.52,0.000209
2561.00,0.000052
2561.49,-0.000098
2561.97,-0.000202
2562.45,-0.000241
2562.93,-0.000221
2563.41,-0.000165
2563.90,-0.000102
2564.38,-0.000056
2564.86,-0.000038
2565.34,-0.000043
2565.82,-0.000054
2566.31,-0.000050
2566.79,-0.000010
2567.27,0.000083
2567.75,0.000231
2568.24,0.000426
2568.72,0.000643
2569.20,0.000851
2569.68,0.001011
2570.16,0.001088
2570.65,0.001062
2571.13,0.000934
2571.61,0.000735
2572.09,0.000515
2572.57,0.000343
2573.06,0.000285
2573.54,0.000384
2574.02,0.000657
2574.50,0.001079
2574.99,0.001594
2575.47,0.002119
2575.95,0.002572
2576.43,0.002885
2576.91,0.003014
2577.40,0.002954
2577.88,0.002731
2578.36,0.002401
2578.84,0.002032
2579.32,0.001693
2579.81,0.001444
2580.29,0.001320
2580.77,0.001332
2581.25,0.001466
2581.74,0.001689
2582.22,0.001956
2582.70,0.002224
2583.18,0.002458
2583.66,0.002631
2584.14,0.002730
2584.63,0.002749
2585.11,0.002689
2585.59,0.002551
2586.07,0.002344
2586.56,0.002083
2587.04,0.001791
2587.52,0.001498
2588.00,0.001242
2588.48,0.001052
2588.97,0.000947
2589.45,0.000925
2589.93,0.000967
2590.41,0.001044
2590.89,0.001123
2591.38,0.001184
2591.86,0.001218
2592.34,0.001229
2592.82,0.001228
2593.31,0.001221
2593.79,0.001205
2594.27,0.001168
2594.75,0.001091
2595.23,0.000963
2595.72,0.000783
2596.20,0.000568
2596.68,0.000347
2597.16,0.000149
2597.64,0.000000
2598.13,-0.000092
2598.61,-0.000131
2599.09,-0.000132
2599.57,-0.000110
2600.05,-0.000071
2600.54,-0.000014
2601.02,0.000070
2601.50,0.000189
2601.98,0.000343
2602.47,0.000521
2602.95,0.000702
2603.43,0.000864
2603.91,0.000989
2604.39,0.001071
2604.88,0.001117
2605.36,0.001139
2605.84,0.001151
2606.32,0.001162
2606.80,0.001171
2607.29,0.001177
2607.77,0.001178
2608.25,0.001182
2608.73,0.001206
2609.22,0.001271
2609.70,0.001395
2610.18,0.001584
2610.66,0.001826
2611.14,0.002088
2611.63,0.002325
2612.11,0.002493
2612.59,0.002563
2613.07,0.002526
2613.55,0.002397
2614.04,0.002210
2614.52,0.002003
2615.00,0.001805
2615.48,0.001633
2615.97,0.001485
2616.45,0.001352
2616.93,0.001225
2617.41,0.001104
2617.89,0.001006
2618.38,0.000958
2618.86,0.000986
2619.34,0.001107
2619.82,0.001310
2620.30,0.001567
2620.79,0.001826
2621.27,0.002033
2621.75,0.002153
2622.23,0.002170
2622.72,0.002103
2623.20,0.001989
2623.68,0.001873
2624.16,0.001792
2624.64,0.001760
2625.12,0.001770
2625.61,0.001798
2626.09,0.001818
2626.57,0.001816
2627.05,0.001796
2627.54,0.001778
2628.02,0.001788
2628.50,0.001850
2628.98,0.001969
2629.46,0.002132
2629.95,0.002312
2630.43,0.002477
2630.91,0.002600
2631.39,0.002670
2631.88,0.002688
2632.36,0.002666
2632.84,0.002618
2633.32,0.002552
2633.80,0.002472
2634.28,0.002375
2634.77,0.002262
2635.25,0.002143
2635.73,0.002032
2636.21,0.001955
2636.70,0.001932
2637.18,0.001973
2637.66,0.002076
2638.14,0.002223
2638.62,0.002385
2639.11,0.002535
2639.59,0.002653
2640.07,0.002731
2640.55,0.002773
2641.03,0.002790
2641.52,0.002796
2642.00,0.002800
2642.48,0.002807
2642.96,0.002818
2643.45,0.002832
2643.93,0.002851
2644.41,0.002881
2644.89,0.002928
2645.37,0.002995
2645.86,0.003079
2646.34,0.003172
2646.82,0.003258
2647.30,0.003320
2647.78,0.003347
2648.27,0.003333
2648.75,0.003282
2649.23,0.003204
2649.71,0.003110
2650.20,0.003008
2650.68,0.002902
2651.16,0.002792
2651.64,0.002676
2652.12,0.002555
2652.61,0.002435
2653.09,0.002330
2653.57,0.002253
2654.05,0.002217
2654.53,0.002228
2655.02,0.002282
2655.50,0.002368
2655.98,0.002468
2656.46,0.002570
2656.95,0.002660
2657.43,0.002734
2657.91,0.002792
2658.39,0.002835
2658.87,0.002865
2659.36,0.002880
2659.84,0.002881
2660.32,0.002865
2660.80,0.002835
2661.28,0.002797
2661.77,0.002760
2662.25,0.002729
2662.73,0.002710
2663.21,0.002701
2663.70,0.002698
2664.18,0.002696
2664.66,0.002693
2665.14,0.002690
2665.62,0.002698
2666.11,0.002724
2666.59,0.002774
2667.07,0.002850
2667.55,0.002942
2668.03,0.003037
2668.52,0.003122
2669.00,0.003188
2669.48,0.003233
2669.96,0.003265
2670.44,0.003295
2670.93,0.003329
2671.41,0.003366
2671.89,0.003398
2672.37,0.003406
2672.86,0.003375
2673.34,0.003298
2673.82,0.003183
2674.30,0.003049
2674.78,0.002929
2675.26,0.002855
2675.75,0.002847
2676.23,0.002909
2676.71,0.003023
2677.19,0.003159
2677.68,0.003277
2678.16,0.003348
2678.64,0.003357
2679.12,0.003311
2679.60,0.003235
2680.09,0.003164
2680.57,0.003133
2681.05,0.003167
2681.53,0.003273
2682.01,0.003438
2682.50,0.003635
2682.98,0.003831
2683.46,0.003989
2683.94,0.004086
2684.43,0.004107
2684.91,0.004057
2685.39,0.003952
2685.87,0.003817
2686.35,0.003686
2686.84,0.003590
2687.32,0.003554
2687.80,0.003588
2688.28,0.003691
2688.76,0.003842
2689.25,0.004008
2689.73,0.004151
2690.21,0.004236
2690.69,0.004239
2691.18,0.004157
2691.66,0.004005
2692.14,0.003812
2692.62,0.003613
2693.10,0.003441
2693.59,0.003317
2694.07,0.003249
2694.55,0.003233
2695.03,0.003257
2695.51,0.003309
2696.00,0.003379
2696.48,0.003460
2696.96,0.003547
2697.44,0.003632
2697.93,0.003706
2698.41,0.003757
2698.89,0.003775
2699.37,0.003755
2699.85,0.003704
2700.34,0.003637
2700.82,0.003575
2701.30,0.003540
2701.78,0.003553
2702.26,0.003621
2702.75,0.003747
2703.23,0.003921
2703.71,0.004130
2704.19,0.004355
2704.68,0.004576
2705.16,0.004772
2705.64,0.004924
2706.12,0.005017
2706.60,0.005044
2707.09,0.005008
2707.57,0.004925
2708.05,0.004820
2708.53,0.004727
2709.01,0.004672
2709.50,0.004674
2709.98,0.004738
2710.46,0.004852
2710.94,0.004990
2711.42,0.005121
2711.91,0.005214
2712.39,0.005247
2712.87,0.005214
2713.35,0.005121
2713.84,0.004992
2714.32,0.004861
2714.80,0.004764
2715.28,0.004730
2715.76,0.004778
2716.24,0.004905
2716.73,0.005088
2717.21,0.005289
2717.69,0.005463
2718.17,0.005571
2718.66,0.005588
2719.14,0.005514
2719.62,0.005366
2720.10,0.005177
2720.58,0.004985
2721.07,0.004824
2721.55,0.004714
2722.03,0.004665
2722.51,0.004675
2722.99,0.004737
2723.48,0.004842
2723.96,0.004974
2724.44,0.005118
2724.92,0.005250
2725.41,0.005343
2725.89,0.005373
2726.37,0.005325
2726.85,0.005200
2727.33,0.005019
2727.82,0.004819
2728.30,0.004642
2728.78,0.004523
2729.26,0.004483
2729.74,0.004518
2730.23,0.004609
2730.71,0.004723
2731.19,0.004829
2731.67,0.004906
2732.16,0.004945
2732.64,0.004949
2733.12,0.004929
2733.60,0.004900
2734.08,0.004874
2734.57,0.004862
2735.05,0.004873
2735.53,0.004918
2736.01,0.005000
2736.49,0.005120
2736.98,0.005267
2737.46,0.005420
2737.94,0.005554
2738.42,0.005642
2738.91,0.005666
2739.39,0.005622
2739.87,0.005526
2740.35,0.005404
2740.83,0.005287
2741.32,0.005203
2741.80,0.005168
2742.28,0.005184
2742.76,0.005239
2743.24,0.005316
2743.73,0.005400
2744.21,0.005480
2744.69,0.005551
2745.17,0.005613
2745.66,0.005671
2746.14,0.005728
2746.62,0.005790
2747.10,0.005858
2747.58,0.005936
2748.07,0.006027
2748.55,0.006132
2749.03,0.006249
2749.51,0.006373
2749.99,0.006494
2750.48,0.006604
2750.96,0.006694
2751.44,0.006760
2751.92,0.006805
2752.40,0.006833
2752.89,0.006850
2753.37,0.006861
2753.85,0.006866
2754.33,0.006866
2754.82,0.006861
2755.30,0.006856
2755.78,0.006862
2756.26,0.006888
2756.74,0.006946
2757.22,0.007034
2757.71,0.007143
2758.19,0.007244
2758.67,0.007308
2759.15,0.007302
2759.64,0.007208
2760.12,0.007024
2760.60,0.006774
2761.08,0.006495
2761.56,0.006229
2762.05,0.006014
2762.53,0.005872
2763.01,0.005807
2763.49,0.005805
2763.97,0.005848
2764.46,0.005918
2764.94,0.006006
2765.42,0.006112
2765.90,0.006242
2766.39,0.006401
2766.87,0.006587
2767.35,0.006786
2767.83,0.006979
2768.31,0.007144
2768.80,0.007266
2769.28,0.007342
2769.76,0.007379
2770.24,0.007391
2770.72,0.007393
2771.21,0.007393
2771.69,0.007393
2772.17,0.007386
2772.65,0.007367
2773.14,0.007336
2773.62,0.007302
2774.10,0.007279
2774.58,0.007281
2775.06,0.007316
2775.55,0.007382
2776.03,0.007465
2776.51,0.007545
2776.99,0.007605
2777.47,0.007637
2777.96,0.007648
2778.44,0.007654
2778.92,0.007676
2779.40,0.007731
2779.89,0.007823
2780.37,0.007945
2780.85,0.008080
2781.33,0.008205
2781.81,0.008302
2782.30,0.008365
2782.78,0.008393
2783.26,0.008393
2783.74,0.008374
2784.22,0.008343
2784.71,0.008301
2785.19,0.008249
2785.67,0.008187
2786.15,0.008122
2786.63,0.008063
2787.12,0.008023
2787.60,0.008013
2788.08,0.008038
2788.56,0.008094
2789.05,0.008169
2789.53,0.008243
2790.01,0.008301
2790.49,0.008329
2790.97,0.008326
2791.46,0.008299
2791.94,0.008264
2792.42,0.008240
2792.90,0.008244
2793.38,0.008284
2793.87,0.008362
2794.35,0.008466
2794.83,0.008579
2795.31,0.008679
2795.80,0.008743
2796.28,0.008754
2796.76,0.008704
2797.24,0.008597
2797.72,0.008448
2798.20,0.008283
2798.69,0.008135
2799.17,0.008038
2799.65,0.008021
2800.13,0.008101
2800.62,0.008281
2801.10,0.008546
2801.58,0.008868
2802.06,0.009209
2802.54,0.009526
2803.03,0.009785
2803.51,0.009963
2803.99,0.010054
2804.47,0.010066
2804.95,0.010024
2805.44,0.009959
2805.92,0.009896
2806.40,0.009856
2806.88,0.009847
2807.36,0.009863
2807.85,0.009892
2808.33,0.009917
2808.81,0.009929
2809.29,0.009927
2809.78,0.009920
2810.26,0.009927
2810.74,0.009969
2811.22,0.010061
2811.70,0.010207
2812.19,0.010395
2812.67,0.010601
2813.15,0.010792
2813.63,0.010933
2814.11,0.011001
2814.60,0.010989
2815.08,0.010909
2815.56,0.010791
2816.04,0.010676
2816.53,0.010607
2817.01,0.010614
2817.49,0.010715
2817.97,0.010906
2818.45,0.011165
2818.94,0.011460
2819.42,0.011755
2819.90,0.012023
2820.38,0.012246
2820.86,0.012422
2821.35,0.012557
2821.83,0.012665
2822.31,0.012757
2822.79,0.012840
2823.28,0.012914
2823.76,0.012975
2824.24,0.013022
2824.72,0.013057
2825.20,0.013090
2825.69,0.013137
2826.17,0.013216
2826.65,0.013337
2827.13,0.013499
2827.61,0.013687
2828.10,0.013877
2828.58,0.014038
2829.06,0.014148
2829.54,0.014199
2830.03,0.014201
2830.51,0.014184
2830.99,0.014187
2831.47,0.014251
2831.95,0.014405
2832.44,0.014662
2832.92,0.015013
2833.40,0.015431
2833.88,0.015880
2834.36,0.016320
2834.85,0.016718
2835.33,0.017056
2835.81,0.017329
2836.29,0.017548
2836.77,0.017736
2837.26,0.017921
2837.74,0.018130
2838.22,0.018384
2838.70,0.018695
2839.18,0.019065
2839.67,0.019482
2840.15,0.019929
2840.63,0.020390
2841.11,0.020849
2841.60,0.021300
2842.08,0.021748
2842.56,0.022209
2843.04,0.022703
2843.52,0.023256
2844.01,0.023892
2844.49,0.024631
2844.97,0.025488
2845.45,0.026468
2845.93,0.027570
2846.42,0.028780
2846.90,0.030072
2847.38,0.031408
2847.86,0.032738
2848.34,0.034008
2848.83,0.035164
2849.31,0.036158
2849.79,0.036956
2850.27,0.037542
2850.76,0.037914
2851.24,0.038086
2851.72,0.038075
2852.20,0.037909
2852.68,0.037614
2853.17,0.037216
2853.65,0.036744
2854.13,0.036225
2854.61,0.035683
2855.09,0.035138
2855.58,0.034602
2856.06,0.034080
2856.54,0.033567
2857.02,0.033058
2857.51,0.032541
2857.99,0.032006
2858.47,0.031448
2858.95,0.030864
2859.43,0.030254
2859.92,0.029623
2860.40,0.028981
2860.88,0.028339
2861.36,0.027707
2861.84,0.027096
2862.33,0.026517
2862.81,0.025977
2863.29,0.025483
2863.77,0.025043
2864.26,0.024664
2864.74,0.024354
2865.22,0.024114
2865.70,0.023939
2866.18,0.023813
2866.67,0.023708
2867.15,0.023594
2867.63,0.023439
2868.11,0.023228
2868.59,0.022962
2869.08,0.022665
2869.56,0.022374
2870.04,0.022135
2870.52,0.021984
2871.01,0.021940
2871.49,0.021997
2871.97,0.022133
2872.45,0.022312
2872.93,0.022497
2873.41,0.022659
2873.90,0.022782
2874.38,0.022863
2874.86,0.022906
2875.34,0.022916
2875.83,0.022899
2876.31,0.022852
2876.79,0.022773
2877.27,0.022658
2877.75,0.022508
2878.24,0.022330
2878.72,0.022136
2879.20,0.021943
2879.68,0.021774
2880.16,0.021648
2880.65,0.021580
2881.13,0.021578
2881.61,0.021641
2882.09,0.021755
2882.58,0.021899
2883.06,0.022050
2883.54,0.022184
2884.02,0.022288
2884.50,0.022356
2884.99,0.022396
2885.47,0.022424
2885.95,0.022457
2886.43,0.022512
2886.91,0.022598
2887.40,0.022717
2887.88,0.022864
2888.36,0.023027
2888.84,0.023195
2889.32,0.023358
2889.81,0.023507
2890.29,0.023640
2890.77,0.023760
2891.25,0.023877
2891.74,0.024004
2892.22,0.024159
2892.70,0.024355
2893.18,0.024597
2893.66,0.024881
2894.15,0.025192
2894.63,0.025509
2895.11,0.025816
2895.59,0.026107
2896.07,0.026389
2896.56,0.026683
2897.04,0.027014
2897.52,0.027398
2898.00,0.027840
2898.49,0.028324
2898.97,0.028822
2899.45,0.029302
2899.93,0.029744
2900.41,0.030143
2900.90,0.030513
2901.38,0.030877
2901.86,0.031258
2902.34,0.031666
2902.82,0.032091
2903.31,0.032507
2903.79,0.032881
2904.27,0.033189
2904.75,0.033423
2905.24,0.033598
2905.72,0.033749
2906.20,0.033922
2906.68,0.034161
2907.16,0.034499
2907.65,0.034955
2908.13,0.035529
2908.61,0.036211
2909.09,0.036983
2909.57,0.037824
2910.06,0.038711
2910.54,0.039622
2911.02,0.040535
2911.50,0.041432
2911.99,0.042300
2912.47,0.043136
2912.95,0.043950
2913.43,0.044757
2913.91,0.045575
2914.39,0.046420
2914.88,0.047293
2915.36,0.048185
2915.84,0.049076
2916.32,0.049943
2916.81,0.050772
2917.29,0.051563
2917.77,0.052326
2918.25,0.053081
2918.73,0.053839
2919.22,0.054595
2919.70,0.055314
2920.18,0.055939
2920.66,0.056402
2921.14,0.056646
2921.63,0.056639
2922.11,0.056396
2922.59,0.055972
2923.07,0.055453
2923.55,0.054926
2924.04,0.054457
2924.52,0.054074
2925.00,0.053759
2925.48,0.053463
2925.97,0.053123
2926.45,0.052689
2926.93,0.052137
2927.41,0.051476
2927.89,0.050739
2928.38,0.049969
2928.86,0.049204
2929.34,0.048461
2929.82,0.047743
2930.30,0.047033
2930.79,0.046313
2931.27,0.045567
2931.75,0.044787
2932.23,0.043975
2932.72,0.043140
2933.20,0.042294
2933.68,0.041451
2934.16,0.040626
2934.64,0.039838
2935.13,0.039106
2935.61,0.038453
2936.09,0.037898
2936.57,0.037452
2937.05,0.037113
2937.54,0.036863
2938.02,0.036670
2938.50,0.036493
2938.98,0.036290
2939.47,0.036026
2939.95,0.035679
2940.43,0.035245
2940.91,0.034738
2941.39,0.034184
2941.88,0.033618
2942.36,0.033076
2942.84,0.032589
2943.32,0.032180
2943.80,0.031860
2944.29,0.031627
2944.77,0.031468
2945.25,0.031359
2945.73,0.031272
2946.22,0.031173
2946.70,0.031032
2947.18,0.030829
2947.66,0.030558
2948.14,0.030227
2948.62,0.029864
2949.11,0.029507
2949.59,0.029196
2950.07,0.028964
2950.55,0.028832
2951.04,0.028801
2951.52,0.028857
2952.00,0.028976
2952.48,0.029133
2952.97,0.029307
2953.45,0.029480
2953.93,0.029637
2954.41,0.029764
2954.89,0.029840
2955.38,0.029849
2955.86,0.029776
2956.34,0.029624
2956.82,0.029409
2957.30,0.029168
2957.79,0.028946
2958.27,0.028784
2958.75,0.028706
2959.23,0.028714
2959.71,0.028783
2960.20,0.028870
2960.68,0.028928
2961.16,0.028917
2961.64,0.028809
2962.12,0.028597
2962.61,0.028288
2963.09,0.027900
2963.57,0.027458
2964.05,0.026991
2964.53,0.026529
2965.02,0.026098
2965.50,0.025716
2965.98,0.025391
2966.46,0.025112
2966.95,0.024858
2967.43,0.024596
2967.91,0.024303
2968.39,0.023966
2968.88,0.023595
2969.36,0.023218
2969.84,0.022875
2970.32,0.022603
2970.80,0.022423
2971.28,0.022340
2971.77,0.022340
2972.25,0.022399
2972.73,0.022489
2973.21,0.022588
2973.70,0.022680
2974.18,0.022753
2974.66,0.022796
2975.14,0.022797
2975.62,0.022746
2976.11,0.022636
2976.59,0.022469
2977.07,0.022257
2977.55,0.022017
2978.03,0.021768
2978.52,0.021528
2979.00,0.021307
2979.48,0.021110
2979.96,0.020943
2980.45,0.020812
2980.93,0.020726
2981.41,0.020690
2981.89,0.020706
2982.37,0.020760
2982.86,0.020831
2983.34,0.020891
2983.82,0.020912
2984.30,0.020877
2984.78,0.020783
2985.27,0.020638
2985.75,0.020455
2986.23,0.020249
2986.71,0.020030
2987.20,0.019804
2987.68,0.019579
2988.16,0.019369
2988.64,0.019193
2989.12,0.019075
2989.61,0.019031
2990.09,0.019066
2990.57,0.019168
2991.05,0.019310
2991.53,0.019461
2992.02,0.019595
2992.50,0.019696
2992.98,0.019765
2993.46,0.019811
2993.95,0.019846
2994.43,0.019876
2994.91,0.019901
2995.39,0.019913
2995.87,0.019904
2996.36,0.019874
2996.84,0.019828
2997.32,0.019779
2997.80,0.019742
2998.28,0.019726
2998.77,0.019732
2999.25,0.019756
2999.73,0.019789
3000.21,0.019821
3000.69,0.019845
3001.18,0.019858
3001.66,0.019857
3002.14,0.019841
3002.62,0.019811
3003.11,0.019770
3003.59,0.019726
3004.07,0.019687
3004.55,0.019663
3005.03,0.019659
3005.51,0.019672
3006.00,0.019696
3006.48,0.019723
3006.96,0.019752
3007.44,0.019791
3007.93,0.019857
3008.41,0.019970
3008.89,0.020144
3009.37,0.020377
3009.85,0.020646
3010.34,0.020909
3010.82,0.021124
3011.30,0.021250
3011.78,0.021267
3012.26,0.021181
3012.75,0.021017
3013.23,0.020813
3013.71,0.020608
3014.19,0.020434
3014.68,0.020312
3015.16,0.020254
3015.64,0.020259
3016.12,0.020322
3016.60,0.020430
3017.09,0.020559
3017.57,0.020684
3018.05,0.020778
3018.53,0.020817
3019.01,0.020791
3019.50,0.020707
3019.98,0.020582
3020.46,0.020446
3020.94,0.020325
3021.43,0.020242
3021.91,0.020208
3022.39,0.020224
3022.87,0.020284
3023.35,0.020376
3023.84,0.020485
3024.32,0.020595
3024.80,0.020686
3025.28,0.020741
3025.76,0.020747
3026.25,0.020706
3026.73,0.020632
3027.21,0.020551
3027.69,0.020498
3028.18,0.020500
3028.66,0.020567
3029.14,0.020690
3029.62,0.020841
3030.10,0.020985
3030.59,0.021089
3031.07,0.021130
3031.55,0.021104
3032.03,0.021018
3032.51,0.020885
3033.00,0.020719
3033.48,0.020528
3033.96,0.020322
3034.44,0.020109
3034.93,0.019905
3035.41,0.019733
3035.89,0.019614
3036.37,0.019567
3036.85,0.019602
3037.34,0.019717
3037.82,0.019903
3038.30,0.020144
3038.78,0.020420
3039.26,0.020712
3039.75,0.020995
3040.23,0.021242
3040.71,0.021429
3041.19,0.021536
3041.67,0.021563
3042.16,0.021529
3042.64,0.021470
3043.12,0.021436
3043.60,0.021464
3044.09,0.021574
3044.57,0.021754
3045.05,0.021970
3045.53,0.022176
3046.01,0.022330
3046.49,0.022414
3046.98,0.022432
3047.46,0.022408
3047.94,0.022371
3048.42,0.022345
3048.91,0.022342
3049.39,0.022362
3049.87,0.022399
3050.35,0.022449
3050.83,0.022514
3051.32,0.022594
3051.80,0.022690
3052.28,0.022792
3052.76,0.022882
3053.24,0.022941
3053.73,0.022955
3054.21,0.022927
3054.69,0.022874
3055.17,0.022818
3055.66,0.022785
3056.14,0.022786
3056.62,0.022815
3057.10,0.022854
3057.58,0.022880
3058.07,0.022876
3058.55,0.022836
3059.03,0.022768
3059.51,0.022688
3059.99,0.022613
3060.48,0.022558
3060.96,0.022535
3061.44,0.022553
3061.92,0.022619
3062.41,0.022738
3062.89,0.022904
3063.37,0.023099
3063.85,0.023288
3064.33,0.023426
3064.82,0.023476
3065.30,0.023414
3065.78,0.023250
3066.26,0.023020
3066.74,0.022782
3067.23,0.022597
3067.71,0.022514
3068.19,0.022559
3068.67,0.022737
3069.16,0.023029
3069.64,0.023407
3070.12,0.023835
3070.60,0.024271
3071.08,0.024660
3071.57,0.024949
3072.05,0.025084
3072.53,0.025032
3073.01,0.024796
3073.49,0.024422
3073.98,0.023998
3074.46,0.023619
3074.94,0.023378
3075.42,0.023326
3075.90,0.023459
3076.39,0.023731
3076.87,0.024066
3077.35,0.024393
3077.83,0.024662
3078.32,0.024857
3078.80,0.024989
3079.28,0.025079
3079.76,0.025145
3080.24,0.025188
3080.73,0.025201
3081.21,0.025174
3081.69,0.025110
3082.17,0.025026
3082.65,0.024951
3083.14,0.024913
3083.62,0.024929
3084.10,0.024990
3084.58,0.025071
3085.07,0.025137
3085.55,0.025159
3086.03,0.025125
3086.51,0.025040
3086.99,0.024928
3087.47,0.024820
3087.96,0.024745
3088.44,0.024723
3088.92,0.024762
3089.40,0.024858
3089.89,0.024998
3090.37,0.025159
3090.85,0.025316
3091.33,0.025443
3091.81,0.025517
3092.30,0.025525
3092.78,0.025467
3093.26,0.025359
3093.74,0.025218
3094.22,0.025065
3094.71,0.024911
3095.19,0.024757
3095.67,0.024599
3096.15,0.024432
3096.64,0.024265
3097.12,0.024116
3097.60,0.024015
3098.08,0.023985
3098.56,0.024036
3099.05,0.024153
3099.53,0.024298
3100.01,0.024419
3100.49,0.024467
3100.97,0.024411
3101.46,0.024247
3101.94,0.023994
3102.42,0.023689
3102.90,0.023376
3103.39,0.023089
3103.87,0.022853
3104.35,0.022681
3104.83,0.022578
3105.31,0.022549
3105.80,0.022592
3106.28,0.022705
3106.76,0.022882
3107.24,0.023109
3107.72,0.023370
3108.21,0.023648
3108.69,0.023929
3109.17,0.024203
3109.65,0.024462
3110.14,0.024698
3110.62,0.024900
3111.10,0.025057
3111.58,0.025161
3112.06,0.025213
3112.55,0.025226
3113.03,0.025224
3113.51,0.025239
3113.99,0.025299
3114.47,0.025421
3114.96,0.025604
3115.44,0.025826
3115.92,0.026052
3116.40,0.026238
3116.88,0.026337
3117.37,0.026316
3117.85,0.026151
3118.33,0.025844
3118.81,0.025420
3119.30,0.024927
3119.78,0.024432
3120.26,0.024005
3120.74,0.023712
3121.22,0.023592
3121.71,0.023657
3122.19,0.023883
3122.67,0.024222
3123.15,0.024615
3123.63,0.025003
3124.12,0.025344
3124.60,0.025613
3125.08,0.025800
3125.56,0.025899
3126.04,0.025910
3126.53,0.025832
3127.01,0.025668
3127.49,0.025436
3127.97,0.025169
3128.45,0.024912
3128.94,0.024717
3129.42,0.024629
3129.90,0.024667
3130.38,0.024828
3130.87,0.025081
3131.35,0.025381
3131.83,0.025680
3132.31,0.025939
3132.79,0.026134
3133.28,0.026264
3133.76,0.026338
3134.24,0.026375
3134.72,0.026397
3135.20,0.026418
3135.69,0.026450
3136.17,0.026497
3136.65,0.026563
3137.13,0.026652
3137.61,0.026773
3138.10,0.026939
3138.58,0.027165
3139.06,0.027465
3139.54,0.027837
3140.03,0.028263
3140.51,0.028703
3140.99,0.029103
3141.47,0.029398
3141.95,0.029536
3142.44,0.029485
3142.92,0.029250
3143.40,0.028864
3143.88,0.028388
3144.36,0.027893
3144.85,0.027443
3145.33,0.027084
3145.81,0.026843
3146.29,0.026724
3146.78,0.026717
3147.26,0.026800
3147.74,0.026949
3148.22,0.027134
3148.70,0.027329
3149.19,0.027513
3149.67,0.027676
3150.15,0.027827
3150.63,0.027983
3151.11,0.028174
3151.60,0.028421
3152.08,0.028729
3152.56,0.029079
3153.04,0.029430
3153.53,0.029733
3154.01,0.029939
3154.49,0.030025
3154.97,0.029990
3155.45,0.029861
3155.94,0.029676
3156.42,0.029473
3156.90,0.029280
3157.38,0.029107
3157.86,0.028952
3158.35,0.028802
3158.83,0.028643
3159.31,0.028462
3159.79,0.028250
3160.28,0.028001
3160.76,0.027718
3161.24,0.027417
3161.72,0.027128
3162.20,0.026898
3162.68,0.026774
3163.17,0.026795
3163.65,0.026968
3164.13,0.027264
3164.61,0.027620
3165.10,0.027953
3165.58,0.028192
3166.06,0.028294
3166.54,0.028262
3167.02,0.028138
3167.51,0.027989
3167.99,0.027881
3168.47,0.027857
3168.95,0.027931
3169.43,0.028095
3169.92,0.028330
3170.40,0.028622
3170.88,0.028967
3171.36,0.029365
3171.85,0.029806
3172.33,0.030262
3172.81,0.030686
3173.29,0.031013
3173.77,0.031192
3174.26,0.031196
3174.74,0.031038
3175.22,0.030765
3175.70,0.030444
3176.18,0.030145
3176.67,0.029910
3177.15,0.029757
3177.63,0.029681
3178.11,0.029667
3178.59,0.029702
3179.08,0.029785
3179.56,0.029924
3180.04,0.030123
3180.52,0.030372
3181.01,0.030642
3181.49,0.030888
3181.97,0.031057
3182.45,0.031113
3182.93,0.031040
3183.42,0.030851
3183.90,0.030582
3184.38,0.030281
3184.86,0.029990
3185.34,0.029737
3185.83,0.029534
3186.31,0.029380
3186.79,0.029270
3187.27,0.029207
3187.76,0.029202
3188.24,0.029275
3188.72,0.029444
3189.20,0.029714
3189.68,0.030075
3190.17,0.030491
3190.65,0.030918
3191.13,0.031306
3191.61,0.031615
3192.09,0.031829
3192.58,0.031955
3193.06,0.032021
3193.54,0.032062
3194.02,0.032114
3194.51,0.032198
3194.99,0.032322
3195.47,0.032482
3195.95,0.032672
3196.43,0.032884
3196.92,0.033118
3197.40,0.033371
3197.88,0.033641
3198.36,0.033912
3198.84,0.034158
3199.33,0.034349
3199.81,0.034457
3200.29,0.034466
3200.77,0.034378
3201.26,0.034211
3201.74,0.033990
3202.22,0.033745
3202.70,0.033494
3203.18,0.033255
3203.66,0.033037
3204.15,0.032855
3204.63,0.032726
3205.11,0.032665
3205.59,0.032683
3206.08,0.032775
3206.56,0.032916
3207.04,0.033072
3207.52,0.033210
3208.00,0.033309
3208.49,0.033372
3208.97,0.033422
3209.45,0.033493
3209.93,0.033608
3210.41,0.033770
3210.90,0.033953
3211.38,0.034116
3211.86,0.034216
3212.34,0.034230
3212.82,0.034165
3213.31,0.034055
3213.79,0.033945
3214.27,0.033868
3214.75,0.033837
3215.24,0.033835
3215.72,0.033832
3216.20,0.033800
3216.68,0.033731
3217.16,0.033650
3217.65,0.033601
3218.13,0.033631
3218.61,0.033766
3219.09,0.033998
3219.57,0.034282
3220.06,0.034546
3220.54,0.034717
3221.02,0.034751
3221.50,0.034642
3221.99,0.034429
3222.47,0.034177
3222.95,0.033964
3223.43,0.033852
3223.91,0.033873
3224.40,0.034024
3224.88,0.034269
3225.36,0.034555
3225.84,0.034823
3226.32,0.035023
3226.81,0.035124
3227.29,0.035121
3227.77,0.035028
3228.25,0.034879
3228.74,0.034717
3229.22,0.034579
3229.70,0.034496
3230.18,0.034485
3230.66,0.034544
3231.15,0.034660
3231.63,0.034807
3232.11,0.034959
3232.59,0.035083
3233.07,0.035155
3233.56,0.035156
3234.04,0.035078
3234.52,0.034930
3235.00,0.034733
3235.49,0.034526
3235.97,0.034351
3236.45,0.034246
3236.93,0.034240
3237.41,0.034333
3237.90,0.034505
3238.38,0.034711
3238.86,0.034901
3239.34,0.035030
3239.82,0.035072
3240.31,0.035026
3240.79,0.034919
3241.27,0.034793
3241.75,0.034693
3242.24,0.034652
3242.72,0.034685
3243.20,0.034783
3243.68,0.034917
3244.16,0.035050
3244.64,0.035149
3245.13,0.035192
3245.61,0.035177
3246.09,0.035118
3246.57,0.035042
3247.06,0.034978
3247.54,0.034944
3248.02,0.034946
3248.50,0.034978
3248.98,0.035026
3249.47,0.035077
3249.95,0.035126
3250.43,0.035178
3250.91,0.035247
3251.39,0.035347
3251.88,0.035484
3252.36,0.035658
3252.84,0.035860
3253.32,0.036076
3253.80,0.036301
3254.29,0.036536
3254.77,0.036788
3255.25,0.037062
3255.73,0.037349
3256.22,0.037623
3256.70,0.037845
3257.18,0.037973
3257.66,0.037979
3258.14,0.037866
3258.63,0.037669
3259.11,0.037450
3259.59,0.037278
3260.07,0.037199
3260.55,0.037227
3261.04,0.037335
3261.52,0.037462
3262.00,0.037535
3262.48,0.037499
3262.97,0.037332
3263.45,0.037049
3263.93,0.036698
3264.41,0.036343
3264.89,0.036044
3265.38,0.035839
3265.86,0.035745
3266.34,0.035754
3266.82,0.035843
3267.30,0.035988
3267.79,0.036163
3268.27,0.036352
3268.75,0.036539
3269.23,0.036709
3269.72,0.036845
3270.20,0.036930
3270.68,0.036946
3271.16,0.036880
3271.64,0.036733
3272.13,0.036519
3272.61,0.036269
3273.09,0.036028
3273.57,0.035843
3274.05,0.035755
3274.54,0.035791
3275.02,0.035948
3275.50,0.036201
3275.98,0.036507
3276.47,0.036816
3276.95,0.037085
3277.43,0.037291
3277.91,0.037429
3278.39,0.037510
3278.88,0.037552
3279.36,0.037568
3279.84,0.037561
3280.32,0.037523
3280.80,0.037446
3281.29,0.037326
3281.77,0.037171
3282.25,0.037004
3282.73,0.036857
3283.22,0.036761
3283.70,0.036737
3284.18,0.036789
3284.66,0.036904
3285.14,0.037050
3285.62,0.037189
3286.11,0.037286
3286.59,0.037315
3287.07,0.037268
3287.55,0.037158
3288.04,0.037020
3288.52,0.036900
3289.00,0.036850
3289.48,0.036911
3289.96,0.037103
3290.45,0.037414
3290.93,0.037804
3291.41,0.038214
3291.89,0.038584
3292.38,0.038868
3292.86,0.039051
3293.34,0.039143
3293.82,0.039180
3294.30,0.039197
3294.78,0.039220
3295.27,0.039258
3295.75,0.039300
3296.23,0.039328
3296.71,0.039326
3297.20,0.039285
3297.68,0.039207
3298.16,0.039100
3298.64,0.038969
3299.12,0.038811
3299.61,0.038624
3300.09,0.038406
3300.57,0.038162
3301.05,0.037910
3301.53,0.037674
3302.02,0.037477
3302.50,0.037330
3302.98,0.037231
3303.46,0.037168
3303.95,0.037125
3304.43,0.037096
3304.91,0.037090
3305.39,0.037124
3305.87,0.037218
3306.36,0.037386
3306.84,0.037625
3307.32,0.037915
3307.80,0.038231
3308.28,0.038547
3308.77,0.038844
3309.25,0.039110
3309.73,0.039331
3310.21,0.039486
3310.70,0.039546
3311.18,0.039481
3311.66,0.039273
3312.14,0.038932
3312.62,0.038501
3313.11,0.038056
3313.59,0.037682
3314.07,0.037448
3314.55,0.037393
3315.03,0.037510
3315.52,0.037754
3316.00,0.038056
3316.48,0.038355
3316.96,0.038602
3317.45,0.038775
3317.93,0.038869
3318.41,0.038892
3318.89,0.038854
3319.37,0.038760
3319.86,0.038617
3320.34,0.038434
3320.82,0.038224
3321.30,0.038001
3321.78,0.037778
3322.27,0.037564
3322.75,0.037362
3323.23,0.037177
3323.71,0.037023
3324.20,0.036923
3324.68,0.036906
3325.16,0.036997
3325.64,0.037195
3326.12,0.037475
3326.61,0.037777
3327.09,0.038022
3327.57,0.038141
3328.05,0.038088
3328.53,0.037859
3329.02,0.037492
3329.50,0.037055
3329.98,0.036623
3330.46,0.036260
3330.94,0.036007
3331.43,0.035881
3331.91,0.035873
3332.39,0.035963
3332.87,0.036120
3333.36,0.036308
3333.84,0.036488
3334.32,0.036622
3334.80,0.036681
3335.28,0.036656
3335.76,0.036558
3336.25,0.036427
3336.73,0.036321
3337.21,0.036296
3337.69,0.036395
3338.18,0.036631
3338.66,0.036986
3339.14,0.037411
3339.62,0.037837
3340.10,0.038197
3340.59,0.038426
3341.07,0.038476
3341.55,0.038327
3342.03,0.037983
3342.51,0.037482
3343.00,0.036886
3343.48,0.036282
3343.96,0.035754
3344.44,0.035366
3344.93,0.035151
3345.41,0.035097
3345.89,0.035165
3346.37,0.035295
3346.85,0.035444
3347.34,0.035594
3347.82,0.035753
3348.30,0.035948
3348.78,0.036196
3349.26,0.036490
3349.75,0.036789
3350.23,0.037028
3350.71,0.037143
3351.19,0.037099
3351.68,0.036901
3352.16,0.036597
3352.64,0.036248
3353.12,0.035916
3353.60,0.035629
3354.09,0.035381
3354.57,0.035141
3355.05,0.034878
3355.53,0.034582
3356.01,0.034273
3356.50,0.033993
3356.98,0.033791
3357.46,0.033693
3357.94,0.033695
3358.43,0.033759
3358.91,0.033833
3359.39,0.033871
3359.87,0.033851
3360.35,0.033779
3360.84,0.033679
3361.32,0.033577
3361.80,0.033493
3362.28,0.033425
3362.76,0.033361
3363.25,0.033286
3363.73,0.033197
3364.21,0.033104
3364.69,0.033029
3365.17,0.032990
3365.66,0.032996
3366.14,0.033038
3366.62,0.033095
3367.10,0.033137
3367.59,0.033147
3368.07,0.033121
3368.55,0.033072
3369.03,0.033022
3369.51,0.032995
3370.00,0.033006
3370.48,0.033060
3370.96,0.033153
3371.44,0.033275
3371.92,0.033416
3372.41,0.033569
3372.89,0.033730
3373.37,0.033897
3373.85,0.034066
3374.33,0.034230
3374.82,0.034378
3375.30,0.034495
3375.78,0.034563
3376.26,0.034562
3376.74,0.034474
3377.23,0.034288
3377.71,0.034005
3378.19,0.033643
3378.67,0.033234
3379.16,0.032824
3379.64,0.032458
3380.12,0.032175
3380.60,0.031999
3381.08,0.031938
3381.57,0.031984
3382.05,0.032122
3382.53,0.032336
3383.01,0.032610
3383.49,0.032922
3383.98,0.033244
3384.46,0.033539
3384.94,0.033761
3385.42,0.033861
3385.91,0.033807
3386.39,0.033585
3386.87,0.033215
3387.35,0.032738
3387.83,0.032217
3388.32,0.031716
3388.80,0.031291
3389.28,0.030985
3389.76,0.030820
3390.24,0.030800
3390.73,0.030911
3391.21,0.031125
3391.69,0.031401
3392.17,0.031688
3392.66,0.031938
3393.14,0.032111
3393.62,0.032189
3394.10,0.032184
3394.58,0.032131
3395.07,0.032085
3395.55,0.032092
3396.03,0.032190
3396.51,0.032386
3396.99,0.032661
3397.48,0.032972
3397.96,0.033266
3398.44,0.033489
3398.92,0.033594
3399.41,0.033553
3399.89,0.033359
3400.37,0.033025
3400.85,0.032587
3401.33,0.032099
3401.82,0.031632
3402.30,0.031251
3402.78,0.031013
3403.26,0.030944
3403.74,0.031037
3404.23,0.031247
3404.71,0.031516
3405.19,0.031785
3405.67,0.032013
3406.15,0.032185
3406.64,0.032307
3407.12,0.032395
3407.60,0.032454
3408.08,0.032471
3408.57,0.032417
3409.05,0.032261
3409.53,0.031988
3410.01,0.031612
3410.49,0.031178
3410.97,0.030747
3411.46,0.030380
3411.94,0.030111
3412.42,0.029939
3412.90,0.029832
3413.39,0.029744
3413.87,0.029637
3414.35,0.029497
3414.83,0.029338
3415.31,0.029201
3415.80,0.029131
3416.28,0.029156
3416.76,0.029277
3417.24,0.029464
3417.72,0.029668
3418.21,0.029830
3418.69,0.029898
3419.17,0.029844
3419.65,0.029660
3420.14,0.029367
3420.62,0.029003
3421.10,0.028627
3421.58,0.028296
3422.06,0.028063
3422.55,0.027964
3423.03,0.028006
3423.51,0.028172
3423.99,0.028426
3424.47,0.028725
3424.96,0.029032
3425.44,0.029324
3425.92,0.029595
3426.40,0.029851
3426.89,0.030093
3427.37,0.030315
3427.85,0.030492
3428.33,0.030589
3428.81,0.030573
3429.30,0.030427
3429.78,0.030161
3430.26,0.029812
3430.74,0.029439
3431.22,0.029106
3431.71,0.028862
3432.19,0.028739
3432.67,0.028744
3433.15,0.028864
3433.64,0.029076
3434.12,0.029350
3434.60,0.029649
3435.08,0.029930
3435.56,0.030149
3436.05,0.030255
3436.53,0.030214
3437.01,0.030013
3437.49,0.029674
3437.97,0.029252
3438.46,0.028818
3438.94,0.028446
3439.42,0.028184
3439.90,0.028043
3440.39,0.028001
3440.87,0.028008
3441.35,0.028015
3441.83,0.027988
3442.31,0.027916
3442.80,0.027812
3443.28,0.027701
3443.76,0.027601
3444.24,0.027521
3444.72,0.027455
3445.21,0.027392
3445.69,0.027326
3446.17,0.027256
3446.65,0.027192
3447.13,0.027140
3447.62,0.027101
3448.10,0.027066
3448.58,0.027018
3449.06,0.026953
3449.55,0.026877
3450.03,0.026820
3450.51,0.026817
3450.99,0.026898
3451.47,0.027071
3451.95,0.027315
3452.44,0.027585
3452.92,0.027818
3453.40,0.027959
3453.88,0.027971
3454.37,0.027847
3454.85,0.027600
3455.33,0.027259
3455.81,0.026856
3456.29,0.026420
3456.78,0.025983
3457.26,0.025584
3457.74,0.025267
3458.22,0.025084
3458.70,0.025073
3459.19,0.025247
3459.67,0.025584
3460.15,0.026020
3460.63,0.026473
3461.11,0.026855
3461.60,0.027099
3462.08,0.027175
3462.56,0.027089
3463.04,0.026874
3463.53,0.026575
3464.01,0.026239
3464.49,0.025902
3464.97,0.025593
3465.45,0.025341
3465.94,0.025169
3466.42,0.025094
3466.90,0.025119
3467.38,0.025224
3467.86,0.025367
3468.35,0.025493
3468.83,0.025557
3469.31,0.025538
3469.79,0.025448
3470.28,0.025323
3470.76,0.025204
3471.24,0.025119
3471.72,0.025064
3472.20,0.025008
3472.69,0.024912
3473.17,0.024751
3473.65,0.024528
3474.13,0.024286
3474.61,0.024088
3475.10,0.024002
3475.58,0.024067
3476.06,0.024281
3476.54,0.024602
3477.03,0.024969
3477.51,0.025319
3477.99,0.025605
3478.47,0.025807
3478.95,0.025918
3479.44,0.025941
3479.92,0.025875
3480.40,0.025720
3480.88,0.025474
3481.36,0.025149
3481.85,0.024770
3482.33,0.024368
3482.81,0.023975
3483.29,0.023608
3483.78,0.023267
3484.26,0.022940
3484.74,0.022621
3485.22,0.022314
3485.70,0.022045
3486.19,0.021847
3486.67,0.021744
3487.15,0.021735
3487.63,0.021787
3488.11,0.021844
3488.60,0.021843
3489.08,0.021749
3489.56,0.021565
3490.04,0.021339
3490.53,0.021142
3491.01,0.021034
3491.49,0.021053
3491.97,0.021199
3492.45,0.021441
3492.93,0.021738
3493.42,0.022055
3493.90,0.022373
3494.38,0.022683
3494.86,0.022974
3495.35,0.023223
3495.83,0.023394
3496.31,0.023447
3496.79,0.023353
3497.27,0.023121
3497.76,0.022788
3498.24,0.022422
3498.72,0.022090
3499.20,0.021832
3499.68,0.021654
3500.17,0.021528
3500.65,0.021415
3501.13,0.021278
3501.61,0.021107
3502.09,0.020914
3502.58,0.020729
3503.06,0.020575
3503.54,0.020462
3504.02,0.020378
3504.51,0.020302
3504.99,0.020224
3505.47,0.020150
3505.95,0.020105
3506.43,0.020113
3506.92,0.020176
3507.40,0.020269
3507.88,0.020338
3508.36,0.020315
3508.84,0.020152
3509.33,0.019832
3509.81,0.019386
3510.29,0.018878
3510.77,0.018389
3511.26,0.017976
3511.74,0.017655
3512.22,0.017405
3512.70,0.017192
3513.18,0.016997
3513.67,0.016831
3514.15,0.016737
3514.63,0.016771
3515.11,0.016975
3515.59,0.017353
3516.08,0.017864
3516.56,0.018430
3517.04,0.018964
3517.52,0.019398
3518.01,0.019697
3518.49,0.019867
3518.97,0.019948
3519.45,0.019986
3519.93,0.020018
3520.42,0.020056
3520.90,0.020085
3521.38,0.020078
3521.86,0.019998
3522.34,0.019818
3522.83,0.019524
3523.31,0.019119
3523.79,0.018624
3524.27,0.018074
3524.76,0.017519
3525.24,0.017014
3525.72,0.016606
3526.20,0.016334
3526.68,0.016209
3527.17,0.016220
3527.65,0.016327
3528.13,0.016477
3528.61,0.016615
3529.09,0.016696
3529.58,0.016709
3530.06,0.016677
3530.54,0.016649
3531.02,0.016678
3531.51,0.016808
3531.99,0.017052
3532.47,0.017389
3532.95,0.017766
3533.43,0.018118
3533.91,0.018385
3534.40,0.018525
3534.88,0.018525
3535.36,0.018399
3535.84,0.018184
3536.33,0.017925
3536.81,0.017663
3537.29,0.017430
3537.77,0.017237
3538.25,0.017082
3538.74,0.016956
3539.22,0.016849
3539.70,0.016761
3540.18,0.016697
3540.66,0.016661
3541.15,0.016651
3541.63,0.016653
3542.11,0.016641
3542.59,0.016581
3543.07,0.016439
3543.56,0.016195
3544.04,0.015851
3544.52,0.015430
3545.00,0.014977
3545.49,0.014550
3545.97,0.014205
3546.45,0.013977
3546.93,0.013876
3547.41,0.013884
3547.90,0.013961
3548.38,0.014060
3548.86,0.014143
3549.34,0.014186
3549.82,0.014181
3550.31,0.014132
3550.79,0.014047
3551.27,0.013933
3551.75,0.013796
3552.24,0.013637
3552.72,0.013456
3553.20,0.013253
3553.68,0.013031
3554.16,0.012795
3554.65,0.012552
3555.13,0.012309
3555.61,0.012070
3556.09,0.011836
3556.57,0.011611
3557.06,0.011401
3557.54,0.011220
3558.02,0.011089
3558.50,0.011033
3558.99,0.011074
3559.47,0.011218
3559.95,0.011450
3560.43,0.011727
3560.91,0.011978
3561.40,0.012128
3561.88,0.012112
3562.36,0.011899
3562.84,0.011496
3563.32,0.010957
3563.81,0.010359
3564.29,0.009781
3564.77,0.009296
3565.25,0.008949
3565.74,0.008755
3566.22,0.008705
3566.70,0.008766
3567.18,0.008899
3567.66,0.009063
3568.15,0.009231
3568.63,0.009396
3569.11,0.009569
3569.59,0.009759
3570.07,0.009966
3570.56,0.010176
3571.04,0.010363
3571.52,0.010492
3572.00,0.010531
3572.49,0.010461
3572.97,0.010278
3573.45,0.010011
3573.93,0.009707
3574.41,0.009434
3574.89,0.009253
3575.38,0.009201
3575.86,0.009278
3576.34,0.009439
3576.82,0.009615
3577.31,0.009727
3577.79,0.009721
3578.27,0.009581
3578.75,0.009334
3579.23,0.009031
3579.72,0.008729
3580.20,0.008473
3580.68,0.008276
3581.16,0.008121
3581.64,0.007976
3582.13,0.007814
3582.61,0.007622
3583.09,0.007415
3583.57,0.007219
3584.05,0.007068
3584.54,0.006978
3585.02,0.006946
3585.50,0.006946
3585.98,0.006939
3586.47,0.006885
3586.95,0.006761
3587.43,0.006573
3587.91,0.006366
3588.39,0.006216
3588.88,0.006194
3589.36,0.006329
3589.84,0.006595
3590.32,0.006925
3590.80,0.007246
3591.29,0.007496
3591.77,0.007640
3592.25,0.007658
3592.73,0.007547
3593.22,0.007314
3593.70,0.006980
3594.18,0.006575
3594.66,0.006135
3595.14,0.005696
3595.63,0.005293
3596.11,0.004946
3596.59,0.004662
3597.07,0.004437
3597.55,0.004262
3598.04,0.004126
3598.52,0.004023
3599.00,0.003952
3599.48,0.003911
3599.97,0.003903
3600.45,0.003930
3600.93,0.003994
3601.41,0.004090
3601.89,0.004209
3602.38,0.004335
3602.86,0.004450
3603.34,0.004539
3603.82,0.004592
3604.30,0.004610
3604.79,0.004602
3605.27,0.004580
3605.75,0.004552
3606.23,0.004519
3606.72,0.004472
3607.20,0.004392
3607.68,0.004260
3608.16,0.004067
3608.64,0.003828
3609.12,0.003590
3609.61,0.003419
3610.09,0.003375
3610.57,0.003490
3611.05,0.003759
3611.54,0.004147
3612.02,0.004604
3612.50,0.005079
3612.98,0.005527
3613.46,0.005898
3613.95,0.006152
3614.43,0.006256
3614.91,0.006195
3615.39,0.005981
3615.88,0.005649
3616.36,0.005250
3616.84,0.004831
3617.32,0.004438
3617.80,0.004102
3618.29,0.003835
3618.77,0.003634
3619.25,0.003479
3619.73,0.003344
3620.21,0.003207
3620.70,0.003065
3621.18,0.002930
3621.66,0.002816
3622.14,0.002723
3622.62,0.002632
3623.11,0.002513
3623.59,0.002339
3624.07,0.002103
3624.55,0.001817
3625.03,0.001518
3625.52,0.001253
3626.00,0.001064
3626.48,0.000966
3626.96,0.000934
3627.45,0.000901
3627.93,0.000771
3628.41,0.000435
3628.89,-0.000171
3629.37,-0.001007
3629.86,-0.001868
3630.34,-0.002448
3630.82,-0.002544
3631.30,-0.002165
3631.78,-0.001486
3632.27,-0.000707
3632.75,0.000020
3633.23,0.000610
3633.71,0.001024
3634.20,0.001255
3634.68,0.001323
3635.16,0.001266
3635.64,0.001133
3636.12,0.000968
3636.61,0.000796
3637.09,0.000629
3637.57,0.000462
3638.05,0.000285
3638.53,0.000096
3639.02,-0.000101
3639.50,-0.000290
3639.98,-0.000450
3640.46,-0.000563
3640.95,-0.000619
3641.43,-0.000625
3641.91,-0.000603
3642.39,-0.000583
3642.87,-0.000596
3643.36,-0.000661
3643.84,-0.000775
3644.32,-0.000921
3644.80,-0.001066
3645.28,-0.001179
3645.77,-0.001243
3646.25,-0.001257
3646.73,-0.001240
3647.21,-0.001230
3647.70,-0.001265
3648.18,-0.001371
3648.66,-0.001528
3649.14,-0.001651
3649.62,-0.001606
3650.11,-0.001269
3650.59,-0.000607
3651.07,0.000270
3651.55,0.001151
3652.03,0.001806
3652.52,0.002099
3653.00,0.002011
3653.48,0.001592
3653.96,0.000920
3654.44,0.000067
3654.93,-0.000904
3655.41,-0.001937
3655.89,-0.002962
3656.37,-0.003882
3656.86,-0.004585
3657.34,-0.004979
3657.82,-0.005036
3658.30,-0.004814
3658.78,-0.004432
3659.27,-0.004013
3659.75,-0.003643
3660.23,-0.003373
3660.71,-0.003215
3661.19,-0.003164
3661.68,-0.003200
3662.16,-0.003295
3662.64,-0.003423
3663.12,-0.003555
3663.60,-0.003663
3664.09,-0.003731
3664.57,-0.003747
3665.05,-0.003713
3665.53,-0.003645
3666.01,-0.003565
3666.50,-0.003494
3666.98,-0.003444
3667.46,-0.003406
3667.94,-0.003349
3668.43,-0.003214
3668.91,-0.002922
3669.39,-0.002402
3669.87,-0.001621
3670.35,-0.000645
3670.84,0.000340
3671.32,0.001060
3671.80,0.001299
3672.28,0.001017
3672.76,0.000338
3673.25,-0.000547
3673.73,-0.001474
3674.21,-0.002312
3674.69,-0.002975
3675.18,-0.003403
3675.66,-0.003564
3676.14,-0.003476
3676.62,-0.003238
3677.10,-0.003009
3677.59,-0.002902
3678.07,-0.002931
3678.55,-0.003039
3679.03,-0.003158
3679.51,-0.003241
3680.00,-0.003269
3680.48,-0.003247
3680.96,-0.003192
3681.44,-0.003128
3681.93,-0.003074
3682.41,-0.003044
3682.89,-0.003047
3683.37,-0.003092
3683.85,-0.003196
3684.34,-0.003375
3684.82,-0.003646
3685.30,-0.004014
3685.78,-0.004467
3686.26,-0.004978
3686.75,-0.005500
3687.23,-0.005983
3687.71,-0.006374
3688.19,-0.006618
3688.68,-0.006670
3689.16,-0.006504
3689.64,-0.006133
3690.12,-0.005611
3690.60,-0.005021
3691.09,-0.004447
3691.57,-0.003939
3692.05,-0.003518
3692.53,-0.003180
3693.01,-0.002918
3693.50,-0.002723
3693.98,-0.002591
3694.46,-0.002520
3694.94,-0.002506
3695.42,-0.002546
3695.91,-0.002632
3696.39,-0.002755
3696.87,-0.002902
3697.35,-0.003056
3697.84,-0.003202
3698.32,-0.003331
3698.80,-0.003440
3699.28,-0.003537
3699.76,-0.003634
3700.24,-0.003741
3700.73,-0.003866
3701.21,-0.004005
3701.69,-0.004144
3702.17,-0.004267
3702.66,-0.004358
3703.14,-0.004419
3703.62,-0.004471
3704.10,-0.004545
3704.58,-0.004675
3705.07,-0.004879
3705.55,-0.005163
3706.03,-0.005515
3706.51,-0.005914
3706.99,-0.006336
3707.48,-0.006752
3707.96,-0.007133
3708.44,-0.007452
3708.92,-0.007678
3709.41,-0.007781
3709.89,-0.007727
3710.37,-0.007489
3710.85,-0.007053
3711.33,-0.006439
3711.82,-0.005713
3712.30,-0.004987
3712.78,-0.004394
3713.26,-0.004037
3713.74,-0.003952
3714.23,-0.004103
3714.71,-0.004406
3715.19,-0.004774
3715.67,-0.005127
3716.16,-0.005405
3716.64,-0.005569
3717.12,-0.005592
3717.60,-0.005462
3718.08,-0.005183
3718.57,-0.004782
3719.05,-0.004302
3719.53,-0.003799
3720.01,-0.003330
3720.49,-0.002937
3720.98,-0.002638
3721.46,-0.002428
3721.94,-0.002292
3722.42,-0.002216
3722.91,-0.002194
3723.39,-0.002238
3723.87,-0.002362
3724.35,-0.002575
3724.83,-0.002865
3725.32,-0.003201
3725.80,-0.003532
3726.28,-0.003810
3726.76,-0.003998
3727.24,-0.004088
3727.73,-0.004106
3728.21,-0.004105
3728.69,-0.004139
3729.17,-0.004239
3729.66,-0.004406
3730.14,-0.004611
3730.62,-0.004805
3731.10,-0.004929
3731.58,-0.004929
3732.07,-0.004767
3732.55,-0.004447
3733.03,-0.004018
3733.51,-0.003583
3733.99,-0.003275
3734.48,-0.003206
3734.96,-0.003437
3735.44,-0.003950
3735.92,-0.004650
3736.40,-0.005363
3736.89,-0.005901
3737.37,-0.006140
3737.85,-0.006069
3738.33,-0.005786
3738.82,-0.005420
3739.30,-0.005090
3739.78,-0.004874
3740.26,-0.004810
3740.74,-0.004906
3741.22,-0.005146
3741.71,-0.005490
3742.19,-0.005885
3742.67,-0.006271
3743.15,-0.006585
3743.64,-0.006759
3744.12,-0.006727
3744.60,-0.006427
3745.08,-0.005840
3745.56,-0.005032
3746.05,-0.004169
3746.53,-0.003426
3747.01,-0.002886
3747.49,-0.002535
3747.97,-0.002314
3748.46,-0.002174
3748.94,-0.002091
3749.42,-0.002073
3749.90,-0.002147
3750.39,-0.002345
3750.87,-0.002680
3751.35,-0.003125
3751.83,-0.003611
3752.31,-0.004058
3752.80,-0.004413
3753.28,-0.004671
3753.76,-0.004862
3754.24,-0.005029
3754.72,-0.005208
3755.21,-0.005416
3755.69,-0.005658
3756.17,-0.005927
3756.65,-0.006214
3757.14,-0.006502
3757.62,-0.006765
3758.10,-0.006977
3758.58,-0.007106
3759.06,-0.007130
3759.55,-0.007046
3760.03,-0.006870
3760.51,-0.006642
3760.99,-0.006406
3761.47,-0.006201
3761.96,-0.006040
3762.44,-0.005914
3762.92,-0.005797
3763.40,-0.005666
3763.89,-0.005509
3764.37,-0.005335
3764.85,-0.005171
3765.33,-0.005058
3765.81,-0.005040
3766.30,-0.005137
3766.78,-0.005329
3767.26,-0.005560
3767.74,-0.005762
3768.22,-0.005876
3768.71,-0.005879
3769.19,-0.005779
3769.67,-0.005607
3770.15,-0.005409
3770.64,-0.005230
3771.12,-0.005100
3771.60,-0.005028
3772.08,-0.005006
3772.56,-0.005020
3773.05,-0.005062
3773.53,-0.005132
3774.01,-0.005230
3774.49,-0.005350
3774.97,-0.005478
3775.46,-0.005586
3775.94,-0.005651
3776.42,-0.005650
3776.90,-0.005576
3777.38,-0.005438
3777.87,-0.005256
3778.35,-0.005058
3778.83,-0.004868
3779.31,-0.004713
3779.80,-0.004615
3780.28,-0.004600
3780.76,-0.004687
3781.24,-0.004885
3781.72,-0.005178
3782.20,-0.005529
3782.69,-0.005885
3783.17,-0.006187
3783.65,-0.006370
3784.13,-0.006385
3784.62,-0.006202
3785.10,-0.005829
3785.58,-0.005318
3786.06,-0.004763
3786.54,-0.004277
3787.03,-0.003946
3787.51,-0.003820
3787.99,-0.003899
3788.47,-0.004145
3788.95,-0.004500
3789.44,-0.004901
3789.92,-0.005288
3790.40,-0.005610
3790.88,-0.005828
3791.36,-0.005914
3791.85,-0.005858
3792.33,-0.005660
3792.81,-0.005335
3793.29,-0.004915
3793.78,-0.004438
3794.26,-0.003946
3794.74,-0.003483
3795.22,-0.003087
3795.70,-0.002796
3796.19,-0.002643
3796.67,-0.002650
3797.15,-0.002824
3797.63,-0.003141
3798.11,-0.003551
3798.60,-0.003997
3799.08,-0.004433
3799.56,-0.004839
3800.04,-0.005221
3800.53,-0.005593
3801.01,-0.005960
3801.49,-0.006305
3801.97,-0.006573
3802.45,-0.006688
3802.94,-0.006599
3803.42,-0.006328
3803.90,-0.005970
3804.38,-0.005642
3804.86,-0.005427
3805.35,-0.005362
3805.83,-0.005447
3806.31,-0.005655
3806.79,-0.005935
3807.28,-0.006213
3807.76,-0.006410
3808.24,-0.006473
3808.72,-0.006398
3809.20,-0.006234
3809.69,-0.006047
3810.17,-0.005887
3810.65,-0.005770
3811.13,-0.005690
3811.61,-0.005631
3812.10,-0.005582
3812.58,-0.005544
3813.06,-0.005530
3813.54,-0.005559
3814.03,-0.005645
3814.51,-0.005784
3814.99,-0.005942
3815.47,-0.006054
3815.95,-0.006031
3816.44,-0.005790
3816.92,-0.005300
3817.40,-0.004628
3817.88,-0.003925
3818.36,-0.003356
3818.85,-0.003018
3819.33,-0.002936
3819.81,-0.003086
3820.29,-0.003422
3820.78,-0.003893
3821.26,-0.004440
3821.74,-0.005001
3822.22,-0.005509
3822.70,-0.005918
3823.18,-0.006219
3823.67,-0.006438
3824.15,-0.006609
3824.63,-0.006753
3825.11,-0.006878
3825.60,-0.006981
3826.08,-0.007050
3826.56,-0.007069
3827.04,-0.007023
3827.52,-0.006901
3828.01,-0.006705
3828.49,-0.006449
3828.97,-0.006163
3829.45,-0.005876
3829.93,-0.005615
3830.42,-0.005395
3830.90,-0.005216
3831.38,-0.005067
3831.86,-0.004926
3832.34,-0.004766
3832.83,-0.004572
3833.31,-0.004346
3833.79,-0.004119
3834.27,-0.003938
3834.76,-0.003856
3835.24,-0.003912
3835.72,-0.004118
3836.20,-0.004452
3836.68,-0.004860
3837.17,-0.005269
3837.65,-0.005597
3838.13,-0.005781
3838.61,-0.005805
3839.09,-0.005703
3839.58,-0.005551
3840.06,-0.005439
3840.54,-0.005434
3841.02,-0.005551
3841.51,-0.005762
3841.99,-0.006014
3842.47,-0.006248
3842.95,-0.006414
3843.43,-0.006479
3843.92,-0.006433
3844.40,-0.006284
3844.88,-0.006060
3845.36,-0.005797
3845.84,-0.005533
3846.33,-0.005293
3846.81,-0.005085
3847.29,-0.004906
3847.77,-0.004747
3848.26,-0.004605
3848.74,-0.004489
3849.22,-0.004421
3849.70,-0.004427
3850.18,-0.004532
3850.67,-0.004740
3851.15,-0.005028
3851.63,-0.005340
3852.11,-0.005597
3852.59,-0.005703
3853.08,-0.005573
3853.56,-0.005171
3854.04,-0.004568
3854.52,-0.003953
3855.01,-0.003524
3855.49,-0.003347
3855.97,-0.003320
3856.45,-0.003304
3856.93,-0.003211
3857.42,-0.003042
3857.90,-0.002854
3858.38,-0.002734
3858.86,-0.002755
3859.34,-0.002956
3859.83,-0.003326
3860.31,-0.003809
3860.79,-0.004325
3861.27,-0.004786
3861.76,-0.005133
3862.24,-0.005344
3862.72,-0.005446
3863.20,-0.005502
3863.68,-0.005588
3864.16,-0.005762
3864.65,-0.006035
3865.13,-0.006370
3865.61,-0.006692
3866.09,-0.006928
3866.58,-0.007031
3867.06,-0.007002
3867.54,-0.006869
3868.02,-0.006664
3868.50,-0.006405
3868.99,-0.006090
3869.47,-0.005714
3869.95,-0.005283
3870.43,-0.004841
3870.91,-0.004479
3871.40,-0.004298
3871.88,-0.004351
3872.36,-0.004603
3872.84,-0.004964
3873.32,-0.005326
3873.81,-0.005599
3874.29,-0.005726
3874.77,-0.005685
3875.25,-0.005506
3875.74,-0.005259
3876.22,-0.005040
3876.70,-0.004928
3877.18,-0.004957
3877.66,-0.005116
3878.15,-0.005366
3878.63,-0.005654
3879.11,-0.005919
3879.59,-0.006103
3880.07,-0.006157
3880.56,-0.006055
3881.04,-0.005810
3881.52,-0.005486
3882.00,-0.005186
3882.49,-0.005004
3882.97,-0.004993
3883.45,-0.005150
3883.93,-0.005431
3884.41,-0.005772
3884.90,-0.006104
3885.38,-0.006362
3885.86,-0.006480
3886.34,-0.006417
3886.82,-0.006171
3887.31,-0.005791
3887.79,-0.005361
3888.27,-0.004953
3888.75,-0.004612
3889.24,-0.004348
3889.72,-0.004152
3890.20,-0.004007
3890.68,-0.003901
3891.16,-0.003825
3891.65,-0.003774
3892.13,-0.003747
3892.61,-0.003744
3893.09,-0.003766
3893.57,-0.003813
3894.06,-0.003889
3894.54,-0.003995
3895.02,-0.004128
3895.50,-0.004281
3895.99,-0.004437
3896.47,-0.004579
3896.95,-0.004683
3897.43,-0.004729
3897.91,-0.004704
3898.40,-0.004607
3898.88,-0.004453
3899.36,-0.004270
3899.84,-0.004103
3900.32,-0.003990
3900.81,-0.003959
3901.29,-0.004013
3901.77,-0.004131
3902.25,-0.004279
3902.73,-0.004426
3903.22,-0.004554
3903.70,-0.004660
3904.18,-0.004753
3904.66,-0.004837
3905.14,-0.004905
3905.63,-0.004937
3906.11,-0.004908
3906.59,-0.004801
3907.07,-0.004620
3907.56,-0.004389
3908.04,-0.004144
3908.52,-0.003926
3909.00,-0.003764
3909.48,-0.003674
3909.97,-0.003651
3910.45,-0.003672
3910.93,-0.003706
3911.41,-0.003723
3911.89,-0.003707
3912.38,-0.003666
3912.86,-0.003628
3913.34,-0.003630
3913.82,-0.003706
3914.30,-0.003866
3914.79,-0.004092
3915.27,-0.004341
3915.75,-0.004561
3916.23,-0.004701
3916.72,-0.004733
3917.20,-0.004664
3917.68,-0.004540
3918.16,-0.004430
3918.64,-0.004398
3919.13,-0.004477
3919.61,-0.004652
3920.09,-0.004873
3920.57,-0.005069
3921.05,-0.005181
3921.54,-0.005175
3922.02,-0.005051
3922.50,-0.004832
3922.98,-0.004556
3923.47,-0.004257
3923.95,-0.003959
3924.43,-0.003678
3924.91,-0.003420
3925.39,-0.003196
3925.88,-0.003022
3926.36,-0.002919
3926.84,-0.002908
3927.32,-0.002997
3927.80,-0.003182
3928.29,-0.003447
3928.77,-0.003762
3929.25,-0.004095
3929.73,-0.004409
3930.22,-0.004665
3930.70,-0.004827
3931.18,-0.004872
3931.66,-0.004792
3932.14,-0.004604
3932.63,-0.004349
3933.11,-0.004090
3933.59,-0.003892
3934.07,-0.003807
3934.55,-0.003852
3935.04,-0.004008
3935.52,-0.004224
3936.00,-0.004430
3936.48,-0.004567
3936.97,-0.004593
3937.45,-0.004495
3937.93,-0.004293
3938.41,-0.004038
3938.89,-0.003795
3939.38,-0.003623
3939.86,-0.003566
3940.34,-0.003632
3940.82,-0.003793
3941.30,-0.003998
3941.79,-0.004180
3942.27,-0.004279
3942.75,-0.004252
3943.23,-0.004085
3943.71,-0.003805
3944.20,-0.003472
3944.68,-0.003159
3945.16,-0.002931
3945.64,-0.002826
3946.12,-0.002850
3946.61,-0.002986
3947.09,-0.003200
3947.57,-0.003461
3948.05,-0.003742
3948.54,-0.004029
3949.02,-0.004320
3949.50,-0.004622
3949.98,-0.004939
3950.46,-0.005265
3950.95,-0.005579
3951.43,-0.005845
3951.91,-0.006026
3952.39,-0.006089
3952.88,-0.006021
3953.36,-0.005832
3953.84,-0.005560
3954.32,-0.005257
3954.80,-0.004981
3955.28,-0.004785
3955.77,-0.004703
3956.25,-0.004744
3956.73,-0.004891
3957.21,-0.005108
3957.70,-0.005342
3958.18,-0.005536
3958.66,-0.005645
3959.14,-0.005640
3959.62,-0.005513
3960.11,-0.005281
3960.59,-0.004980
3961.07,-0.004656
3961.55,-0.004352
3962.03,-0.004104
3962.52,-0.003924
3963.00,-0.003808
3963.48,-0.003733
3963.96,-0.003673
3964.45,-0.003606
3964.93,-0.003524
3965.41,-0.003439
3965.89,-0.003368
3966.37,-0.003335
3966.86,-0.003353
3967.34,-0.003422
3967.82,-0.003526
3968.30,-0.003640
3968.78,-0.003734
3969.27,-0.003786
3969.75,-0.003791
3970.23,-0.003758
3970.71,-0.003709
3971.20,-0.003673
3971.68,-0.003677
3972.16,-0.003739
3972.64,-0.003866
3973.12,-0.004054
3973.61,-0.004288
3974.09,-0.004547
3974.57,-0.004804
3975.05,-0.005032
3975.53,-0.005205
3976.02,-0.005306
3976.50,-0.005329
3976.98,-0.005283
3977.46,-0.005192
3977.95,-0.005087
3978.43,-0.005002
3978.91,-0.004959
3979.39,-0.004965
3979.87,-0.005008
3980.36,-0.005060
3980.84,-0.005086
3981.32,-0.005058
3981.80,-0.004963
3982.28,-0.004808
3982.77,-0.004624
3983.25,-0.004455
3983.73,-0.004341
3984.21,-0.004308
3984.69,-0.004358
3985.18,-0.004466
3985.66,-0.004587
3986.14,-0.004673
3986.62,-0.004680
3987.11,-0.004591
3987.59,-0.004409
3988.07,-0.004168
3988.55,-0.003915
3989.03,-0.003697
3989.51,-0.003554
3990.00,-0.003503
3990.48,-0.003536
3990.96,-0.003629
3991.44,-0.003741
3991.93,-0.003840
3992.41,-0.003903
3992.89,-0.003931
3993.37,-0.003938
3993.85,-0.003955
3994.34,-0.004007
3994.82,-0.004106
3995.30,-0.004242
3995.78,-0.004385
3996.26,-0.004490
3996.75,-0.004514
3997.23,-0.004431
3997.71,-0.004244
3998.19,-0.003986
3998.68,-0.003708
3999.16,-0.003468
3999.64,-0.003311
4000.12,-0.003255
