波数(cm-1),吸光度
399.67,0.000000
400.16,0.092532
400.64,0.103477
401.12,0.106794
401.60,0.102870
402.09,0.093790
402.57,0.082214
403.05,0.070550
403.53,0.060524
404.01,0.053289
404.50,0.049266
404.98,0.048319
405.46,0.049985
405.94,0.053672
406.42,0.058709
406.91,0.064225
407.39,0.069224
407.87,0.072690
408.35,0.073918
408.83,0.072894
409.32,0.070332
409.80,0.067539
410.28,0.065927
410.76,0.066733
411.25,0.070500
411.73,0.076800
412.21,0.084243
412.69,0.090960
413.17,0.095350
413.66,0.096303
414.14,0.093454
414.62,0.087077
415.10,0.078103
415.58,0.068018
416.07,0.058708
416.55,0.052408
417.03,0.051160
417.51,0.056450
418.00,0.068306
418.48,0.084259
418.96,0.098809
419.44,0.105802
419.92,0.103096
420.41,0.093425
420.89,0.081446
421.37,0.070608
421.85,0.062773
422.33,0.058370
422.82,0.056807
423.30,0.056817
423.78,0.056900
424.26,0.056034
424.74,0.054063
425.23,0.051748
425.71,0.050221
426.19,0.050491
426.67,0.052899
427.16,0.057016
427.64,0.061772
428.12,0.065955
428.60,0.068657
429.08,0.069527
429.57,0.068782
430.05,0.066954
430.53,0.064619
431.01,0.062140
431.49,0.059659
431.98,0.057205
432.46,0.054878
432.94,0.053034
433.42,0.052289
433.90,0.053339
434.39,0.056758
434.87,0.062601
435.35,0.070231
435.83,0.078344
436.32,0.085493
436.80,0.090665
437.28,0.093558
437.76,0.094606
438.24,0.094659
438.73,0.094652
439.21,0.095194
439.69,0.096428
440.17,0.097973
440.65,0.099093
441.14,0.098867
441.62,0.096513
442.10,0.091789
442.58,0.085260
443.07,0.078340
443.55,0.072755
444.03,0.070095
444.51,0.071220
444.99,0.076083
445.48,0.083781
445.96,0.092718
446.44,0.101000
446.92,0.106677
447.40,0.108439
447.89,0.105911
448.37,0.099676
448.85,0.091022
449.33,0.081601
449.81,0.073219
450.30,0.067371
450.78,0.065104
451.26,0.066773
451.74,0.071952
452.23,0.079510
452.71,0.087872
453.19,0.095560
453.67,0.101428
454.15,0.104985
454.64,0.106364
455.12,0.106069
455.60,0.104665
456.08,0.102499
456.56,0.099654
457.05,0.096011
457.53,0.091524
458.01,0.086535
458.49,0.081854
458.98,0.078466
459.46,0.077155
459.94,0.078164
460.42,0.081213
460.90,0.085598
461.39,0.090420
461.87,0.094769
462.35,0.097985
462.83,0.099921
463.31,0.100945
463.80,0.101787
464.28,0.103173
464.76,0.105606
465.24,0.109140
465.72,0.113384
466.21,0.117595
466.69,0.120916
467.17,0.122670
467.65,0.122467
468.14,0.120350
468.62,0.116731
469.10,0.112319
469.58,0.107879
470.06,0.104068
470.55,0.101353
471.03,0.099899
471.51,0.099586
471.99,0.100015
472.47,0.100637
472.96,0.100890
473.44,0.100451
473.92,0.099377
474.40,0.098031
474.88,0.096880
475.37,0.096266
475.85,0.096344
476.33,0.097033
476.81,0.098069
477.30,0.099073
477.78,0.099692
478.26,0.099728
478.74,0.099157
479.22,0.098092
479.71,0.096688
480.19,0.095062
480.67,0.093247
481.15,0.091212
481.63,0.088919
482.12,0.086387
482.60,0.083750
483.08,0.081284
483.56,0.079347
484.05,0.078332
484.53,0.078551
485.01,0.080100
485.49,0.082830
485.97,0.086364
486.46,0.090243
486.94,0.093999
487.42,0.097276
487.90,0.099888
488.38,0.101813
488.87,0.103195
489.35,0.104285
489.83,0.105381
490.31,0.106719
490.79,0.108419
491.28,0.110462
491.76,0.112712
492.24,0.114962
492.72,0.116988
493.21,0.118621
493.69,0.119745
494.17,0.120286
494.65,0.120181
495.13,0.119373
495.62,0.117837
496.10,0.115645
496.58,0.113019
497.06,0.110333
497.54,0.108008
498.03,0.106434
498.51,0.105832
498.99,0.106213
499.47,0.107415
499.95,0.109183
500.44,0.111265
500.92,0.113439
501.40,0.115537
501.88,0.117407
502.37,0.118855
502.85,0.119646
503.33,0.119549
503.81,0.118407
504.29,0.116219
504.78,0.113153
505.26,0.109528
505.74,0.105717
506.22,0.102111
506.70,0.099052
507.19,0.096775
507.67,0.095426
508.15,0.095071
508.63,0.095728
509.12,0.097395
509.60,0.100045
510.08,0.103585
510.56,0.107807
511.04,0.112380
511.53,0.116904
512.01,0.120971
512.49,0.124317
512.97,0.126862
513.45,0.128689
513.94,0.129955
514.42,0.130806
514.90,0.131334
515.38,0.131567
515.86,0.131530
516.35,0.131309
516.83,0.131069
517.31,0.131056
517.79,0.131522
518.28,0.132633
518.76,0.134433
519.24,0.136815
519.72,0.139567
520.20,0.142393
520.69,0.144982
521.17,0.147061
521.65,0.148391
522.13,0.148834
522.61,0.148383
523.10,0.147201
523.58,0.145608
524.06,0.144036
524.54,0.142956
525.03,0.142712
525.51,0.143442
525.99,0.145038
526.47,0.147224
526.95,0.149696
527.44,0.152275
527.92,0.154958
528.40,0.157841
528.88,0.160968
529.36,0.164232
529.85,0.167326
530.33,0.169852
530.81,0.171522
531.29,0.172321
531.77,0.172617
532.26,0.173028
532.74,0.174235
533.22,0.176648
533.70,0.180244
534.19,0.184538
534.67,0.188777
535.15,0.192216
535.63,0.194392
536.11,0.195326
536.60,0.195454
537.08,0.195439
537.56,0.195860
538.04,0.197084
538.52,0.199184
539.01,0.202020
539.49,0.205353
539.97,0.208977
540.45,0.212771
540.93,0.216660
541.42,0.220561
541.90,0.224361
542.38,0.227924
542.86,0.231186
543.35,0.234224
543.83,0.237277
544.31,0.240678
544.79,0.244742
545.27,0.249677
545.76,0.255500
546.24,0.262078
546.72,0.269211
547.20,0.276752
547.68,0.284640
548.17,0.292854
548.65,0.301299
549.13,0.309697
549.61,0.317565
550.10,0.324381
550.58,0.329738
551.06,0.333582
551.54,0.336234
552.02,0.338298
552.51,0.340391
552.99,0.342909
553.47,0.345973
553.95,0.349443
554.43,0.353090
554.92,0.356737
555.40,0.360360
555.88,0.364044
556.36,0.367857
556.84,0.371723
557.33,0.375377
557.81,0.378437
558.29,0.380588
558.77,0.381712
559.26,0.381953
559.74,0.381618
560.22,0.381046
560.70,0.380443
561.18,0.379800
561.67,0.378924
562.15,0.377534
562.63,0.375401
563.11,0.372382
563.59,0.368455
564.08,0.363664
564.56,0.358104
565.04,0.351912
565.52,0.345303
566.00,0.338600
566.49,0.332176
566.97,0.326375
567.45,0.321421
567.93,0.317321
568.42,0.313887
568.90,0.310800
569.38,0.307769
569.86,0.304616
570.34,0.301349
570.83,0.298113
571.31,0.295101
571.79,0.292442
572.27,0.290121
572.75,0.287983
573.24,0.285788
573.72,0.283313
574.20,0.280400
574.68,0.277015
575.17,0.273225
575.65,0.269167
576.13,0.265008
576.61,0.260907
577.09,0.257006
577.58,0.253404
578.06,0.250152
578.54,0.247240
579.02,0.244604
579.50,0.242137
579.99,0.239716
580.47,0.237248
580.95,0.234688
581.43,0.232054
581.91,0.229402
582.40,0.226785
582.88,0.224218
583.36,0.221678
583.84,0.219135
584.33,0.216590
584.81,0.214114
585.29,0.211840
585.77,0.209911
586.25,0.208417
586.74,0.207355
587.22,0.206627
587.70,0.206094
588.18,0.205646
588.66,0.205284
589.15,0.205134
589.63,0.205429
590.11,0.206399
590.59,0.208184
591.08,0.210743
591.56,0.213848
592.04,0.217121
592.52,0.220164
593.00,0.222713
593.49,0.224700
593.97,0.226264
594.45,0.227655
594.93,0.229154
595.41,0.230970
595.90,0.233204
596.38,0.235857
596.86,0.238844
597.34,0.242025
597.82,0.245189
598.31,0.248077
598.79,0.250388
599.27,0.251801
599.75,0.252089
600.24,0.251187
600.72,0.249254
601.20,0.246609
601.68,0.243630
602.16,0.240601
602.65,0.237608
603.13,0.234547
603.61,0.231207
604.09,0.227411
604.57,0.223108
605.06,0.218421
605.54,0.213570
606.02,0.208783
606.50,0.204166
606.98,0.199669
607.47,0.195117
607.95,0.190319
608.43,0.185174
608.91,0.179732
609.40,0.174186
609.88,0.168790
610.36,0.163775
610.84,0.159253
611.32,0.155212
611.81,0.151532
612.29,0.148059
612.77,0.144651
613.25,0.141225
613.73,0.137758
614.22,0.134271
614.70,0.130803
615.18,0.127395
615.66,0.124089
616.15,0.120938
616.63,0.118003
617.11,0.115351
617.59,0.113037
618.07,0.111076
618.56,0.109443
619.04,0.108071
619.52,0.106870
620.00,0.105737
620.48,0.104584
620.97,0.103336
621.45,0.101927
621.93,0.100305
622.41,0.098434
622.89,0.096314
623.38,0.093989
623.86,0.091563
624.34,0.089191
624.82,0.087033
625.31,0.085234
625.79,0.083861
626.27,0.082891
626.75,0.082208
627.23,0.081641
627.72,0.081025
628.20,0.080227
628.68,0.079198
629.16,0.077970
629.64,0.076647
630.13,0.075370
630.61,0.074283
631.09,0.073511
631.57,0.073121
632.05,0.073112
632.54,0.073406
633.02,0.073873
633.50,0.074348
633.98,0.074668
634.47,0.074726
634.95,0.074491
635.43,0.074028
635.91,0.073472
636.39,0.073000
636.88,0.072767
637.36,0.072855
637.84,0.073258
638.32,0.073885
638.80,0.074603
639.29,0.075262
639.77,0.075756
640.25,0.076041
640.73,0.076131
641.22,0.076081
641.70,0.075956
642.18,0.075803
642.66,0.075639
643.14,0.075450
643.63,0.075207
644.11,0.074886
644.59,0.074478
645.07,0.074003
645.55,0.073505
646.04,0.073045
646.52,0.072685
647.00,0.072469
647.48,0.072414
647.96,0.072495
648.45,0.072648
648.93,0.072779
649.41,0.072789
649.89,0.072603
650.38,0.072190
650.86,0.071574
651.34,0.070832
651.82,0.070081
652.30,0.069436
652.79,0.068992
653.27,0.068808
653.75,0.068893
654.23,0.069223
654.71,0.069744
655.20,0.070391
655.68,0.071087
656.16,0.071755
656.64,0.072319
657.13,0.072711
657.61,0.072883
658.09,0.072814
658.57,0.072523
659.05,0.072069
659.54,0.071537
660.02,0.071029
660.50,0.070633
660.98,0.070403
661.46,0.070352
661.95,0.070456
662.43,0.070660
662.91,0.070903
663.39,0.071131
663.87,0.071319
664.36,0.071474
664.84,0.071634
665.32,0.071863
665.80,0.072238
666.29,0.072831
666.77,0.073680
667.25,0.074728
667.73,0.075773
668.21,0.076449
668.70,0.076417
669.18,0.075613
669.66,0.074280
670.14,0.072774
670.62,0.071378
671.11,0.070276
671.59,0.069554
672.07,0.069235
672.55,0.069298
673.03,0.069680
673.52,0.070284
674.00,0.070992
674.48,0.071702
674.96,0.072338
675.45,0.072856
675.93,0.073231
676.41,0.073456
676.89,0.073526
677.37,0.073448
677.86,0.073237
678.34,0.072923
678.82,0.072539
679.30,0.072121
679.78,0.071695
680.27,0.071273
680.75,0.070856
681.23,0.070444
681.71,0.070039
682.20,0.069653
682.68,0.069315
683.16,0.069056
683.64,0.068909
684.12,0.068893
684.61,0.069002
685.09,0.069204
685.57,0.069449
686.05,0.069679
686.53,0.069845
687.02,0.069922
687.50,0.069913
687.98,0.069849
688.46,0.069780
688.94,0.069759
689.43,0.069822
689.91,0.069974
690.39,0.070185
690.87,0.070393
691.36,0.070526
691.84,0.070512
692.32,0.070299
692.80,0.069872
693.28,0.069250
693.77,0.068483
694.25,0.067638
694.73,0.066790
695.21,0.066007
695.69,0.065347
696.18,0.064846
696.66,0.064521
697.14,0.064364
697.62,0.064352
698.11,0.064459
698.59,0.064662
699.07,0.064958
699.55,0.065354
700.03,0.065864
700.52,0.066489
701.00,0.067196
701.48,0.067914
701.96,0.068539
702.44,0.068967
702.93,0.069119
703.41,0.068979
703.89,0.068610
704.37,0.068138
704.85,0.067710
705.34,0.067440
705.82,0.067365
706.30,0.067429
706.78,0.067505
707.27,0.067433
707.75,0.067100
708.23,0.066473
708.71,0.065620
709.19,0.064679
709.68,0.063824
710.16,0.063208
710.64,0.062910
711.12,0.062935
711.60,0.063208
712.09,0.063619
712.57,0.064042
713.05,0.064377
713.53,0.064568
714.01,0.064603
714.50,0.064515
714.98,0.064363
715.46,0.064230
715.94,0.064193
716.43,0.064318
716.91,0.064636
717.39,0.065138
717.87,0.065771
718.35,0.066445
718.84,0.067062
719.32,0.067531
719.80,0.067802
720.28,0.067871
720.76,0.067782
721.25,0.067606
721.73,0.067408
722.21,0.067240
722.69,0.067119
723.17,0.067039
723.66,0.066976
724.14,0.066900
724.62,0.066792
725.10,0.066638
725.59,0.066440
726.07,0.066208
726.55,0.065959
727.03,0.065713
727.51,0.065488
728.00,0.065289
728.48,0.065106
728.96,0.064914
729.44,0.064680
729.92,0.064381
730.41,0.064016
730.89,0.063623
731.37,0.063266
731.85,0.063028
732.34,0.062980
732.82,0.063157
733.30,0.063541
733.78,0.064067
734.26,0.064641
734.75,0.065157
735.23,0.065528
735.71,0.065699
736.19,0.065642
736.67,0.065358
737.16,0.064860
737.64,0.064181
738.12,0.063374
738.60,0.062515
739.08,0.061709
739.57,0.061062
740.05,0.060666
740.53,0.060568
741.01,0.060754
741.50,0.061151
741.98,0.061647
742.46,0.062132
742.94,0.062524
743.42,0.062791
743.91,0.062948
744.39,0.063036
744.87,0.063093
745.35,0.063133
745.83,0.063140
746.32,0.063078
746.80,0.062913
747.28,0.062625
747.76,0.062225
748.25,0.061745
748.73,0.061236
749.21,0.060747
749.69,0.060322
750.17,0.059996
750.66,0.059796
751.14,0.059740
751.62,0.059839
752.10,0.060093
752.58,0.060481
753.07,0.060966
753.55,0.061500
754.03,0.062028
754.51,0.062501
754.99,0.062883
755.48,0.063149
755.96,0.063277
756.44,0.063252
756.92,0.063057
757.41,0.062691
757.89,0.062177
758.37,0.061569
758.85,0.060950
759.33,0.060411
759.82,0.060033
760.30,0.059860
760.78,0.059891
761.26,0.060079
761.74,0.060355
762.23,0.060646
762.71,0.060900
763.19,0.061095
763.67,0.061234
764.15,0.061335
764.64,0.061420
765.12,0.061501
765.60,0.061585
766.08,0.061671
766.57,0.061757
767.05,0.061834
767.53,0.061885
768.01,0.061877
768.49,0.061764
768.98,0.061503
769.46,0.061064
769.94,0.060452
770.42,0.059711
770.90,0.058918
771.39,0.058157
771.87,0.057497
772.35,0.056970
772.83,0.056570
773.32,0.056259
773.80,0.055999
774.28,0.055777
774.76,0.055618
775.24,0.055579
775.73,0.055723
776.21,0.056094
776.69,0.056683
777.17,0.057426
777.65,0.058208
778.14,0.058901
778.62,0.059404
779.10,0.059653
779.58,0.059648
780.06,0.059430
780.55,0.059071
781.03,0.058640
781.51,0.058189
781.99,0.057750
782.48,0.057338
782.96,0.056966
783.44,0.056652
783.92,0.056425
784.40,0.056321
784.89,0.056367
785.37,0.056567
785.85,0.056901
786.33,0.057325
786.81,0.057784
787.30,0.058227
787.78,0.058618
788.26,0.058943
788.74,0.059206
789.23,0.059418
789.71,0.059586
790.19,0.059708
790.67,0.059767
791.15,0.059743
791.64,0.059616
792.12,0.059381
792.60,0.059044
793.08,0.058623
793.56,0.058138
794.05,0.057605
794.53,0.057039
795.01,0.056456
795.49,0.055880
795.97,0.055356
796.46,0.054937
796.94,0.054682
797.42,0.054632
797.90,0.054794
798.39,0.055130
798.87,0.055559
799.35,0.055983
799.83,0.056296
800.31,0.056422
800.80,0.056328
801.28,0.056026
801.76,0.055562
802.24,0.055009
802.72,0.054447
803.21,0.053952
803.69,0.053586
804.17,0.053396
804.65,0.053398
805.13,0.053580
805.62,0.053898
806.10,0.054286
806.58,0.054666
807.06,0.054973
807.55,0.055173
808.03,0.055273
808.51,0.055316
808.99,0.055361
809.47,0.055460
809.96,0.055636
810.44,0.055871
810.92,0.056117
811.40,0.056319
811.88,0.056433
812.37,0.056444
812.85,0.056367
813.33,0.056238
813.81,0.056089
814.30,0.055935
814.78,0.055769
815.26,0.055566
815.74,0.055305
816.22,0.054974
816.71,0.054590
817.19,0.054184
817.67,0.053800
818.15,0.053472
818.63,0.053217
819.12,0.053031
819.60,0.052895
820.08,0.052788
820.56,0.052688
821.04,0.052587
821.53,0.052487
822.01,0.052393
822.49,0.052317
822.97,0.052266
823.46,0.052247
823.94,0.052262
824.42,0.052311
824.90,0.052393
825.38,0.052502
825.87,0.052631
826.35,0.052776
826.83,0.052933
827.31,0.053103
827.79,0.053290
828.28,0.053494
828.76,0.053707
829.24,0.053917
829.72,0.054107
830.21,0.054264
830.69,0.054390
831.17,0.054502
831.65,0.054628
832.13,0.054793
832.62,0.055007
833.10,0.055249
833.58,0.055475
834.06,0.055633
834.54,0.055678
835.03,0.055601
835.51,0.055434
835.99,0.055245
836.47,0.055113
836.95,0.055103
837.44,0.055246
837.92,0.055530
838.40,0.055905
838.88,0.056310
839.37,0.056692
839.85,0.057016
840.33,0.057273
840.81,0.057473
841.29,0.057626
841.78,0.057741
842.26,0.057816
842.74,0.057846
843.22,0.057827
843.70,0.057760
844.19,0.057655
844.67,0.057523
845.15,0.057375
845.63,0.057218
846.11,0.057060
846.60,0.056916
847.08,0.056805
847.56,0.056753
848.04,0.056785
848.53,0.056914
849.01,0.057138
849.49,0.057435
849.97,0.057768
850.45,0.058105
850.94,0.058420
851.42,0.058705
851.90,0.058969
852.38,0.059226
852.86,0.059497
853.35,0.059794
853.83,0.060128
854.31,0.060505
854.79,0.060931
855.27,0.061411
855.76,0.061947
856.24,0.062534
856.72,0.063160
857.20,0.063814
857.69,0.064489
858.17,0.065197
858.65,0.065964
859.13,0.066832
859.61,0.067838
860.10,0.069000
860.58,0.070305
861.06,0.071709
861.54,0.073160
862.02,0.074616
862.51,0.076066
862.99,0.077541
863.47,0.079104
863.95,0.080823
864.44,0.082736
864.92,0.084832
865.40,0.087041
865.88,0.089250
866.36,0.091329
866.85,0.093171
867.33,0.094713
867.81,0.095951
868.29,0.096928
868.77,0.097722
869.26,0.098418
869.74,0.099082
870.22,0.099744
870.70,0.100390
871.18,0.100968
871.67,0.101388
872.15,0.101551
872.63,0.101366
873.11,0.100770
873.60,0.099746
874.08,0.098330
874.56,0.096608
875.04,0.094704
875.52,0.092756
876.01,0.090905
876.49,0.089260
876.97,0.087881
877.45,0.086771
877.93,0.085866
878.42,0.085051
878.90,0.084173
879.38,0.083093
879.86,0.081699
880.35,0.079934
880.83,0.077810
881.31,0.075393
881.79,0.072787
882.27,0.070097
882.76,0.067426
883.24,0.064859
883.72,0.062460
884.20,0.060291
884.68,0.058402
885.17,0.056835
885.65,0.055615
886.13,0.054739
886.61,0.054177
887.09,0.053867
887.58,0.053734
888.06,0.053705
888.54,0.053715
889.02,0.053723
889.51,0.053707
889.99,0.053658
890.47,0.053574
890.95,0.053452
891.43,0.053291
891.92,0.053095
892.40,0.052878
892.88,0.052662
893.36,0.052470
893.84,0.052322
894.33,0.052220
894.81,0.052150
895.29,0.052087
895.77,0.052005
896.25,0.051891
896.74,0.051751
897.22,0.051611
897.70,0.051505
898.18,0.051474
898.67,0.051544
899.15,0.051728
899.63,0.052022
900.11,0.052410
900.59,0.052865
901.08,0.053351
901.56,0.053827
902.04,0.054245
902.52,0.054553
903.00,0.054715
903.49,0.054715
903.97,0.054573
904.45,0.054339
904.93,0.054090
905.42,0.053906
905.90,0.053845
906.38,0.053931
906.86,0.054149
907.34,0.054452
907.83,0.054777
908.31,0.055071
908.79,0.055303
909.27,0.055469
909.75,0.055586
910.24,0.055684
910.72,0.055795
911.20,0.055942
911.68,0.056141
912.16,0.056397
912.65,0.056704
913.13,0.057048
913.61,0.057404
914.09,0.057745
914.58,0.058040
915.06,0.058273
915.54,0.058440
916.02,0.058561
916.50,0.058669
916.99,0.058802
917.47,0.058988
917.95,0.059238
918.43,0.059543
918.91,0.059880
919.40,0.060222
919.88,0.060555
920.36,0.060872
920.84,0.061180
921.33,0.061489
921.81,0.061802
922.29,0.062113
922.77,0.062406
923.25,0.062668
923.74,0.062893
924.22,0.063091
924.70,0.063281
925.18,0.063492
925.66,0.063748
926.15,0.064066
926.63,0.064452
927.11,0.064907
927.59,0.065426
928.07,0.066006
928.56,0.066641
929.04,0.067323
929.52,0.068034
930.00,0.068745
930.49,0.069427
930.97,0.070057
931.45,0.070627
931.93,0.071148
932.41,0.071651
932.90,0.072179
933.38,0.072770
933.86,0.073451
934.34,0.074231
934.82,0.075102
935.31,0.076042
935.79,0.077025
936.27,0.078030
936.75,0.079038
937.23,0.080044
937.72,0.081050
938.20,0.082070
938.68,0.083124
939.16,0.084239
939.65,0.085445
940.13,0.086762
940.61,0.088202
941.09,0.089753
941.57,0.091390
942.06,0.093068
942.54,0.094737
943.02,0.096354
943.50,0.097890
943.98,0.099337
944.47,0.100710
944.95,0.102045
945.43,0.103394
945.91,0.104806
946.39,0.106324
946.88,0.107967
947.36,0.109729
947.84,0.111573
948.32,0.113444
948.81,0.115290
949.29,0.117070
949.77,0.118772
950.25,0.120416
950.73,0.122041
951.22,0.123691
951.70,0.125394
952.18,0.127155
952.66,0.128957
953.14,0.130773
953.63,0.132583
954.11,0.134382
954.59,0.136181
955.07,0.137995
955.56,0.139826
956.04,0.141654
956.52,0.143432
957.00,0.145102
957.48,0.146610
957.97,0.147922
958.45,0.149028
958.93,0.149934
959.41,0.150651
959.89,0.151182
960.38,0.151522
960.86,0.151673
961.34,0.151649
961.82,0.151486
962.30,0.151231
962.79,0.150926
963.27,0.150586
963.75,0.150191
964.23,0.149697
964.72,0.149056
965.20,0.148254
965.68,0.147326
966.16,0.146358
966.64,0.145459
967.13,0.144738
967.61,0.144267
968.09,0.144069
968.57,0.144124
969.05,0.144394
969.54,0.144845
970.02,0.145465
970.50,0.146261
970.98,0.147243
971.47,0.148412
971.95,0.149745
972.43,0.151201
972.91,0.152739
973.39,0.154339
973.88,0.156010
974.36,0.157792
974.84,0.159732
975.32,0.161872
975.80,0.164229
976.29,0.166799
976.77,0.169563
977.25,0.172507
977.73,0.175628
978.21,0.178935
978.70,0.182436
979.18,0.186124
979.66,0.189965
980.14,0.193910
980.63,0.197913
981.11,0.201949
981.59,0.206027
982.07,0.210184
982.55,0.214467
983.04,0.218905
983.52,0.223499
984.00,0.228215
984.48,0.233010
984.96,0.237849
985.45,0.242725
985.93,0.247652
986.41,0.252657
986.89,0.257755
987.37,0.262939
987.86,0.268183
988.34,0.273453
988.82,0.278732
989.30,0.284031
989.79,0.289373
990.27,0.294782
990.75,0.300256
991.23,0.305764
991.71,0.311250
992.20,0.316663
992.68,0.321980
993.16,0.327216
993.64,0.332412
994.12,0.337611
994.61,0.342828
995.09,0.348041
995.57,0.353208
996.05,0.358285
996.54,0.363256
997.02,0.368139
997.50,0.372962
997.98,0.377738
998.46,0.382434
998.95,0.386973
999.43,0.391256
999.91,0.395213
1000.39,0.398835
1000.87,0.402193
1001.36,0.405395
1001.84,0.408559
1002.32,0.411752
1002.80,0.414971
1003.28,0.418151
1003.77,0.421209
1004.25,0.424079
1004.73,0.426743
1005.21,0.429227
1005.70,0.431588
1006.18,0.433884
1006.66,0.436165
1007.14,0.438465
1007.62,0.440812
1008.11,0.443220
1008.59,0.445677
1009.07,0.448123
1009.55,0.450448
1010.03,0.452500
1010.52,0.454135
1011.00,0.455282
1011.48,0.455981
1011.96,0.456380
1012.45,0.456672
1012.93,0.457030
1013.41,0.457513
1013.89,0.458049
1014.37,0.458460
1014.86,0.458565
1015.34,0.458259
1015.82,0.457564
1016.30,0.456612
1016.78,0.455570
1017.27,0.454555
1017.75,0.453563
1018.23,0.452485
1018.71,0.451156
1019.20,0.449462
1019.68,0.447391
1020.16,0.445052
1020.64,0.442611
1021.12,0.440230
1021.61,0.437996
1022.09,0.435896
1022.57,0.433857
1023.05,0.431794
1023.53,0.429667
1024.02,0.427489
1024.50,0.425305
1024.98,0.423146
1025.46,0.420996
1025.94,0.418794
1026.43,0.416463
1026.91,0.413955
1027.39,0.411279
1027.87,0.408497
1028.36,0.405686
1028.84,0.402891
1029.32,0.400101
1029.80,0.397255
1030.28,0.394290
1030.77,0.391181
1031.25,0.387976
1031.73,0.384770
1032.21,0.381674
1032.69,0.378745
1033.18,0.375957
1033.66,0.373203
1034.14,0.370350
1034.62,0.367301
1035.10,0.364037
1035.59,0.360634
1036.07,0.357219
1036.55,0.353927
1037.03,0.350833
1037.52,0.347939
1038.00,0.345183
1038.48,0.342486
1038.96,0.339787
1039.44,0.337069
1039.93,0.334355
1040.41,0.331692
1040.89,0.329118
1041.37,0.326649
1041.85,0.324279
1042.34,0.321991
1042.82,0.319768
1043.30,0.317593
1043.78,0.315443
1044.27,0.313281
1044.75,0.311052
1045.23,0.308706
1045.71,0.306214
1046.19,0.303593
1046.67,0.300905
1047.16,0.298238
1047.64,0.295675
1048.12,0.293255
1048.60,0.290963
1049.09,0.288732
1049.57,0.286485
1050.05,0.284162
1050.53,0.281751
1051.01,0.279280
1051.50,0.276808
1051.98,0.274385
1052.46,0.272034
1052.94,0.269748
1053.42,0.267500
1053.91,0.265267
1054.39,0.263042
1054.87,0.260835
1055.35,0.258660
1055.84,0.256515
1056.32,0.254382
1056.80,0.252230
1057.28,0.250038
1057.76,0.247809
1058.25,0.245585
1058.73,0.243429
1059.21,0.241399
1059.69,0.239518
1060.17,0.237759
1060.66,0.236054
1061.14,0.234315
1061.62,0.232465
1062.10,0.230470
1062.59,0.228340
1063.07,0.226116
1063.55,0.223841
1064.03,0.221551
1064.51,0.219259
1065.00,0.216963
1065.48,0.214664
1065.96,0.212377
1066.44,0.210129
1066.92,0.207950
1067.41,0.205860
1067.89,0.203859
1068.37,0.201926
1068.85,0.200033
1069.34,0.198159
1069.82,0.196303
1070.30,0.194477
1070.78,0.192698
1071.26,0.190971
1071.74,0.189283
1072.23,0.187606
1072.71,0.185911
1073.19,0.184189
1073.67,0.182459
1074.16,0.180766
1074.64,0.179157
1075.12,0.177668
1075.60,0.176295
1076.08,0.175007
1076.57,0.173744
1077.05,0.172448
1077.53,0.171085
1078.01,0.169650
1078.49,0.168160
1078.98,0.166649
1079.46,0.165144
1079.94,0.163662
1080.42,0.162206
1080.91,0.160778
1081.39,0.159381
1081.87,0.158030
1082.35,0.156741
1082.83,0.155527
1083.32,0.154386
1083.80,0.153305
1084.28,0.152262
1084.76,0.151239
1085.24,0.150226
1085.73,0.149225
1086.21,0.148247
1086.69,0.147302
1087.17,0.146392
1087.65,0.145502
1088.14,0.144609
1088.62,0.143685
1089.10,0.142705
1089.58,0.141652
1090.07,0.140521
1090.55,0.139314
1091.03,0.138047
1091.51,0.136746
1091.99,0.135456
1092.48,0.134226
1092.96,0.133106
1093.44,0.132131
1093.92,0.131299
1094.40,0.130571
1094.89,0.129867
1095.37,0.129093
1095.85,0.128161
1096.33,0.127016
1096.82,0.125651
1097.30,0.124108
1097.78,0.122453
1098.26,0.120755
1098.74,0.119066
1099.23,0.117414
1099.71,0.115801
1100.19,0.114222
1100.67,0.112674
1101.15,0.111167
1101.64,0.109719
1102.12,0.108345
1102.60,0.107048
1103.08,0.105811
1103.57,0.104603
1104.05,0.103382
1104.53,0.102113
1105.01,0.100776
1105.49,0.099370
1105.98,0.097911
1106.46,0.096423
1106.94,0.094935
1107.42,0.093470
1107.90,0.092043
1108.39,0.090663
1108.87,0.089327
1109.35,0.088025
1109.83,0.086738
1110.32,0.085444
1110.80,0.084123
1111.28,0.082763
1111.76,0.081370
1112.24,0.079961
1112.72,0.078565
1113.21,0.077208
1113.69,0.075907
1114.17,0.074662
1114.65,0.073454
1115.14,0.072251
1115.62,0.071023
1116.10,0.069743
1116.58,0.068400
1117.06,0.066992
1117.55,0.065528
1118.03,0.064021
1118.51,0.062482
1118.99,0.060925
1119.47,0.059361
1119.96,0.057805
1120.44,0.056266
1120.92,0.054752
1121.40,0.053263
1121.88,0.051790
1122.37,0.050322
1122.85,0.048848
1123.33,0.047368
1123.81,0.045890
1124.30,0.044432
1124.78,0.043013
1125.26,0.041641
1125.74,0.040314
1126.22,0.039014
1126.71,0.037718
1127.19,0.036408
1127.67,0.035082
1128.15,0.033757
1128.63,0.032465
1129.12,0.031243
1129.60,0.030117
1130.08,0.029097
1130.56,0.028172
1131.05,0.027316
1131.53,0.026499
1132.01,0.025697
1132.49,0.024898
1132.97,0.024101
1133.46,0.023314
1133.94,0.022544
1134.42,0.021799
1134.90,0.021083
1135.38,0.020401
1135.87,0.019755
1136.35,0.019149
1136.83,0.018581
1137.31,0.018045
1137.80,0.017526
1138.28,0.017008
1138.76,0.016475
1139.24,0.015924
1139.72,0.015362
1140.21,0.014811
1140.69,0.014293
1141.17,0.013820
1141.65,0.013392
1142.13,0.012994
1142.62,0.012603
1143.10,0.012199
1143.58,0.011780
1144.06,0.011360
1144.55,0.010969
1145.03,0.010638
1145.51,0.010388
1145.99,0.010216
1146.47,0.010103
1146.96,0.010011
1147.44,0.009904
1147.92,0.009757
1148.40,0.009558
1148.88,0.009316
1149.37,0.009043
1149.85,0.008754
1150.33,0.008457
1150.81,0.008156
1151.30,0.007851
1151.78,0.007546
1152.26,0.007251
1152.74,0.006983
1153.22,0.006755
1153.70,0.006575
1154.19,0.006440
1154.67,0.006334
1155.15,0.006232
1155.63,0.006109
1156.12,0.005947
1156.60,0.005739
1157.08,0.005487
1157.56,0.005204
1158.04,0.004905
1158.53,0.004606
1159.01,0.004318
1159.49,0.004050
1159.97,0.003806
1160.45,0.003591
1160.94,0.003407
1161.42,0.003259
1161.90,0.003144
1162.38,0.003061
1162.87,0.002998
1163.35,0.002942
1163.83,0.002878
1164.31,0.002792
1164.79,0.002682
1165.28,0.002556
1165.76,0.002433
1166.24,0.002340
1166.72,0.002308
1167.20,0.002353
1167.69,0.002477
1168.17,0.002658
1168.65,0.002859
1169.13,0.003033
1169.62,0.003131
1170.10,0.003126
1170.58,0.003008
1171.06,0.002793
1171.54,0.002515
1172.03,0.002216
1172.51,0.001938
1172.99,0.001711
1173.47,0.001553
1173.95,0.001462
1174.44,0.001428
1174.92,0.001425
1175.40,0.001429
1175.88,0.001413
1176.37,0.001362
1176.85,0.001272
1177.33,0.001152
1177.81,0.001026
1178.29,0.000919
1178.78,0.000858
1179.26,0.000856
1179.74,0.000909
1180.22,0.000998
1180.70,0.001091
1181.19,0.001160
1181.67,0.001184
1182.15,0.001165
1182.63,0.001118
1183.11,0.001068
1183.60,0.001042
1184.08,0.001050
1184.56,0.001088
1185.04,0.001137
1185.53,0.001165
1186.01,0.001148
1186.49,0.001069
1186.97,0.000935
1187.45,0.000771
1187.94,0.000615
1188.42,0.000505
1188.90,0.000476
1189.38,0.000541
1189.86,0.000690
1190.35,0.000894
1190.83,0.001110
1191.31,0.001291
1191.79,0.001400
1192.28,0.001421
1192.76,0.001360
1193.24,0.001245
1193.72,0.001111
1194.20,0.000999
1194.68,0.000934
1195.17,0.000924
1195.65,0.000962
1196.13,0.001027
1196.61,0.001098
1197.10,0.001157
1197.58,0.001196
1198.06,0.001211
1198.54,0.001205
1199.02,0.001179
1199.51,0.001130
1199.99,0.001058
1200.47,0.000964
1200.95,0.000854
1201.43,0.000743
1201.92,0.000643
1202.40,0.000564
1202.88,0.000504
1203.36,0.000456
1203.85,0.000407
1204.33,0.000346
1204.81,0.000272
1205.29,0.000199
1205.77,0.000144
1206.26,0.000131
1206.74,0.000173
1207.22,0.000271
1207.70,0.000411
1208.18,0.000569
1208.67,0.000718
1209.15,0.000839
1209.63,0.000919
1210.11,0.000957
1210.60,0.000957
1211.08,0.000931
1211.56,0.000888
1212.04,0.000840
1212.52,0.000798
1213.01,0.000768
1213.49,0.000755
1213.97,0.000753
1214.45,0.000755
1214.93,0.000746
1215.42,0.000715
1215.90,0.000661
1216.38,0.000591
1216.86,0.000524
1217.35,0.000482
1217.83,0.000483
1218.31,0.000533
1218.79,0.000620
1219.27,0.000721
1219.76,0.000809
1220.24,0.000863
1220.72,0.000873
1221.20,0.000845
1221.68,0.000794
1222.17,0.000741
1222.65,0.000698
1223.13,0.000673
1223.61,0.000667
1224.09,0.000680
1224.58,0.000710
1225.06,0.000760
1225.54,0.000831
1226.02,0.000919
1226.51,0.001013
1226.99,0.001095
1227.47,0.001144
1227.95,0.001143
1228.43,0.001084
1228.91,0.000974
1229.40,0.000831
1229.88,0.000682
1230.36,0.000557
1230.84,0.000477
1231.33,0.000459
1231.81,0.000506
1232.29,0.000611
1232.77,0.000761
1233.26,0.000930
1233.74,0.001095
1234.22,0.001229
1234.70,0.001311
1235.18,0.001332
1235.66,0.001297
1236.15,0.001223
1236.63,0.001133
1237.11,0.001055
1237.59,0.001008
1238.08,0.001000
1238.56,0.001027
1239.04,0.001080
1239.52,0.001150
1240.00,0.001231
1240.49,0.001325
1240.97,0.001437
1241.45,0.001573
1241.93,0.001733
1242.41,0.001907
1242.90,0.002080
1243.38,0.002234
1243.86,0.002354
1244.34,0.002431
1244.83,0.002463
1245.31,0.002455
1245.79,0.002415
1246.27,0.002351
1246.75,0.002271
1247.24,0.002182
1247.72,0.002089
1248.20,0.001997
1248.68,0.001909
1249.16,0.001828
1249.65,0.001752
1250.13,0.001680
1250.61,0.001609
1251.09,0.001538
1251.58,0.001467
1252.06,0.001402
1252.54,0.001351
1253.02,0.001320
1253.50,0.001317
1253.98,0.001349
1254.47,0.001418
1254.95,0.001526
1255.43,0.001673
1255.91,0.001851
1256.40,0.002050
1256.88,0.002254
1257.36,0.002448
1257.84,0.002622
1258.33,0.002775
1258.81,0.002917
1259.29,0.003067
1259.77,0.003245
1260.25,0.003460
1260.73,0.003705
1261.22,0.003952
1261.70,0.004163
1262.18,0.004294
1262.66,0.004315
1263.15,0.004217
1263.63,0.004018
1264.11,0.003755
1264.59,0.003477
1265.07,0.003230
1265.56,0.003048
1266.04,0.002948
1266.52,0.002927
1267.00,0.002973
1267.48,0.003064
1267.97,0.003179
1268.45,0.003299
1268.93,0.003409
1269.41,0.003496
1269.89,0.003552
1270.38,0.003571
1270.86,0.003554
1271.34,0.003507
1271.82,0.003442
1272.31,0.003374
1272.79,0.003319
1273.27,0.003291
1273.75,0.003297
1274.23,0.003340
1274.72,0.003417
1275.20,0.003524
1275.68,0.003653
1276.16,0.003794
1276.64,0.003939
1277.13,0.004078
1277.61,0.004199
1278.09,0.004292
1278.57,0.004345
1279.06,0.004354
1279.54,0.004319
1280.02,0.004250
1280.50,0.004163
1280.98,0.004079
1281.47,0.004023
1281.95,0.004011
1282.43,0.004050
1282.91,0.004135
1283.39,0.004251
1283.88,0.004379
1284.36,0.004498
1284.84,0.004598
1285.32,0.004676
1285.81,0.004742
1286.29,0.004806
1286.77,0.004880
1287.25,0.004970
1287.73,0.005070
1288.22,0.005169
1288.70,0.005252
1289.18,0.005305
1289.66,0.005324
1290.14,0.005313
1290.63,0.005285
1291.11,0.005258
1291.59,0.005248
1292.07,0.005266
1292.56,0.005317
1293.04,0.005392
1293.52,0.005477
1294.00,0.005549
1294.48,0.005587
1294.96,0.005574
1295.45,0.005502
1295.93,0.005378
1296.41,0.005220
1296.89,0.005056
1297.38,0.004914
1297.86,0.004818
1298.34,0.004783
1298.82,0.004810
1299.30,0.004891
1299.79,0.005012
1300.27,0.005160
1300.75,0.005324
1301.23,0.005496
1301.71,0.005668
1302.20,0.005831
1302.68,0.005972
1303.16,0.006083
1303.64,0.006154
1304.13,0.006185
1304.61,0.006186
1305.09,0.006170
1305.57,0.006154
1306.05,0.006154
1306.54,0.006177
1307.02,0.006227
1307.50,0.006301
1307.98,0.006398
1308.46,0.006516
1308.95,0.006652
1309.43,0.006805
1309.91,0.006964
1310.39,0.007117
1310.88,0.007247
1311.36,0.007342
1311.84,0.007397
1312.32,0.007416
1312.80,0.007416
1313.29,0.007418
1313.77,0.007437
1314.25,0.007480
1314.73,0.007542
1315.21,0.007612
1315.70,0.007678
1316.18,0.007736
1316.66,0.007794
1317.14,0.007869
1317.62,0.007979
1318.11,0.008139
1318.59,0.008350
1319.07,0.008601
1319.55,0.008868
1320.04,0.009121
1320.52,0.009335
1321.00,0.009494
1321.48,0.009594
1321.96,0.009640
1322.45,0.009643
1322.93,0.009620
1323.41,0.009583
1323.89,0.009546
1324.38,0.009515
1324.86,0.009495
1325.34,0.009485
1325.82,0.009485
1326.30,0.009496
1326.79,0.009522
1327.27,0.009572
1327.75,0.009657
1328.23,0.009785
1328.71,0.009958
1329.20,0.010166
1329.68,0.010391
1330.16,0.010610
1330.64,0.010807
1331.12,0.010972
1331.61,0.011109
1332.09,0.011226
1332.57,0.011337
1333.05,0.011451
1333.54,0.011568
1334.02,0.011683
1334.50,0.011785
1334.98,0.011871
1335.46,0.011940
1335.94,0.012002
1336.43,0.012068
1336.91,0.012150
1337.39,0.012258
1337.87,0.012395
1338.36,0.012560
1338.84,0.012751
1339.32,0.012965
1339.80,0.013197
1340.28,0.013437
1340.77,0.013673
1341.25,0.013890
1341.73,0.014078
1342.21,0.014237
1342.69,0.014376
1343.18,0.014513
1343.66,0.014666
1344.14,0.014851
1344.62,0.015070
1345.11,0.015317
1345.59,0.015573
1346.07,0.015822
1346.55,0.016048
1347.03,0.016251
1347.52,0.016437
1348.00,0.016616
1348.48,0.016797
1348.96,0.016981
1349.44,0.017165
1349.93,0.017340
1350.41,0.017504
1350.89,0.017661
1351.37,0.017821
1351.86,0.018000
1352.34,0.018211
1352.82,0.018459
1353.30,0.018746
1353.78,0.019066
1354.27,0.019413
1354.75,0.019783
1355.23,0.020172
1355.71,0.020578
1356.19,0.020994
1356.68,0.021414
1357.16,0.021830
1357.64,0.022239
1358.12,0.022645
1358.61,0.023055
1359.09,0.023476
1359.57,0.023914
1360.05,0.024367
1360.53,0.024829
1361.02,0.025290
1361.50,0.025750
1361.98,0.026217
1362.46,0.026705
1362.94,0.027233
1363.43,0.027808
1363.91,0.028418
1364.39,0.029037
1364.87,0.029640
1365.35,0.030208
1365.84,0.030742
1366.32,0.031254
1366.80,0.031762
1367.28,0.032288
1367.77,0.032845
1368.25,0.033440
1368.73,0.034073
1369.21,0.034741
1369.69,0.035442
1370.18,0.036176
1370.66,0.036940
1371.14,0.037727
1371.62,0.038522
1372.10,0.039310
1372.59,0.040076
1373.07,0.040814
1373.55,0.041535
1374.03,0.042262
1374.52,0.043024
1375.00,0.043838
1375.48,0.044703
1375.96,0.045603
1376.44,0.046514
1376.92,0.047424
1377.41,0.048334
1377.89,0.049251
1378.37,0.050183
1378.85,0.051126
1379.34,0.052064
1379.82,0.052974
1380.30,0.053836
1380.78,0.054650
1381.26,0.055431
1381.75,0.056210
1382.23,0.057017
1382.71,0.057870
1383.19,0.058768
1383.67,0.059695
1384.16,0.060630
1384.64,0.061565
1385.12,0.062505
1385.60,0.063475
1386.09,0.064500
1386.57,0.065594
1387.05,0.066740
1387.53,0.067892
1388.01,0.068987
1388.50,0.069977
1388.98,0.070851
1389.46,0.071631
1389.94,0.072351
1390.42,0.073045
1390.91,0.073731
1391.39,0.074417
1391.87,0.075109
1392.35,0.075819
1392.84,0.076569
1393.32,0.077387
1393.80,0.078296
1394.28,0.079296
1394.76,0.080350
1395.25,0.081389
1395.73,0.082344
1396.21,0.083176
1396.69,0.083899
1397.17,0.084564
1397.66,0.085235
1398.14,0.085956
1398.62,0.086742
1399.10,0.087573
1399.59,0.088405
1400.07,0.089193
1400.55,0.089910
1401.03,0.090559
1401.51,0.091156
1401.99,0.091717
1402.48,0.092249
1402.96,0.092746
1403.44,0.093198
1403.92,0.093602
1404.41,0.093965
1404.89,0.094314
1405.37,0.094679
1405.85,0.095085
1406.33,0.095538
1406.82,0.096025
1407.30,0.096521
1407.78,0.097001
1408.26,0.097446
1408.74,0.097842
1409.23,0.098181
1409.71,0.098455
1410.19,0.098659
1410.67,0.098795
1411.16,0.098876
1411.64,0.098922
1412.12,0.098956
1412.60,0.098996
1413.08,0.099044
1413.57,0.099088
1414.05,0.099113
1414.53,0.099102
1415.01,0.099052
1415.49,0.098973
1415.98,0.098881
1416.46,0.098787
1416.94,0.098689
1417.42,0.098560
1417.90,0.098354
1418.39,0.098020
1418.87,0.097530
1419.35,0.096917
1419.83,0.096267
1420.32,0.095674
1420.80,0.095189
1421.28,0.094801
1421.76,0.094464
1422.24,0.094123
1422.73,0.093731
1423.21,0.093261
1423.69,0.092700
1424.17,0.092057
1424.65,0.091354
1425.14,0.090622
1425.62,0.089895
1426.10,0.089199
1426.58,0.088557
1427.07,0.087990
1427.55,0.087512
1428.03,0.087134
1428.51,0.086845
1428.99,0.086616
1429.48,0.086393
1429.96,0.086116
1430.44,0.085745
1430.92,0.085271
1431.40,0.084724
1431.89,0.084153
1432.37,0.083605
1432.85,0.083107
1433.33,0.082660
1433.82,0.082250
1434.30,0.081859
1434.78,0.081476
1435.26,0.081109
1435.74,0.080785
1436.23,0.080554
1436.71,0.080466
1437.19,0.080546
1437.67,0.080763
1438.15,0.081051
1438.64,0.081347
1439.12,0.081607
1439.60,0.081811
1440.08,0.081949
1440.57,0.082012
1441.05,0.081992
1441.53,0.081892
1442.01,0.081728
1442.49,0.081531
1442.97,0.081338
1443.46,0.081185
1443.94,0.081088
1444.42,0.081043
1444.90,0.081029
1445.39,0.081018
1445.87,0.080987
1446.35,0.080926
1446.83,0.080833
1447.31,0.080715
1447.80,0.080579
1448.28,0.080431
1448.76,0.080272
1449.24,0.080106
1449.72,0.079941
1450.21,0.079784
1450.69,0.079638
1451.17,0.079492
1451.65,0.079327
1452.13,0.079113
1452.62,0.078828
1453.10,0.078467
1453.58,0.078045
1454.06,0.077600
1454.55,0.077177
1455.03,0.076814
1455.51,0.076536
1455.99,0.076343
1456.47,0.076209
1456.96,0.076079
1457.44,0.075886
1457.92,0.075605
1458.40,0.075262
1458.88,0.074910
1459.37,0.074580
1459.85,0.074275
1460.33,0.073988
1460.81,0.073714
1461.30,0.073458
1461.78,0.073234
1462.26,0.073056
1462.74,0.072936
1463.22,0.072874
1463.71,0.072861
1464.19,0.072870
1464.67,0.072875
1465.15,0.072859
1465.63,0.072828
1466.12,0.072807
1466.60,0.072825
1467.08,0.072891
1467.56,0.072997
1468.05,0.073120
1468.53,0.073234
1469.01,0.073323
1469.49,0.073381
1469.97,0.073417
1470.46,0.073438
1470.94,0.073446
1471.42,0.073422
1471.90,0.073325
1472.38,0.073093
1472.87,0.072685
1473.35,0.072121
1473.83,0.071490
1474.31,0.070894
1474.80,0.070396
1475.28,0.070013
1475.76,0.069722
1476.24,0.069486
1476.72,0.069270
1477.20,0.069045
1477.69,0.068796
1478.17,0.068515
1478.65,0.068199
1479.13,0.067845
1479.62,0.067451
1480.10,0.067016
1480.58,0.066546
1481.06,0.066057
1481.55,0.065565
1482.03,0.065088
1482.51,0.064633
1482.99,0.064201
1483.47,0.063786
1483.95,0.063384
1484.44,0.063002
1484.92,0.062657
1485.40,0.062372
1485.88,0.062167
1486.37,0.062052
1486.85,0.062016
1487.33,0.062028
1487.81,0.062038
1488.29,0.061989
1488.78,0.061824
1489.26,0.061503
1489.74,0.061014
1490.22,0.060386
1490.70,0.059691
1491.19,0.059019
1491.67,0.058449
1492.15,0.058025
1492.63,0.057749
1493.12,0.057602
1493.60,0.057553
1494.08,0.057569
1494.56,0.057613
1495.04,0.057646
1495.53,0.057629
1496.01,0.057521
1496.49,0.057290
1496.97,0.056925
1497.45,0.056438
1497.94,0.055861
1498.42,0.055232
1498.90,0.054587
1499.38,0.053952
1499.87,0.053349
1500.35,0.052795
1500.83,0.052296
1501.31,0.051850
1501.79,0.051450
1502.28,0.051081
1502.76,0.050731
1503.24,0.050390
1503.72,0.050052
1504.20,0.049707
1504.69,0.049338
1505.17,0.048910
1505.65,0.048366
1506.13,0.047627
1506.62,0.046638
1507.10,0.045459
1507.58,0.044320
1508.06,0.043475
1508.54,0.042981
1509.03,0.042718
1509.51,0.042535
1509.99,0.042337
1510.47,0.042093
1510.95,0.041807
1511.44,0.041507
1511.92,0.041222
1512.40,0.040970
1512.88,0.040747
1513.36,0.040529
1513.85,0.040280
1514.33,0.039966
1514.81,0.039563
1515.29,0.039059
1515.78,0.038460
1516.26,0.037783
1516.74,0.037069
1517.22,0.036370
1517.70,0.035734
1518.18,0.035189
1518.67,0.034736
1519.15,0.034356
1519.63,0.034019
1520.11,0.033695
1520.60,0.033350
1521.08,0.032950
1521.56,0.032478
1522.04,0.031951
1522.52,0.031420
1523.01,0.030941
1523.49,0.030534
1523.97,0.030187
1524.45,0.029871
1524.93,0.029560
1525.42,0.029241
1525.90,0.028918
1526.38,0.028607
1526.86,0.028327
1527.35,0.028080
1527.83,0.027848
1528.31,0.027596
1528.79,0.027294
1529.27,0.026930
1529.76,0.026516
1530.24,0.026084
1530.72,0.025675
1531.20,0.025319
1531.68,0.025034
1532.17,0.024812
1532.65,0.024631
1533.13,0.024456
1533.61,0.024261
1534.10,0.024051
1534.58,0.023865
1535.06,0.023747
1535.54,0.023718
1536.02,0.023769
1536.51,0.023878
1536.99,0.024018
1537.47,0.024165
1537.95,0.024306
1538.43,0.024431
1538.92,0.024537
1539.40,0.024621
1539.88,0.024666
1540.36,0.024631
1540.85,0.024466
1541.33,0.024150
1541.81,0.023721
1542.29,0.023249
1542.77,0.022800
1543.26,0.022417
1543.74,0.022118
1544.22,0.021908
1544.70,0.021780
1545.18,0.021717
1545.67,0.021699
1546.15,0.021702
1546.63,0.021709
1547.11,0.021706
1547.59,0.021683
1548.08,0.021631
1548.56,0.021536
1549.04,0.021390
1549.52,0.021186
1550.01,0.020930
1550.49,0.020640
1550.97,0.020340
1551.45,0.020049
1551.93,0.019770
1552.42,0.019497
1552.90,0.019219
1553.38,0.018931
1553.86,0.018639
1554.34,0.018365
1554.83,0.018134
1555.31,0.017972
1555.79,0.017885
1556.27,0.017868
1556.76,0.017899
1557.24,0.017950
1557.72,0.017988
1558.20,0.017966
1558.68,0.017831
1559.16,0.017568
1559.65,0.017265
1560.13,0.017073
1560.61,0.017050
1561.09,0.017147
1561.58,0.017289
1562.06,0.017427
1562.54,0.017534
1563.02,0.017597
1563.50,0.017614
1563.99,0.017590
1564.47,0.017541
1564.95,0.017488
1565.43,0.017452
1565.91,0.017440
1566.40,0.017448
1566.88,0.017460
1567.36,0.017457
1567.84,0.017424
1568.33,0.017357
1568.81,0.017260
1569.29,0.017152
1569.77,0.017061
1570.25,0.017011
1570.74,0.017011
1571.22,0.017054
1571.70,0.017126
1572.18,0.017215
1572.66,0.017316
1573.15,0.017429
1573.63,0.017558
1574.11,0.017705
1574.59,0.017870
1575.08,0.018050
1575.56,0.018236
1576.04,0.018406
1576.52,0.018530
1577.00,0.018576
1577.49,0.018529
1577.97,0.018404
1578.45,0.018227
1578.93,0.018033
1579.41,0.017851
1579.90,0.017702
1580.38,0.017606
1580.86,0.017568
1581.34,0.017584
1581.83,0.017633
1582.31,0.017691
1582.79,0.017735
1583.27,0.017753
1583.75,0.017750
1584.23,0.017740
1584.72,0.017740
1585.20,0.017755
1585.68,0.017778
1586.16,0.017792
1586.65,0.017780
1587.13,0.017735
1587.61,0.017668
1588.09,0.017604
1588.57,0.017577
1589.06,0.017611
1589.54,0.017711
1590.02,0.017862
1590.50,0.018031
1590.98,0.018186
1591.47,0.018298
1591.95,0.018362
1592.43,0.018385
1592.91,0.018384
1593.40,0.018379
1593.88,0.018382
1594.36,0.018396
1594.84,0.018422
1595.32,0.018457
1595.81,0.018504
1596.29,0.018566
1596.77,0.018644
1597.25,0.018736
1597.73,0.018835
1598.22,0.018931
1598.70,0.019020
1599.18,0.019106
1599.66,0.019201
1600.14,0.019321
1600.63,0.019481
1601.11,0.019683
1601.59,0.019917
1602.07,0.020161
1602.56,0.020386
1603.04,0.020567
1603.52,0.020690
1604.00,0.020752
1604.48,0.020762
1604.97,0.020733
1605.45,0.020674
1605.93,0.020591
1606.41,0.020486
1606.89,0.020361
1607.38,0.020224
1607.86,0.020087
1608.34,0.019968
1608.82,0.019886
1609.31,0.019854
1609.79,0.019874
1610.27,0.019943
1610.75,0.020054
1611.23,0.020197
1611.72,0.020369
1612.20,0.020563
1612.68,0.020777
1613.16,0.021006
1613.64,0.021244
1614.13,0.021483
1614.61,0.021716
1615.09,0.021931
1615.57,0.022115
1616.06,0.022252
1616.54,0.022329
1617.02,0.022347
1617.50,0.022326
1617.98,0.022302
1618.47,0.022300
1618.95,0.022332
1619.43,0.022389
1619.91,0.022457
1620.39,0.022520
1620.88,0.022568
1621.36,0.022595
1621.84,0.022604
1622.32,0.022601
1622.81,0.022597
1623.29,0.022599
1623.77,0.022603
1624.25,0.022601
1624.73,0.022582
1625.21,0.022547
1625.70,0.022511
1626.18,0.022499
1626.66,0.022536
1627.14,0.022639
1627.63,0.022809
1628.11,0.023021
1628.59,0.023232
1629.07,0.023395
1629.55,0.023484
1630.04,0.023504
1630.52,0.023489
1631.00,0.023482
1631.48,0.023520
1631.96,0.023628
1632.45,0.023809
1632.93,0.024049
1633.41,0.024327
1633.89,0.024611
1634.38,0.024863
1634.86,0.025032
1635.34,0.025059
1635.82,0.024893
1636.30,0.024530
1636.79,0.024044
1637.27,0.023567
1637.75,0.023199
1638.23,0.022983
1638.71,0.022912
1639.20,0.022956
1639.68,0.023080
1640.16,0.023246
1640.64,0.023418
1641.12,0.023571
1641.61,0.023687
1642.09,0.023765
1642.57,0.023813
1643.05,0.023840
1643.54,0.023853
1644.02,0.023854
1644.50,0.023840
1644.98,0.023810
1645.46,0.023770
1645.95,0.023736
1646.43,0.023727
1646.91,0.023749
1647.39,0.023772
1647.88,0.023737
1648.36,0.023593
1648.84,0.023336
1649.32,0.022999
1649.80,0.022635
1650.29,0.022282
1650.77,0.021973
1651.25,0.021724
1651.73,0.021536
1652.21,0.021395
1652.70,0.021269
1653.18,0.021113
1653.66,0.020909
1654.14,0.020709
1654.62,0.020597
1655.11,0.020599
1655.59,0.020682
1656.07,0.020797
1656.55,0.020905
1657.04,0.020977
1657.52,0.021000
1658.00,0.020971
1658.48,0.020895
1658.96,0.020789
1659.45,0.020674
1659.93,0.020572
1660.41,0.020499
1660.89,0.020463
1661.37,0.020461
1661.86,0.020476
1662.34,0.020474
1662.82,0.020415
1663.30,0.020260
1663.79,0.019992
1664.27,0.019632
1664.75,0.019220
1665.23,0.018801
1665.71,0.018402
1666.19,0.018034
1666.68,0.017692
1667.16,0.017361
1667.64,0.017026
1668.12,0.016673
1668.61,0.016305
1669.09,0.015940
1669.57,0.015614
1670.05,0.015362
1670.53,0.015199
1671.02,0.015109
1671.50,0.015057
1671.98,0.015013
1672.46,0.014960
1672.94,0.014895
1673.43,0.014820
1673.91,0.014734
1674.39,0.014623
1674.87,0.014458
1675.36,0.014215
1675.84,0.013886
1676.32,0.013506
1676.80,0.013130
1677.28,0.012813
1677.77,0.012580
1678.25,0.012426
1678.73,0.012326
1679.21,0.012248
1679.69,0.012158
1680.18,0.012030
1680.66,0.011850
1681.14,0.011622
1681.62,0.011354
1682.11,0.011047
1682.59,0.010686
1683.07,0.010238
1683.55,0.009665
1684.03,0.008968
1684.52,0.008252
1685.00,0.007706
1685.48,0.007471
1685.96,0.007516
1686.44,0.007711
1686.93,0.007930
1687.41,0.008096
1687.89,0.008173
1688.37,0.008155
1688.86,0.008053
1689.34,0.007900
1689.82,0.007737
1690.30,0.007600
1690.78,0.007509
1691.27,0.007463
1691.75,0.007447
1692.23,0.007439
1692.71,0.007423
1693.19,0.007392
1693.68,0.007347
1694.16,0.007295
1694.64,0.007242
1695.12,0.007192
1695.60,0.007142
1696.09,0.007080
1696.57,0.006997
1697.05,0.006892
1697.53,0.006775
1698.02,0.006668
1698.50,0.006587
1698.98,0.006542
1699.46,0.006531
1699.94,0.006530
1700.43,0.006489
1700.91,0.006346
1701.39,0.006078
1701.87,0.005720
1702.35,0.005335
1702.84,0.004973
1703.32,0.004658
1703.80,0.004397
1704.28,0.004185
1704.77,0.004010
1705.25,0.003846
1705.73,0.003664
1706.21,0.003437
1706.69,0.003161
1707.17,0.002855
1707.66,0.002558
1708.14,0.002303
1708.62,0.002115
1709.10,0.001999
1709.59,0.001949
1710.07,0.001943
1710.55,0.001955
1711.03,0.001960
1711.51,0.001937
1712.00,0.001876
1712.48,0.001772
1712.96,0.001628
1713.44,0.001449
1713.92,0.001243
1714.41,0.001023
1714.89,0.000809
1715.37,0.000623
1715.85,0.000481
1716.34,0.000389
1716.82,0.000334
1717.30,0.000285
1717.78,0.000203
1718.26,0.000068
1718.75,-0.000109
1719.23,-0.000294
1719.71,-0.000456
1720.19,-0.000580
1720.67,-0.000671
1721.16,-0.000745
1721.64,-0.000817
1722.12,-0.000896
1722.60,-0.000983
1723.09,-0.001071
1723.57,-0.001148
1724.05,-0.001207
1724.53,-0.001247
1725.01,-0.001280
1725.50,-0.001320
1725.98,-0.001381
1726.46,-0.001464
1726.94,-0.001562
1727.42,-0.001658
1727.91,-0.001737
1728.39,-0.001790
1728.87,-0.001818
1729.35,-0.001833
1729.84,-0.001852
1730.32,-0.001884
1730.80,-0.001929
1731.28,-0.001971
1731.76,-0.001987
1732.24,-0.001953
1732.73,-0.001857
1733.21,-0.001702
1733.69,-0.001516
1734.17,-0.001358
1734.66,-0.001290
1735.14,-0.001341
1735.62,-0.001484
1736.10,-0.001666
1736.58,-0.001849
1737.07,-0.002024
1737.55,-0.002202
1738.03,-0.002400
1738.51,-0.002629
1738.99,-0.002886
1739.48,-0.003142
1739.96,-0.003352
1740.44,-0.003469
1740.92,-0.003473
1741.40,-0.003382
1741.89,-0.003245
1742.37,-0.003126
1742.85,-0.003082
1743.33,-0.003155
1743.82,-0.003362
1744.30,-0.003689
1744.78,-0.004097
1745.26,-0.004534
1745.74,-0.004951
1746.23,-0.005313
1746.71,-0.005601
1747.19,-0.005808
1747.67,-0.005930
1748.15,-0.005964
1748.64,-0.005901
1749.12,-0.005734
1749.60,-0.005459
1750.08,-0.005085
1750.57,-0.004646
1751.05,-0.004202
1751.53,-0.003821
1752.01,-0.003568
1752.49,-0.003464
1752.98,-0.003492
1753.46,-0.003599
1753.94,-0.003728
1754.42,-0.003830
1754.90,-0.003873
1755.39,-0.003845
1755.87,-0.003751
1756.35,-0.003616
1756.83,-0.003474
1757.32,-0.003366
1757.80,-0.003317
1758.28,-0.003333
1758.76,-0.003400
1759.24,-0.003496
1759.73,-0.003609
1760.21,-0.003730
1760.69,-0.003859
1761.17,-0.003995
1761.65,-0.004135
1762.14,-0.004264
1762.62,-0.004364
1763.10,-0.004421
1763.58,-0.004431
1764.07,-0.004407
1764.55,-0.004366
1765.03,-0.004326
1765.51,-0.004301
1765.99,-0.004299
1766.47,-0.004319
1766.96,-0.004356
1767.44,-0.004403
1767.92,-0.004449
1768.40,-0.004491
1768.89,-0.004533
1769.37,-0.004588
1769.85,-0.004673
1770.33,-0.004808
1770.82,-0.005005
1771.30,-0.005259
1771.78,-0.005543
1772.26,-0.005801
1772.74,-0.005957
1773.22,-0.005954
1773.71,-0.005788
1774.19,-0.005509
1774.67,-0.005187
1775.15,-0.004881
1775.64,-0.004633
1776.12,-0.004457
1776.60,-0.004353
1777.08,-0.004308
1777.56,-0.004300
1778.05,-0.004310
1778.53,-0.004321
1779.01,-0.004329
1779.49,-0.004338
1779.97,-0.004357
1780.46,-0.004400
1780.94,-0.004475
1781.42,-0.004585
1781.90,-0.004723
1782.38,-0.004878
1782.87,-0.005034
1783.35,-0.005179
1783.83,-0.005296
1784.31,-0.005366
1784.80,-0.005371
1785.28,-0.005295
1785.76,-0.005137
1786.24,-0.004911
1786.72,-0.004646
1787.21,-0.004377
1787.69,-0.004137
1788.17,-0.003951
1788.65,-0.003832
1789.13,-0.003783
1789.62,-0.003798
1790.10,-0.003866
1790.58,-0.003965
1791.06,-0.004069
1791.55,-0.004149
1792.03,-0.004179
1792.51,-0.004145
1792.99,-0.004056
1793.47,-0.003946
1793.96,-0.003858
1794.44,-0.003827
1794.92,-0.003877
1795.40,-0.004012
1795.88,-0.004227
1796.37,-0.004505
1796.85,-0.004827
1797.33,-0.005170
1797.81,-0.005507
1798.30,-0.005815
1798.78,-0.006073
1799.26,-0.006257
1799.74,-0.006349
1800.22,-0.006330
1800.71,-0.006196
1801.19,-0.005963
1801.67,-0.005669
1802.15,-0.005370
1802.63,-0.005115
1803.12,-0.004941
1803.60,-0.004856
1804.08,-0.004850
1804.56,-0.004895
1805.05,-0.004964
1805.53,-0.005032
1806.01,-0.005083
1806.49,-0.005111
1806.97,-0.005113
1807.45,-0.005091
1807.94,-0.005041
1808.42,-0.004965
1808.90,-0.004864
1809.38,-0.004752
1809.87,-0.004652
1810.35,-0.004593
1810.83,-0.004599
1811.31,-0.004683
1811.79,-0.004832
1812.28,-0.005012
1812.76,-0.005181
1813.24,-0.005303
1813.72,-0.005365
1814.20,-0.005371
1814.69,-0.005344
1815.17,-0.005303
1815.65,-0.005259
1816.13,-0.005210
1816.62,-0.005135
1817.10,-0.005009
1817.58,-0.004814
1818.06,-0.004551
1818.54,-0.004242
1819.03,-0.003922
1819.51,-0.003623
1819.99,-0.003367
1820.47,-0.003157
1820.95,-0.002980
1821.44,-0.002819
1821.92,-0.002664
1822.40,-0.002521
1822.88,-0.002415
1823.37,-0.002381
1823.85,-0.002454
1824.33,-0.002657
1824.81,-0.002985
1825.29,-0.003401
1825.78,-0.003842
1826.26,-0.004247
1826.74,-0.004571
1827.22,-0.004798
1827.70,-0.004936
1828.19,-0.004999
1828.67,-0.005004
1829.15,-0.004964
1829.63,-0.004898
1830.12,-0.004835
1830.60,-0.004813
1831.08,-0.004869
1831.56,-0.005015
1832.04,-0.005236
1832.53,-0.005491
1833.01,-0.005729
1833.49,-0.005899
1833.97,-0.005958
1834.45,-0.005882
1834.94,-0.005669
1835.42,-0.005342
1835.90,-0.004947
1836.38,-0.004544
1836.87,-0.004188
1837.35,-0.003919
1837.83,-0.003755
1838.31,-0.003695
1838.79,-0.003717
1839.28,-0.003790
1839.76,-0.003885
1840.24,-0.003979
1840.72,-0.004059
1841.20,-0.004127
1841.69,-0.004194
1842.17,-0.004270
1842.65,-0.004365
1843.13,-0.004473
1843.61,-0.004574
1844.10,-0.004636
1844.58,-0.004629
1845.06,-0.004548
1845.54,-0.004416
1846.03,-0.004284
1846.51,-0.004198
1846.99,-0.004186
1847.47,-0.004250
1847.95,-0.004374
1848.43,-0.004531
1848.92,-0.004697
1849.40,-0.004863
1849.88,-0.005039
1850.36,-0.005246
1850.85,-0.005506
1851.33,-0.005829
1851.81,-0.006204
1852.29,-0.006598
1852.77,-0.006964
1853.26,-0.007254
1853.74,-0.007432
1854.22,-0.007483
1854.70,-0.007414
1855.18,-0.007246
1855.67,-0.007006
1856.15,-0.006719
1856.63,-0.006404
1857.11,-0.006084
1857.60,-0.005786
1858.08,-0.005541
1858.56,-0.005373
1859.04,-0.005289
1859.52,-0.005268
1860.01,-0.005264
1860.49,-0.005223
1860.97,-0.005100
1861.45,-0.004882
1861.93,-0.004596
1862.42,-0.004306
1862.90,-0.004088
1863.38,-0.003999
1863.86,-0.004060
1864.35,-0.004243
1864.83,-0.004488
1865.31,-0.004718
1865.79,-0.004863
1866.27,-0.004887
1866.76,-0.004792
1867.24,-0.004619
1867.72,-0.004429
1868.20,-0.004286
1868.68,-0.004231
1869.17,-0.004270
1869.65,-0.004367
1870.13,-0.004471
1870.61,-0.004541
1871.10,-0.004565
1871.58,-0.004557
1872.06,-0.004548
1872.54,-0.004562
1873.02,-0.004611
1873.51,-0.004686
1873.99,-0.004759
1874.47,-0.004793
1874.95,-0.004756
1875.43,-0.004636
1875.92,-0.004449
1876.40,-0.004247
1876.88,-0.004100
1877.36,-0.004073
1877.84,-0.004210
1878.33,-0.004508
1878.81,-0.004920
1879.29,-0.005360
1879.77,-0.005736
1880.26,-0.005977
1880.74,-0.006046
1881.22,-0.005957
1881.70,-0.005760
1882.18,-0.005526
1882.67,-0.005309
1883.15,-0.005140
1883.63,-0.005015
1884.11,-0.004911
1884.59,-0.004794
1885.08,-0.004641
1885.56,-0.004445
1886.04,-0.004220
1886.52,-0.003983
1887.01,-0.003755
1887.49,-0.003549
1887.97,-0.003378
1888.45,-0.003254
1888.93,-0.003191
1889.41,-0.003204
1889.90,-0.003292
1890.38,-0.003435
1890.86,-0.003588
1891.34,-0.003703
1891.83,-0.003746
1892.31,-0.003713
1892.79,-0.003637
1893.27,-0.003577
1893.75,-0.003599
1894.24,-0.003754
1894.72,-0.004053
1895.20,-0.004459
1895.68,-0.004886
1896.16,-0.005231
1896.65,-0.005413
1897.13,-0.005395
1897.61,-0.005198
1898.09,-0.004881
1898.58,-0.004521
1899.06,-0.004183
1899.54,-0.003903
1900.02,-0.003693
1900.50,-0.003543
1900.99,-0.003433
1901.47,-0.003350
1901.95,-0.003289
1902.43,-0.003257
1902.91,-0.003269
1903.40,-0.003335
1903.88,-0.003462
1904.36,-0.003645
1904.84,-0.003869
1905.33,-0.004111
1905.81,-0.004335
1906.29,-0.004508
1906.77,-0.004590
1907.25,-0.004552
1907.74,-0.004379
1908.22,-0.004081
1908.70,-0.003695
1909.18,-0.003281
1909.66,-0.002909
1910.15,-0.002641
1910.63,-0.002512
1911.11,-0.002525
1911.59,-0.002650
1912.08,-0.002844
1912.56,-0.003058
1913.04,-0.003260
1913.52,-0.003433
1914.00,-0.003573
1914.48,-0.003681
1914.97,-0.003756
1915.45,-0.003784
1915.93,-0.003740
1916.41,-0.003596
1916.90,-0.003333
1917.38,-0.002953
1917.86,-0.002500
1918.34,-0.002058
1918.82,-0.001736
1919.31,-0.001633
1919.79,-0.001801
1920.27,-0.002223
1920.75,-0.002817
1921.23,-0.003465
1921.72,-0.004045
1922.20,-0.004437
1922.68,-0.004568
1923.16,-0.004435
1923.65,-0.004119
1924.13,-0.003763
1924.61,-0.003520
1925.09,-0.003496
1925.57,-0.003715
1926.06,-0.004124
1926.54,-0.004619
1927.02,-0.005101
1927.50,-0.005496
1927.98,-0.005785
1928.47,-0.006006
1928.95,-0.006227
1929.43,-0.006502
1929.91,-0.006835
1930.39,-0.007167
1930.88,-0.007387
1931.36,-0.007383
1931.84,-0.007085
1932.32,-0.006509
1932.81,-0.005757
1933.29,-0.005000
1933.77,-0.004414
1934.25,-0.004134
1934.73,-0.004213
1935.22,-0.004611
1935.70,-0.005211
1936.18,-0.005855
1936.66,-0.006411
1937.14,-0.006790
1937.63,-0.006963
1938.11,-0.006949
1938.59,-0.006797
1939.07,-0.006562
1939.56,-0.006287
1940.04,-0.006007
1940.52,-0.005753
1941.00,-0.005561
1941.48,-0.005485
1941.97,-0.005594
1942.45,-0.005950
1942.93,-0.006583
1943.41,-0.007460
1943.89,-0.008486
1944.38,-0.009527
1944.86,-0.010453
1945.34,-0.011168
1945.82,-0.011611
1946.31,-0.011766
1946.79,-0.011648
1947.27,-0.011300
1947.75,-0.010770
1948.23,-0.010098
1948.72,-0.009299
1949.20,-0.008362
1949.68,-0.007270
1950.16,-0.006020
1950.64,-0.004659
1951.13,-0.003294
1951.61,-0.002089
1952.09,-0.001214
1952.57,-0.000828
1953.06,-0.001018
1953.54,-0.001777
1954.02,-0.002978
1954.50,-0.004394
1954.98,-0.005745
1955.46,-0.006750
1955.95,-0.007225
1956.43,-0.007132
1956.91,-0.006584
1957.39,-0.005804
1957.88,-0.005066
1958.36,-0.004619
1958.84,-0.004594
1959.32,-0.004980
1959.80,-0.005620
1960.29,-0.006284
1960.77,-0.006724
1961.25,-0.006768
1961.73,-0.006372
1962.21,-0.005652
1962.70,-0.004848
1963.18,-0.004236
1963.66,-0.004063
1964.14,-0.004461
1964.62,-0.005422
1965.11,-0.006795
1965.59,-0.008317
1966.07,-0.009655
1966.55,-0.010463
1967.04,-0.010502
1967.52,-0.009697
1968.00,-0.008177
1968.48,-0.006229
1968.96,-0.004232
1969.45,-0.002577
1969.93,-0.001537
1970.41,-0.001231
1970.89,-0.001597
1971.38,-0.002441
1971.86,-0.003498
1972.34,-0.004516
1972.82,-0.005334
1973.30,-0.005891
1973.79,-0.006235
1974.27,-0.006473
1974.75,-0.006719
1975.23,-0.007031
1975.71,-0.007383
1976.20,-0.007675
1976.68,-0.007772
1977.16,-0.007567
1977.64,-0.007012
1978.12,-0.006154
1978.61,-0.005101
1979.09,-0.003990
1979.57,-0.002920
1980.05,-0.001948
1980.54,-0.001083
1981.02,-0.000313
1981.50,0.000375
1981.98,0.000967
1982.46,0.001417
1982.95,0.001647
1983.43,0.001560
1983.91,0.001079
1984.39,0.000169
1984.87,-0.001126
1985.36,-0.002671
1985.84,-0.004243
1986.32,-0.005589
1986.80,-0.006483
1987.29,-0.006764
1987.77,-0.006387
1988.25,-0.005437
1988.73,-0.004120
1989.21,-0.002706
1989.70,-0.001468
1990.18,-0.000619
1990.66,-0.000255
1991.14,-0.000356
1991.62,-0.000806
1992.11,-0.001437
1992.59,-0.002053
1993.07,-0.002494
1993.55,-0.002674
1994.04,-0.002594
1994.52,-0.002329
1995.00,-0.001994
1995.48,-0.001720
1995.96,-0.001631
1996.44,-0.001820
1996.93,-0.002346
1997.41,-0.003211
1997.89,-0.004358
1998.37,-0.005674
1998.86,-0.007015
1999.34,-0.008222
1999.82,-0.009136
2000.30,-0.009635
2000.78,-0.009654
2001.27,-0.009201
2001.75,-0.008360
2002.23,-0.007279
2002.71,-0.006140
2003.19,-0.005114
2003.68,-0.004346
2004.16,-0.003913
2004.64,-0.003806
2005.12,-0.003921
2005.61,-0.004078
2006.09,-0.004075
2006.57,-0.003713
2007.05,-0.002871
2007.53,-0.001548
2008.02,0.000111
2008.50,0.001837
2008.98,0.003307
2009.46,0.004204
2009.94,0.004321
2010.43,0.003583
2010.91,0.002063
2011.39,-0.000033
2011.87,-0.002375
2012.36,-0.004565
2012.84,-0.006254
2013.32,-0.007207
2013.80,-0.007370
2014.28,-0.006867
2014.77,-0.005952
2015.25,-0.004928
2015.73,-0.004051
2016.21,-0.003481
2016.69,-0.003235
2017.18,-0.003218
2017.66,-0.003276
2018.14,-0.003290
2018.62,-0.003227
2019.11,-0.003143
2019.59,-0.003142
2020.07,-0.003308
2020.55,-0.003656
2021.03,-0.004113
2021.52,-0.004557
2022.00,-0.004870
2022.48,-0.005008
2022.96,-0.005032
2023.44,-0.005100
2023.93,-0.005400
2024.41,-0.006084
2024.89,-0.007191
2025.37,-0.008622
2025.85,-0.010153
2026.34,-0.011489
2026.82,-0.012351
2027.30,-0.012525
2027.78,-0.011936
2028.27,-0.010669
2028.75,-0.008956
2029.23,-0.007105
2029.71,-0.005417
2030.19,-0.004147
2030.67,-0.003420
2031.16,-0.003217
2031.64,-0.003366
2032.12,-0.003620
2032.60,-0.003731
2033.09,-0.003554
2033.57,-0.003119
2034.05,-0.002620
2034.53,-0.002366
2035.02,-0.002629
2035.50,-0.003548
2035.98,-0.005034
2036.46,-0.006804
2036.94,-0.008452
2037.42,-0.009605
2037.91,-0.010049
2038.39,-0.009765
2038.87,-0.008931
2039.35,-0.007826
2039.84,-0.006742
2040.32,-0.005882
2040.80,-0.005329
2041.28,-0.005077
2041.76,-0.005081
2042.25,-0.005302
2042.73,-0.005719
2043.21,-0.006320
2043.69,-0.007060
2044.17,-0.007842
2044.66,-0.008533
2045.14,-0.008992
2045.62,-0.009124
2046.10,-0.008916
2046.59,-0.008448
2047.07,-0.007855
2047.55,-0.007261
2048.03,-0.006737
2048.51,-0.006270
2049.00,-0.005794
2049.48,-0.005240
2049.96,-0.004596
2050.44,-0.003933
2050.92,-0.003388
2051.41,-0.003106
2051.89,-0.003177
2052.37,-0.003609
2052.85,-0.004323
2053.34,-0.005172
2053.82,-0.005981
2054.30,-0.006598
2054.78,-0.006921
2055.26,-0.006915
2055.75,-0.006606
2056.23,-0.006060
2056.71,-0.005353
2057.19,-0.004554
2057.67,-0.003719
2058.16,-0.002891
2058.64,-0.002101
2059.12,-0.001375
2059.60,-0.000734
2060.08,-0.000202
2060.57,0.000193
2061.05,0.000420
2061.53,0.000457
2062.01,0.000308
2062.49,0.000015
2062.98,-0.000336
2063.46,-0.000629
2063.94,-0.000761
2064.42,-0.000672
2064.91,-0.000379
2065.39,0.000017
2065.87,0.000357
2066.35,0.000467
2066.83,0.000239
2067.32,-0.000354
2067.80,-0.001241
2068.28,-0.002297
2068.76,-0.003378
2069.24,-0.004375
2069.73,-0.005230
2070.21,-0.005931
2070.69,-0.006483
2071.17,-0.006877
2071.66,-0.007073
2072.14,-0.007009
2072.62,-0.006633
2073.10,-0.005941
2073.58,-0.005002
2074.07,-0.003952
2074.55,-0.002969
2075.03,-0.002205
2075.51,-0.001753
2075.99,-0.001622
2076.48,-0.001745
2076.96,-0.002006
2077.44,-0.002276
2077.92,-0.002458
2078.41,-0.002498
2078.89,-0.002391
2079.37,-0.002171
2079.85,-0.001892
2080.33,-0.001611
2080.82,-0.001377
2081.30,-0.001227
2081.78,-0.001174
2082.26,-0.001212
2082.74,-0.001322
2083.23,-0.001481
2083.71,-0.001678
2084.19,-0.001923
2084.67,-0.002246
2085.16,-0.002682
2085.64,-0.003251
2086.12,-0.003934
2086.60,-0.004660
2087.08,-0.005310
2087.57,-0.005761
2088.05,-0.005913
2088.53,-0.005735
2089.01,-0.005283
2089.49,-0.004694
2089.98,-0.004139
2090.46,-0.003765
2090.94,-0.003657
2091.42,-0.003807
2091.90,-0.004126
2092.39,-0.004470
2092.87,-0.004690
2093.35,-0.004679
2093.83,-0.004387
2094.32,-0.003839
2094.80,-0.003110
2095.28,-0.002313
2095.76,-0.001559
2096.24,-0.000940
2096.72,-0.000519
2097.21,-0.000313
2097.69,-0.000306
2098.17,-0.000458
2098.65,-0.000721
2099.14,-0.001054
2099.62,-0.001429
2100.10,-0.001838
2100.58,-0.002277
2101.06,-0.002741
2101.55,-0.003214
2102.03,-0.003664
2102.51,-0.004053
2102.99,-0.004353
2103.47,-0.004557
2103.96,-0.004680
2104.44,-0.004752
2104.92,-0.004800
2105.40,-0.004824
2105.89,-0.004790
2106.37,-0.004642
2106.85,-0.004328
2107.33,-0.003829
2107.81,-0.003180
2108.30,-0.002463
2108.78,-0.001780
2109.26,-0.001216
2109.74,-0.000798
2110.22,-0.000494
2110.71,-0.000232
2111.19,0.000048
2111.67,0.000359
2112.15,0.000644
2112.64,0.000802
2113.12,0.000718
2113.60,0.000334
2114.08,-0.000325
2114.56,-0.001140
2115.05,-0.001937
2115.53,-0.002550
2116.01,-0.002866
2116.49,-0.002869
2116.97,-0.002629
2117.46,-0.002264
2117.94,-0.001882
2118.42,-0.001550
2118.90,-0.001284
2119.39,-0.001066
2119.87,-0.000874
2120.35,-0.000717
2120.83,-0.000633
2121.31,-0.000679
2121.80,-0.000890
2122.28,-0.001258
2122.76,-0.001720
2123.24,-0.002171
2123.72,-0.002511
2124.21,-0.002674
2124.69,-0.002656
2125.17,-0.002509
2125.65,-0.002320
2126.14,-0.002160
2126.62,-0.002060
2127.10,-0.002000
2127.58,-0.001931
2128.06,-0.001803
2128.55,-0.001601
2129.03,-0.001361
2129.51,-0.001167
2129.99,-0.001119
2130.47,-0.001291
2130.96,-0.001701
2131.44,-0.002294
2131.92,-0.002956
2132.40,-0.003540
2132.88,-0.003907
2133.37,-0.003974
2133.85,-0.003725
2134.33,-0.003220
2134.81,-0.002576
2135.30,-0.001944
2135.78,-0.001465
2136.26,-0.001233
2136.74,-0.001285
2137.22,-0.001598
2137.70,-0.002107
2138.19,-0.002720
2138.67,-0.003346
2139.15,-0.003898
2139.63,-0.004305
2140.12,-0.004510
2140.60,-0.004472
2141.08,-0.004167
2141.56,-0.003598
2142.04,-0.002804
2142.53,-0.001868
2143.01,-0.000907
2143.49,-0.000052
2143.97,0.000590
2144.45,0.000968
2144.94,0.001106
2145.42,0.001092
2145.90,0.001035
2146.38,0.001035
2146.86,0.001128
2147.35,0.001270
2147.83,0.001356
2148.31,0.001262
2148.79,0.000905
2149.28,0.000291
2149.76,-0.000472
2150.24,-0.001180
2150.72,-0.001576
2151.20,-0.001452
2151.69,-0.000702
2152.17,0.000626
2152.65,0.002341
2153.13,0.004128
2153.61,0.005631
2154.10,0.006554
2154.58,0.006705
2155.06,0.006074
2155.54,0.004812
2156.03,0.003210
2156.51,0.001592
2156.99,0.000221
2157.47,-0.000755
2157.95,-0.001353
2158.44,-0.001722
2158.92,-0.002082
2159.40,-0.002589
2159.88,-0.003262
2160.36,-0.003957
2160.85,-0.004433
2161.33,-0.004443
2161.81,-0.003830
2162.29,-0.002584
2162.78,-0.000828
2163.26,0.001225
2163.74,0.003348
2164.22,0.005301
2164.70,0.006855
2165.19,0.007821
2165.67,0.008044
2166.15,0.007469
2166.63,0.006177
2167.11,0.004409
2167.60,0.002522
2168.08,0.000897
2168.56,-0.000124
2169.04,-0.000380
2169.53,0.000070
2170.01,0.000936
2170.49,0.001804
2170.97,0.002249
2171.45,0.001960
2171.94,0.000841
2172.42,-0.000993
2172.90,-0.003258
2173.38,-0.005616
2173.86,-0.007735
2174.35,-0.009367
2174.83,-0.010372
2175.31,-0.010677
2175.79,-0.010248
2176.28,-0.009080
2176.76,-0.007223
2177.24,-0.004825
2177.72,-0.002136
2178.20,0.000483
2178.68,0.002669
2179.17,0.004146
2179.65,0.004781
2180.13,0.004623
2180.61,0.003871
2181.10,0.002818
2181.58,0.001739
2182.06,0.000841
2182.54,0.000229
2183.02,-0.000087
2183.51,-0.000136
2183.99,0.000043
2184.47,0.000423
2184.95,0.000964
2185.43,0.001585
2185.92,0.002161
2186.40,0.002527
2186.88,0.002534
2187.36,0.002100
2187.84,0.001243
2188.33,0.000081
2188.81,-0.001211
2189.29,-0.002434
2189.77,-0.003440
2190.26,-0.004150
2190.74,-0.004537
2191.22,-0.004608
2191.70,-0.004373
2192.18,-0.003843
2192.67,-0.003047
2193.15,-0.002070
2193.63,-0.001070
2194.11,-0.000247
2194.59,0.000188
2195.08,0.000089
2195.56,-0.000564
2196.04,-0.001640
2196.52,-0.002891
2197.01,-0.004040
2197.49,-0.004851
2197.97,-0.005215
2198.45,-0.005172
2198.93,-0.004878
2199.42,-0.004541
2199.90,-0.004339
2200.38,-0.004380
2200.86,-0.004659
2201.34,-0.005076
2201.83,-0.005464
2202.31,-0.005652
2202.79,-0.005497
2203.27,-0.004920
2203.76,-0.003930
2204.24,-0.002629
2204.72,-0.001200
2205.20,0.000142
2205.68,0.001178
2206.17,0.001742
2206.65,0.001764
2207.13,0.001285
2207.61,0.000456
2208.09,-0.000517
2208.58,-0.001404
2209.06,-0.002035
2209.54,-0.002341
2210.02,-0.002358
2210.51,-0.002200
2210.99,-0.002008
2211.47,-0.001912
2211.95,-0.001984
2212.43,-0.002236
2212.92,-0.002636
2213.40,-0.003133
2213.88,-0.003676
2214.36,-0.004216
2214.84,-0.004710
2215.33,-0.005102
2215.81,-0.005331
2216.29,-0.005339
2216.77,-0.005096
2217.26,-0.004621
2217.74,-0.003982
2218.22,-0.003301
2218.70,-0.002713
2219.18,-0.002322
2219.66,-0.002183
2220.15,-0.002276
2220.63,-0.002523
2221.11,-0.002821
2221.59,-0.003085
2222.08,-0.003282
2222.56,-0.003438
2223.04,-0.003618
2223.52,-0.003889
2224.00,-0.004288
2224.49,-0.004792
2224.97,-0.005310
2225.45,-0.005708
2225.93,-0.005853
2226.41,-0.005649
2226.90,-0.005069
2227.38,-0.004169
2227.86,-0.003079
2228.34,-0.001963
2228.82,-0.000975
2229.31,-0.000238
2229.79,0.000187
2230.27,0.000300
2230.75,0.000155
2231.24,-0.000162
2231.72,-0.000558
2232.20,-0.000949
2232.68,-0.001280
2233.16,-0.001536
2233.65,-0.001736
2234.13,-0.001922
2234.61,-0.002146
2235.09,-0.002455
2235.57,-0.002866
2236.06,-0.003365
2236.54,-0.003901
2237.02,-0.004406
2237.50,-0.004802
2237.99,-0.005027
2238.47,-0.005049
2238.95,-0.004869
2239.43,-0.004517
2239.91,-0.004031
2240.40,-0.003444
2240.88,-0.002769
2241.36,-0.002003
2241.84,-0.001138
2242.32,-0.000181
2242.81,0.000831
2243.29,0.001817
2243.77,0.002668
2244.25,0.003266
2244.74,0.003503
2245.22,0.003319
2245.70,0.002713
2246.18,0.001759
2246.66,0.000588
2247.15,-0.000623
2247.63,-0.001679
2248.11,-0.002427
2248.59,-0.002770
2249.07,-0.002697
2249.56,-0.002286
2250.04,-0.001693
2250.52,-0.001108
2251.00,-0.000695
2251.49,-0.000556
2251.97,-0.000691
2252.45,-0.001009
2252.93,-0.001355
2253.41,-0.001579
2253.90,-0.001594
2254.38,-0.001413
2254.86,-0.001144
2255.34,-0.000951
2255.82,-0.000988
2256.31,-0.001323
2256.79,-0.001906
2257.27,-0.002580
2257.75,-0.003142
2258.24,-0.003409
2258.72,-0.003292
2259.20,-0.002832
2259.68,-0.002182
2260.16,-0.001560
2260.64,-0.001148
2261.13,-0.001057
2261.61,-0.001276
2262.09,-0.001693
2262.57,-0.002131
2263.06,-0.002419
2263.54,-0.002457
2264.02,-0.002227
2264.50,-0.001803
2264.98,-0.001301
2265.47,-0.000854
2265.95,-0.000548
2266.43,-0.000417
2266.91,-0.000431
2267.39,-0.000529
2267.88,-0.000636
2268.36,-0.000694
2268.84,-0.000679
2269.32,-0.000601
2269.80,-0.000496
2270.29,-0.000402
2270.77,-0.000356
2271.25,-0.000370
2271.73,-0.000436
2272.22,-0.000529
2272.70,-0.000621
2273.18,-0.000694
2273.66,-0.000750
2274.14,-0.000812
2274.63,-0.000914
2275.11,-0.001089
2275.59,-0.001349
2276.07,-0.001678
2276.55,-0.002029
2277.04,-0.002339
2277.52,-0.002546
2278.00,-0.002610
2278.48,-0.002525
2278.97,-0.002320
2279.45,-0.002049
2279.93,-0.001767
2280.41,-0.001518
2280.89,-0.001324
2281.38,-0.001179
2281.86,-0.001059
2282.34,-0.000936
2282.82,-0.000787
2283.30,-0.000601
2283.79,-0.000381
2284.27,-0.000140
2284.75,0.000104
2285.23,0.000328
2285.72,0.000515
2286.20,0.000650
2286.68,0.000726
2287.16,0.000742
2287.64,0.000708
2288.13,0.000641
2288.61,0.000556
2289.09,0.000469
2289.57,0.000381
2290.05,0.000286
2290.54,0.000165
2291.02,0.000006
2291.50,-0.000199
2291.98,-0.000436
2292.47,-0.000679
2292.95,-0.000894
2293.43,-0.001051
2293.91,-0.001139
2294.39,-0.001174
2294.88,-0.001188
2295.36,-0.001223
2295.84,-0.001311
2296.32,-0.001461
2296.80,-0.001657
2297.29,-0.001856
2297.77,-0.002011
2298.25,-0.002087
2298.73,-0.002071
2299.21,-0.001978
2299.70,-0.001845
2300.18,-0.001719
2300.66,-0.001637
2301.14,-0.001617
2301.62,-0.001653
2302.11,-0.001719
2302.59,-0.001782
2303.07,-0.001811
2303.55,-0.001789
2304.04,-0.001715
2304.52,-0.001600
2305.00,-0.001461
2305.48,-0.001316
2305.96,-0.001177
2306.45,-0.001051
2306.93,-0.000943
2307.41,-0.000858
2307.89,-0.000800
2308.38,-0.000778
2308.86,-0.000799
2309.34,-0.000861
2309.82,-0.000952
2310.30,-0.001051
2310.78,-0.001128
2311.27,-0.001155
2311.75,-0.001114
2312.23,-0.001002
2312.71,-0.000836
2313.20,-0.000648
2313.68,-0.000480
2314.16,-0.000370
2314.64,-0.000347
2315.12,-0.000423
2315.61,-0.000590
2316.09,-0.000826
2316.57,-0.001092
2317.05,-0.001339
2317.53,-0.001521
2318.02,-0.001590
2318.50,-0.001518
2318.98,-0.001297
2319.46,-0.000951
2319.95,-0.000528
2320.43,-0.000103
2320.91,0.000247
2321.39,0.000467
2321.87,0.000534
2322.36,0.000471
2322.84,0.000330
2323.32,0.000180
2323.80,0.000081
2324.28,0.000056
2324.77,0.000092
2325.25,0.000147
2325.73,0.000174
2326.21,0.000137
2326.70,0.000028
2327.18,-0.000134
2327.66,-0.000311
2328.14,-0.000471
2328.62,-0.000600
2329.11,-0.000711
2329.59,-0.000839
2330.07,-0.001018
2330.55,-0.001265
2331.03,-0.001558
2331.52,-0.001842
2332.00,-0.002040
2332.48,-0.002090
2332.96,-0.001969
2333.45,-0.001706
2333.93,-0.001375
2334.41,-0.001074
2334.89,-0.000894
2335.37,-0.000889
2335.86,-0.001058
2336.34,-0.001352
2336.82,-0.001689
2337.30,-0.001975
2337.78,-0.002134
2338.27,-0.002131
2338.75,-0.001978
2339.23,-0.001729
2339.71,-0.001465
2340.19,-0.001282
2340.68,-0.001257
2341.16,-0.001436
2341.64,-0.001824
2342.12,-0.002380
2342.61,-0.003030
2343.09,-0.003676
2343.57,-0.004226
2344.05,-0.004607
2344.53,-0.004777
2345.02,-0.004727
2345.50,-0.004482
2345.98,-0.004088
2346.46,-0.003602
2346.94,-0.003088
2347.43,-0.002606
2347.91,-0.002202
2348.39,-0.001913
2348.87,-0.001762
2349.35,-0.001755
2349.84,-0.001879
2350.32,-0.002106
2350.80,-0.002390
2351.28,-0.002668
2351.76,-0.002879
2352.25,-0.002973
2352.73,-0.002936
2353.21,-0.002793
2353.69,-0.002608
2354.18,-0.002463
2354.66,-0.002424
2355.14,-0.002520
2355.62,-0.002731
2356.10,-0.003001
2356.59,-0.003254
2357.07,-0.003427
2357.55,-0.003488
2358.03,-0.003437
2358.51,-0.003303
2359.00,-0.003117
2359.48,-0.002905
2359.96,-0.002673
2360.44,-0.002414
2360.93,-0.002112
2361.41,-0.001765
2361.89,-0.001388
2362.37,-0.001021
2362.85,-0.000720
2363.34,-0.000545
2363.82,-0.000545
2364.30,-0.000737
2364.78,-0.001098
2365.26,-0.001563
2365.75,-0.002039
2366.23,-0.002423
2366.71,-0.002633
2367.19,-0.002630
2367.68,-0.002433
2368.16,-0.002117
2368.64,-0.001782
2369.12,-0.001542
2369.60,-0.001473
2370.09,-0.001598
2370.57,-0.001882
2371.05,-0.002242
2371.53,-0.002578
2372.01,-0.002798
2372.50,-0.002845
2372.98,-0.002716
2373.46,-0.002450
2373.94,-0.002119
2374.43,-0.001803
2374.91,-0.001569
2375.39,-0.001457
2375.87,-0.001473
2376.35,-0.001591
2376.84,-0.001765
2377.32,-0.001939
2377.80,-0.002060
2378.28,-0.002097
2378.76,-0.002039
2379.25,-0.001904
2379.73,-0.001732
2380.21,-0.001573
2380.69,-0.001475
2381.17,-0.001466
2381.66,-0.001551
2382.14,-0.001707
2382.62,-0.001892
2383.10,-0.002057
2383.59,-0.002160
2384.07,-0.002180
2384.55,-0.002120
2385.03,-0.002000
2385.51,-0.001854
2385.99,-0.001714
2386.48,-0.001601
2386.96,-0.001520
2387.44,-0.001465
2387.92,-0.001422
2388.41,-0.001382
2388.89,-0.001340
2389.37,-0.001303
2389.85,-0.001279
2390.33,-0.001276
2390.82,-0.001293
2391.30,-0.001318
2391.78,-0.001330
2392.26,-0.001305
2392.74,-0.001223
2393.23,-0.001077
2393.71,-0.000874
2394.19,-0.000639
2394.67,-0.000407
2395.16,-0.000218
2395.64,-0.000111
2396.12,-0.000114
2396.60,-0.000239
2397.08,-0.000482
2397.57,-0.000820
2398.05,-0.001213
2398.53,-0.001612
2399.01,-0.001971
2399.49,-0.002247
2399.98,-0.002417
2400.46,-0.002474
2400.94,-0.002435
2401.42,-0.002333
2401.91,-0.002206
2402.39,-0.002098
2402.87,-0.002042
2403.35,-0.002058
2403.83,-0.002147
2404.32,-0.002293
2404.80,-0.002466
2405.28,-0.002621
2405.76,-0.002711
2406.24,-0.002694
2406.73,-0.002544
2407.21,-0.002257
2407.69,-0.001855
2408.17,-0.001387
2408.66,-0.000913
2409.14,-0.000497
2409.62,-0.000191
2410.10,-0.000021
2410.58,0.000013
2411.07,-0.000067
2411.55,-0.000228
2412.03,-0.000434
2412.51,-0.000660
2412.99,-0.000895
2413.48,-0.001135
2413.96,-0.001379
2414.44,-0.001622
2414.92,-0.001848
2415.41,-0.002033
2415.89,-0.002155
2416.37,-0.002200
2416.85,-0.002168
2417.33,-0.002077
2417.82,-0.001958
2418.30,-0.001847
2418.78,-0.001771
2419.26,-0.001750
2419.74,-0.001786
2420.23,-0.001867
2420.71,-0.001974
2421.19,-0.002084
2421.67,-0.002173
2422.15,-0.002225
2422.64,-0.002230
2423.12,-0.002194
2423.60,-0.002130
2424.08,-0.002067
2424.57,-0.002039
2425.05,-0.002076
2425.53,-0.002196
2426.01,-0.002393
2426.49,-0.002642
2426.97,-0.002898
2427.46,-0.003109
2427.94,-0.003234
2428.42,-0.003251
2428.90,-0.003165
2429.39,-0.003004
2429.87,-0.002803
2430.35,-0.002603
2430.83,-0.002430
2431.31,-0.002297
2431.80,-0.002205
2432.28,-0.002148
2432.76,-0.002115
2433.24,-0.002093
2433.72,-0.002068
2434.21,-0.002022
2434.69,-0.001942
2435.17,-0.001824
2435.65,-0.001679
2436.14,-0.001539
2436.62,-0.001450
2437.10,-0.001459
2437.58,-0.001592
2438.06,-0.001841
2438.55,-0.002153
2439.03,-0.002448
2439.51,-0.002633
2439.99,-0.002635
2440.47,-0.002427
2440.96,-0.002032
2441.44,-0.001523
2441.92,-0.000990
2442.40,-0.000519
2442.89,-0.000175
2443.37,0.000022
2443.85,0.000076
2444.33,0.000014
2444.81,-0.000136
2445.30,-0.000347
2445.78,-0.000596
2446.26,-0.000861
2446.74,-0.001114
2447.22,-0.001323
2447.71,-0.001460
2448.19,-0.001505
2448.67,-0.001459
2449.15,-0.001335
2449.64,-0.001159
2450.12,-0.000952
2450.60,-0.000727
2451.08,-0.000488
2451.56,-0.000236
2452.05,0.000018
2452.53,0.000242
2453.01,0.000397
2453.49,0.000437
2453.97,0.000334
2454.46,0.000094
2454.94,-0.000245
2455.42,-0.000618
2455.90,-0.000956
2456.39,-0.001208
2456.87,-0.001352
2457.35,-0.001398
2457.83,-0.001374
2458.31,-0.001307
2458.80,-0.001213
2459.28,-0.001090
2459.76,-0.000931
2460.24,-0.000736
2460.72,-0.000522
2461.21,-0.000328
2461.69,-0.000202
2462.17,-0.000185
2462.65,-0.000290
2463.13,-0.000498
2463.62,-0.000761
2464.10,-0.001024
2464.58,-0.001240
2465.06,-0.001383
2465.55,-0.001456
2466.03,-0.001476
2466.51,-0.001467
2466.99,-0.001442
2467.47,-0.001404
2467.95,-0.001344
2468.44,-0.001251
2468.92,-0.001120
2469.40,-0.000954
2469.88,-0.000763
2470.37,-0.000556
2470.85,-0.000341
2471.33,-0.000122
2471.81,0.000090
2472.29,0.000276
2472.78,0.000407
2473.26,0.000448
2473.74,0.000373
2474.22,0.000178
2474.70,-0.000109
2475.19,-0.000439
2475.67,-0.000742
2476.15,-0.000956
2476.63,-0.001043
2477.11,-0.000995
2477.60,-0.000834
2478.08,-0.000605
2478.56,-0.000357
2479.04,-0.000131
2479.53,0.000044
2480.01,0.000151
2480.49,0.000182
2480.97,0.000132
2481.45,0.000002
2481.94,-0.000199
2482.42,-0.000452
2482.90,-0.000727
2483.38,-0.000989
2483.86,-0.001203
2484.35,-0.001347
2484.83,-0.001410
2485.31,-0.001397
2485.79,-0.001316
2486.28,-0.001175
2486.76,-0.000973
2487.24,-0.000707
2487.72,-0.000374
2488.20,0.000013
2488.69,0.000422
2489.17,0.000801
2489.65,0.001087
2490.13,0.001223
2490.61,0.001175
2491.10,0.000943
2491.58,0.000561
2492.06,0.000095
2492.54,-0.000376
2493.03,-0.000778
2493.51,-0.001053
2493.99,-0.001170
2494.47,-0.001127
2494.95,-0.000941
2495.44,-0.000648
2495.92,-0.000286
2496.40,0.000104
2496.88,0.000485
2497.36,0.000828
2497.85,0.001103
2498.33,0.001285
2498.81,0.001351
2499.29,0.001286
2499.78,0.001083
2500.26,0.000752
2500.74,0.000329
2501.22,-0.000137
2501.70,-0.000585
2502.19,-0.000948
2502.67,-0.001181
2503.15,-0.001263
2503.63,-0.001201
2504.11,-0.001031
2504.60,-0.000804
2505.08,-0.000574
2505.56,-0.000383
2506.04,-0.000261
2506.53,-0.000220
2507.01,-0.000265
2507.49,-0.000391
2507.97,-0.000590
2508.45,-0.000843
2508.93,-0.001119
2509.42,-0.001372
2509.90,-0.001550
2510.38,-0.001608
2510.86,-0.001523
2511.35,-0.001308
2511.83,-0.001018
2512.31,-0.000731
2512.79,-0.000528
2513.27,-0.000466
2513.76,-0.000554
2514.24,-0.000750
2514.72,-0.000967
2515.20,-0.001113
2515.68,-0.001114
2516.17,-0.000941
2516.65,-0.000626
2517.13,-0.000250
2517.61,0.000078
2518.09,0.000261
2518.58,0.000234
2519.06,-0.000018
2519.54,-0.000455
2520.02,-0.001001
2520.51,-0.001565
2520.99,-0.002069
2521.47,-0.002459
2521.95,-0.002715
2522.43,-0.002846
2522.92,-0.002877
2523.40,-0.002832
2523.88,-0.002725
2524.36,-0.002554
2524.84,-0.002309
2525.33,-0.001976
2525.81,-0.001551
2526.29,-0.001054
2526.77,-0.000523
2527.26,-0.000018
2527.74,0.000405
2528.22,0.000698
2528.70,0.000844
2529.18,0.000855
2529.67,0.000772
2530.15,0.000653
2530.63,0.000551
2531.11,0.000502
2531.59,0.000516
2532.08,0.000574
2532.56,0.000643
2533.04,0.000689
2533.52,0.000690
2534.01,0.000646
2534.49,0.000576
2534.97,0.000508
2535.45,0.000471
2535.93,0.000481
2536.42,0.000536
2536.90,0.000619
2537.38,0.000708
2537.86,0.000781
2538.34,0.000828
2538.83,0.000853
2539.31,0.000867
2539.79,0.000883
2540.27,0.000908
2540.76,0.000938
2541.24,0.000958
2541.72,0.000949
2542.20,0.000887
2542.68,0.000762
2543.17,0.000570
2543.65,0.000323
2544.13,0.000043
2544.61,-0.000239
2545.09,-0.000486
2545.58,-0.000658
2546.06,-0.000723
2546.54,-0.000656
2547.02,-0.000451
2547.50,-0.000129
2547.99,0.000266
2548.47,0.000668
2548.95,0.001004
2549.43,0.001209
2549.91,0.001249
2550.40,0.001127
2550.88,0.000884
2551.36,0.000586
2551.84,0.000305
2552.33,0.000095
2552.81,-0.000027
2553.29,-0.000078
2553.77,-0.000106
2554.25,-0.000162
2554.74,-0.000284
2555.22,-0.000481
2555.70,-0.000723
2556.18,-0.000955
2556.66,-0.001118
2557.15,-0.001163
2557.63,-0.001067
2558.11,-0.000836
2558.59,-0.000503
2559.07,-0.000114
2559.56,0.000286
2560.04,0.000659
2560.52,0.000973
2561.00,0.001209
2561.49,0.001349
2561.97,0.001382
2562.45,0.001302
2562.93,0.001117
2563.41,0.000850
2563.90,0.000539
2564.38,0.000234
2564.86,-0.000013
2565.34,-0.000161
2565.82,-0.000184
2566.31,-0.000077
2566.79,0.000143
2567.27,0.000446
2567.75,0.000792
2568.24,0.001138
2568.72,0.001439
2569.20,0.001658
2569.68,0.001761
2570.16,0.001732
2570.65,0.001572
2571.13,0.001303
2571.61,0.000969
2572.09,0.000620
2572.57,0.000304
2573.06,0.000054
2573.54,-0.000127
2574.02,-0.000259
2574.50,-0.000379
2574.99,-0.000520
2575.47,-0.000697
2575.95,-0.000894
2576.43,-0.001067
2576.91,-0.001154
2577.40,-0.001105
2577.88,-0.000895
2578.36,-0.000543
2578.84,-0.000108
2579.32,0.000328
2579.81,0.000682
2580.29,0.000900
2580.77,0.000968
2581.25,0.000914
2581.74,0.000792
2582.22,0.000667
2582.70,0.000590
2583.18,0.000583
2583.66,0.000641
2584.14,0.000741
2584.63,0.000857
2585.11,0.000969
2585.59,0.001076
2586.07,0.001184
2586.56,0.001303
2587.04,0.001434
2587.52,0.001563
2588.00,0.001663
2588.48,0.001708
2588.97,0.001678
2589.45,0.001574
2589.93,0.001414
2590.41,0.001230
2590.89,0.001056
2591.38,0.000914
2591.86,0.000809
2592.34,0.000730
2592.82,0.000653
2593.31,0.000555
2593.79,0.000423
2594.27,0.000259
2594.75,0.000080
2595.23,-0.000090
2595.72,-0.000223
2596.20,-0.000298
2596.68,-0.000304
2597.16,-0.000241
2597.64,-0.000121
2598.13,0.000038
2598.61,0.000212
2599.09,0.000375
2599.57,0.000503
2600.05,0.000576
2600.54,0.000584
2601.02,0.000533
2601.50,0.000441
2601.98,0.000336
2602.47,0.000250
2602.95,0.000209
2603.43,0.000228
2603.91,0.000305
2604.39,0.000422
2604.88,0.000555
2605.36,0.000679
2605.84,0.000777
2606.32,0.000845
2606.80,0.000891
2607.29,0.000928
2607.77,0.000971
2608.25,0.001025
2608.73,0.001088
2609.22,0.001151
2609.70,0.001203
2610.18,0.001236
2610.66,0.001252
2611.14,0.001260
2611.63,0.001273
2612.11,0.001305
2612.59,0.001362
2613.07,0.001441
2613.55,0.001531
2614.04,0.001618
2614.52,0.001687
2615.00,0.001731
2615.48,0.001748
2615.97,0.001741
2616.45,0.001715
2616.93,0.001672
2617.41,0.001611
2617.89,0.001532
2618.38,0.001434
2618.86,0.001323
2619.34,0.001213
2619.82,0.001122
2620.30,0.001066
2620.79,0.001057
2621.27,0.001097
2621.75,0.001178
2622.23,0.001287
2622.72,0.001411
2623.20,0.001542
2623.68,0.001675
2624.16,0.001809
2624.64,0.001941
2625.12,0.002061
2625.61,0.002153
2626.09,0.002196
2626.57,0.002174
2627.05,0.002080
2627.54,0.001920
2628.02,0.001716
2628.50,0.001494
2628.98,0.001282
2629.46,0.001100
2629.95,0.000961
2630.43,0.000865
2630.91,0.000808
2631.39,0.000784
2631.88,0.000787
2632.36,0.000813
2632.84,0.000855
2633.32,0.000905
2633.80,0.000952
2634.28,0.000988
2634.77,0.001008
2635.25,0.001016
2635.73,0.001024
2636.21,0.001045
2636.70,0.001091
2637.18,0.001168
2637.66,0.001270
2638.14,0.001387
2638.62,0.001504
2639.11,0.001612
2639.59,0.001702
2640.07,0.001770
2640.55,0.001813
2641.03,0.001824
2641.52,0.001790
2642.00,0.001702
2642.48,0.001555
2642.96,0.001355
2643.45,0.001123
2643.93,0.000890
2644.41,0.000690
2644.89,0.000552
2645.37,0.000492
2645.86,0.000513
2646.34,0.000607
2646.82,0.000759
2647.30,0.000949
2647.78,0.001158
2648.27,0.001367
2648.75,0.001553
2649.23,0.001693
2649.71,0.001770
2650.20,0.001775
2650.68,0.001721
2651.16,0.001637
2651.64,0.001567
2652.12,0.001554
2652.61,0.001624
2653.09,0.001775
2653.57,0.001977
2654.05,0.002177
2654.53,0.002315
2655.02,0.002353
2655.50,0.002276
2655.98,0.002109
2656.46,0.001896
2656.95,0.001694
2657.43,0.001550
2657.91,0.001487
2658.39,0.001503
2658.87,0.001576
2659.36,0.001676
2659.84,0.001777
2660.32,0.001866
2660.80,0.001946
2661.28,0.002027
2661.77,0.002117
2662.25,0.002222
2662.73,0.002331
2663.21,0.002430
2663.70,0.002498
2664.18,0.002516
2664.66,0.002479
2665.14,0.002393
2665.62,0.002278
2666.11,0.002157
2666.59,0.002059
2667.07,0.002004
2667.55,0.001996
2668.03,0.002028
2668.52,0.002077
2669.00,0.002116
2669.48,0.002115
2669.96,0.002054
2670.44,0.001927
2670.93,0.001744
2671.41,0.001529
2671.89,0.001311
2672.37,0.001124
2672.86,0.000990
2673.34,0.000927
2673.82,0.000939
2674.30,0.001022
2674.78,0.001163
2675.26,0.001348
2675.75,0.001558
2676.23,0.001775
2676.71,0.001981
2677.19,0.002162
2677.68,0.002311
2678.16,0.002425
2678.64,0.002509
2679.12,0.002571
2679.60,0.002618
2680.09,0.002654
2680.57,0.002680
2681.05,0.002692
2681.53,0.002685
2682.01,0.002655
2682.50,0.002602
2682.98,0.002532
2683.46,0.002453
2683.94,0.002376
2684.43,0.002310
2684.91,0.002262
2685.39,0.002237
2685.87,0.002238
2686.35,0.002264
2686.84,0.002310
2687.32,0.002368
2687.80,0.002424
2688.28,0.002463
2688.76,0.002473
2689.25,0.002446
2689.73,0.002384
2690.21,0.002296
2690.69,0.002201
2691.18,0.002115
2691.66,0.002049
2692.14,0.002009
2692.62,0.001991
2693.10,0.001986
2693.59,0.001985
2694.07,0.001983
2694.55,0.001981
2695.03,0.001983
2695.51,0.001993
2696.00,0.002016
2696.48,0.002051
2696.96,0.002099
2697.44,0.002158
2697.93,0.002229
2698.41,0.002316
2698.89,0.002420
2699.37,0.002541
2699.85,0.002670
2700.34,0.002798
2700.82,0.002910
2701.30,0.002996
2701.78,0.003051
2702.26,0.003078
2702.75,0.003087
2703.23,0.003091
2703.71,0.003100
2704.19,0.003120
2704.68,0.003149
2705.16,0.003185
2705.64,0.003218
2706.12,0.003245
2706.60,0.003261
2707.09,0.003265
2707.57,0.003257
2708.05,0.003241
2708.53,0.003221
2709.01,0.003204
2709.50,0.003199
2709.98,0.003211
2710.46,0.003245
2710.94,0.003295
2711.42,0.003350
2711.91,0.003393
2712.39,0.003407
2712.87,0.003380
2713.35,0.003312
2713.84,0.003216
2714.32,0.003115
2714.80,0.003038
2715.28,0.003011
2715.76,0.003049
2716.24,0.003155
2716.73,0.003315
2717.21,0.003505
2717.69,0.003695
2718.17,0.003856
2718.66,0.003965
2719.14,0.004013
2719.62,0.004003
2720.10,0.003950
2720.58,0.003877
2721.07,0.003810
2721.55,0.003768
2722.03,0.003760
2722.51,0.003781
2722.99,0.003814
2723.48,0.003835
2723.96,0.003822
2724.44,0.003762
2724.92,0.003654
2725.41,0.003513
2725.89,0.003361
2726.37,0.003228
2726.85,0.003143
2727.33,0.003125
2727.82,0.003182
2728.30,0.003312
2728.78,0.003499
2729.26,0.003715
2729.74,0.003930
2730.23,0.004109
2730.71,0.004226
2731.19,0.004267
2731.67,0.004238
2732.16,0.004162
2732.64,0.004073
2733.12,0.004012
2733.60,0.004009
2734.08,0.004075
2734.57,0.004201
2735.05,0.004358
2735.53,0.004510
2736.01,0.004619
2736.49,0.004664
2736.98,0.004634
2737.46,0.004535
2737.94,0.004382
2738.42,0.004189
2738.91,0.003974
2739.39,0.003749
2739.87,0.003532
2740.35,0.003341
2740.83,0.003196
2741.32,0.003116
2741.80,0.003111
2742.28,0.003180
2742.76,0.003307
2743.24,0.003467
2743.73,0.003635
2744.21,0.003788
2744.69,0.003915
2745.17,0.004015
2745.66,0.004091
2746.14,0.004150
2746.62,0.004192
2747.10,0.004215
2747.58,0.004213
2748.07,0.004179
2748.55,0.004116
2749.03,0.004031
2749.51,0.003938
2749.99,0.003856
2750.48,0.003801
2750.96,0.003787
2751.44,0.003821
2751.92,0.003899
2752.40,0.004010
2752.89,0.004134
2753.37,0.004248
2753.85,0.004325
2754.33,0.004349
2754.82,0.004313
2755.30,0.004230
2755.78,0.004126
2756.26,0.004033
2756.74,0.003985
2757.22,0.003998
2757.71,0.004070
2758.19,0.004179
2758.67,0.004292
2759.15,0.004377
2759.64,0.004414
2760.12,0.004398
2760.60,0.004345
2761.08,0.004277
2761.56,0.004214
2762.05,0.004169
2762.53,0.004141
2763.01,0.004121
2763.49,0.004102
2763.97,0.004079
2764.46,0.004054
2764.94,0.004038
2765.42,0.004040
2765.90,0.004065
2766.39,0.004114
2766.87,0.004179
2767.35,0.004254
2767.83,0.004335
2768.31,0.004420
2768.80,0.004511
2769.28,0.004606
2769.76,0.004701
2770.24,0.004785
2770.72,0.004845
2771.21,0.004871
2771.69,0.004861
2772.17,0.004824
2772.65,0.004776
2773.14,0.004737
2773.62,0.004724
2774.10,0.004747
2774.58,0.004807
2775.06,0.004896
2775.55,0.005003
2776.03,0.005113
2776.51,0.005215
2776.99,0.005301
2777.47,0.005364
2777.96,0.005402
2778.44,0.005419
2778.92,0.005420
2779.40,0.005415
2779.89,0.005415
2780.37,0.005426
2780.85,0.005450
2781.33,0.005476
2781.81,0.005492
2782.30,0.005483
2782.78,0.005438
2783.26,0.005359
2783.74,0.005260
2784.22,0.005162
2784.71,0.005092
2785.19,0.005069
2785.67,0.005103
2786.15,0.005194
2786.63,0.005327
2787.12,0.005484
2787.60,0.005646
2788.08,0.005798
2788.56,0.005930
2789.05,0.006036
2789.53,0.006116
2790.01,0.006171
2790.49,0.006202
2790.97,0.006212
2791.46,0.006203
2791.94,0.006181
2792.42,0.006147
2792.90,0.006107
2793.38,0.006064
2793.87,0.006022
2794.35,0.005984
2794.83,0.005955
2795.31,0.005935
2795.80,0.005923
2796.28,0.005919
2796.76,0.005919
2797.24,0.005920
2797.72,0.005923
2798.20,0.005932
2798.69,0.005952
2799.17,0.005986
2799.65,0.006037
2800.13,0.006101
2800.62,0.006170
2801.10,0.006236
2801.58,0.006291
2802.06,0.006331
2802.54,0.006359
2803.03,0.006380
2803.51,0.006399
2803.99,0.006422
2804.47,0.006448
2804.95,0.006479
2805.44,0.006514
2805.92,0.006555
2806.40,0.006606
2806.88,0.006670
2807.36,0.006745
2807.85,0.006821
2808.33,0.006882
2808.81,0.006912
2809.29,0.006900
2809.78,0.006845
2810.26,0.006761
2810.74,0.006671
2811.22,0.006598
2811.70,0.006559
2812.19,0.006557
2812.67,0.006585
2813.15,0.006624
2813.63,0.006656
2814.11,0.006669
2814.60,0.006661
2815.08,0.006639
2815.56,0.006610
2816.04,0.006584
2816.53,0.006565
2817.01,0.006552
2817.49,0.006544
2817.97,0.006542
2818.45,0.006548
2818.94,0.006565
2819.42,0.006594
2819.90,0.006631
2820.38,0.006668
2820.86,0.006697
2821.35,0.006715
2821.83,0.006729
2822.31,0.006754
2822.79,0.006808
2823.28,0.006906
2823.76,0.007048
2824.24,0.007221
2824.72,0.007397
2825.20,0.007544
2825.69,0.007634
2826.17,0.007653
2826.65,0.007600
2827.13,0.007488
2827.61,0.007336
2828.10,0.007165
2828.58,0.006994
2829.06,0.006838
2829.54,0.006714
2830.03,0.006637
2830.51,0.006621
2830.99,0.006674
2831.47,0.006792
2831.95,0.006959
2832.44,0.007145
2832.92,0.007312
2833.40,0.007430
2833.88,0.007477
2834.36,0.007450
2834.85,0.007362
2835.33,0.007237
2835.81,0.007102
2836.29,0.006982
2836.77,0.006890
2837.26,0.006833
2837.74,0.006809
2838.22,0.006811
2838.70,0.006833
2839.18,0.006866
2839.67,0.006905
2840.15,0.006944
2840.63,0.006981
2841.11,0.007021
2841.60,0.007066
2842.08,0.007126
2842.56,0.007201
2843.04,0.007291
2843.52,0.007384
2844.01,0.007463
2844.49,0.007511
2844.97,0.007518
2845.45,0.007485
2845.93,0.007428
2846.42,0.007372
2846.90,0.007346
2847.38,0.007367
2847.86,0.007440
2848.34,0.007549
2848.83,0.007668
2849.31,0.007765
2849.79,0.007818
2850.27,0.007818
2850.76,0.007776
2851.24,0.007715
2851.72,0.007666
2852.20,0.007654
2852.68,0.007696
2853.17,0.007792
2853.65,0.007928
2854.13,0.008085
2854.61,0.008240
2855.09,0.008375
2855.58,0.008479
2856.06,0.008548
2856.54,0.008585
2857.02,0.008594
2857.51,0.008583
2857.99,0.008559
2858.47,0.008528
2858.95,0.008498
2859.43,0.008477
2859.92,0.008471
2860.40,0.008488
2860.88,0.008529
2861.36,0.008595
2861.84,0.008681
2862.33,0.008783
2862.81,0.008892
2863.29,0.009005
2863.77,0.009121
2864.26,0.009240
2864.74,0.009362
2865.22,0.009487
2865.70,0.009607
2866.18,0.009709
2866.67,0.009776
2867.15,0.009792
2867.63,0.009748
2868.11,0.009648
2868.59,0.009511
2869.08,0.009368
2869.56,0.009255
2870.04,0.009206
2870.52,0.009244
2871.01,0.009368
2871.49,0.009558
2871.97,0.009774
2872.45,0.009969
2872.93,0.010097
2873.41,0.010131
2873.90,0.010066
2874.38,0.009924
2874.86,0.009744
2875.34,0.009573
2875.83,0.009455
2876.31,0.009413
2876.79,0.009444
2877.27,0.009527
2877.75,0.009624
2878.24,0.009699
2878.72,0.009725
2879.20,0.009697
2879.68,0.009627
2880.16,0.009547
2880.65,0.009486
2881.13,0.009473
2881.61,0.009517
2882.09,0.009614
2882.58,0.009745
2883.06,0.009884
2883.54,0.010003
2884.02,0.010079
2884.50,0.010094
2884.99,0.010043
2885.47,0.009926
2885.95,0.009754
2886.43,0.009547
2886.91,0.009334
2887.40,0.009146
2887.88,0.009012
2888.36,0.008956
2888.84,0.008985
2889.32,0.009090
2889.81,0.009247
2890.29,0.009424
2890.77,0.009590
2891.25,0.009720
2891.74,0.009806
2892.22,0.009855
2892.70,0.009886
2893.18,0.009919
2893.66,0.009976
2894.15,0.010067
2894.63,0.010189
2895.11,0.010329
2895.59,0.010464
2896.07,0.010571
2896.56,0.010628
2897.04,0.010627
2897.52,0.010570
2898.00,0.010474
2898.49,0.010362
2898.97,0.010260
2899.45,0.010189
2899.93,0.010162
2900.41,0.010179
2900.90,0.010232
2901.38,0.010310
2901.86,0.010403
2902.34,0.010506
2902.82,0.010614
2903.31,0.010725
2903.79,0.010829
2904.27,0.010913
2904.75,0.010957
2905.24,0.010948
2905.72,0.010883
2906.20,0.010778
2906.68,0.010667
2907.16,0.010591
2907.65,0.010590
2908.13,0.010688
2908.61,0.010880
2909.09,0.011140
2909.57,0.011423
2910.06,0.011682
2910.54,0.011877
2911.02,0.011986
2911.50,0.012008
2911.99,0.011954
2912.47,0.011846
2912.95,0.011704
2913.43,0.011548
2913.91,0.011394
2914.39,0.011259
2914.88,0.011159
2915.36,0.011109
2915.84,0.011118
2916.32,0.011185
2916.81,0.011300
2917.29,0.011441
2917.77,0.011585
2918.25,0.011707
2918.73,0.011791
2919.22,0.011831
2919.70,0.011826
2920.18,0.011782
2920.66,0.011710
2921.14,0.011625
2921.63,0.011545
2922.11,0.011494
2922.59,0.011498
2923.07,0.011578
2923.55,0.011746
2924.04,0.011995
2924.52,0.012301
2925.00,0.012624
2925.48,0.012917
2925.97,0.013138
2926.45,0.013257
2926.93,0.013262
2927.41,0.013157
2927.89,0.012958
2928.38,0.012693
2928.86,0.012392
2929.34,0.012092
2929.82,0.011829
2930.30,0.011642
2930.79,0.011561
2931.27,0.011606
2931.75,0.011778
2932.23,0.012056
2932.72,0.012399
2933.20,0.012758
2933.68,0.013083
2934.16,0.013335
2934.64,0.013496
2935.13,0.013569
2935.61,0.013572
2936.09,0.013531
2936.57,0.013476
2937.05,0.013427
2937.54,0.013393
2938.02,0.013371
2938.50,0.013351
2938.98,0.013318
2939.47,0.013259
2939.95,0.013171
2940.43,0.013065
2940.91,0.012964
2941.39,0.012904
2941.88,0.012921
2942.36,0.013042
2942.84,0.013270
2943.32,0.013581
2943.80,0.013926
2944.29,0.014241
2944.77,0.014466
2945.25,0.014559
2945.73,0.014512
2946.22,0.014351
2946.70,0.014128
2947.18,0.013901
2947.66,0.013724
2948.14,0.013625
2948.62,0.013606
2949.11,0.013646
2949.59,0.013713
2950.07,0.013778
2950.55,0.013822
2951.04,0.013843
2951.52,0.013854
2952.00,0.013875
2952.48,0.013923
2952.97,0.014005
2953.45,0.014115
2953.93,0.014234
2954.41,0.014333
2954.89,0.014382
2955.38,0.014361
2955.86,0.014263
2956.34,0.014101
2956.82,0.013904
2957.30,0.013712
2957.79,0.013563
2958.27,0.013482
2958.75,0.013479
2959.23,0.013542
2959.71,0.013653
2960.20,0.013787
2960.68,0.013927
2961.16,0.014070
2961.64,0.014218
2962.12,0.014376
2962.61,0.014541
2963.09,0.014697
2963.57,0.014820
2964.05,0.014883
2964.53,0.014870
2965.02,0.014783
2965.50,0.014646
2965.98,0.014495
2966.46,0.014366
2966.95,0.014289
2967.43,0.014274
2967.91,0.014319
2968.39,0.014411
2968.88,0.014539
2969.36,0.014693
2969.84,0.014866
2970.32,0.015046
2970.80,0.015211
2971.28,0.015325
2971.77,0.015348
2972.25,0.015248
2972.73,0.015016
2973.21,0.014673
2973.70,0.014271
2974.18,0.013883
2974.66,0.013574
2975.14,0.013395
2975.62,0.013363
2976.11,0.013466
2976.59,0.013665
2977.07,0.013915
2977.55,0.014178
2978.03,0.014427
2978.52,0.014644
2979.00,0.014823
2979.48,0.014956
2979.96,0.015038
2980.45,0.015066
2980.93,0.015041
2981.41,0.014973
2981.89,0.014883
2982.37,0.014791
2982.86,0.014717
2983.34,0.014668
2983.82,0.014648
2984.30,0.014648
2984.78,0.014665
2985.27,0.014699
2985.75,0.014757
2986.23,0.014849
2986.71,0.014979
2987.20,0.015141
2987.68,0.015314
2988.16,0.015465
2988.64,0.015559
2989.12,0.015568
2989.61,0.015480
2990.09,0.015303
2990.57,0.015063
2991.05,0.014799
2991.53,0.014547
2992.02,0.014343
2992.50,0.014209
2992.98,0.014153
2993.46,0.014169
2993.95,0.014241
2994.43,0.014348
2994.91,0.014467
2995.39,0.014580
2995.87,0.014678
2996.36,0.014761
2996.84,0.014838
2997.32,0.014921
2997.80,0.015017
2998.28,0.015128
2998.77,0.015249
2999.25,0.015369
2999.73,0.015477
3000.21,0.015572
3000.69,0.015655
3001.18,0.015736
3001.66,0.015825
3002.14,0.015927
3002.62,0.016040
3003.11,0.016155
3003.59,0.016263
3004.07,0.016359
3004.55,0.016447
3005.03,0.016537
3005.51,0.016637
3006.00,0.016750
3006.48,0.016864
3006.96,0.016958
3007.44,0.017008
3007.93,0.016999
3008.41,0.016934
3008.89,0.016835
3009.37,0.016735
3009.85,0.016671
3010.34,0.016666
3010.82,0.016719
3011.30,0.016812
3011.78,0.016911
3012.26,0.016985
3012.75,0.017015
3013.23,0.016998
3013.71,0.016948
3014.19,0.016889
3014.68,0.016838
3015.16,0.016808
3015.64,0.016803
3016.12,0.016821
3016.60,0.016861
3017.09,0.016925
3017.57,0.017011
3018.05,0.017118
3018.53,0.017233
3019.01,0.017341
3019.50,0.017422
3019.98,0.017464
3020.46,0.017468
3020.94,0.017449
3021.43,0.017426
3021.91,0.017416
3022.39,0.017423
3022.87,0.017431
3023.35,0.017413
3023.84,0.017343
3024.32,0.017209
3024.80,0.017024
3025.28,0.016829
3025.76,0.016677
3026.25,0.016618
3026.73,0.016683
3027.21,0.016868
3027.69,0.017138
3028.18,0.017440
3028.66,0.017723
3029.14,0.017949
3029.62,0.018109
3030.10,0.018213
3030.59,0.018285
3031.07,0.018349
3031.55,0.018415
3032.03,0.018477
3032.51,0.018516
3033.00,0.018506
3033.48,0.018428
3033.96,0.018278
3034.44,0.018064
3034.93,0.017811
3035.41,0.017550
3035.89,0.017311
3036.37,0.017120
3036.85,0.016992
3037.34,0.016933
3037.82,0.016935
3038.30,0.016985
3038.78,0.017065
3039.26,0.017154
3039.75,0.017242
3040.23,0.017322
3040.71,0.017399
3041.19,0.017486
3041.67,0.017598
3042.16,0.017751
3042.64,0.017951
3043.12,0.018194
3043.60,0.018466
3044.09,0.018743
3044.57,0.019001
3045.05,0.019220
3045.53,0.019391
3046.01,0.019517
3046.49,0.019613
3046.98,0.019699
3047.46,0.019792
3047.94,0.019902
3048.42,0.020023
3048.91,0.020134
3049.39,0.020211
3049.87,0.020228
3050.35,0.020170
3050.83,0.020041
3051.32,0.019864
3051.80,0.019677
3052.28,0.019515
3052.76,0.019407
3053.24,0.019361
3053.73,0.019364
3054.21,0.019388
3054.69,0.019400
3055.17,0.019378
3055.66,0.019315
3056.14,0.019229
3056.62,0.019151
3057.10,0.019119
3057.58,0.019162
3058.07,0.019290
3058.55,0.019494
3059.03,0.019746
3059.51,0.020009
3059.99,0.020245
3060.48,0.020425
3060.96,0.020531
3061.44,0.020555
3061.92,0.020500
3062.41,0.020379
3062.89,0.020207
3063.37,0.020001
3063.85,0.019784
3064.33,0.019576
3064.82,0.019392
3065.30,0.019248
3065.78,0.019153
3066.26,0.019110
3066.74,0.019123
3067.23,0.019192
3067.71,0.019316
3068.19,0.019493
3068.67,0.019718
3069.16,0.019982
3069.64,0.020271
3070.12,0.020568
3070.60,0.020857
3071.08,0.021120
3071.57,0.021345
3072.05,0.021519
3072.53,0.021632
3073.01,0.021679
3073.49,0.021656
3073.98,0.021569
3074.46,0.021430
3074.94,0.021265
3075.42,0.021101
3075.90,0.020965
3076.39,0.020879
3076.87,0.020850
3077.35,0.020873
3077.83,0.020933
3078.32,0.021014
3078.80,0.021103
3079.28,0.021195
3079.76,0.021293
3080.24,0.021401
3080.73,0.021515
3081.21,0.021625
3081.69,0.021713
3082.17,0.021760
3082.65,0.021755
3083.14,0.021702
3083.62,0.021625
3084.10,0.021555
3084.58,0.021525
3085.07,0.021556
3085.55,0.021649
3086.03,0.021780
3086.51,0.021912
3086.99,0.022007
3087.47,0.022031
3087.96,0.021976
3088.44,0.021854
3088.92,0.021699
3089.40,0.021556
3089.89,0.021468
3090.37,0.021466
3090.85,0.021559
3091.33,0.021731
3091.81,0.021948
3092.30,0.022165
3092.78,0.022339
3093.26,0.022437
3093.74,0.022454
3094.22,0.022402
3094.71,0.022319
3095.19,0.022242
3095.67,0.022207
3096.15,0.022228
3096.64,0.022299
3097.12,0.022390
3097.60,0.022462
3098.08,0.022485
3098.56,0.022443
3099.05,0.022341
3099.53,0.022204
3100.01,0.022068
3100.49,0.021964
3100.97,0.021913
3101.46,0.021917
3101.94,0.021968
3102.42,0.022048
3102.90,0.022139
3103.39,0.022228
3103.87,0.022312
3104.35,0.022391
3104.83,0.022470
3105.31,0.022555
3105.80,0.022653
3106.28,0.022772
3106.76,0.022915
3107.24,0.023082
3107.72,0.023264
3108.21,0.023440
3108.69,0.023583
3109.17,0.023665
3109.65,0.023671
3110.14,0.023601
3110.62,0.023482
3111.10,0.023357
3111.58,0.023277
3112.06,0.023279
3112.55,0.023379
3113.03,0.023563
3113.51,0.023789
3113.99,0.024001
3114.47,0.024151
3114.96,0.024207
3115.44,0.024164
3115.92,0.024041
3116.40,0.023873
3116.88,0.023698
3117.37,0.023543
3117.85,0.023424
3118.33,0.023344
3118.81,0.023300
3119.30,0.023290
3119.78,0.023316
3120.26,0.023382
3120.74,0.023498
3121.22,0.023669
3121.71,0.023893
3122.19,0.024162
3122.67,0.024461
3123.15,0.024771
3123.63,0.025068
3124.12,0.025330
3124.60,0.025540
3125.08,0.025682
3125.56,0.025748
3126.04,0.025738
3126.53,0.025657
3127.01,0.025519
3127.49,0.025337
3127.97,0.025128
3128.45,0.024904
3128.94,0.024674
3129.42,0.024445
3129.90,0.024223
3130.38,0.024015
3130.87,0.023832
3131.35,0.023688
3131.83,0.023600
3132.31,0.023582
3132.79,0.023645
3133.28,0.023797
3133.76,0.024034
3134.24,0.024344
3134.72,0.024704
3135.20,0.025081
3135.69,0.025431
3136.17,0.025707
3136.65,0.025866
3137.13,0.025879
3137.61,0.025743
3138.10,0.025484
3138.58,0.025156
3139.06,0.024834
3139.54,0.024588
3140.03,0.024475
3140.51,0.024516
3140.99,0.024693
3141.47,0.024954
3141.95,0.025228
3142.44,0.025448
3142.92,0.025561
3143.40,0.025546
3143.88,0.025416
3144.36,0.025208
3144.85,0.024973
3145.33,0.024768
3145.81,0.024640
3146.29,0.024620
3146.78,0.024723
3147.26,0.024942
3147.74,0.025253
3148.22,0.025619
3148.70,0.025992
3149.19,0.026327
3149.67,0.026588
3150.15,0.026754
3150.63,0.026824
3151.11,0.026816
3151.60,0.026753
3152.08,0.026660
3152.56,0.026549
3153.04,0.026422
3153.53,0.026272
3154.01,0.026092
3154.49,0.025891
3154.97,0.025696
3155.45,0.025550
3155.94,0.025499
3156.42,0.025578
3156.90,0.025797
3157.38,0.026130
3157.86,0.026522
3158.35,0.026898
3158.83,0.027195
3159.31,0.027370
3159.79,0.027411
3160.28,0.027343
3160.76,0.027209
3161.24,0.027059
3161.72,0.026930
3162.20,0.026842
3162.68,0.026792
3163.17,0.026768
3163.65,0.026753
3164.13,0.026740
3164.61,0.026733
3165.10,0.026750
3165.58,0.026812
3166.06,0.026936
3166.54,0.027127
3167.02,0.027372
3167.51,0.027646
3167.99,0.027911
3168.47,0.028135
3168.95,0.028293
3169.43,0.028380
3169.92,0.028409
3170.40,0.028410
3170.88,0.028415
3171.36,0.028454
3171.85,0.028539
3172.33,0.028663
3172.81,0.028803
3173.29,0.028926
3173.77,0.029004
3174.26,0.029021
3174.74,0.028979
3175.22,0.028894
3175.70,0.028793
3176.18,0.028699
3176.67,0.028628
3177.15,0.028585
3177.63,0.028566
3178.11,0.028564
3178.59,0.028574
3179.08,0.028596
3179.56,0.028632
3180.04,0.028679
3180.52,0.028729
3181.01,0.028770
3181.49,0.028784
3181.97,0.028766
3182.45,0.028718
3182.93,0.028659
3183.42,0.028614
3183.90,0.028602
3184.38,0.028630
3184.86,0.028681
3185.34,0.028720
3185.83,0.028704
3186.31,0.028603
3186.79,0.028410
3187.27,0.028148
3187.76,0.027868
3188.24,0.027633
3188.72,0.027499
3189.20,0.027498
3189.68,0.027634
3190.17,0.027881
3190.65,0.028198
3191.13,0.028537
3191.61,0.028860
3192.09,0.029143
3192.58,0.029380
3193.06,0.029574
3193.54,0.029731
3194.02,0.029856
3194.51,0.029952
3194.99,0.030015
3195.47,0.030044
3195.95,0.030039
3196.43,0.030010
3196.92,0.029973
3197.40,0.029951
3197.88,0.029967
3198.36,0.030039
3198.84,0.030171
3199.33,0.030352
3199.81,0.030552
3200.29,0.030732
3200.77,0.030854
3201.26,0.030888
3201.74,0.030832
3202.22,0.030704
3202.70,0.030544
3203.18,0.030397
3203.66,0.030303
3204.15,0.030281
3204.63,0.030326
3205.11,0.030409
3205.59,0.030495
3206.08,0.030552
3206.56,0.030566
3207.04,0.030545
3207.52,0.030513
3208.00,0.030504
3208.49,0.030542
3208.97,0.030635
3209.45,0.030772
3209.93,0.030925
3210.41,0.031058
3210.90,0.031139
3211.38,0.031147
3211.86,0.031077
3212.34,0.030938
3212.82,0.030748
3213.31,0.030529
3213.79,0.030302
3214.27,0.030089
3214.75,0.029913
3215.24,0.029798
3215.72,0.029768
3216.20,0.029841
3216.68,0.030029
3217.16,0.030322
3217.65,0.030694
3218.13,0.031098
3218.61,0.031477
3219.09,0.031768
3219.57,0.031927
3220.06,0.031930
3220.54,0.031784
3221.02,0.031525
3221.50,0.031204
3221.99,0.030875
3222.47,0.030578
3222.95,0.030331
3223.43,0.030132
3223.91,0.029968
3224.40,0.029829
3224.88,0.029711
3225.36,0.029629
3225.84,0.029604
3226.32,0.029651
3226.81,0.029775
3227.29,0.029957
3227.77,0.030164
3228.25,0.030357
3228.74,0.030509
3229.22,0.030613
3229.70,0.030687
3230.18,0.030772
3230.66,0.030911
3231.15,0.031138
3231.63,0.031469
3232.11,0.031895
3232.59,0.032384
3233.07,0.032890
3233.56,0.033364
3234.04,0.033756
3234.52,0.034022
3235.00,0.034127
3235.49,0.034051
3235.97,0.033796
3236.45,0.033385
3236.93,0.032868
3237.41,0.032311
3237.90,0.031780
3238.38,0.031329
3238.86,0.030986
3239.34,0.030751
3239.82,0.030603
3240.31,0.030518
3240.79,0.030482
3241.27,0.030500
3241.75,0.030592
3242.24,0.030782
3242.72,0.031078
3243.20,0.031461
3243.68,0.031881
3244.16,0.032268
3244.64,0.032557
3245.13,0.032700
3245.61,0.032690
3246.09,0.032556
3246.57,0.032356
3247.06,0.032155
3247.54,0.032005
3248.02,0.031936
3248.50,0.031950
3248.98,0.032030
3249.47,0.032148
3249.95,0.032275
3250.43,0.032390
3250.91,0.032476
3251.39,0.032522
3251.88,0.032525
3252.36,0.032484
3252.84,0.032404
3253.32,0.032298
3253.80,0.032180
3254.29,0.032064
3254.77,0.031961
3255.25,0.031877
3255.73,0.031813
3256.22,0.031767
3256.70,0.031743
3257.18,0.031748
3257.66,0.031795
3258.14,0.031896
3258.63,0.032054
3259.11,0.032260
3259.59,0.032489
3260.07,0.032708
3260.55,0.032877
3261.04,0.032965
3261.52,0.032949
3262.00,0.032824
3262.48,0.032598
3262.97,0.032294
3263.45,0.031943
3263.93,0.031581
3264.41,0.031252
3264.89,0.031001
3265.38,0.030863
3265.86,0.030865
3266.34,0.031011
3266.82,0.031282
3267.30,0.031632
3267.79,0.032000
3268.27,0.032324
3268.75,0.032552
3269.23,0.032659
3269.72,0.032651
3270.20,0.032568
3270.68,0.032470
3271.16,0.032426
3271.64,0.032491
3272.13,0.032694
3272.61,0.033022
3273.09,0.033426
3273.57,0.033827
3274.05,0.034135
3274.54,0.034269
3275.02,0.034186
3275.50,0.033889
3275.98,0.033430
3276.47,0.032891
3276.95,0.032373
3277.43,0.031961
3277.91,0.031702
3278.39,0.031601
3278.88,0.031618
3279.36,0.031693
3279.84,0.031754
3280.32,0.031748
3280.80,0.031651
3281.29,0.031467
3281.77,0.031230
3282.25,0.030985
3282.73,0.030780
3283.22,0.030651
3283.70,0.030620
3284.18,0.030691
3284.66,0.030854
3285.14,0.031094
3285.62,0.031386
3286.11,0.031711
3286.59,0.032048
3287.07,0.032378
3287.55,0.032684
3288.04,0.032950
3288.52,0.033160
3289.00,0.033299
3289.48,0.033355
3289.96,0.033325
3290.45,0.033214
3290.93,0.033043
3291.41,0.032843
3291.89,0.032652
3292.38,0.032510
3292.86,0.032447
3293.34,0.032474
3293.82,0.032585
3294.30,0.032754
3294.78,0.032941
3295.27,0.033100
3295.75,0.033198
3296.23,0.033211
3296.71,0.033138
3297.20,0.032999
3297.68,0.032831
3298.16,0.032686
3298.64,0.032610
3299.12,0.032644
3299.61,0.032806
3300.09,0.033084
3300.57,0.033437
3301.05,0.033803
3301.53,0.034114
3302.02,0.034308
3302.50,0.034351
3302.98,0.034243
3303.46,0.034017
3303.95,0.033728
3304.43,0.033438
3304.91,0.033199
3305.39,0.033037
3305.87,0.032952
3306.36,0.032923
3306.84,0.032919
3307.32,0.032910
3307.80,0.032881
3308.28,0.032827
3308.77,0.032756
3309.25,0.032680
3309.73,0.032611
3310.21,0.032554
3310.70,0.032513
3311.18,0.032490
3311.66,0.032493
3312.14,0.032532
3312.62,0.032616
3313.11,0.032753
3313.59,0.032936
3314.07,0.033146
3314.55,0.033349
3315.03,0.033508
3315.52,0.033587
3316.00,0.033565
3316.48,0.033445
3316.96,0.033251
3317.45,0.033026
3317.93,0.032821
3318.41,0.032681
3318.89,0.032637
3319.37,0.032694
3319.86,0.032835
3320.34,0.033027
3320.82,0.033236
3321.30,0.033432
3321.78,0.033603
3322.27,0.033752
3322.75,0.033893
3323.23,0.034038
3323.71,0.034194
3324.20,0.034352
3324.68,0.034494
3325.16,0.034596
3325.64,0.034640
3326.12,0.034619
3326.61,0.034538
3327.09,0.034415
3327.57,0.034266
3328.05,0.034108
3328.53,0.033948
3329.02,0.033788
3329.50,0.033630
3329.98,0.033480
3330.46,0.033347
3330.94,0.033244
3331.43,0.033176
3331.91,0.033139
3332.39,0.033117
3332.87,0.033085
3333.36,0.033022
3333.84,0.032920
3334.32,0.032792
3334.80,0.032666
3335.28,0.032583
3335.76,0.032574
3336.25,0.032651
3336.73,0.032799
3337.21,0.032983
3337.69,0.033154
3338.18,0.033274
3338.66,0.033327
3339.14,0.033322
3339.62,0.033293
3340.10,0.033276
3340.59,0.033300
3341.07,0.033377
3341.55,0.033495
3342.03,0.033626
3342.51,0.033738
3343.00,0.033812
3343.48,0.033843
3343.96,0.033843
3344.44,0.033835
3344.93,0.033842
3345.41,0.033877
3345.89,0.033942
3346.37,0.034025
3346.85,0.034111
3347.34,0.034185
3347.82,0.034241
3348.30,0.034279
3348.78,0.034311
3349.26,0.034346
3349.75,0.034393
3350.23,0.034452
3350.71,0.034515
3351.19,0.034565
3351.68,0.034581
3352.16,0.034545
3352.64,0.034443
3353.12,0.034276
3353.60,0.034055
3354.09,0.033803
3354.57,0.033552
3355.05,0.033335
3355.53,0.033175
3356.01,0.033081
3356.50,0.033046
3356.98,0.033046
3357.46,0.033050
3357.94,0.033026
3358.43,0.032955
3358.91,0.032833
3359.39,0.032673
3359.87,0.032496
3360.35,0.032328
3360.84,0.032190
3361.32,0.032093
3361.80,0.032045
3362.28,0.032046
3362.76,0.032094
3363.25,0.032191
3363.73,0.032333
3364.21,0.032507
3364.69,0.032694
3365.17,0.032863
3365.66,0.032976
3366.14,0.033007
3366.62,0.032946
3367.10,0.032809
3367.59,0.032637
3368.07,0.032484
3368.55,0.032406
3369.03,0.032438
3369.51,0.032583
3370.00,0.032813
3370.48,0.033076
3370.96,0.033309
3371.44,0.033453
3371.92,0.033472
3372.41,0.033355
3372.89,0.033121
3373.37,0.032815
3373.85,0.032497
3374.33,0.032236
3374.82,0.032089
3375.30,0.032101
3375.78,0.032285
3376.26,0.032626
3376.74,0.033072
3377.23,0.033556
3377.71,0.034004
3378.19,0.034352
3378.67,0.034568
3379.16,0.034655
3379.64,0.034644
3380.12,0.034579
3380.60,0.034503
3381.08,0.034431
3381.57,0.034357
3382.05,0.034250
3382.53,0.034078
3383.01,0.033825
3383.49,0.033505
3383.98,0.033160
3384.46,0.032849
3384.94,0.032629
3385.42,0.032528
3385.91,0.032535
3386.39,0.032601
3386.87,0.032655
3387.35,0.032631
3387.83,0.032489
3388.32,0.032226
3388.80,0.031883
3389.28,0.031528
3389.76,0.031233
3390.24,0.031061
3390.73,0.031047
3391.21,0.031196
3391.69,0.031482
3392.17,0.031863
3392.66,0.032290
3393.14,0.032713
3393.62,0.033088
3394.10,0.033384
3394.58,0.033577
3395.07,0.033654
3395.55,0.033612
3396.03,0.033457
3396.51,0.033205
3396.99,0.032878
3397.48,0.032506
3397.96,0.032120
3398.44,0.031745
3398.92,0.031401
3399.41,0.031095
3399.89,0.030832
3400.37,0.030615
3400.85,0.030457
3401.33,0.030378
3401.82,0.030408
3402.30,0.030567
3402.78,0.030862
3403.26,0.031268
3403.74,0.031736
3404.23,0.032187
3404.71,0.032540
3405.19,0.032732
3405.67,0.032730
3406.15,0.032547
3406.64,0.032228
3407.12,0.031844
3407.60,0.031460
3408.08,0.031125
3408.57,0.030857
3409.05,0.030649
3409.53,0.030479
3410.01,0.030328
3410.49,0.030191
3410.97,0.030082
3411.46,0.030026
3411.94,0.030051
3412.42,0.030169
3412.90,0.030378
3413.39,0.030653
3413.87,0.030957
3414.35,0.031248
3414.83,0.031492
3415.31,0.031666
3415.80,0.031759
3416.28,0.031771
3416.76,0.031707
3417.24,0.031577
3417.72,0.031395
3418.21,0.031177
3418.69,0.030946
3419.17,0.030726
3419.65,0.030544
3420.14,0.030424
3420.62,0.030386
3421.10,0.030436
3421.58,0.030571
3422.06,0.030772
3422.55,0.031012
3423.03,0.031259
3423.51,0.031482
3423.99,0.031656
3424.47,0.031767
3424.96,0.031809
3425.44,0.031788
3425.92,0.031713
3426.40,0.031593
3426.89,0.031435
3427.37,0.031240
3427.85,0.031006
3428.33,0.030734
3428.81,0.030436
3429.30,0.030133
3429.78,0.029859
3430.26,0.029653
3430.74,0.029548
3431.22,0.029561
3431.71,0.029689
3432.19,0.029904
3432.67,0.030164
3433.15,0.030423
3433.64,0.030634
3434.12,0.030770
3434.60,0.030820
3435.08,0.030789
3435.56,0.030696
3436.05,0.030563
3436.53,0.030416
3437.01,0.030276
3437.49,0.030154
3437.97,0.030051
3438.46,0.029955
3438.94,0.029844
3439.42,0.029689
3439.90,0.029468
3440.39,0.029170
3440.87,0.028808
3441.35,0.028414
3441.83,0.028044
3442.31,0.027756
3442.80,0.027598
3443.28,0.027597
3443.76,0.027742
3444.24,0.027994
3444.72,0.028295
3445.21,0.028591
3445.69,0.028843
3446.17,0.029039
3446.65,0.029195
3447.13,0.029346
3447.62,0.029525
3448.10,0.029750
3448.58,0.030009
3449.06,0.030259
3449.55,0.030440
3450.03,0.030487
3450.51,0.030357
3450.99,0.030036
3451.47,0.029551
3451.95,0.028956
3452.44,0.028329
3452.92,0.027754
3453.40,0.027301
3453.88,0.027012
3454.37,0.026897
3454.85,0.026938
3455.33,0.027095
3455.81,0.027322
3456.29,0.027574
3456.78,0.027816
3457.26,0.028015
3457.74,0.028152
3458.22,0.028209
3458.70,0.028172
3459.19,0.028037
3459.67,0.027811
3460.15,0.027508
3460.63,0.027153
3461.11,0.026778
3461.60,0.026415
3462.08,0.026094
3462.56,0.025840
3463.04,0.025672
3463.53,0.025597
3464.01,0.025614
3464.49,0.025703
3464.97,0.025832
3465.45,0.025949
3465.94,0.026003
3466.42,0.025947
3466.90,0.025757
3467.38,0.025441
3467.86,0.025047
3468.35,0.024647
3468.83,0.024322
3469.31,0.024140
3469.79,0.024134
3470.28,0.024297
3470.76,0.024582
3471.24,0.024924
3471.72,0.025257
3472.20,0.025526
3472.69,0.025702
3473.17,0.025780
3473.65,0.025776
3474.13,0.025713
3474.61,0.025618
3475.10,0.025513
3475.58,0.025412
3476.06,0.025327
3476.54,0.025262
3477.03,0.025221
3477.51,0.025204
3477.99,0.025210
3478.47,0.025234
3478.95,0.025271
3479.44,0.025312
3479.92,0.025343
3480.40,0.025347
3480.88,0.025300
3481.36,0.025185
3481.85,0.024991
3482.33,0.024728
3482.81,0.024426
3483.29,0.024133
3483.78,0.023897
3484.26,0.023756
3484.74,0.023715
3485.22,0.023750
3485.70,0.023815
3486.19,0.023851
3486.67,0.023819
3487.15,0.023702
3487.63,0.023517
3488.11,0.023305
3488.60,0.023112
3489.08,0.022975
3489.56,0.022898
3490.04,0.022855
3490.53,0.022802
3491.01,0.022695
3491.49,0.022505
3491.97,0.022232
3492.45,0.021906
3492.93,0.021572
3493.42,0.021283
3493.90,0.021081
3494.38,0.020993
3494.86,0.021022
3495.35,0.021154
3495.83,0.021354
3496.31,0.021582
3496.79,0.021787
3497.27,0.021923
3497.76,0.021955
3498.24,0.021872
3498.72,0.021691
3499.20,0.021455
3499.68,0.021231
3500.17,0.021090
3500.65,0.021087
3501.13,0.021252
3501.61,0.021577
3502.09,0.022010
3502.58,0.022463
3503.06,0.022831
3503.54,0.023019
3504.02,0.022967
3504.51,0.022670
3504.99,0.022188
3505.47,0.021624
3505.95,0.021096
3506.43,0.020701
3506.92,0.020497
3507.40,0.020487
3507.88,0.020629
3508.36,0.020843
3508.84,0.021045
3509.33,0.021159
3509.81,0.021145
3510.29,0.021011
3510.77,0.020806
3511.26,0.020604
3511.74,0.020463
3512.22,0.020408
3512.70,0.020415
3513.18,0.020430
3513.67,0.020380
3514.15,0.020210
3514.63,0.019900
3515.11,0.019469
3515.59,0.018975
3516.08,0.018489
3516.56,0.018079
3517.04,0.017784
3517.52,0.017608
3518.01,0.017525
3518.49,0.017489
3518.97,0.017455
3519.45,0.017395
3519.93,0.017307
3520.42,0.017214
3520.90,0.017156
3521.38,0.017174
3521.86,0.017300
3522.34,0.017542
3522.83,0.017884
3523.31,0.018285
3523.79,0.018689
3524.27,0.019040
3524.76,0.019291
3525.24,0.019424
3525.72,0.019439
3526.20,0.019357
3526.68,0.019198
3527.17,0.018976
3527.65,0.018694
3528.13,0.018350
3528.61,0.017945
3529.09,0.017495
3529.58,0.017034
3530.06,0.016611
3530.54,0.016277
3531.02,0.016065
3531.51,0.015987
3531.99,0.016021
3532.47,0.016128
3532.95,0.016255
3533.43,0.016354
3533.91,0.016396
3534.40,0.016374
3534.88,0.016306
3535.36,0.016224
3535.84,0.016169
3536.33,0.016174
3536.81,0.016252
3537.29,0.016396
3537.77,0.016572
3538.25,0.016740
3538.74,0.016855
3539.22,0.016895
3539.70,0.016857
3540.18,0.016758
3540.66,0.016629
3541.15,0.016499
3541.63,0.016385
3542.11,0.016286
3542.59,0.016182
3543.07,0.016048
3543.56,0.015865
3544.04,0.015636
3544.52,0.015390
3545.00,0.015179
3545.49,0.015059
3545.97,0.015068
3546.45,0.015202
3546.93,0.015409
3547.41,0.015607
3547.90,0.015719
3548.38,0.015692
3548.86,0.015524
3549.34,0.015255
3549.82,0.014943
3550.31,0.014642
3550.79,0.014385
3551.27,0.014188
3551.75,0.014049
3552.24,0.013965
3552.72,0.013935
3553.20,0.013964
3553.68,0.014046
3554.16,0.014162
3554.65,0.014272
3555.13,0.014319
3555.61,0.014249
3556.09,0.014029
3556.57,0.013664
3557.06,0.013192
3557.54,0.012681
3558.02,0.012215
3558.50,0.011866
3558.99,0.011680
3559.47,0.011676
3559.95,0.011841
3560.43,0.012145
3560.91,0.012546
3561.40,0.013006
3561.88,0.013486
3562.36,0.013946
3562.84,0.014348
3563.32,0.014654
3563.81,0.014834
3564.29,0.014870
3564.77,0.014761
3565.25,0.014522
3565.74,0.014178
3566.22,0.013766
3566.70,0.013320
3567.18,0.012879
3567.66,0.012479
3568.15,0.012155
3568.63,0.011929
3569.11,0.011808
3569.59,0.011781
3570.07,0.011824
3570.56,0.011910
3571.04,0.012016
3571.52,0.012127
3572.00,0.012233
3572.49,0.012332
3572.97,0.012419
3573.45,0.012486
3573.93,0.012521
3574.41,0.012506
3574.89,0.012429
3575.38,0.012283
3575.86,0.012081
3576.34,0.011847
3576.82,0.011614
3577.31,0.011408
3577.79,0.011244
3578.27,0.011118
3578.75,0.011012
3579.23,0.010909
3579.72,0.010796
3580.20,0.010680
3580.68,0.010578
3581.16,0.010510
3581.64,0.010491
3582.13,0.010519
3582.61,0.010577
3583.09,0.010642
3583.57,0.010692
3584.05,0.010717
3584.54,0.010722
3585.02,0.010721
3585.50,0.010732
3585.98,0.010762
3586.47,0.010802
3586.95,0.010826
3587.43,0.010796
3587.91,0.010674
3588.39,0.010444
3588.88,0.010125
3589.36,0.009766
3589.84,0.009428
3590.32,0.009154
3590.80,0.008962
3591.29,0.008845
3591.77,0.008786
3592.25,0.008755
3592.73,0.008719
3593.22,0.008642
3593.70,0.008490
3594.18,0.008236
3594.66,0.007881
3595.14,0.007453
3595.63,0.007020
3596.11,0.006658
3596.59,0.006441
3597.07,0.006407
3597.55,0.006547
3598.04,0.006809
3598.52,0.007115
3599.00,0.007388
3599.48,0.007565
3599.97,0.007620
3600.45,0.007564
3600.93,0.007442
3601.41,0.007319
3601.89,0.007257
3602.38,0.007296
3602.86,0.007442
3603.34,0.007667
3603.82,0.007924
3604.30,0.008164
3604.79,0.008348
3605.27,0.008454
3605.75,0.008475
3606.23,0.008415
3606.72,0.008278
3607.20,0.008062
3607.68,0.007758
3608.16,0.007348
3608.64,0.006826
3609.12,0.006209
3609.61,0.005550
3610.09,0.004925
3610.57,0.004414
3611.05,0.004066
3611.54,0.003890
3612.02,0.003859
3612.50,0.003924
3612.98,0.004029
3613.46,0.004130
3613.95,0.004203
3614.43,0.004249
3614.91,0.004286
3615.39,0.004332
3615.88,0.004394
3616.36,0.004462
3616.84,0.004518
3617.32,0.004553
3617.80,0.004574
3618.29,0.004606
3618.77,0.004688
3619.25,0.004853
3619.73,0.005103
3620.21,0.005389
3620.70,0.005630
3621.18,0.005746
3621.66,0.005700
3622.14,0.005512
3622.62,0.005242
3623.11,0.004963
3623.59,0.004722
3624.07,0.004538
3624.55,0.004398
3625.03,0.004271
3625.52,0.004122
3626.00,0.003930
3626.48,0.003699
3626.96,0.003462
3627.45,0.003273
3627.93,0.003189
3628.41,0.003261
3628.89,0.003508
3629.37,0.003891
3629.86,0.004293
3630.34,0.004560
3630.82,0.004598
3631.30,0.004415
3631.78,0.004093
3632.27,0.003726
3632.75,0.003390
3633.23,0.003128
3633.71,0.002963
3634.20,0.002897
3634.68,0.002905
3635.16,0.002940
3635.64,0.002940
3636.12,0.002856
3636.61,0.002664
3637.09,0.002382
3637.57,0.002055
3638.05,0.001746
3638.53,0.001511
3639.02,0.001372
3639.50,0.001314
3639.98,0.001284
3640.46,0.001222
3640.95,0.001080
3641.43,0.000858
3641.91,0.000595
3642.39,0.000371
3642.87,0.000265
3643.36,0.000323
3643.84,0.000541
3644.32,0.000863
3644.80,0.001204
3645.28,0.001471
3645.77,0.001603
3646.25,0.001565
3646.73,0.001360
3647.21,0.001015
3647.70,0.000582
3648.18,0.000142
3648.66,-0.000218
3649.14,-0.000407
3649.62,-0.000367
3650.11,-0.000111
3650.59,0.000265
3651.07,0.000600
3651.55,0.000743
3652.03,0.000615
3652.52,0.000244
3653.00,-0.000267
3653.48,-0.000793
3653.96,-0.001230
3654.44,-0.001518
3654.93,-0.001628
3655.41,-0.001569
3655.89,-0.001385
3656.37,-0.001147
3656.86,-0.000933
3657.34,-0.000806
3657.82,-0.000780
3658.30,-0.000819
3658.78,-0.000864
3659.27,-0.000869
3659.75,-0.000823
3660.23,-0.000742
3660.71,-0.000658
3661.19,-0.000598
3661.68,-0.000577
3662.16,-0.000592
3662.64,-0.000629
3663.12,-0.000667
3663.60,-0.000694
3664.09,-0.000704
3664.57,-0.000698
3665.05,-0.000683
3665.53,-0.000662
3666.01,-0.000636
3666.50,-0.000610
3666.98,-0.000590
3667.46,-0.000587
3667.94,-0.000615
3668.43,-0.000680
3668.91,-0.000778
3669.39,-0.000893
3669.87,-0.000996
3670.35,-0.001066
3670.84,-0.001102
3671.32,-0.001140
3671.80,-0.001229
3672.28,-0.001400
3672.76,-0.001649
3673.25,-0.001940
3673.73,-0.002233
3674.21,-0.002490
3674.69,-0.002692
3675.18,-0.002838
3675.66,-0.002942
3676.14,-0.003033
3676.62,-0.003126
3677.10,-0.003206
3677.59,-0.003232
3678.07,-0.003170
3678.55,-0.003014
3679.03,-0.002788
3679.51,-0.002535
3680.00,-0.002299
3680.48,-0.002116
3680.96,-0.002004
3681.44,-0.001959
3681.93,-0.001957
3682.41,-0.001975
3682.89,-0.001999
3683.37,-0.002033
3683.85,-0.002091
3684.34,-0.002190
3684.82,-0.002329
3685.30,-0.002484
3685.78,-0.002609
3686.26,-0.002650
3686.75,-0.002560
3687.23,-0.002316
3687.71,-0.001931
3688.19,-0.001461
3688.68,-0.000995
3689.16,-0.000646
3689.64,-0.000512
3690.12,-0.000623
3690.60,-0.000924
3691.09,-0.001294
3691.57,-0.001621
3692.05,-0.001840
3692.53,-0.001945
3693.01,-0.001972
3693.50,-0.001968
3693.98,-0.001971
3694.46,-0.001994
3694.94,-0.002034
3695.42,-0.002077
3695.91,-0.002111
3696.39,-0.002131
3696.87,-0.002144
3697.35,-0.002174
3697.84,-0.002250
3698.32,-0.002402
3698.80,-0.002644
3699.28,-0.002975
3699.76,-0.003379
3700.24,-0.003826
3700.73,-0.004274
3701.21,-0.004681
3701.69,-0.004996
3702.17,-0.005177
3702.66,-0.005193
3703.14,-0.005039
3703.62,-0.004740
3704.10,-0.004338
3704.58,-0.003887
3705.07,-0.003435
3705.55,-0.003021
3706.03,-0.002677
3706.51,-0.002425
3706.99,-0.002278
3707.48,-0.002238
3707.96,-0.002297
3708.44,-0.002430
3708.92,-0.002606
3709.41,-0.002784
3709.89,-0.002930
3710.37,-0.003015
3710.85,-0.003028
3711.33,-0.002978
3711.82,-0.002892
3712.30,-0.002803
3712.78,-0.002742
3713.26,-0.002718
3713.74,-0.002720
3714.23,-0.002722
3714.71,-0.002702
3715.19,-0.002651
3715.67,-0.002574
3716.16,-0.002487
3716.64,-0.002409
3717.12,-0.002357
3717.60,-0.002340
3718.08,-0.002352
3718.57,-0.002378
3719.05,-0.002395
3719.53,-0.002381
3720.01,-0.002328
3720.49,-0.002246
3720.98,-0.002162
3721.46,-0.002114
3721.94,-0.002136
3722.42,-0.002245
3722.91,-0.002434
3723.39,-0.002672
3723.87,-0.002916
3724.35,-0.003128
3724.83,-0.003290
3725.32,-0.003406
3725.80,-0.003500
3726.28,-0.003598
3726.76,-0.003723
3727.24,-0.003882
3727.73,-0.004060
3728.21,-0.004231
3728.69,-0.004364
3729.17,-0.004430
3729.66,-0.004411
3730.14,-0.004294
3730.62,-0.004075
3731.10,-0.003757
3731.58,-0.003358
3732.07,-0.002919
3732.55,-0.002506
3733.03,-0.002197
3733.51,-0.002061
3733.99,-0.002122
3734.48,-0.002348
3734.96,-0.002648
3735.44,-0.002902
3735.92,-0.003006
3736.40,-0.002903
3736.89,-0.002615
3737.37,-0.002230
3737.85,-0.001864
3738.33,-0.001600
3738.82,-0.001467
3739.30,-0.001459
3739.78,-0.001554
3740.26,-0.001727
3740.74,-0.001954
3741.22,-0.002210
3741.71,-0.002461
3742.19,-0.002669
3742.67,-0.002794
3743.15,-0.002807
3743.64,-0.002699
3744.12,-0.002492
3744.60,-0.002259
3745.08,-0.002129
3745.56,-0.002233
3746.05,-0.002622
3746.53,-0.003212
3747.01,-0.003846
3747.49,-0.004390
3747.97,-0.004773
3748.46,-0.004979
3748.94,-0.005013
3749.42,-0.004889
3749.90,-0.004626
3750.39,-0.004259
3750.87,-0.003844
3751.35,-0.003451
3751.83,-0.003152
3752.31,-0.002988
3752.80,-0.002952
3753.28,-0.002997
3753.76,-0.003063
3754.24,-0.003100
3754.72,-0.003083
3755.21,-0.003015
3755.69,-0.002914
3756.17,-0.002805
3756.65,-0.002708
3757.14,-0.002633
3757.62,-0.002580
3758.10,-0.002540
3758.58,-0.002504
3759.06,-0.002470
3759.55,-0.002458
3760.03,-0.002506
3760.51,-0.002655
3760.99,-0.002923
3761.47,-0.003292
3761.96,-0.003706
3762.44,-0.004091
3762.92,-0.004381
3763.40,-0.004539
3763.89,-0.004556
3764.37,-0.004445
3764.85,-0.004232
3765.33,-0.003949
3765.81,-0.003629
3766.30,-0.003300
3766.78,-0.002985
3767.26,-0.002697
3767.74,-0.002446
3768.22,-0.002243
3768.71,-0.002100
3769.19,-0.002031
3769.67,-0.002050
3770.15,-0.002157
3770.64,-0.002336
3771.12,-0.002549
3771.60,-0.002752
3772.08,-0.002912
3772.56,-0.003024
3773.05,-0.003109
3773.53,-0.003199
3774.01,-0.003329
3774.49,-0.003522
3774.97,-0.003779
3775.46,-0.004082
3775.94,-0.004397
3776.42,-0.004676
3776.90,-0.004876
3777.38,-0.004972
3777.87,-0.004954
3778.35,-0.004838
3778.83,-0.004655
3779.31,-0.004445
3779.80,-0.004249
3780.28,-0.004093
3780.76,-0.003988
3781.24,-0.003922
3781.72,-0.003877
3782.20,-0.003833
3782.69,-0.003784
3783.17,-0.003729
3783.65,-0.003674
3784.13,-0.003625
3784.62,-0.003584
3785.10,-0.003551
3785.58,-0.003523
3786.06,-0.003503
3786.54,-0.003493
3787.03,-0.003499
3787.51,-0.003522
3787.99,-0.003558
3788.47,-0.003594
3788.95,-0.003616
3789.44,-0.003614
3789.92,-0.003587
3790.40,-0.003549
3790.88,-0.003524
3791.36,-0.003538
3791.85,-0.003610
3792.33,-0.003747
3792.81,-0.003933
3793.29,-0.004140
3793.78,-0.004338
3794.26,-0.004500
3794.74,-0.004611
3795.22,-0.004670
3795.70,-0.004686
3796.19,-0.004671
3796.67,-0.004639
3797.15,-0.004603
3797.63,-0.004576
3798.11,-0.004566
3798.60,-0.004580
3799.08,-0.004615
3799.56,-0.004665
3800.04,-0.004715
3800.53,-0.004748
3801.01,-0.004749
3801.49,-0.004715
3801.97,-0.004664
3802.45,-0.004639
3802.94,-0.004686
3803.42,-0.004826
3803.90,-0.005029
3804.38,-0.005234
3804.86,-0.005377
3805.35,-0.005414
3805.83,-0.005317
3806.31,-0.005083
3806.79,-0.004735
3807.28,-0.004330
3807.76,-0.003950
3808.24,-0.003680
3808.72,-0.003568
3809.20,-0.003595
3809.69,-0.003696
3810.17,-0.003794
3810.65,-0.003839
3811.13,-0.003808
3811.61,-0.003708
3812.10,-0.003562
3812.58,-0.003406
3813.06,-0.003270
3813.54,-0.003170
3814.03,-0.003110
3814.51,-0.003077
3814.99,-0.003052
3815.47,-0.003022
3815.95,-0.002984
3816.44,-0.002956
3816.92,-0.002975
3817.40,-0.003073
3817.88,-0.003255
3818.36,-0.003491
3818.85,-0.003734
3819.33,-0.003939
3819.81,-0.004076
3820.29,-0.004133
3820.78,-0.004116
3821.26,-0.004045
3821.74,-0.003949
3822.22,-0.003848
3822.70,-0.003742
3823.18,-0.003604
3823.67,-0.003408
3824.15,-0.003146
3824.63,-0.002841
3825.11,-0.002536
3825.60,-0.002285
3826.08,-0.002138
3826.56,-0.002134
3827.04,-0.002277
3827.52,-0.002528
3828.01,-0.002805
3828.49,-0.003021
3828.97,-0.003109
3829.45,-0.003047
3829.93,-0.002860
3830.42,-0.002597
3830.90,-0.002314
3831.38,-0.002057
3831.86,-0.001859
3832.34,-0.001734
3832.83,-0.001685
3833.31,-0.001703
3833.79,-0.001782
3834.27,-0.001914
3834.76,-0.002094
3835.24,-0.002311
3835.72,-0.002548
3836.20,-0.002781
3836.68,-0.002979
3837.17,-0.003116
3837.65,-0.003176
3838.13,-0.003160
3838.61,-0.003086
3839.09,-0.002986
3839.58,-0.002894
3840.06,-0.002838
3840.54,-0.002826
3841.02,-0.002855
3841.51,-0.002910
3841.99,-0.002971
3842.47,-0.003018
3842.95,-0.003031
3843.43,-0.002994
3843.92,-0.002897
3844.40,-0.002740
3844.88,-0.002538
3845.36,-0.002319
3845.84,-0.002119
3846.33,-0.001973
3846.81,-0.001906
3847.29,-0.001933
3847.77,-0.002056
3848.26,-0.002265
3848.74,-0.002537
3849.22,-0.002842
3849.70,-0.003137
3850.18,-0.003372
3850.67,-0.003502
3851.15,-0.003493
3851.63,-0.003327
3852.11,-0.003013
3852.59,-0.002589
3853.08,-0.002124
3853.56,-0.001714
3854.04,-0.001460
3854.52,-0.001411
3855.01,-0.001516
3855.49,-0.001650
3855.97,-0.001719
3856.45,-0.001708
3856.93,-0.001663
3857.42,-0.001646
3857.90,-0.001706
3858.38,-0.001868
3858.86,-0.002131
3859.34,-0.002468
3859.83,-0.002837
3860.31,-0.003194
3860.79,-0.003498
3861.27,-0.003719
3861.76,-0.003834
3862.24,-0.003832
3862.72,-0.003712
3863.20,-0.003482
3863.68,-0.003167
3864.16,-0.002808
3864.65,-0.002457
3865.13,-0.002172
3865.61,-0.002006
3866.09,-0.001981
3866.58,-0.002083
3867.06,-0.002261
3867.54,-0.002455
3868.02,-0.002609
3868.50,-0.002689
3868.99,-0.002681
3869.47,-0.002589
3869.95,-0.002435
3870.43,-0.002255
3870.91,-0.002096
3871.40,-0.001994
3871.88,-0.001955
3872.36,-0.001954
3872.84,-0.001957
3873.32,-0.001942
3873.81,-0.001903
3874.29,-0.001846
3874.77,-0.001793
3875.25,-0.001764
3875.74,-0.001769
3876.22,-0.001806
3876.70,-0.001861
3877.18,-0.001920
3877.66,-0.001974
3878.15,-0.002026
3878.63,-0.002085
3879.11,-0.002161
3879.59,-0.002261
3880.07,-0.002379
3880.56,-0.002494
3881.04,-0.002578
3881.52,-0.002610
3882.00,-0.002592
3882.49,-0.002553
3882.97,-0.002539
3883.45,-0.002590
3883.93,-0.002721
3884.41,-0.002923
3884.90,-0.003162
3885.38,-0.003390
3885.86,-0.003555
3886.34,-0.003615
3886.82,-0.003563
3887.31,-0.003435
3887.79,-0.003291
3888.27,-0.003178
3888.75,-0.003116
3889.24,-0.003094
3889.72,-0.003087
3890.20,-0.003072
3890.68,-0.003033
3891.16,-0.002968
3891.65,-0.002889
3892.13,-0.002815
3892.61,-0.002758
3893.09,-0.002719
3893.57,-0.002686
3894.06,-0.002645
3894.54,-0.002595
3895.02,-0.002548
3895.50,-0.002525
3895.99,-0.002545
3896.47,-0.002609
3896.95,-0.002703
3897.43,-0.002790
3897.91,-0.002824
3898.40,-0.002760
3898.88,-0.002571
3899.36,-0.002263
3899.84,-0.001889
3900.32,-0.001531
3900.81,-0.001279
3901.29,-0.001202
3901.77,-0.001315
3902.25,-0.001581
3902.73,-0.001927
3903.22,-0.002278
3903.70,-0.002574
3904.18,-0.002787
3904.66,-0.002918
3905.14,-0.002989
3905.63,-0.003027
3906.11,-0.003051
3906.59,-0.003067
3907.07,-0.003071
3907.56,-0.003056
3908.04,-0.003018
3908.52,-0.002964
3909.00,-0.002901
3909.48,-0.002845
3909.97,-0.002805
3910.45,-0.002790
3910.93,-0.002804
3911.41,-0.002846
3911.89,-0.002910
3912.38,-0.002987
3912.86,-0.003065
3913.34,-0.003131
3913.82,-0.003166
3914.30,-0.003152
3914.79,-0.003074
3915.27,-0.002923
3915.75,-0.002703
3916.23,-0.002432
3916.72,-0.002148
3917.20,-0.001894
3917.68,-0.001713
3918.16,-0.001626
3918.64,-0.001623
3919.13,-0.001668
3919.61,-0.001713
3920.09,-0.001728
3920.57,-0.001710
3921.05,-0.001685
3921.54,-0.001693
3922.02,-0.001773
3922.50,-0.001937
3922.98,-0.002166
3923.47,-0.002413
3923.95,-0.002622
3924.43,-0.002746
3924.91,-0.002764
3925.39,-0.002696
3925.88,-0.002593
3926.36,-0.002518
3926.84,-0.002514
3927.32,-0.002585
3927.80,-0.002696
3928.29,-0.002794
3928.77,-0.002827
3929.25,-0.002762
3929.73,-0.002596
3930.22,-0.002351
3930.70,-0.002069
3931.18,-0.001794
3931.66,-0.001564
3932.14,-0.001405
3932.63,-0.001330
3933.11,-0.001342
3933.59,-0.001442
3934.07,-0.001622
3934.55,-0.001863
3935.04,-0.002134
3935.52,-0.002391
3936.00,-0.002591
3936.48,-0.002699
3936.97,-0.002702
3937.45,-0.002605
3937.93,-0.002432
3938.41,-0.002219
3938.89,-0.001998
3939.38,-0.001789
3939.86,-0.001598
3940.34,-0.001421
3940.82,-0.001250
3941.30,-0.001090
3941.79,-0.000961
3942.27,-0.000894
3942.75,-0.000926
3943.23,-0.001079
3943.71,-0.001352
3944.20,-0.001716
3944.68,-0.002123
3945.16,-0.002524
3945.64,-0.002889
3946.12,-0.003207
3946.61,-0.003485
3947.09,-0.003734
3947.57,-0.003958
3948.05,-0.004147
3948.54,-0.004277
3949.02,-0.004316
3949.50,-0.004239
3949.98,-0.004036
3950.46,-0.003725
3950.95,-0.003345
3951.43,-0.002949
3951.91,-0.002589
3952.39,-0.002308
3952.88,-0.002129
3953.36,-0.002056
3953.84,-0.002075
3954.32,-0.002164
3954.80,-0.002293
3955.28,-0.002437
3955.77,-0.002580
3956.25,-0.002717
3956.73,-0.002852
3957.21,-0.002990
3957.70,-0.003130
3958.18,-0.003261
3958.66,-0.003360
3959.14,-0.003395
3959.62,-0.003339
3960.11,-0.003180
3960.59,-0.002926
3961.07,-0.002613
3961.55,-0.002294
3962.03,-0.002032
3962.52,-0.001878
3963.00,-0.001864
3963.48,-0.001988
3963.96,-0.002216
3964.45,-0.002492
3964.93,-0.002746
3965.41,-0.002918
3965.89,-0.002963
3966.37,-0.002864
3966.86,-0.002630
3967.34,-0.002299
3967.82,-0.001927
3968.30,-0.001577
3968.78,-0.001310
3969.27,-0.001173
3969.75,-0.001182
3970.23,-0.001327
3970.71,-0.001572
3971.20,-0.001867
3971.68,-0.002158
3972.16,-0.002393
3972.64,-0.002538
3973.12,-0.002575
3973.61,-0.002501
3974.09,-0.002330
3974.57,-0.002088
3975.05,-0.001811
3975.53,-0.001539
3976.02,-0.001318
3976.50,-0.001181
3976.98,-0.001148
3977.46,-0.001220
3977.95,-0.001377
3978.43,-0.001582
3978.91,-0.001793
3979.39,-0.001970
3979.87,-0.002088
3980.36,-0.002138
3980.84,-0.002125
3981.32,-0.002068
3981.80,-0.001989
3982.28,-0.001903
3982.77,-0.001823
3983.25,-0.001752
3983.73,-0.001689
3984.21,-0.001629
3984.69,-0.001569
3985.18,-0.001509
3985.66,-0.001454
3986.14,-0.001415
3986.62,-0.001406
3987.11,-0.001445
3987.59,-0.001548
3988.07,-0.001729
3988.55,-0.001987
3989.03,-0.002311
3989.51,-0.002671
3990.00,-0.003024
3990.48,-0.003324
3990.96,-0.003524
3991.44,-0.003592
3991.93,-0.003517
3992.41,-0.003313
3992.89,-0.003012
3993.37,-0.002659
3993.85,-0.002302
3994.34,-0.001985
3994.82,-0.001734
3995.30,-0.001566
3995.78,-0.001480
3996.26,-0.001462
3996.75,-0.001490
3997.23,-0.001540
3997.71,-0.001590
3998.19,-0.001628
3998.68,-0.001650
3999.16,-0.001663
3999.64,-0.001680
4000.12,-0.001715
