波数(cm-1),吸光度
399.67,0.000000
400.16,-0.052638
400.64,-0.028199
401.12,-0.006114
401.60,0.010965
402.09,0.023085
402.57,0.031298
403.05,0.036690
403.53,0.039881
404.01,0.041100
404.50,0.040585
404.98,0.038991
405.46,0.037559
405.94,0.037660
406.42,0.040187
406.91,0.044955
407.39,0.050522
407.87,0.054596
408.35,0.054985
408.83,0.050762
409.32,0.042524
409.80,0.032109
410.28,0.021667
410.76,0.013207
411.25,0.007964
411.73,0.006106
412.21,0.006861
412.69,0.009018
413.17,0.011642
413.66,0.014358
414.14,0.017352
414.62,0.021023
415.10,0.025678
415.58,0.031367
416.07,0.037980
416.55,0.045467
417.03,0.054123
417.51,0.064604
418.00,0.077503
418.48,0.092337
418.96,0.106621
419.44,0.116557
419.92,0.119846
420.41,0.117058
420.89,0.110559
421.37,0.102588
421.85,0.094670
422.33,0.087596
422.82,0.081659
423.30,0.077011
423.78,0.073786
424.26,0.072164
424.74,0.072356
425.23,0.074418
425.71,0.078098
426.19,0.082700
426.67,0.087180
427.16,0.090405
427.64,0.091479
428.12,0.090162
428.60,0.086887
429.08,0.082556
429.57,0.078104
430.05,0.074223
430.53,0.071172
431.01,0.068782
431.49,0.066682
431.98,0.064609
432.46,0.062629
432.94,0.061111
433.42,0.060528
433.90,0.061182
434.39,0.063049
434.87,0.065695
435.35,0.068445
435.83,0.070625
436.32,0.071930
436.80,0.072529
437.28,0.072924
437.76,0.073603
438.24,0.074763
438.73,0.076211
439.21,0.077482
439.69,0.078073
440.17,0.077698
440.65,0.076454
441.14,0.074814
441.62,0.073440
442.10,0.072829
442.58,0.073044
443.07,0.073599
443.55,0.073722
444.03,0.072663
444.51,0.070056
444.99,0.066026
445.48,0.061147
445.96,0.056265
446.44,0.052203
446.92,0.049572
447.40,0.048493
447.89,0.048639
448.37,0.049409
448.85,0.050253
449.33,0.050883
449.81,0.051347
450.30,0.051955
450.78,0.053113
451.26,0.055108
451.74,0.057913
452.23,0.061117
452.71,0.063975
453.19,0.065709
453.67,0.065751
454.15,0.064054
454.64,0.061095
455.12,0.057760
455.60,0.055057
456.08,0.053819
456.56,0.054600
457.05,0.057411
457.53,0.061648
458.01,0.066191
458.49,0.069990
458.98,0.072574
459.46,0.074156
459.94,0.075335
460.42,0.076760
460.90,0.078952
461.39,0.082181
461.87,0.086469
462.35,0.091573
462.83,0.097046
463.31,0.102265
463.80,0.106525
464.28,0.109187
464.76,0.109707
465.24,0.107827
465.72,0.103707
466.21,0.098028
466.69,0.091887
467.17,0.086439
467.65,0.082641
468.14,0.080854
468.62,0.080807
469.10,0.081745
469.58,0.082805
470.06,0.083327
470.55,0.083023
471.03,0.082036
471.51,0.080820
471.99,0.079964
472.47,0.079901
472.96,0.080728
473.44,0.082133
473.92,0.083590
474.40,0.084593
474.88,0.084854
475.37,0.084345
475.85,0.083222
476.33,0.081765
476.81,0.080302
477.30,0.079205
477.78,0.078787
478.26,0.079223
478.74,0.080505
479.22,0.082426
479.71,0.084628
480.19,0.086658
480.67,0.088100
481.15,0.088678
481.63,0.088311
482.12,0.087128
482.60,0.085396
483.08,0.083430
483.56,0.081478
484.05,0.079701
484.53,0.078152
485.01,0.076802
485.49,0.075563
485.97,0.074307
486.46,0.072895
486.94,0.071181
487.42,0.069064
487.90,0.066556
488.38,0.063849
488.87,0.061337
489.35,0.059529
489.83,0.058971
490.31,0.060025
490.79,0.062751
491.28,0.066835
491.76,0.071658
492.24,0.076436
492.72,0.080414
493.21,0.083153
493.69,0.084588
494.17,0.084976
494.65,0.084694
495.13,0.084098
495.62,0.083427
496.10,0.082798
496.58,0.082277
497.06,0.081932
497.54,0.081851
498.03,0.082130
498.51,0.082825
498.99,0.083925
499.47,0.085365
499.95,0.087061
500.44,0.088945
500.92,0.090974
501.40,0.093099
501.88,0.095214
502.37,0.097101
502.85,0.098474
503.33,0.099078
503.81,0.098815
504.29,0.097834
504.78,0.096514
505.26,0.095350
505.74,0.094741
506.22,0.094882
506.70,0.095659
507.19,0.096720
507.67,0.097602
508.15,0.097977
508.63,0.097804
509.12,0.097318
509.60,0.096880
510.08,0.096761
510.56,0.097046
511.04,0.097588
511.53,0.098136
512.01,0.098481
512.49,0.098623
512.97,0.098798
513.45,0.099396
513.94,0.100759
514.42,0.103038
514.90,0.106109
515.38,0.109629
515.86,0.113126
516.35,0.116175
516.83,0.118550
517.31,0.120238
517.79,0.121377
518.28,0.122124
518.76,0.122600
519.24,0.122900
519.72,0.123150
520.20,0.123576
520.69,0.124467
521.17,0.126063
521.65,0.128442
522.13,0.131432
522.61,0.134631
523.10,0.137493
523.58,0.139539
524.06,0.140509
524.54,0.140455
525.03,0.139705
525.51,0.138736
525.99,0.138005
526.47,0.137760
526.95,0.138034
527.44,0.138710
527.92,0.139670
528.40,0.140896
528.88,0.142473
529.36,0.144515
529.85,0.147087
530.33,0.150138
530.81,0.153512
531.29,0.156991
531.77,0.160377
532.26,0.163549
532.74,0.166432
533.22,0.168955
533.70,0.171007
534.19,0.172443
534.67,0.173179
535.15,0.173290
535.63,0.173088
536.11,0.173037
536.60,0.173633
537.08,0.175223
537.56,0.177848
538.04,0.181237
538.52,0.184901
539.01,0.188380
539.49,0.191397
539.97,0.193997
540.45,0.196479
540.93,0.199275
541.42,0.202756
541.90,0.207101
542.38,0.212289
542.86,0.218164
543.35,0.224552
543.83,0.231328
544.31,0.238447
544.79,0.245881
545.27,0.253539
545.76,0.261260
546.24,0.268855
546.72,0.276222
547.20,0.283426
547.68,0.290698
548.17,0.298314
548.65,0.306422
549.13,0.314940
549.61,0.323544
550.10,0.331850
550.58,0.339583
551.06,0.346785
551.54,0.353787
552.02,0.361080
552.51,0.369027
552.99,0.377666
553.47,0.386636
553.95,0.395313
554.43,0.403089
554.92,0.409586
555.40,0.414824
555.88,0.419108
556.36,0.422842
556.84,0.426295
557.33,0.429540
557.81,0.432500
558.29,0.435069
558.77,0.437185
559.26,0.438807
559.74,0.439815
560.22,0.439900
560.70,0.438590
561.18,0.435480
561.67,0.430469
562.15,0.424000
562.63,0.416957
563.11,0.410456
563.59,0.405361
564.08,0.401942
564.56,0.399773
565.04,0.397869
565.52,0.395080
566.00,0.390437
566.49,0.383583
566.97,0.374793
567.45,0.364831
567.93,0.354567
568.42,0.344745
568.90,0.335827
569.38,0.327968
569.86,0.321153
570.34,0.315309
570.83,0.310384
571.31,0.306342
571.79,0.303111
572.27,0.300557
572.75,0.298471
573.24,0.296626
573.72,0.294841
574.20,0.292989
574.68,0.290973
575.17,0.288668
575.65,0.285861
576.13,0.282303
576.61,0.277822
577.09,0.272466
577.58,0.266569
578.06,0.260700
578.54,0.255510
579.02,0.251470
579.50,0.248741
579.99,0.247075
580.47,0.245899
580.95,0.244466
581.43,0.242150
581.91,0.238721
582.40,0.234402
582.88,0.229778
583.36,0.225519
583.84,0.222216
584.33,0.220173
584.81,0.219361
585.29,0.219469
585.77,0.220023
586.25,0.220555
586.74,0.220673
587.22,0.220172
587.70,0.219032
588.18,0.217400
588.66,0.215553
589.15,0.213852
589.63,0.212708
590.11,0.212464
590.59,0.213355
591.08,0.215433
591.56,0.218554
592.04,0.222401
592.52,0.226577
593.00,0.230750
593.49,0.234709
593.97,0.238390
594.45,0.241817
594.93,0.245014
595.41,0.247943
595.90,0.250512
596.38,0.252633
596.86,0.254297
597.34,0.255609
597.82,0.256754
598.31,0.257886
598.79,0.259025
599.27,0.259989
599.75,0.260450
600.24,0.260064
600.72,0.258632
601.20,0.256234
601.68,0.253200
602.16,0.249988
602.65,0.246961
603.13,0.244279
603.61,0.241837
604.09,0.239342
604.57,0.236420
605.06,0.232779
605.54,0.228308
606.02,0.223063
606.50,0.217217
606.98,0.210960
607.47,0.204455
607.95,0.197813
608.43,0.191118
608.91,0.184472
609.40,0.178002
609.88,0.171850
610.36,0.166149
610.84,0.160971
611.32,0.156314
611.81,0.152102
612.29,0.148226
612.77,0.144576
613.25,0.141074
613.73,0.137691
614.22,0.134428
614.70,0.131289
615.18,0.128261
615.66,0.125301
616.15,0.122341
616.63,0.119319
617.11,0.116190
617.59,0.112951
618.07,0.109640
618.56,0.106329
619.04,0.103109
619.52,0.100067
620.00,0.097282
620.48,0.094801
620.97,0.092629
621.45,0.090731
621.93,0.089029
622.41,0.087416
622.89,0.085780
623.38,0.084037
623.86,0.082152
624.34,0.080155
624.82,0.078133
625.31,0.076207
625.79,0.074500
626.27,0.073093
626.75,0.072017
627.23,0.071245
627.72,0.070711
628.20,0.070331
628.68,0.070026
629.16,0.069729
629.64,0.069384
630.13,0.068945
630.61,0.068378
631.09,0.067670
631.57,0.066842
632.05,0.065963
632.54,0.065142
633.02,0.064493
633.50,0.064104
633.98,0.063996
634.47,0.064102
634.95,0.064274
635.43,0.064322
635.91,0.064086
636.39,0.063483
636.88,0.062546
637.36,0.061408
637.84,0.060279
638.32,0.059370
638.80,0.058828
639.29,0.058710
639.77,0.058961
640.25,0.059442
640.73,0.059963
641.22,0.060345
641.70,0.060458
642.18,0.060241
642.66,0.059710
643.14,0.058945
643.63,0.058067
644.11,0.057198
644.59,0.056437
645.07,0.055841
645.55,0.055412
646.04,0.055107
646.52,0.054850
647.00,0.054568
647.48,0.054199
647.96,0.053716
648.45,0.053131
648.93,0.052486
649.41,0.051835
649.89,0.051224
650.38,0.050688
650.86,0.050240
651.34,0.049889
651.82,0.049654
652.30,0.049571
652.79,0.049699
653.27,0.050108
653.75,0.050853
654.23,0.051949
654.71,0.053351
655.20,0.054959
655.68,0.056624
656.16,0.058183
656.64,0.059508
657.13,0.060517
657.61,0.061195
658.09,0.061582
658.57,0.061748
659.05,0.061765
659.54,0.061684
660.02,0.061527
660.50,0.061288
660.98,0.060952
661.46,0.060511
661.95,0.059972
662.43,0.059359
662.91,0.058713
663.39,0.058073
663.87,0.057468
664.36,0.056916
664.84,0.056424
665.32,0.055998
665.80,0.055657
666.29,0.055432
666.77,0.055373
667.25,0.055528
667.73,0.055907
668.21,0.056430
668.70,0.056929
669.18,0.057246
669.66,0.057314
670.14,0.057162
670.62,0.056847
671.11,0.056406
671.59,0.055844
672.07,0.055146
672.55,0.054300
673.03,0.053321
673.52,0.052267
674.00,0.051248
674.48,0.050396
674.96,0.049839
675.45,0.049672
675.93,0.049929
676.41,0.050579
676.89,0.051517
677.37,0.052599
677.86,0.053657
678.34,0.054536
678.82,0.055140
679.30,0.055431
679.78,0.055450
680.27,0.055294
680.75,0.055110
681.23,0.055048
681.71,0.055216
682.20,0.055657
682.68,0.056329
683.16,0.057117
683.64,0.057859
684.12,0.058401
684.61,0.058644
685.09,0.058572
685.57,0.058251
686.05,0.057802
686.53,0.057350
687.02,0.056978
687.50,0.056707
687.98,0.056494
688.46,0.056261
688.94,0.055923
689.43,0.055415
689.91,0.054719
690.39,0.053851
690.87,0.052863
691.36,0.051824
691.84,0.050834
692.32,0.050009
692.80,0.049470
693.28,0.049326
693.77,0.049635
694.25,0.050371
694.73,0.051406
695.21,0.052535
695.69,0.053509
696.18,0.054089
696.66,0.054130
697.14,0.053608
697.62,0.052630
698.11,0.051383
698.59,0.050100
699.07,0.049001
699.55,0.048244
700.03,0.047929
700.52,0.048095
701.00,0.048729
701.48,0.049774
701.96,0.051131
702.44,0.052665
702.93,0.054192
703.41,0.055506
703.89,0.056428
704.37,0.056833
704.85,0.056702
705.34,0.056126
705.82,0.055289
706.30,0.054395
706.78,0.053628
707.27,0.053106
707.75,0.052853
708.23,0.052817
708.71,0.052896
709.19,0.052988
709.68,0.053008
710.16,0.052912
710.64,0.052694
711.12,0.052374
711.60,0.051987
712.09,0.051562
712.57,0.051123
713.05,0.050677
713.53,0.050222
714.01,0.049746
714.50,0.049237
714.98,0.048698
715.46,0.048155
715.94,0.047660
716.43,0.047293
716.91,0.047139
717.39,0.047263
717.87,0.047678
718.35,0.048331
718.84,0.049104
719.32,0.049833
719.80,0.050348
720.28,0.050536
720.76,0.050360
721.25,0.049877
721.73,0.049200
722.21,0.048472
722.69,0.047816
723.17,0.047307
723.66,0.046977
724.14,0.046818
724.62,0.046809
725.10,0.046926
725.59,0.047151
726.07,0.047466
726.55,0.047842
727.03,0.048238
727.51,0.048604
728.00,0.048890
728.48,0.049069
728.96,0.049137
729.44,0.049113
729.92,0.049024
730.41,0.048889
730.89,0.048705
731.37,0.048448
731.85,0.048086
732.34,0.047600
732.82,0.047001
733.30,0.046341
733.78,0.045709
734.26,0.045199
734.75,0.044897
735.23,0.044850
735.71,0.045054
736.19,0.045461
736.67,0.045998
737.16,0.046588
737.64,0.047170
738.12,0.047707
738.60,0.048187
739.08,0.048611
739.57,0.048980
740.05,0.049288
740.53,0.049514
741.01,0.049629
741.50,0.049607
741.98,0.049428
742.46,0.049094
742.94,0.048624
743.42,0.048052
743.91,0.047417
744.39,0.046762
744.87,0.046124
745.35,0.045533
745.83,0.045015
746.32,0.044585
746.80,0.044250
747.28,0.044004
747.76,0.043827
748.25,0.043691
748.73,0.043567
749.21,0.043438
749.69,0.043302
750.17,0.043182
750.66,0.043119
751.14,0.043157
751.62,0.043333
752.10,0.043658
752.58,0.044115
753.07,0.044661
753.55,0.045238
754.03,0.045793
754.51,0.046288
754.99,0.046709
755.48,0.047062
755.96,0.047361
756.44,0.047608
756.92,0.047789
757.41,0.047868
757.89,0.047803
758.37,0.047552
758.85,0.047104
759.33,0.046476
759.82,0.045723
760.30,0.044925
760.78,0.044167
761.26,0.043531
761.74,0.043067
762.23,0.042787
762.71,0.042665
763.19,0.042646
763.67,0.042661
764.15,0.042647
764.64,0.042564
765.12,0.042401
765.60,0.042174
766.08,0.041914
766.57,0.041650
767.05,0.041399
767.53,0.041156
768.01,0.040899
768.49,0.040606
768.98,0.040271
769.46,0.039916
769.94,0.039593
770.42,0.039367
770.90,0.039297
771.39,0.039405
771.87,0.039662
772.35,0.039985
772.83,0.040263
773.32,0.040383
773.80,0.040266
774.28,0.039896
774.76,0.039326
775.24,0.038657
775.73,0.038005
776.21,0.037480
776.69,0.037148
777.17,0.037028
777.65,0.037099
778.14,0.037312
778.62,0.037620
779.10,0.037977
779.58,0.038349
780.06,0.038711
780.55,0.039036
781.03,0.039295
781.51,0.039465
781.99,0.039533
782.48,0.039510
782.96,0.039430
783.44,0.039342
783.92,0.039295
784.40,0.039320
784.89,0.039416
785.37,0.039551
785.85,0.039673
786.33,0.039732
786.81,0.039699
787.30,0.039580
787.78,0.039411
788.26,0.039245
788.74,0.039131
789.23,0.039096
789.71,0.039138
790.19,0.039225
790.67,0.039321
791.15,0.039395
791.64,0.039441
792.12,0.039481
792.60,0.039551
793.08,0.039695
793.56,0.039937
794.05,0.040277
794.53,0.040682
795.01,0.041103
795.49,0.041474
795.97,0.041734
796.46,0.041836
796.94,0.041754
797.42,0.041485
797.90,0.041056
798.39,0.040523
798.87,0.039965
799.35,0.039474
799.83,0.039138
800.31,0.039017
800.80,0.039118
801.28,0.039386
801.76,0.039718
802.24,0.039988
802.72,0.040082
803.21,0.039945
803.69,0.039601
804.17,0.039149
804.65,0.038723
805.13,0.038456
805.62,0.038432
806.10,0.038653
806.58,0.039040
807.06,0.039454
807.55,0.039754
808.03,0.039824
808.51,0.039613
808.99,0.039141
809.47,0.038483
809.96,0.037736
810.44,0.036987
810.92,0.036298
811.40,0.035702
811.88,0.035208
812.37,0.034826
812.85,0.034572
813.33,0.034478
813.81,0.034578
814.30,0.034896
814.78,0.035423
815.26,0.036107
815.74,0.036865
816.22,0.037591
816.71,0.038188
817.19,0.038598
817.67,0.038816
818.15,0.038884
818.63,0.038873
819.12,0.038856
819.60,0.038871
820.08,0.038909
820.56,0.038916
821.04,0.038812
821.53,0.038535
822.01,0.038066
822.49,0.037451
822.97,0.036787
823.46,0.036199
823.94,0.035792
824.42,0.035612
824.90,0.035636
825.38,0.035779
825.87,0.035922
826.35,0.035953
826.83,0.035806
827.31,0.035470
827.79,0.034992
828.28,0.034448
828.76,0.033926
829.24,0.033504
829.72,0.033235
830.21,0.033156
830.69,0.033282
831.17,0.033608
831.65,0.034110
832.13,0.034736
832.62,0.035419
833.10,0.036073
833.58,0.036621
834.06,0.037012
834.54,0.037230
835.03,0.037295
835.51,0.037249
835.99,0.037133
836.47,0.036969
836.95,0.036751
837.44,0.036456
837.92,0.036062
838.40,0.035576
838.88,0.035038
839.37,0.034520
839.85,0.034107
840.33,0.033871
840.81,0.033844
841.29,0.034018
841.78,0.034350
842.26,0.034784
842.74,0.035267
843.22,0.035766
843.70,0.036272
844.19,0.036789
844.67,0.037326
845.15,0.037881
845.63,0.038443
846.11,0.038991
846.60,0.039503
847.08,0.039955
847.56,0.040331
848.04,0.040621
848.53,0.040821
849.01,0.040934
849.49,0.040972
849.97,0.040954
850.45,0.040906
850.94,0.040851
851.42,0.040806
851.90,0.040774
852.38,0.040752
852.86,0.040736
853.35,0.040730
853.83,0.040756
854.31,0.040843
854.79,0.041023
855.27,0.041312
855.76,0.041704
856.24,0.042175
856.72,0.042698
857.20,0.043260
857.69,0.043884
858.17,0.044630
858.65,0.045574
859.13,0.046788
859.61,0.048307
860.10,0.050109
860.58,0.052121
861.06,0.054234
861.54,0.056345
862.02,0.058372
862.51,0.060282
862.99,0.062082
863.47,0.063809
863.95,0.065509
864.44,0.067223
864.92,0.068985
865.40,0.070826
865.88,0.072772
866.36,0.074839
866.85,0.077024
867.33,0.079286
867.81,0.081538
868.29,0.083670
868.77,0.085560
869.26,0.087115
869.74,0.088292
870.22,0.089106
870.70,0.089607
871.18,0.089848
871.67,0.089857
872.15,0.089616
872.63,0.089078
873.11,0.088188
873.60,0.086925
874.08,0.085314
874.56,0.083441
875.04,0.081424
875.52,0.079389
876.01,0.077446
876.49,0.075667
876.97,0.074076
877.45,0.072652
877.93,0.071337
878.42,0.070044
878.90,0.068668
879.38,0.067109
879.86,0.065279
880.35,0.063129
880.83,0.060661
881.31,0.057928
881.79,0.055027
882.27,0.052067
882.76,0.049159
883.24,0.046388
883.72,0.043803
884.20,0.041431
884.68,0.039282
885.17,0.037366
885.65,0.035701
886.13,0.034314
886.61,0.033232
887.09,0.032471
887.58,0.032023
888.06,0.031854
888.54,0.031897
889.02,0.032072
889.51,0.032296
889.99,0.032491
890.47,0.032612
890.95,0.032637
891.43,0.032575
891.92,0.032455
892.40,0.032316
892.88,0.032194
893.36,0.032104
893.84,0.032038
894.33,0.031966
894.81,0.031853
895.29,0.031673
895.77,0.031428
896.25,0.031150
896.74,0.030895
897.22,0.030718
897.70,0.030648
898.18,0.030673
898.67,0.030736
899.15,0.030757
899.63,0.030660
900.11,0.030412
900.59,0.030033
901.08,0.029603
901.56,0.029220
902.04,0.028981
902.52,0.028944
903.00,0.029111
903.49,0.029436
903.97,0.029850
904.45,0.030292
904.93,0.030724
905.42,0.031142
905.90,0.031560
906.38,0.031994
906.86,0.032440
907.34,0.032872
907.83,0.033240
908.31,0.033497
908.79,0.033609
909.27,0.033568
909.75,0.033395
910.24,0.033132
910.72,0.032825
911.20,0.032518
911.68,0.032245
912.16,0.032032
912.65,0.031897
913.13,0.031852
913.61,0.031902
914.09,0.032042
914.58,0.032259
915.06,0.032529
915.54,0.032828
916.02,0.033140
916.50,0.033460
916.99,0.033799
917.47,0.034172
917.95,0.034592
918.43,0.035052
918.91,0.035526
919.40,0.035970
919.88,0.036333
920.36,0.036571
920.84,0.036667
921.33,0.036639
921.81,0.036536
922.29,0.036431
922.77,0.036402
923.25,0.036518
923.74,0.036817
924.22,0.037307
924.70,0.037964
925.18,0.038747
925.66,0.039603
926.15,0.040482
926.63,0.041346
927.11,0.042167
927.59,0.042929
928.07,0.043624
928.56,0.044254
929.04,0.044831
929.52,0.045381
930.00,0.045938
930.49,0.046543
930.97,0.047227
931.45,0.048002
931.93,0.048849
932.41,0.049721
932.90,0.050556
933.38,0.051303
933.86,0.051938
934.34,0.052482
934.82,0.052994
935.31,0.053557
935.79,0.054247
936.27,0.055112
936.75,0.056159
937.23,0.057364
937.72,0.058685
938.20,0.060087
938.68,0.061549
939.16,0.063059
939.65,0.064604
940.13,0.066144
940.61,0.067621
941.09,0.068956
941.57,0.070093
942.06,0.071027
942.54,0.071822
943.02,0.072600
943.50,0.073513
943.98,0.074696
944.47,0.076218
944.95,0.078070
945.43,0.080175
945.91,0.082428
946.39,0.084730
946.88,0.087021
947.36,0.089287
947.84,0.091533
948.32,0.093759
948.81,0.095936
949.29,0.098005
949.77,0.099903
950.25,0.101598
950.73,0.103115
951.22,0.104536
951.70,0.105978
952.18,0.107566
952.66,0.109384
953.14,0.111461
953.63,0.113778
954.11,0.116289
954.59,0.118944
955.07,0.121703
955.56,0.124540
956.04,0.127416
956.52,0.130263
957.00,0.132984
957.48,0.135448
957.97,0.137533
958.45,0.139152
958.93,0.140274
959.41,0.140928
959.89,0.141190
960.38,0.141161
960.86,0.140941
961.34,0.140615
961.82,0.140244
962.30,0.139862
962.79,0.139476
963.27,0.139065
963.75,0.138592
964.23,0.138013
964.72,0.137293
965.20,0.136428
965.68,0.135458
966.16,0.134469
966.64,0.133568
967.13,0.132862
967.61,0.132430
968.09,0.132294
968.57,0.132425
969.05,0.132752
969.54,0.133198
970.02,0.133699
970.50,0.134226
970.98,0.134791
971.47,0.135430
971.95,0.136189
972.43,0.137100
972.91,0.138186
973.39,0.139451
973.88,0.140898
974.36,0.142536
974.84,0.144390
975.32,0.146495
975.80,0.148894
976.29,0.151623
976.77,0.154707
977.25,0.158147
977.73,0.161926
978.21,0.166008
978.70,0.170341
979.18,0.174875
979.66,0.179560
980.14,0.184360
980.63,0.189257
981.11,0.194251
981.59,0.199350
982.07,0.204565
982.55,0.209904
983.04,0.215367
983.52,0.220957
984.00,0.226685
984.48,0.232584
984.96,0.238698
985.45,0.245066
985.93,0.251701
986.41,0.258565
986.89,0.265567
987.37,0.272596
987.86,0.279544
988.34,0.286359
988.82,0.293062
989.30,0.299746
989.79,0.306532
990.27,0.313516
990.75,0.320739
991.23,0.328172
991.71,0.335745
992.20,0.343385
992.68,0.351057
993.16,0.358778
993.64,0.366589
994.12,0.374522
994.61,0.382556
995.09,0.390615
995.57,0.398593
996.05,0.406401
996.54,0.414004
997.02,0.421428
997.50,0.428736
997.98,0.435968
998.46,0.443103
998.95,0.450050
999.43,0.456681
999.91,0.462901
1000.39,0.468690
1000.87,0.474131
1001.36,0.479361
1001.84,0.484535
1002.32,0.489752
1002.80,0.495043
1003.28,0.500385
1003.77,0.505743
1004.25,0.511100
1004.73,0.516465
1005.21,0.521837
1005.70,0.527170
1006.18,0.532345
1006.66,0.537202
1007.14,0.541594
1007.62,0.545460
1008.11,0.548857
1008.59,0.551950
1009.07,0.554929
1009.55,0.557910
1010.03,0.560881
1010.52,0.563701
1011.00,0.566176
1011.48,0.568137
1011.96,0.569522
1012.45,0.570385
1012.93,0.570858
1013.41,0.571069
1013.89,0.571088
1014.37,0.570926
1014.86,0.570562
1015.34,0.569993
1015.82,0.569259
1016.30,0.568413
1016.78,0.567474
1017.27,0.566379
1017.75,0.564989
1018.23,0.563136
1018.71,0.560722
1019.20,0.557790
1019.68,0.554538
1020.16,0.551251
1020.64,0.548165
1021.12,0.545393
1021.61,0.542856
1022.09,0.540351
1022.57,0.537624
1023.05,0.534504
1023.53,0.530965
1024.02,0.527102
1024.50,0.523057
1024.98,0.518921
1025.46,0.514690
1025.94,0.510285
1026.43,0.505631
1026.91,0.500737
1027.39,0.495740
1027.87,0.490870
1028.36,0.486378
1028.84,0.482412
1029.32,0.478982
1029.80,0.475947
1030.28,0.473104
1030.77,0.470252
1031.25,0.467274
1031.73,0.464156
1032.21,0.460936
1032.69,0.457645
1033.18,0.454263
1033.66,0.450712
1034.14,0.446901
1034.62,0.442791
1035.10,0.438431
1035.59,0.433950
1036.07,0.429511
1036.55,0.425254
1037.03,0.421242
1037.52,0.417455
1038.00,0.413822
1038.48,0.410268
1038.96,0.406742
1039.44,0.403229
1039.93,0.399726
1040.41,0.396216
1040.89,0.392642
1041.37,0.388937
1041.85,0.385044
1042.34,0.380964
1042.82,0.376766
1043.30,0.372579
1043.78,0.368541
1044.27,0.364748
1044.75,0.361232
1045.23,0.357955
1045.71,0.354844
1046.19,0.351824
1046.67,0.348853
1047.16,0.345919
1047.64,0.343028
1048.12,0.340176
1048.60,0.337338
1049.09,0.334478
1049.57,0.331566
1050.05,0.328604
1050.53,0.325634
1051.01,0.322717
1051.50,0.319913
1051.98,0.317246
1052.46,0.314693
1052.94,0.312198
1053.42,0.309698
1053.91,0.307153
1054.39,0.304555
1054.87,0.301928
1055.35,0.299296
1055.84,0.296673
1056.32,0.294047
1056.80,0.291393
1057.28,0.288691
1057.76,0.285941
1058.25,0.283162
1058.73,0.280372
1059.21,0.277566
1059.69,0.274700
1060.17,0.271699
1060.66,0.268499
1061.14,0.265075
1061.62,0.261479
1062.10,0.257827
1062.59,0.254276
1063.07,0.250971
1063.55,0.247987
1064.03,0.245322
1064.51,0.242900
1065.00,0.240614
1065.48,0.238356
1065.96,0.236058
1066.44,0.233688
1066.92,0.231243
1067.41,0.228722
1067.89,0.226124
1068.37,0.223445
1068.85,0.220701
1069.34,0.217937
1069.82,0.215229
1070.30,0.212662
1070.78,0.210303
1071.26,0.208170
1071.74,0.206231
1072.23,0.204407
1072.71,0.202607
1073.19,0.200763
1073.67,0.198841
1074.16,0.196844
1074.64,0.194794
1075.12,0.192711
1075.60,0.190604
1076.08,0.188474
1076.57,0.186334
1077.05,0.184221
1077.53,0.182195
1078.01,0.180324
1078.49,0.178652
1078.98,0.177173
1079.46,0.175825
1079.94,0.174513
1080.42,0.173140
1080.91,0.171648
1081.39,0.170042
1081.87,0.168384
1082.35,0.166766
1082.83,0.165263
1083.32,0.163906
1083.80,0.162671
1084.28,0.161492
1084.76,0.160287
1085.24,0.158994
1085.73,0.157588
1086.21,0.156084
1086.69,0.154518
1087.17,0.152933
1087.65,0.151365
1088.14,0.149838
1088.62,0.148362
1089.10,0.146945
1089.58,0.145589
1090.07,0.144288
1090.55,0.143020
1091.03,0.141756
1091.51,0.140457
1091.99,0.139094
1092.48,0.137655
1092.96,0.136157
1093.44,0.134633
1093.92,0.133123
1094.40,0.131651
1094.89,0.130221
1095.37,0.128814
1095.85,0.127402
1096.33,0.125962
1096.82,0.124492
1097.30,0.123006
1097.78,0.121533
1098.26,0.120090
1098.74,0.118680
1099.23,0.117281
1099.71,0.115858
1100.19,0.114371
1100.67,0.112793
1101.15,0.111119
1101.64,0.109370
1102.12,0.107577
1102.60,0.105782
1103.08,0.104021
1103.57,0.102317
1104.05,0.100682
1104.53,0.099110
1105.01,0.097586
1105.49,0.096086
1105.98,0.094583
1106.46,0.093056
1106.94,0.091494
1107.42,0.089899
1107.90,0.088285
1108.39,0.086669
1108.87,0.085058
1109.35,0.083446
1109.83,0.081811
1110.32,0.080123
1110.80,0.078359
1111.28,0.076516
1111.76,0.074616
1112.24,0.072703
1112.72,0.070829
1113.21,0.069034
1113.69,0.067334
1114.17,0.065718
1114.65,0.064158
1115.14,0.062616
1115.62,0.061064
1116.10,0.059485
1116.58,0.057877
1117.06,0.056240
1117.55,0.054577
1118.03,0.052886
1118.51,0.051165
1118.99,0.049419
1119.47,0.047667
1119.96,0.045932
1120.44,0.044237
1120.92,0.042592
1121.40,0.040982
1121.88,0.039380
1122.37,0.037747
1122.85,0.036061
1123.33,0.034325
1123.81,0.032573
1124.30,0.030851
1124.78,0.029207
1125.26,0.027662
1125.74,0.026201
1126.22,0.024780
1126.71,0.023343
1127.19,0.021848
1127.67,0.020288
1128.15,0.018695
1128.63,0.017125
1129.12,0.015645
1129.60,0.014297
1130.08,0.013092
1130.56,0.012003
1131.05,0.010983
1131.53,0.009981
1132.01,0.008963
1132.49,0.007918
1132.97,0.006859
1133.46,0.005811
1133.94,0.004799
1134.42,0.003838
1134.90,0.002933
1135.38,0.002080
1135.87,0.001269
1136.35,0.000490
1136.83,-0.000265
1137.31,-0.001005
1137.80,-0.001734
1138.28,-0.002456
1138.76,-0.003166
1139.24,-0.003852
1139.72,-0.004498
1140.21,-0.005087
1140.69,-0.005610
1141.17,-0.006074
1141.65,-0.006503
1142.13,-0.006931
1142.62,-0.007391
1143.10,-0.007902
1143.58,-0.008463
1144.06,-0.009051
1144.55,-0.009630
1145.03,-0.010161
1145.51,-0.010617
1145.99,-0.010983
1146.47,-0.011262
1146.96,-0.011466
1147.44,-0.011613
1147.92,-0.011717
1148.40,-0.011795
1148.88,-0.011864
1149.37,-0.011942
1149.85,-0.012047
1150.33,-0.012192
1150.81,-0.012381
1151.30,-0.012609
1151.78,-0.012858
1152.26,-0.013111
1152.74,-0.013357
1153.22,-0.013597
1153.70,-0.013842
1154.19,-0.014110
1154.67,-0.014416
1155.15,-0.014763
1155.63,-0.015139
1156.12,-0.015523
1156.60,-0.015889
1157.08,-0.016215
1157.56,-0.016490
1158.04,-0.016711
1158.53,-0.016881
1159.01,-0.016999
1159.49,-0.017065
1159.97,-0.017078
1160.45,-0.017042
1160.94,-0.016972
1161.42,-0.016898
1161.90,-0.016856
1162.38,-0.016880
1162.87,-0.016992
1163.35,-0.017193
1163.83,-0.017461
1164.31,-0.017760
1164.79,-0.018050
1165.28,-0.018300
1165.76,-0.018496
1166.24,-0.018641
1166.72,-0.018750
1167.20,-0.018843
1167.69,-0.018930
1168.17,-0.019011
1168.65,-0.019077
1169.13,-0.019109
1169.62,-0.019094
1170.10,-0.019026
1170.58,-0.018910
1171.06,-0.018767
1171.54,-0.018623
1172.03,-0.018503
1172.51,-0.018429
1172.99,-0.018407
1173.47,-0.018429
1173.95,-0.018480
1174.44,-0.018540
1174.92,-0.018595
1175.40,-0.018643
1175.88,-0.018695
1176.37,-0.018772
1176.85,-0.018898
1177.33,-0.019089
1177.81,-0.019344
1178.29,-0.019649
1178.78,-0.019974
1179.26,-0.020282
1179.74,-0.020540
1180.22,-0.020723
1180.70,-0.020819
1181.19,-0.020831
1181.67,-0.020768
1182.15,-0.020646
1182.63,-0.020485
1183.11,-0.020303
1183.60,-0.020119
1184.08,-0.019949
1184.56,-0.019808
1185.04,-0.019704
1185.53,-0.019638
1186.01,-0.019605
1186.49,-0.019598
1186.97,-0.019609
1187.45,-0.019635
1187.94,-0.019675
1188.42,-0.019730
1188.90,-0.019801
1189.38,-0.019880
1189.86,-0.019954
1190.35,-0.020006
1190.83,-0.020026
1191.31,-0.020012
1191.79,-0.019978
1192.28,-0.019944
1192.76,-0.019937
1193.24,-0.019976
1193.72,-0.020065
1194.20,-0.020191
1194.68,-0.020328
1195.17,-0.020450
1195.65,-0.020536
1196.13,-0.020582
1196.61,-0.020600
1197.10,-0.020613
1197.58,-0.020646
1198.06,-0.020714
1198.54,-0.020822
1199.02,-0.020962
1199.51,-0.021116
1199.99,-0.021268
1200.47,-0.021404
1200.95,-0.021519
1201.43,-0.021612
1201.92,-0.021686
1202.40,-0.021742
1202.88,-0.021782
1203.36,-0.021805
1203.85,-0.021811
1204.33,-0.021805
1204.81,-0.021796
1205.29,-0.021792
1205.77,-0.021800
1206.26,-0.021822
1206.74,-0.021851
1207.22,-0.021874
1207.70,-0.021877
1208.18,-0.021850
1208.67,-0.021791
1209.15,-0.021705
1209.63,-0.021605
1210.11,-0.021506
1210.60,-0.021418
1211.08,-0.021348
1211.56,-0.021292
1212.04,-0.021246
1212.52,-0.021204
1213.01,-0.021164
1213.49,-0.021131
1213.97,-0.021112
1214.45,-0.021114
1214.93,-0.021140
1215.42,-0.021187
1215.90,-0.021252
1216.38,-0.021329
1216.86,-0.021413
1217.35,-0.021506
1217.83,-0.021607
1218.31,-0.021714
1218.79,-0.021817
1219.27,-0.021901
1219.76,-0.021949
1220.24,-0.021951
1220.72,-0.021908
1221.20,-0.021836
1221.68,-0.021768
1222.17,-0.021738
1222.65,-0.021769
1223.13,-0.021868
1223.61,-0.022018
1224.09,-0.022184
1224.58,-0.022319
1225.06,-0.022384
1225.54,-0.022358
1226.02,-0.022240
1226.51,-0.022050
1226.99,-0.021820
1227.47,-0.021589
1227.95,-0.021386
1228.43,-0.021234
1228.91,-0.021141
1229.40,-0.021107
1229.88,-0.021118
1230.36,-0.021152
1230.84,-0.021184
1231.33,-0.021188
1231.81,-0.021147
1232.29,-0.021061
1232.77,-0.020946
1233.26,-0.020835
1233.74,-0.020766
1234.22,-0.020765
1234.70,-0.020843
1235.18,-0.020986
1235.66,-0.021159
1236.15,-0.021321
1236.63,-0.021443
1237.11,-0.021516
1237.59,-0.021553
1238.08,-0.021585
1238.56,-0.021645
1239.04,-0.021756
1239.52,-0.021918
1240.00,-0.022113
1240.49,-0.022305
1240.97,-0.022458
1241.45,-0.022542
1241.93,-0.022538
1242.41,-0.022442
1242.90,-0.022260
1243.38,-0.022007
1243.86,-0.021704
1244.34,-0.021382
1244.83,-0.021073
1245.31,-0.020817
1245.79,-0.020648
1246.27,-0.020586
1246.75,-0.020631
1247.24,-0.020764
1247.72,-0.020953
1248.20,-0.021157
1248.68,-0.021340
1249.16,-0.021480
1249.65,-0.021566
1250.13,-0.021595
1250.61,-0.021571
1251.09,-0.021497
1251.58,-0.021373
1252.06,-0.021202
1252.54,-0.020994
1253.02,-0.020764
1253.50,-0.020536
1253.98,-0.020336
1254.47,-0.020182
1254.95,-0.020086
1255.43,-0.020049
1255.91,-0.020067
1256.40,-0.020129
1256.88,-0.020227
1257.36,-0.020350
1257.84,-0.020484
1258.33,-0.020613
1258.81,-0.020717
1259.29,-0.020777
1259.77,-0.020781
1260.25,-0.020733
1260.73,-0.020645
1261.22,-0.020541
1261.70,-0.020440
1262.18,-0.020353
1262.66,-0.020276
1263.15,-0.020194
1263.63,-0.020090
1264.11,-0.019956
1264.59,-0.019796
1265.07,-0.019630
1265.56,-0.019484
1266.04,-0.019381
1266.52,-0.019333
1267.00,-0.019334
1267.48,-0.019371
1267.97,-0.019424
1268.45,-0.019478
1268.93,-0.019523
1269.41,-0.019556
1269.89,-0.019575
1270.38,-0.019576
1270.86,-0.019553
1271.34,-0.019497
1271.82,-0.019406
1272.31,-0.019285
1272.79,-0.019148
1273.27,-0.019013
1273.75,-0.018901
1274.23,-0.018822
1274.72,-0.018779
1275.20,-0.018768
1275.68,-0.018781
1276.16,-0.018810
1276.64,-0.018856
1277.13,-0.018921
1277.61,-0.019011
1278.09,-0.019130
1278.57,-0.019277
1279.06,-0.019446
1279.54,-0.019626
1280.02,-0.019800
1280.50,-0.019954
1280.98,-0.020077
1281.47,-0.020160
1281.95,-0.020198
1282.43,-0.020194
1282.91,-0.020156
1283.39,-0.020095
1283.88,-0.020026
1284.36,-0.019962
1284.84,-0.019911
1285.32,-0.019874
1285.81,-0.019844
1286.29,-0.019810
1286.77,-0.019760
1287.25,-0.019690
1287.73,-0.019599
1288.22,-0.019497
1288.70,-0.019396
1289.18,-0.019306
1289.66,-0.019234
1290.14,-0.019180
1290.63,-0.019142
1291.11,-0.019114
1291.59,-0.019091
1292.07,-0.019068
1292.56,-0.019043
1293.04,-0.019013
1293.52,-0.018977
1294.00,-0.018936
1294.48,-0.018890
1294.96,-0.018844
1295.45,-0.018803
1295.93,-0.018766
1296.41,-0.018731
1296.89,-0.018688
1297.38,-0.018626
1297.86,-0.018531
1298.34,-0.018396
1298.82,-0.018223
1299.30,-0.018024
1299.79,-0.017815
1300.27,-0.017617
1300.75,-0.017448
1301.23,-0.017324
1301.71,-0.017254
1302.20,-0.017244
1302.68,-0.017292
1303.16,-0.017391
1303.64,-0.017526
1304.13,-0.017674
1304.61,-0.017807
1305.09,-0.017897
1305.57,-0.017925
1306.05,-0.017885
1306.54,-0.017791
1307.02,-0.017664
1307.50,-0.017534
1307.98,-0.017426
1308.46,-0.017353
1308.95,-0.017315
1309.43,-0.017301
1309.91,-0.017301
1310.39,-0.017301
1310.88,-0.017298
1311.36,-0.017290
1311.84,-0.017275
1312.32,-0.017247
1312.80,-0.017195
1313.29,-0.017106
1313.77,-0.016973
1314.25,-0.016795
1314.73,-0.016583
1315.21,-0.016358
1315.70,-0.016139
1316.18,-0.015943
1316.66,-0.015778
1317.14,-0.015648
1317.62,-0.015552
1318.11,-0.015488
1318.59,-0.015457
1319.07,-0.015459
1319.55,-0.015492
1320.04,-0.015552
1320.52,-0.015626
1321.00,-0.015698
1321.48,-0.015753
1321.96,-0.015776
1322.45,-0.015757
1322.93,-0.015689
1323.41,-0.015570
1323.89,-0.015403
1324.38,-0.015197
1324.86,-0.014966
1325.34,-0.014731
1325.82,-0.014515
1326.30,-0.014334
1326.79,-0.014195
1327.27,-0.014092
1327.75,-0.014006
1328.23,-0.013914
1328.71,-0.013797
1329.20,-0.013647
1329.68,-0.013472
1330.16,-0.013290
1330.64,-0.013123
1331.12,-0.012984
1331.61,-0.012873
1332.09,-0.012776
1332.57,-0.012673
1333.05,-0.012545
1333.54,-0.012386
1334.02,-0.012203
1334.50,-0.012015
1334.98,-0.011847
1335.46,-0.011719
1335.94,-0.011647
1336.43,-0.011632
1336.91,-0.011667
1337.39,-0.011734
1337.87,-0.011811
1338.36,-0.011869
1338.84,-0.011880
1339.32,-0.011819
1339.80,-0.011675
1340.28,-0.011455
1340.77,-0.011190
1341.25,-0.010918
1341.73,-0.010674
1342.21,-0.010480
1342.69,-0.010335
1343.18,-0.010221
1343.66,-0.010114
1344.14,-0.009984
1344.62,-0.009818
1345.11,-0.009609
1345.59,-0.009370
1346.07,-0.009116
1346.55,-0.008863
1347.03,-0.008616
1347.52,-0.008371
1348.00,-0.008112
1348.48,-0.007823
1348.96,-0.007493
1349.44,-0.007119
1349.93,-0.006706
1350.41,-0.006268
1350.89,-0.005821
1351.37,-0.005382
1351.86,-0.004965
1352.34,-0.004585
1352.82,-0.004250
1353.30,-0.003959
1353.78,-0.003705
1354.27,-0.003467
1354.75,-0.003217
1355.23,-0.002928
1355.71,-0.002579
1356.19,-0.002164
1356.68,-0.001690
1357.16,-0.001177
1357.64,-0.000649
1358.12,-0.000126
1358.61,0.000377
1359.09,0.000853
1359.57,0.001302
1360.05,0.001731
1360.53,0.002156
1361.02,0.002603
1361.50,0.003105
1361.98,0.003700
1362.46,0.004406
1362.94,0.005213
1363.43,0.006072
1363.91,0.006909
1364.39,0.007657
1364.87,0.008282
1365.35,0.008796
1365.84,0.009244
1366.32,0.009689
1366.80,0.010189
1367.28,0.010786
1367.77,0.011494
1368.25,0.012293
1368.73,0.013142
1369.21,0.013992
1369.69,0.014805
1370.18,0.015566
1370.66,0.016278
1371.14,0.016962
1371.62,0.017642
1372.10,0.018340
1372.59,0.019081
1373.07,0.019891
1373.55,0.020790
1374.03,0.021783
1374.52,0.022847
1375.00,0.023931
1375.48,0.024971
1375.96,0.025922
1376.44,0.026781
1376.92,0.027588
1377.41,0.028409
1377.89,0.029309
1378.37,0.030335
1378.85,0.031487
1379.34,0.032724
1379.82,0.033969
1380.30,0.035154
1380.78,0.036237
1381.26,0.037224
1381.75,0.038153
1382.23,0.039078
1382.71,0.040038
1383.19,0.041043
1383.67,0.042080
1384.16,0.043128
1384.64,0.044177
1385.12,0.045242
1385.60,0.046362
1386.09,0.047575
1386.57,0.048904
1387.05,0.050324
1387.53,0.051768
1388.01,0.053148
1388.50,0.054406
1388.98,0.055536
1389.46,0.056583
1389.94,0.057601
1390.42,0.058626
1390.91,0.059656
1391.39,0.060667
1391.87,0.061619
1392.35,0.062489
1392.84,0.063281
1393.32,0.064030
1393.80,0.064793
1394.28,0.065623
1394.76,0.066542
1395.25,0.067524
1395.73,0.068506
1396.21,0.069429
1396.69,0.070272
1397.17,0.071060
1397.66,0.071852
1398.14,0.072711
1398.62,0.073675
1399.10,0.074743
1399.59,0.075871
1400.07,0.076991
1400.55,0.078036
1401.03,0.078973
1401.51,0.079797
1401.99,0.080526
1402.48,0.081184
1402.96,0.081796
1403.44,0.082390
1403.92,0.082993
1404.41,0.083628
1404.89,0.084310
1405.37,0.085025
1405.85,0.085736
1406.33,0.086393
1406.82,0.086955
1407.30,0.087410
1407.78,0.087778
1408.26,0.088101
1408.74,0.088423
1409.23,0.088775
1409.71,0.089161
1410.19,0.089555
1410.67,0.089918
1411.16,0.090214
1411.64,0.090425
1412.12,0.090560
1412.60,0.090644
1413.08,0.090702
1413.57,0.090743
1414.05,0.090761
1414.53,0.090736
1415.01,0.090655
1415.49,0.090520
1415.98,0.090354
1416.46,0.090194
1416.94,0.090078
1417.42,0.090030
1417.90,0.090044
1418.39,0.090073
1418.87,0.090035
1419.35,0.089843
1419.83,0.089439
1420.32,0.088835
1420.80,0.088087
1421.28,0.087262
1421.76,0.086405
1422.24,0.085546
1422.73,0.084707
1423.21,0.083903
1423.69,0.083149
1424.17,0.082448
1424.65,0.081784
1425.14,0.081125
1425.62,0.080439
1426.10,0.079713
1426.58,0.078961
1427.07,0.078225
1427.55,0.077554
1428.03,0.076997
1428.51,0.076581
1428.99,0.076296
1429.48,0.076097
1429.96,0.075913
1430.44,0.075683
1430.92,0.075367
1431.40,0.074968
1431.89,0.074508
1432.37,0.074017
1432.85,0.073510
1433.33,0.072989
1433.82,0.072457
1434.30,0.071922
1434.78,0.071410
1435.26,0.070964
1435.74,0.070635
1436.23,0.070460
1436.71,0.070433
1437.19,0.070492
1437.67,0.070544
1438.15,0.070529
1438.64,0.070448
1439.12,0.070348
1439.60,0.070280
1440.08,0.070273
1440.57,0.070330
1441.05,0.070428
1441.53,0.070533
1442.01,0.070613
1442.49,0.070651
1442.97,0.070646
1443.46,0.070608
1443.94,0.070543
1444.42,0.070445
1444.90,0.070302
1445.39,0.070106
1445.87,0.069869
1446.35,0.069630
1446.83,0.069442
1447.31,0.069358
1447.80,0.069398
1448.28,0.069529
1448.76,0.069671
1449.24,0.069731
1449.72,0.069658
1450.21,0.069450
1450.69,0.069150
1451.17,0.068812
1451.65,0.068474
1452.13,0.068145
1452.62,0.067803
1453.10,0.067407
1453.58,0.066932
1454.06,0.066375
1454.55,0.065770
1455.03,0.065177
1455.51,0.064672
1455.99,0.064334
1456.47,0.064222
1456.96,0.064330
1457.44,0.064551
1457.92,0.064717
1458.40,0.064699
1458.88,0.064489
1459.37,0.064150
1459.85,0.063745
1460.33,0.063305
1460.81,0.062842
1461.30,0.062365
1461.78,0.061889
1462.26,0.061442
1462.74,0.061065
1463.22,0.060804
1463.71,0.060696
1464.19,0.060765
1464.67,0.060992
1465.15,0.061319
1465.63,0.061655
1466.12,0.061924
1466.60,0.062085
1467.08,0.062137
1467.56,0.062095
1468.05,0.061975
1468.53,0.061789
1469.01,0.061547
1469.49,0.061267
1469.97,0.060975
1470.46,0.060707
1470.94,0.060501
1471.42,0.060392
1471.90,0.060390
1472.38,0.060464
1472.87,0.060535
1473.35,0.060514
1473.83,0.060345
1474.31,0.060038
1474.80,0.059644
1475.28,0.059215
1475.76,0.058786
1476.24,0.058370
1476.72,0.057964
1477.20,0.057557
1477.69,0.057137
1478.17,0.056691
1478.65,0.056209
1479.13,0.055688
1479.62,0.055129
1480.10,0.054541
1480.58,0.053943
1481.06,0.053364
1481.55,0.052824
1482.03,0.052336
1482.51,0.051889
1482.99,0.051458
1483.47,0.051013
1483.95,0.050531
1484.44,0.050012
1484.92,0.049473
1485.40,0.048940
1485.88,0.048443
1486.37,0.048004
1486.85,0.047630
1487.33,0.047317
1487.81,0.047052
1488.29,0.046834
1488.78,0.046673
1489.26,0.046592
1489.74,0.046596
1490.22,0.046654
1490.70,0.046690
1491.19,0.046622
1491.67,0.046394
1492.15,0.046006
1492.63,0.045502
1493.12,0.044943
1493.60,0.044388
1494.08,0.043881
1494.56,0.043453
1495.04,0.043121
1495.53,0.042886
1496.01,0.042729
1496.49,0.042614
1496.97,0.042495
1497.45,0.042329
1497.94,0.042095
1498.42,0.041799
1498.90,0.041456
1499.38,0.041084
1499.87,0.040685
1500.35,0.040252
1500.83,0.039765
1501.31,0.039207
1501.79,0.038565
1502.28,0.037840
1502.76,0.037049
1503.24,0.036222
1503.72,0.035390
1504.20,0.034594
1504.69,0.033868
1505.17,0.033238
1505.65,0.032716
1506.13,0.032292
1506.62,0.031916
1507.10,0.031490
1507.58,0.030937
1508.06,0.030264
1508.54,0.029549
1509.03,0.028860
1509.51,0.028215
1509.99,0.027601
1510.47,0.026999
1510.95,0.026391
1511.44,0.025767
1511.92,0.025119
1512.40,0.024446
1512.88,0.023749
1513.36,0.023036
1513.85,0.022327
1514.33,0.021655
1514.81,0.021057
1515.29,0.020581
1515.78,0.020263
1516.26,0.020103
1516.74,0.020040
1517.22,0.019948
1517.70,0.019692
1518.18,0.019184
1518.67,0.018433
1519.15,0.017517
1519.63,0.016544
1520.11,0.015617
1520.60,0.014828
1521.08,0.014251
1521.56,0.013915
1522.04,0.013769
1522.52,0.013688
1523.01,0.013558
1523.49,0.013317
1523.97,0.012965
1524.45,0.012525
1524.93,0.012015
1525.42,0.011446
1525.90,0.010829
1526.38,0.010189
1526.86,0.009565
1527.35,0.008997
1527.83,0.008512
1528.31,0.008106
1528.79,0.007744
1529.27,0.007379
1529.76,0.006967
1530.24,0.006482
1530.72,0.005927
1531.20,0.005325
1531.68,0.004724
1532.17,0.004190
1532.65,0.003794
1533.13,0.003603
1533.61,0.003629
1534.10,0.003806
1534.58,0.003985
1535.06,0.004026
1535.54,0.003870
1536.02,0.003526
1536.51,0.003044
1536.99,0.002468
1537.47,0.001839
1537.95,0.001189
1538.43,0.000542
1538.92,-0.000066
1539.40,-0.000594
1539.88,-0.000988
1540.36,-0.001205
1540.85,-0.001235
1541.33,-0.001118
1541.81,-0.000913
1542.29,-0.000666
1542.77,-0.000397
1543.26,-0.000115
1543.74,0.000166
1544.22,0.000417
1544.70,0.000592
1545.18,0.000640
1545.67,0.000529
1546.15,0.000257
1546.63,-0.000142
1547.11,-0.000615
1547.59,-0.001115
1548.08,-0.001601
1548.56,-0.002041
1549.04,-0.002415
1549.52,-0.002717
1550.01,-0.002962
1550.49,-0.003178
1550.97,-0.003402
1551.45,-0.003654
1551.93,-0.003933
1552.42,-0.004215
1552.90,-0.004466
1553.38,-0.004658
1553.86,-0.004780
1554.34,-0.004855
1554.83,-0.004934
1555.31,-0.005085
1555.79,-0.005364
1556.27,-0.005791
1556.76,-0.006349
1557.24,-0.006984
1557.72,-0.007607
1558.20,-0.008050
1558.68,-0.008068
1559.16,-0.007451
1559.65,-0.006352
1560.13,-0.005326
1560.61,-0.004785
1561.09,-0.004729
1561.58,-0.004974
1562.06,-0.005363
1562.54,-0.005799
1563.02,-0.006227
1563.50,-0.006606
1563.99,-0.006900
1564.47,-0.007086
1564.95,-0.007156
1565.43,-0.007137
1565.91,-0.007081
1566.40,-0.007051
1566.88,-0.007091
1567.36,-0.007215
1567.84,-0.007394
1568.33,-0.007574
1568.81,-0.007678
1569.29,-0.007634
1569.77,-0.007418
1570.25,-0.007087
1570.74,-0.006769
1571.22,-0.006584
1571.70,-0.006585
1572.18,-0.006762
1572.66,-0.007060
1573.15,-0.007420
1573.63,-0.007785
1574.11,-0.008111
1574.59,-0.008356
1575.08,-0.008478
1575.56,-0.008439
1576.04,-0.008216
1576.52,-0.007833
1577.00,-0.007370
1577.49,-0.006943
1577.97,-0.006633
1578.45,-0.006458
1578.93,-0.006393
1579.41,-0.006392
1579.90,-0.006416
1580.38,-0.006436
1580.86,-0.006437
1581.34,-0.006420
1581.83,-0.006397
1582.31,-0.006383
1582.79,-0.006388
1583.27,-0.006407
1583.75,-0.006423
1584.23,-0.006413
1584.72,-0.006354
1585.20,-0.006239
1585.68,-0.006077
1586.16,-0.005893
1586.65,-0.005715
1587.13,-0.005570
1587.61,-0.005477
1588.09,-0.005443
1588.57,-0.005471
1589.06,-0.005559
1589.54,-0.005701
1590.02,-0.005884
1590.50,-0.006085
1590.98,-0.006273
1591.47,-0.006409
1591.95,-0.006460
1592.43,-0.006408
1592.91,-0.006260
1593.40,-0.006046
1593.88,-0.005816
1594.36,-0.005620
1594.84,-0.005496
1595.32,-0.005458
1595.81,-0.005494
1596.29,-0.005577
1596.77,-0.005678
1597.25,-0.005773
1597.73,-0.005854
1598.22,-0.005919
1598.70,-0.005968
1599.18,-0.005992
1599.66,-0.005975
1600.14,-0.005901
1600.63,-0.005758
1601.11,-0.005552
1601.59,-0.005304
1602.07,-0.005050
1602.56,-0.004828
1603.04,-0.004666
1603.52,-0.004574
1604.00,-0.004539
1604.48,-0.004532
1604.97,-0.004522
1605.45,-0.004480
1605.93,-0.004396
1606.41,-0.004272
1606.89,-0.004130
1607.38,-0.004000
1607.86,-0.003911
1608.34,-0.003886
1608.82,-0.003926
1609.31,-0.004005
1609.79,-0.004081
1610.27,-0.004106
1610.75,-0.004044
1611.23,-0.003887
1611.72,-0.003660
1612.20,-0.003418
1612.68,-0.003223
1613.16,-0.003121
1613.64,-0.003130
1614.13,-0.003232
1614.61,-0.003374
1615.09,-0.003474
1615.57,-0.003440
1616.06,-0.003195
1616.54,-0.002723
1617.02,-0.002105
1617.50,-0.001509
1617.98,-0.001100
1618.47,-0.000944
1618.95,-0.001000
1619.43,-0.001176
1619.91,-0.001389
1620.39,-0.001579
1620.88,-0.001717
1621.36,-0.001795
1621.84,-0.001814
1622.32,-0.001777
1622.81,-0.001685
1623.29,-0.001543
1623.77,-0.001363
1624.25,-0.001169
1624.73,-0.000990
1625.21,-0.000846
1625.70,-0.000740
1626.18,-0.000657
1626.66,-0.000573
1627.14,-0.000460
1627.63,-0.000300
1628.11,-0.000091
1628.59,0.000147
1629.07,0.000377
1629.55,0.000562
1630.04,0.000680
1630.52,0.000726
1631.00,0.000706
1631.48,0.000629
1631.96,0.000496
1632.45,0.000303
1632.93,0.000046
1633.41,-0.000274
1633.89,-0.000640
1634.38,-0.001003
1634.86,-0.001289
1635.34,-0.001404
1635.82,-0.001284
1636.30,-0.000966
1636.79,-0.000606
1637.27,-0.000381
1637.75,-0.000365
1638.23,-0.000520
1638.71,-0.000746
1639.20,-0.000948
1639.68,-0.001054
1640.16,-0.001026
1640.64,-0.000869
1641.12,-0.000621
1641.61,-0.000346
1642.09,-0.000110
1642.57,0.000035
1643.05,0.000060
1643.54,-0.000037
1644.02,-0.000239
1644.50,-0.000517
1644.98,-0.000834
1645.46,-0.001133
1645.95,-0.001347
1646.43,-0.001399
1646.91,-0.001250
1647.39,-0.000942
1647.88,-0.000620
1648.36,-0.000455
1648.84,-0.000537
1649.32,-0.000859
1649.80,-0.001355
1650.29,-0.001947
1650.77,-0.002559
1651.25,-0.003117
1651.73,-0.003538
1652.21,-0.003705
1652.70,-0.003468
1653.18,-0.002725
1653.66,-0.001627
1654.14,-0.000647
1654.62,-0.000172
1655.11,-0.000205
1655.59,-0.000530
1656.07,-0.000969
1656.55,-0.001430
1657.04,-0.001882
1657.52,-0.002323
1658.00,-0.002761
1658.48,-0.003205
1658.96,-0.003659
1659.45,-0.004124
1659.93,-0.004596
1660.41,-0.005063
1660.89,-0.005509
1661.37,-0.005911
1661.86,-0.006239
1662.34,-0.006467
1662.82,-0.006583
1663.30,-0.006605
1663.79,-0.006577
1664.27,-0.006552
1664.75,-0.006568
1665.23,-0.006633
1665.71,-0.006731
1666.19,-0.006834
1666.68,-0.006917
1667.16,-0.006966
1667.64,-0.006975
1668.12,-0.006953
1668.61,-0.006920
1669.09,-0.006905
1669.57,-0.006932
1670.05,-0.007018
1670.53,-0.007168
1671.02,-0.007381
1671.50,-0.007652
1671.98,-0.007971
1672.46,-0.008314
1672.94,-0.008647
1673.43,-0.008915
1673.91,-0.009062
1674.39,-0.009029
1674.87,-0.008791
1675.36,-0.008394
1675.84,-0.007976
1676.32,-0.007712
1676.80,-0.007721
1677.28,-0.008011
1677.77,-0.008505
1678.25,-0.009099
1678.73,-0.009697
1679.21,-0.010233
1679.69,-0.010671
1680.18,-0.011006
1680.66,-0.011256
1681.14,-0.011456
1681.62,-0.011630
1682.11,-0.011783
1682.59,-0.011887
1683.07,-0.011894
1683.55,-0.011753
1684.03,-0.011468
1684.52,-0.011158
1685.00,-0.011037
1685.48,-0.011268
1685.96,-0.011820
1686.44,-0.012556
1686.93,-0.013345
1687.41,-0.014110
1687.89,-0.014806
1688.37,-0.015402
1688.86,-0.015877
1689.34,-0.016217
1689.82,-0.016423
1690.30,-0.016517
1690.78,-0.016543
1691.27,-0.016556
1691.75,-0.016603
1692.23,-0.016713
1692.71,-0.016894
1693.19,-0.017127
1693.68,-0.017376
1694.16,-0.017585
1694.64,-0.017694
1695.12,-0.017646
1695.60,-0.017425
1696.09,-0.017092
1696.57,-0.016805
1697.05,-0.016731
1697.53,-0.016943
1698.02,-0.017399
1698.50,-0.017986
1698.98,-0.018575
1699.46,-0.019025
1699.94,-0.019217
1700.43,-0.019100
1700.91,-0.018781
1701.39,-0.018488
1701.87,-0.018426
1702.35,-0.018647
1702.84,-0.019080
1703.32,-0.019625
1703.80,-0.020193
1704.28,-0.020716
1704.77,-0.021136
1705.25,-0.021412
1705.73,-0.021526
1706.21,-0.021497
1706.69,-0.021380
1707.17,-0.021236
1707.66,-0.021115
1708.14,-0.021042
1708.62,-0.021028
1709.10,-0.021076
1709.59,-0.021193
1710.07,-0.021383
1710.55,-0.021650
1711.03,-0.021988
1711.51,-0.022383
1712.00,-0.022812
1712.48,-0.023253
1712.96,-0.023683
1713.44,-0.024078
1713.92,-0.024417
1714.41,-0.024674
1714.89,-0.024823
1715.37,-0.024835
1715.85,-0.024684
1716.34,-0.024349
1716.82,-0.023833
1717.30,-0.023178
1717.78,-0.022494
1718.26,-0.021937
1718.75,-0.021658
1719.23,-0.021715
1719.71,-0.022060
1720.19,-0.022586
1720.67,-0.023190
1721.16,-0.023790
1721.64,-0.024323
1722.12,-0.024748
1722.60,-0.025032
1723.09,-0.025160
1723.57,-0.025138
1724.05,-0.025004
1724.53,-0.024815
1725.01,-0.024635
1725.50,-0.024513
1725.98,-0.024477
1726.46,-0.024527
1726.94,-0.024646
1727.42,-0.024807
1727.91,-0.024983
1728.39,-0.025147
1728.87,-0.025277
1729.35,-0.025362
1729.84,-0.025400
1730.32,-0.025404
1730.80,-0.025394
1731.28,-0.025395
1731.76,-0.025427
1732.24,-0.025501
1732.73,-0.025613
1733.21,-0.025750
1733.69,-0.025894
1734.17,-0.026029
1734.66,-0.026156
1735.14,-0.026297
1735.62,-0.026476
1736.10,-0.026690
1736.58,-0.026918
1737.07,-0.027122
1737.55,-0.027262
1738.03,-0.027297
1738.51,-0.027194
1738.99,-0.026945
1739.48,-0.026586
1739.96,-0.026200
1740.44,-0.025889
1740.92,-0.025730
1741.40,-0.025732
1741.89,-0.025845
1742.37,-0.025993
1742.85,-0.026110
1743.33,-0.026166
1743.82,-0.026172
1744.30,-0.026175
1744.78,-0.026238
1745.26,-0.026409
1745.74,-0.026701
1746.23,-0.027088
1746.71,-0.027515
1747.19,-0.027918
1747.67,-0.028233
1748.15,-0.028415
1748.64,-0.028451
1749.12,-0.028361
1749.60,-0.028187
1750.08,-0.027974
1750.57,-0.027766
1751.05,-0.027592
1751.53,-0.027470
1752.01,-0.027415
1752.49,-0.027428
1752.98,-0.027503
1753.46,-0.027623
1753.94,-0.027763
1754.42,-0.027896
1754.90,-0.027994
1755.39,-0.028036
1755.87,-0.028007
1756.35,-0.027915
1756.83,-0.027785
1757.32,-0.027663
1757.80,-0.027595
1758.28,-0.027610
1758.76,-0.027703
1759.24,-0.027845
1759.73,-0.027999
1760.21,-0.028121
1760.69,-0.028175
1761.17,-0.028135
1761.65,-0.027994
1762.14,-0.027768
1762.62,-0.027495
1763.10,-0.027229
1763.58,-0.027015
1764.07,-0.026876
1764.55,-0.026816
1765.03,-0.026828
1765.51,-0.026900
1765.99,-0.027020
1766.47,-0.027182
1766.96,-0.027381
1767.44,-0.027612
1767.92,-0.027872
1768.40,-0.028153
1768.89,-0.028444
1769.37,-0.028729
1769.85,-0.028989
1770.33,-0.029203
1770.82,-0.029348
1771.30,-0.029403
1771.78,-0.029359
1772.26,-0.029236
1772.74,-0.029088
1773.22,-0.028985
1773.71,-0.028974
1774.19,-0.029053
1774.67,-0.029174
1775.15,-0.029277
1775.64,-0.029307
1776.12,-0.029237
1776.60,-0.029071
1777.08,-0.028842
1777.56,-0.028601
1778.05,-0.028397
1778.53,-0.028265
1779.01,-0.028211
1779.49,-0.028216
1779.97,-0.028245
1780.46,-0.028264
1780.94,-0.028247
1781.42,-0.028191
1781.90,-0.028108
1782.38,-0.028016
1782.87,-0.027922
1783.35,-0.027825
1783.83,-0.027717
1784.31,-0.027595
1784.80,-0.027474
1785.28,-0.027388
1785.76,-0.027379
1786.24,-0.027483
1786.72,-0.027712
1787.21,-0.028049
1787.69,-0.028454
1788.17,-0.028879
1788.65,-0.029283
1789.13,-0.029631
1789.62,-0.029900
1790.10,-0.030077
1790.58,-0.030145
1791.06,-0.030087
1791.55,-0.029885
1792.03,-0.029542
1792.51,-0.029096
1792.99,-0.028630
1793.47,-0.028253
1793.96,-0.028052
1794.44,-0.028059
1794.92,-0.028256
1795.40,-0.028591
1795.88,-0.028996
1796.37,-0.029399
1796.85,-0.029736
1797.33,-0.029959
1797.81,-0.030040
1798.30,-0.029973
1798.78,-0.029771
1799.26,-0.029461
1799.74,-0.029078
1800.22,-0.028663
1800.71,-0.028266
1801.19,-0.027933
1801.67,-0.027705
1802.15,-0.027600
1802.63,-0.027611
1803.12,-0.027712
1803.60,-0.027869
1804.08,-0.028052
1804.56,-0.028239
1805.05,-0.028422
1805.53,-0.028599
1806.01,-0.028774
1806.49,-0.028947
1806.97,-0.029115
1807.45,-0.029267
1807.94,-0.029388
1808.42,-0.029465
1808.90,-0.029490
1809.38,-0.029466
1809.87,-0.029409
1810.35,-0.029341
1810.83,-0.029284
1811.31,-0.029256
1811.79,-0.029259
1812.28,-0.029283
1812.76,-0.029305
1813.24,-0.029295
1813.72,-0.029235
1814.20,-0.029114
1814.69,-0.028941
1815.17,-0.028738
1815.65,-0.028541
1816.13,-0.028390
1816.62,-0.028318
1817.10,-0.028342
1817.58,-0.028454
1818.06,-0.028624
1818.54,-0.028812
1819.03,-0.028985
1819.51,-0.029134
1819.99,-0.029276
1820.47,-0.029445
1820.95,-0.029673
1821.44,-0.029977
1821.92,-0.030345
1822.40,-0.030729
1822.88,-0.031065
1823.37,-0.031284
1823.85,-0.031333
1824.33,-0.031190
1824.81,-0.030880
1825.29,-0.030472
1825.78,-0.030055
1826.26,-0.029700
1826.74,-0.029435
1827.22,-0.029236
1827.70,-0.029050
1828.19,-0.028817
1828.67,-0.028495
1829.15,-0.028077
1829.63,-0.027604
1830.12,-0.027158
1830.60,-0.026843
1831.08,-0.026733
1831.56,-0.026839
1832.04,-0.027112
1832.53,-0.027473
1833.01,-0.027851
1833.49,-0.028190
1833.97,-0.028455
1834.45,-0.028627
1834.94,-0.028701
1835.42,-0.028687
1835.90,-0.028607
1836.38,-0.028498
1836.87,-0.028409
1837.35,-0.028385
1837.83,-0.028462
1838.31,-0.028658
1838.79,-0.028964
1839.28,-0.029348
1839.76,-0.029765
1840.24,-0.030170
1840.72,-0.030530
1841.20,-0.030827
1841.69,-0.031051
1842.17,-0.031192
1842.65,-0.031227
1843.13,-0.031119
1843.61,-0.030825
1844.10,-0.030325
1844.58,-0.029656
1845.06,-0.028924
1845.54,-0.028271
1846.03,-0.027827
1846.51,-0.027650
1846.99,-0.027726
1847.47,-0.027980
1847.95,-0.028314
1848.43,-0.028631
1848.92,-0.028853
1849.40,-0.028946
1849.88,-0.028919
1850.36,-0.028818
1850.85,-0.028698
1851.33,-0.028611
1851.81,-0.028583
1852.29,-0.028622
1852.77,-0.028726
1853.26,-0.028893
1853.74,-0.029129
1854.22,-0.029437
1854.70,-0.029813
1855.18,-0.030224
1855.67,-0.030610
1856.15,-0.030889
1856.63,-0.030983
1857.11,-0.030836
1857.60,-0.030442
1858.08,-0.029845
1858.56,-0.029134
1859.04,-0.028412
1859.52,-0.027761
1860.01,-0.027231
1860.49,-0.026836
1860.97,-0.026571
1861.45,-0.026429
1861.93,-0.026422
1862.42,-0.026571
1862.90,-0.026900
1863.38,-0.027412
1863.86,-0.028080
1864.35,-0.028847
1864.83,-0.029636
1865.31,-0.030365
1865.79,-0.030967
1866.27,-0.031404
1866.76,-0.031664
1867.24,-0.031753
1867.72,-0.031684
1868.20,-0.031470
1868.68,-0.031131
1869.17,-0.030703
1869.65,-0.030250
1870.13,-0.029846
1870.61,-0.029547
1871.10,-0.029371
1871.58,-0.029288
1872.06,-0.029240
1872.54,-0.029160
1873.02,-0.028996
1873.51,-0.028728
1873.99,-0.028374
1874.47,-0.027986
1874.95,-0.027634
1875.43,-0.027386
1875.92,-0.027276
1876.40,-0.027304
1876.88,-0.027433
1877.36,-0.027610
1877.84,-0.027777
1878.33,-0.027898
1878.81,-0.027968
1879.29,-0.028009
1879.77,-0.028065
1880.26,-0.028188
1880.74,-0.028422
1881.22,-0.028790
1881.70,-0.029285
1882.18,-0.029865
1882.67,-0.030464
1883.15,-0.031005
1883.63,-0.031411
1884.11,-0.031633
1884.59,-0.031660
1885.08,-0.031529
1885.56,-0.031305
1886.04,-0.031069
1886.52,-0.030878
1887.01,-0.030749
1887.49,-0.030658
1887.97,-0.030550
1888.45,-0.030376
1888.93,-0.030117
1889.41,-0.029805
1889.90,-0.029525
1890.38,-0.029384
1890.86,-0.029453
1891.34,-0.029737
1891.83,-0.030166
1892.31,-0.030630
1892.79,-0.031018
1893.27,-0.031249
1893.75,-0.031296
1894.24,-0.031189
1894.72,-0.030997
1895.20,-0.030798
1895.68,-0.030647
1896.16,-0.030551
1896.65,-0.030472
1897.13,-0.030340
1897.61,-0.030093
1898.09,-0.029707
1898.58,-0.029208
1899.06,-0.028665
1899.54,-0.028171
1900.02,-0.027825
1900.50,-0.027700
1900.99,-0.027823
1901.47,-0.028176
1901.95,-0.028692
1902.43,-0.029284
1902.91,-0.029847
1903.40,-0.030290
1903.88,-0.030540
1904.36,-0.030549
1904.84,-0.030312
1905.33,-0.029857
1905.81,-0.029254
1906.29,-0.028591
1906.77,-0.027972
1907.25,-0.027496
1907.74,-0.027232
1908.22,-0.027208
1908.70,-0.027398
1909.18,-0.027723
1909.66,-0.028065
1910.15,-0.028305
1910.63,-0.028361
1911.11,-0.028212
1911.59,-0.027912
1912.08,-0.027567
1912.56,-0.027319
1913.04,-0.027289
1913.52,-0.027557
1914.00,-0.028132
1914.48,-0.028957
1914.97,-0.029908
1915.45,-0.030822
1915.93,-0.031535
1916.41,-0.031903
1916.90,-0.031834
1917.38,-0.031309
1917.86,-0.030400
1918.34,-0.029269
1918.82,-0.028120
1919.31,-0.027163
1919.79,-0.026537
1920.27,-0.026282
1920.75,-0.026361
1921.23,-0.026693
1921.72,-0.027202
1922.20,-0.027818
1922.68,-0.028497
1923.16,-0.029201
1923.65,-0.029892
1924.13,-0.030523
1924.61,-0.031038
1925.09,-0.031384
1925.57,-0.031518
1926.06,-0.031416
1926.54,-0.031076
1927.02,-0.030523
1927.50,-0.029813
1927.98,-0.029026
1928.47,-0.028248
1928.95,-0.027567
1929.43,-0.027054
1929.91,-0.026759
1930.39,-0.026711
1930.88,-0.026907
1931.36,-0.027308
1931.84,-0.027834
1932.32,-0.028373
1932.81,-0.028816
1933.29,-0.029068
1933.77,-0.029092
1934.25,-0.028912
1934.73,-0.028611
1935.22,-0.028300
1935.70,-0.028080
1936.18,-0.028006
1936.66,-0.028067
1937.14,-0.028196
1937.63,-0.028309
1938.11,-0.028339
1938.59,-0.028267
1939.07,-0.028129
1939.56,-0.027989
1940.04,-0.027910
1940.52,-0.027920
1941.00,-0.027999
1941.48,-0.028094
1941.97,-0.028154
1942.45,-0.028171
1942.93,-0.028201
1943.41,-0.028354
1943.89,-0.028735
1944.38,-0.029386
1944.86,-0.030240
1945.34,-0.031138
1945.82,-0.031849
1946.31,-0.032158
1946.79,-0.031925
1947.27,-0.031141
1947.75,-0.029946
1948.23,-0.028600
1948.72,-0.027415
1949.20,-0.026644
1949.68,-0.026457
1950.16,-0.026881
1950.64,-0.027811
1951.13,-0.029020
1951.61,-0.030224
1952.09,-0.031162
1952.57,-0.031626
1953.06,-0.031513
1953.54,-0.030833
1954.02,-0.029703
1954.50,-0.028319
1954.98,-0.026913
1955.46,-0.025717
1955.95,-0.024887
1956.43,-0.024486
1956.91,-0.024467
1957.39,-0.024699
1957.88,-0.024988
1958.36,-0.025118
1958.84,-0.024925
1959.32,-0.024326
1959.80,-0.023362
1960.29,-0.022180
1960.77,-0.021014
1961.25,-0.020123
1961.73,-0.019714
1962.21,-0.019900
1962.70,-0.020653
1963.18,-0.021829
1963.66,-0.023213
1964.14,-0.024603
1964.62,-0.025871
1965.11,-0.026962
1965.59,-0.027887
1966.07,-0.028678
1966.55,-0.029343
1967.04,-0.029843
1967.52,-0.030099
1968.00,-0.030034
1968.48,-0.029630
1968.96,-0.028968
1969.45,-0.028231
1969.93,-0.027639
1970.41,-0.027389
1970.89,-0.027573
1971.38,-0.028154
1971.86,-0.028976
1972.34,-0.029829
1972.82,-0.030527
1973.30,-0.030953
1973.79,-0.031102
1974.27,-0.031049
1974.75,-0.030904
1975.23,-0.030729
1975.71,-0.030505
1976.20,-0.030133
1976.68,-0.029492
1977.16,-0.028515
1977.64,-0.027250
1978.12,-0.025872
1978.61,-0.024644
1979.09,-0.023837
1979.57,-0.023631
1980.05,-0.024087
1980.54,-0.025121
1981.02,-0.026537
1981.50,-0.028058
1981.98,-0.029393
1982.46,-0.030327
1982.95,-0.030743
1983.43,-0.030647
1983.91,-0.030152
1984.39,-0.029453
1984.87,-0.028766
1985.36,-0.028261
1985.84,-0.028021
1986.32,-0.028007
1986.80,-0.028087
1987.29,-0.028082
1987.77,-0.027854
1988.25,-0.027361
1988.73,-0.026690
1989.21,-0.026027
1989.70,-0.025605
1990.18,-0.025615
1990.66,-0.026134
1991.14,-0.027096
1991.62,-0.028298
1992.11,-0.029473
1992.59,-0.030339
1993.07,-0.030706
1993.55,-0.030532
1994.04,-0.029903
1994.52,-0.028974
1995.00,-0.027886
1995.48,-0.026736
1995.96,-0.025569
1996.44,-0.024410
1996.93,-0.023314
1997.41,-0.022383
1997.89,-0.021769
1998.37,-0.021653
1998.86,-0.022183
1999.34,-0.023418
1999.82,-0.025281
2000.30,-0.027549
2000.78,-0.029872
2001.27,-0.031849
2001.75,-0.033167
2002.23,-0.033665
2002.71,-0.033394
2003.19,-0.032580
2003.68,-0.031577
2004.16,-0.030753
2004.64,-0.030357
2005.12,-0.030456
2005.61,-0.030890
2006.09,-0.031345
2006.57,-0.031427
2007.05,-0.030820
2007.53,-0.029391
2008.02,-0.027238
2008.50,-0.024662
2008.98,-0.022062
2009.46,-0.019834
2009.94,-0.018242
2010.43,-0.017406
2010.91,-0.017317
2011.39,-0.017865
2011.87,-0.018865
2012.36,-0.020061
2012.84,-0.021185
2013.32,-0.021968
2013.80,-0.022203
2014.28,-0.021802
2014.77,-0.020824
2015.25,-0.019492
2015.73,-0.018137
2016.21,-0.017162
2016.69,-0.016891
2017.18,-0.017477
2017.66,-0.018875
2018.14,-0.020878
2018.62,-0.023234
2019.11,-0.025705
2019.59,-0.028151
2020.07,-0.030507
2020.55,-0.032734
2021.03,-0.034750
2021.52,-0.036389
2022.00,-0.037387
2022.48,-0.037475
2022.96,-0.036455
2023.44,-0.034325
2023.93,-0.031317
2024.41,-0.027885
2024.89,-0.024582
2025.37,-0.021869
2025.85,-0.020061
2026.34,-0.019242
2026.82,-0.019311
2027.30,-0.020023
2027.78,-0.021092
2028.27,-0.022267
2028.75,-0.023362
2029.23,-0.024283
2029.71,-0.025005
2030.19,-0.025535
2030.67,-0.025895
2031.16,-0.026114
2031.64,-0.026224
2032.12,-0.026260
2032.60,-0.026254
2033.09,-0.026234
2033.57,-0.026214
2034.05,-0.026197
2034.53,-0.026181
2035.02,-0.026172
2035.50,-0.026186
2035.98,-0.026260
2036.46,-0.026443
2036.94,-0.026799
2037.42,-0.027396
2037.91,-0.028292
2038.39,-0.029514
2038.87,-0.031036
2039.35,-0.032765
2039.84,-0.034528
2040.32,-0.036105
2040.80,-0.037264
2041.28,-0.037793
2041.76,-0.037562
2042.25,-0.036559
2042.73,-0.034904
2043.21,-0.032814
2043.69,-0.030558
2044.17,-0.028393
2044.66,-0.026506
2045.14,-0.025028
2045.62,-0.024042
2046.10,-0.023586
2046.59,-0.023658
2047.07,-0.024193
2047.55,-0.025053
2048.03,-0.026022
2048.51,-0.026856
2049.00,-0.027350
2049.48,-0.027396
2049.96,-0.027040
2050.44,-0.026475
2050.92,-0.025988
2051.41,-0.025841
2051.89,-0.026191
2052.37,-0.027049
2052.85,-0.028283
2053.34,-0.029666
2053.82,-0.030933
2054.30,-0.031879
2054.78,-0.032389
2055.26,-0.032465
2055.75,-0.032184
2056.23,-0.031653
2056.71,-0.030951
2057.19,-0.030108
2057.67,-0.029124
2058.16,-0.028002
2058.64,-0.026786
2059.12,-0.025571
2059.60,-0.024483
2060.08,-0.023643
2060.57,-0.023129
2061.05,-0.022949
2061.53,-0.023040
2062.01,-0.023285
2062.49,-0.023560
2062.98,-0.023772
2063.46,-0.023879
2063.94,-0.023898
2064.42,-0.023883
2064.91,-0.023904
2065.39,-0.024014
2065.87,-0.024242
2066.35,-0.024589
2066.83,-0.025037
2067.32,-0.025561
2067.80,-0.026135
2068.28,-0.026734
2068.76,-0.027320
2069.24,-0.027838
2069.73,-0.028221
2070.21,-0.028400
2070.69,-0.028329
2071.17,-0.028007
2071.66,-0.027489
2072.14,-0.026879
2072.62,-0.026307
2073.10,-0.025909
2073.58,-0.025776
2074.07,-0.025935
2074.55,-0.026343
2075.03,-0.026905
2075.51,-0.027508
2075.99,-0.028060
2076.48,-0.028520
2076.96,-0.028899
2077.44,-0.029244
2077.92,-0.029607
2078.41,-0.030009
2078.89,-0.030426
2079.37,-0.030792
2079.85,-0.031018
2080.33,-0.031028
2080.82,-0.030791
2081.30,-0.030327
2081.78,-0.029711
2082.26,-0.029041
2082.74,-0.028421
2083.23,-0.027933
2083.71,-0.027621
2084.19,-0.027497
2084.67,-0.027541
2085.16,-0.027710
2085.64,-0.027939
2086.12,-0.028159
2086.60,-0.028306
2087.08,-0.028337
2087.57,-0.028249
2088.05,-0.028087
2088.53,-0.027938
2089.01,-0.027906
2089.49,-0.028083
2089.98,-0.028503
2090.46,-0.029125
2090.94,-0.029830
2091.42,-0.030456
2091.90,-0.030849
2092.39,-0.030895
2092.87,-0.030569
2093.35,-0.029932
2093.83,-0.029114
2094.32,-0.028264
2094.80,-0.027514
2095.28,-0.026952
2095.76,-0.026599
2096.24,-0.026423
2096.72,-0.026348
2097.21,-0.026280
2097.69,-0.026126
2098.17,-0.025812
2098.65,-0.025310
2099.14,-0.024649
2099.62,-0.023928
2100.10,-0.023293
2100.58,-0.022922
2101.06,-0.022957
2101.55,-0.023454
2102.03,-0.024347
2102.51,-0.025456
2102.99,-0.026537
2103.47,-0.027335
2103.96,-0.027676
2104.44,-0.027524
2104.92,-0.026989
2105.40,-0.026290
2105.89,-0.025672
2106.37,-0.025343
2106.85,-0.025390
2107.33,-0.025778
2107.81,-0.026362
2108.30,-0.026955
2108.78,-0.027383
2109.26,-0.027540
2109.74,-0.027416
2110.22,-0.027089
2110.71,-0.026696
2111.19,-0.026384
2111.67,-0.026280
2112.15,-0.026454
2112.64,-0.026902
2113.12,-0.027554
2113.60,-0.028291
2114.08,-0.028993
2114.56,-0.029554
2115.05,-0.029931
2115.53,-0.030146
2116.01,-0.030282
2116.49,-0.030445
2116.97,-0.030718
2117.46,-0.031128
2117.94,-0.031626
2118.42,-0.032100
2118.90,-0.032414
2119.39,-0.032469
2119.87,-0.032226
2120.35,-0.031732
2120.83,-0.031082
2121.31,-0.030392
2121.80,-0.029738
2122.28,-0.029140
2122.76,-0.028570
2123.24,-0.027990
2123.72,-0.027390
2124.21,-0.026817
2124.69,-0.026362
2125.17,-0.026114
2125.65,-0.026122
2126.14,-0.026343
2126.62,-0.026650
2127.10,-0.026857
2127.58,-0.026804
2128.06,-0.026409
2128.55,-0.025717
2129.03,-0.024882
2129.51,-0.024122
2129.99,-0.023651
2130.47,-0.023598
2130.96,-0.023984
2131.44,-0.024716
2131.92,-0.025639
2132.40,-0.026568
2132.88,-0.027336
2133.37,-0.027827
2133.85,-0.027952
2134.33,-0.027658
2134.81,-0.026925
2135.30,-0.025787
2135.78,-0.024351
2136.26,-0.022802
2136.74,-0.021397
2137.22,-0.020395
2137.70,-0.020001
2138.19,-0.020310
2138.67,-0.021271
2139.15,-0.022695
2139.63,-0.024299
2140.12,-0.025816
2140.60,-0.027033
2141.08,-0.027843
2141.56,-0.028232
2142.04,-0.028250
2142.53,-0.027967
2143.01,-0.027451
2143.49,-0.026777
2143.97,-0.026041
2144.45,-0.025374
2144.94,-0.024952
2145.42,-0.024960
2145.90,-0.025545
2146.38,-0.026765
2146.86,-0.028548
2147.35,-0.030700
2147.83,-0.032933
2148.31,-0.034956
2148.79,-0.036534
2149.28,-0.037518
2149.76,-0.037857
2150.24,-0.037575
2150.72,-0.036753
2151.20,-0.035490
2151.69,-0.033909
2152.17,-0.032149
2152.65,-0.030352
2153.13,-0.028678
2153.61,-0.027282
2154.10,-0.026274
2154.58,-0.025709
2155.06,-0.025560
2155.54,-0.025738
2156.03,-0.026107
2156.51,-0.026532
2156.99,-0.026907
2157.47,-0.027160
2157.95,-0.027258
2158.44,-0.027211
2158.92,-0.027079
2159.40,-0.026975
2159.88,-0.027068
2160.36,-0.027563
2160.85,-0.028630
2161.33,-0.030352
2161.81,-0.032664
2162.29,-0.035351
2162.78,-0.038071
2163.26,-0.040449
2163.74,-0.042204
2164.22,-0.043201
2164.70,-0.043504
2165.19,-0.043320
2165.67,-0.042937
2166.15,-0.042601
2166.63,-0.042424
2167.11,-0.042383
2167.60,-0.042351
2168.08,-0.042188
2168.56,-0.041811
2169.04,-0.041236
2169.53,-0.040562
2170.01,-0.039913
2170.49,-0.039355
2170.97,-0.038847
2171.45,-0.038238
2171.94,-0.037336
2172.42,-0.035984
2172.90,-0.034158
2173.38,-0.031993
2173.86,-0.029770
2174.35,-0.027821
2174.83,-0.026396
2175.31,-0.025610
2175.79,-0.025400
2176.28,-0.025579
2176.76,-0.025897
2177.24,-0.026139
2177.72,-0.026198
2178.20,-0.026082
2178.68,-0.025907
2179.17,-0.025841
2179.65,-0.026069
2180.13,-0.026738
2180.61,-0.027939
2181.10,-0.029680
2181.58,-0.031884
2182.06,-0.034376
2182.54,-0.036890
2183.02,-0.039133
2183.51,-0.040812
2183.99,-0.041695
2184.47,-0.041681
2184.95,-0.040815
2185.43,-0.039289
2185.92,-0.037374
2186.40,-0.035377
2186.88,-0.033552
2187.36,-0.032050
2187.84,-0.030924
2188.33,-0.030141
2188.81,-0.029610
2189.29,-0.029213
2189.77,-0.028833
2190.26,-0.028366
2190.74,-0.027729
2191.22,-0.026878
2191.70,-0.025820
2192.18,-0.024633
2192.67,-0.023454
2193.15,-0.022474
2193.63,-0.021894
2194.11,-0.021859
2194.59,-0.022433
2195.08,-0.023561
2195.56,-0.025084
2196.04,-0.026754
2196.52,-0.028289
2197.01,-0.029452
2197.49,-0.030074
2197.97,-0.030107
2198.45,-0.029618
2198.93,-0.028774
2199.42,-0.027795
2199.90,-0.026891
2200.38,-0.026240
2200.86,-0.025927
2201.34,-0.025939
2201.83,-0.026170
2202.31,-0.026469
2202.79,-0.026687
2203.27,-0.026717
2203.76,-0.026542
2204.24,-0.026231
2204.72,-0.025923
2205.20,-0.025763
2205.68,-0.025867
2206.17,-0.026277
2206.65,-0.026954
2207.13,-0.027781
2207.61,-0.028599
2208.09,-0.029247
2208.58,-0.029584
2209.06,-0.029528
2209.54,-0.029069
2210.02,-0.028279
2210.51,-0.027301
2210.99,-0.026329
2211.47,-0.025589
2211.95,-0.025268
2212.43,-0.025464
2212.92,-0.026145
2213.40,-0.027145
2213.88,-0.028193
2214.36,-0.028975
2214.84,-0.029252
2215.33,-0.028913
2215.81,-0.028024
2216.29,-0.026795
2216.77,-0.025524
2217.26,-0.024492
2217.74,-0.023861
2218.22,-0.023655
2218.70,-0.023762
2219.18,-0.024009
2219.66,-0.024226
2220.15,-0.024330
2220.63,-0.024345
2221.11,-0.024391
2221.59,-0.024629
2222.08,-0.025194
2222.56,-0.026154
2223.04,-0.027479
2223.52,-0.029051
2224.00,-0.030691
2224.49,-0.032213
2224.97,-0.033453
2225.45,-0.034300
2225.93,-0.034709
2226.41,-0.034695
2226.90,-0.034323
2227.38,-0.033684
2227.86,-0.032876
2228.34,-0.031984
2228.82,-0.031059
2229.31,-0.030133
2229.79,-0.029228
2230.27,-0.028372
2230.75,-0.027621
2231.24,-0.027045
2231.72,-0.026707
2232.20,-0.026644
2232.68,-0.026837
2233.16,-0.027211
2233.65,-0.027656
2234.13,-0.028065
2234.61,-0.028369
2235.09,-0.028557
2235.57,-0.028666
2236.06,-0.028755
2236.54,-0.028857
2237.02,-0.028956
2237.50,-0.028984
2237.99,-0.028847
2238.47,-0.028481
2238.95,-0.027883
2239.43,-0.027128
2239.91,-0.026343
2240.40,-0.025673
2240.88,-0.025221
2241.36,-0.025018
2241.84,-0.025025
2242.32,-0.025160
2242.81,-0.025343
2243.29,-0.025522
2243.77,-0.025687
2244.25,-0.025855
2244.74,-0.026043
2245.22,-0.026242
2245.70,-0.026418
2246.18,-0.026532
2246.66,-0.026570
2247.15,-0.026570
2247.63,-0.026617
2248.11,-0.026812
2248.59,-0.027225
2249.07,-0.027855
2249.56,-0.028613
2250.04,-0.029331
2250.52,-0.029818
2251.00,-0.029934
2251.49,-0.029627
2251.97,-0.028965
2252.45,-0.028112
2252.93,-0.027295
2253.41,-0.026724
2253.90,-0.026542
2254.38,-0.026799
2254.86,-0.027443
2255.34,-0.028345
2255.82,-0.029323
2256.31,-0.030204
2256.79,-0.030839
2257.27,-0.031131
2257.75,-0.031057
2258.24,-0.030660
2258.72,-0.030044
2259.20,-0.029335
2259.68,-0.028665
2260.16,-0.028131
2260.64,-0.027775
2261.13,-0.027588
2261.61,-0.027521
2262.09,-0.027512
2262.57,-0.027514
2263.06,-0.027512
2263.54,-0.027530
2264.02,-0.027617
2264.50,-0.027818
2264.98,-0.028154
2265.47,-0.028602
2265.95,-0.029089
2266.43,-0.029513
2266.91,-0.029756
2267.39,-0.029726
2267.88,-0.029368
2268.36,-0.028685
2268.84,-0.027734
2269.32,-0.026627
2269.80,-0.025505
2270.29,-0.024507
2270.77,-0.023758
2271.25,-0.023339
2271.73,-0.023274
2272.22,-0.023542
2272.70,-0.024081
2273.18,-0.024812
2273.66,-0.025653
2274.14,-0.026535
2274.63,-0.027410
2275.11,-0.028244
2275.59,-0.029005
2276.07,-0.029662
2276.55,-0.030173
2277.04,-0.030497
2277.52,-0.030602
2278.00,-0.030478
2278.48,-0.030144
2278.97,-0.029651
2279.45,-0.029071
2279.93,-0.028482
2280.41,-0.027960
2280.89,-0.027566
2281.38,-0.027333
2281.86,-0.027269
2282.34,-0.027351
2282.82,-0.027535
2283.30,-0.027762
2283.79,-0.027972
2284.27,-0.028115
2284.75,-0.028161
2285.23,-0.028105
2285.72,-0.027957
2286.20,-0.027744
2286.68,-0.027489
2287.16,-0.027208
2287.64,-0.026912
2288.13,-0.026605
2288.61,-0.026299
2289.09,-0.026020
2289.57,-0.025804
2290.05,-0.025696
2290.54,-0.025737
2291.02,-0.025943
2291.50,-0.026310
2291.98,-0.026803
2292.47,-0.027374
2292.95,-0.027963
2293.43,-0.028520
2293.91,-0.029006
2294.39,-0.029396
2294.88,-0.029671
2295.36,-0.029817
2295.84,-0.029822
2296.32,-0.029682
2296.80,-0.029404
2297.29,-0.029013
2297.77,-0.028551
2298.25,-0.028066
2298.73,-0.027610
2299.21,-0.027217
2299.70,-0.026911
2300.18,-0.026699
2300.66,-0.026576
2301.14,-0.026536
2301.62,-0.026573
2302.11,-0.026683
2302.59,-0.026858
2303.07,-0.027087
2303.55,-0.027351
2304.04,-0.027631
2304.52,-0.027912
2305.00,-0.028189
2305.48,-0.028467
2305.96,-0.028757
2306.45,-0.029067
2306.93,-0.029392
2307.41,-0.029708
2307.89,-0.029980
2308.38,-0.030167
2308.86,-0.030242
2309.34,-0.030204
2309.82,-0.030077
2310.30,-0.029911
2310.78,-0.029762
2311.27,-0.029680
2311.75,-0.029691
2312.23,-0.029792
2312.71,-0.029953
2313.20,-0.030128
2313.68,-0.030267
2314.16,-0.030329
2314.64,-0.030294
2315.12,-0.030164
2315.61,-0.029958
2316.09,-0.029709
2316.57,-0.029451
2317.05,-0.029211
2317.53,-0.029000
2318.02,-0.028816
2318.50,-0.028644
2318.98,-0.028466
2319.46,-0.028273
2319.95,-0.028068
2320.43,-0.027872
2320.91,-0.027719
2321.39,-0.027639
2321.87,-0.027651
2322.36,-0.027749
2322.84,-0.027902
2323.32,-0.028058
2323.80,-0.028163
2324.28,-0.028177
2324.77,-0.028081
2325.25,-0.027890
2325.73,-0.027634
2326.21,-0.027364
2326.70,-0.027130
2327.18,-0.026974
2327.66,-0.026928
2328.14,-0.027010
2328.62,-0.027216
2329.11,-0.027527
2329.59,-0.027904
2330.07,-0.028300
2330.55,-0.028660
2331.03,-0.028941
2331.52,-0.029117
2332.00,-0.029184
2332.48,-0.029160
2332.96,-0.029075
2333.45,-0.028959
2333.93,-0.028835
2334.41,-0.028712
2334.89,-0.028593
2335.37,-0.028478
2335.86,-0.028373
2336.34,-0.028291
2336.82,-0.028247
2337.30,-0.028252
2337.78,-0.028306
2338.27,-0.028396
2338.75,-0.028502
2339.23,-0.028608
2339.71,-0.028709
2340.19,-0.028818
2340.68,-0.028954
2341.16,-0.029130
2341.64,-0.029342
2342.12,-0.029557
2342.61,-0.029724
2343.09,-0.029784
2343.57,-0.029696
2344.05,-0.029451
2344.53,-0.029075
2345.02,-0.028621
2345.50,-0.028149
2345.98,-0.027709
2346.46,-0.027326
2346.94,-0.027007
2347.43,-0.026748
2347.91,-0.026548
2348.39,-0.026418
2348.87,-0.026380
2349.35,-0.026456
2349.84,-0.026665
2350.32,-0.027008
2350.80,-0.027471
2351.28,-0.028016
2351.76,-0.028591
2352.25,-0.029140
2352.73,-0.029607
2353.21,-0.029955
2353.69,-0.030163
2354.18,-0.030222
2354.66,-0.030127
2355.14,-0.029878
2355.62,-0.029481
2356.10,-0.028961
2356.59,-0.028370
2357.07,-0.027791
2357.55,-0.027314
2358.03,-0.027019
2358.51,-0.026955
2359.00,-0.027120
2359.48,-0.027475
2359.96,-0.027955
2360.44,-0.028501
2360.93,-0.029066
2361.41,-0.029627
2361.89,-0.030166
2362.37,-0.030659
2362.85,-0.031057
2363.34,-0.031300
2363.82,-0.031324
2364.30,-0.031094
2364.78,-0.030626
2365.26,-0.029988
2365.75,-0.029279
2366.23,-0.028605
2366.71,-0.028048
2367.19,-0.027643
2367.68,-0.027384
2368.16,-0.027238
2368.64,-0.027175
2369.12,-0.027178
2369.60,-0.027254
2370.09,-0.027418
2370.57,-0.027679
2371.05,-0.028016
2371.53,-0.028380
2372.01,-0.028695
2372.50,-0.028891
2372.98,-0.028922
2373.46,-0.028782
2373.94,-0.028503
2374.43,-0.028148
2374.91,-0.027788
2375.39,-0.027474
2375.87,-0.027233
2376.35,-0.027063
2376.84,-0.026945
2377.32,-0.026858
2377.80,-0.026787
2378.28,-0.026733
2378.76,-0.026709
2379.25,-0.026735
2379.73,-0.026824
2380.21,-0.026982
2380.69,-0.027200
2381.17,-0.027457
2381.66,-0.027726
2382.14,-0.027976
2382.62,-0.028179
2383.10,-0.028310
2383.59,-0.028351
2384.07,-0.028296
2384.55,-0.028151
2385.03,-0.027938
2385.51,-0.027691
2385.99,-0.027460
2386.48,-0.027294
2386.96,-0.027236
2387.44,-0.027312
2387.92,-0.027525
2388.41,-0.027847
2388.89,-0.028229
2389.37,-0.028611
2389.85,-0.028933
2390.33,-0.029149
2390.82,-0.029236
2391.30,-0.029199
2391.78,-0.029061
2392.26,-0.028856
2392.74,-0.028623
2393.23,-0.028387
2393.71,-0.028165
2394.19,-0.027966
2394.67,-0.027792
2395.16,-0.027653
2395.64,-0.027563
2396.12,-0.027538
2396.60,-0.027590
2397.08,-0.027715
2397.57,-0.027889
2398.05,-0.028067
2398.53,-0.028193
2399.01,-0.028222
2399.49,-0.028128
2399.98,-0.027922
2400.46,-0.027640
2400.94,-0.027341
2401.42,-0.027084
2401.91,-0.026902
2402.39,-0.026804
2402.87,-0.026767
2403.35,-0.026755
2403.83,-0.026728
2404.32,-0.026669
2404.80,-0.026582
2405.28,-0.026493
2405.76,-0.026441
2406.24,-0.026457
2406.73,-0.026559
2407.21,-0.026748
2407.69,-0.027001
2408.17,-0.027289
2408.66,-0.027577
2409.14,-0.027838
2409.62,-0.028048
2410.10,-0.028196
2410.58,-0.028281
2411.07,-0.028308
2411.55,-0.028290
2412.03,-0.028244
2412.51,-0.028186
2412.99,-0.028126
2413.48,-0.028072
2413.96,-0.028029
2414.44,-0.028004
2414.92,-0.028017
2415.41,-0.028094
2415.89,-0.028268
2416.37,-0.028556
2416.85,-0.028953
2417.33,-0.029414
2417.82,-0.029859
2418.30,-0.030199
2418.78,-0.030357
2419.26,-0.030301
2419.74,-0.030060
2420.23,-0.029724
2420.71,-0.029410
2421.19,-0.029219
2421.67,-0.029208
2422.15,-0.029365
2422.64,-0.029621
2423.12,-0.029873
2423.60,-0.030032
2424.08,-0.030053
2424.57,-0.029950
2425.05,-0.029779
2425.53,-0.029612
2426.01,-0.029505
2426.49,-0.029474
2426.97,-0.029487
2427.46,-0.029487
2427.94,-0.029417
2428.42,-0.029247
2428.90,-0.028985
2429.39,-0.028673
2429.87,-0.028376
2430.35,-0.028154
2430.83,-0.028046
2431.31,-0.028067
2431.80,-0.028205
2432.28,-0.028431
2432.76,-0.028707
2433.24,-0.028990
2433.72,-0.029240
2434.21,-0.029420
2434.69,-0.029502
2435.17,-0.029473
2435.65,-0.029341
2436.14,-0.029134
2436.62,-0.028891
2437.10,-0.028660
2437.58,-0.028474
2438.06,-0.028350
2438.55,-0.028285
2439.03,-0.028264
2439.51,-0.028269
2439.99,-0.028292
2440.47,-0.028339
2440.96,-0.028423
2441.44,-0.028556
2441.92,-0.028738
2442.40,-0.028950
2442.89,-0.029156
2443.37,-0.029313
2443.85,-0.029379
2444.33,-0.029329
2444.81,-0.029158
2445.30,-0.028886
2445.78,-0.028547
2446.26,-0.028188
2446.74,-0.027860
2447.22,-0.027611
2447.71,-0.027477
2448.19,-0.027476
2448.67,-0.027606
2449.15,-0.027837
2449.64,-0.028116
2450.12,-0.028383
2450.60,-0.028576
2451.08,-0.028651
2451.56,-0.028592
2452.05,-0.028417
2452.53,-0.028172
2453.01,-0.027911
2453.49,-0.027688
2453.97,-0.027540
2454.46,-0.027479
2454.94,-0.027495
2455.42,-0.027562
2455.90,-0.027649
2456.39,-0.027723
2456.87,-0.027760
2457.35,-0.027745
2457.83,-0.027670
2458.31,-0.027532
2458.80,-0.027333
2459.28,-0.027086
2459.76,-0.026806
2460.24,-0.026521
2460.72,-0.026262
2461.21,-0.026065
2461.69,-0.025962
2462.17,-0.025977
2462.65,-0.026121
2463.13,-0.026385
2463.62,-0.026743
2464.10,-0.027155
2464.58,-0.027571
2465.06,-0.027942
2465.55,-0.028229
2466.03,-0.028409
2466.51,-0.028483
2466.99,-0.028467
2467.47,-0.028397
2467.95,-0.028307
2468.44,-0.028231
2468.92,-0.028190
2469.40,-0.028191
2469.88,-0.028228
2470.37,-0.028285
2470.85,-0.028338
2471.33,-0.028369
2471.81,-0.028359
2472.29,-0.028304
2472.78,-0.028213
2473.26,-0.028108
2473.74,-0.028024
2474.22,-0.027997
2474.70,-0.028058
2475.19,-0.028215
2475.67,-0.028452
2476.15,-0.028728
2476.63,-0.028987
2477.11,-0.029172
2477.60,-0.029244
2478.08,-0.029196
2478.56,-0.029051
2479.04,-0.028855
2479.53,-0.028658
2480.01,-0.028497
2480.49,-0.028386
2480.97,-0.028315
2481.45,-0.028255
2481.94,-0.028179
2482.42,-0.028072
2482.90,-0.027941
2483.38,-0.027812
2483.86,-0.027720
2484.35,-0.027695
2484.83,-0.027754
2485.31,-0.027894
2485.79,-0.028095
2486.28,-0.028330
2486.76,-0.028570
2487.24,-0.028796
2487.72,-0.028996
2488.20,-0.029164
2488.69,-0.029293
2489.17,-0.029375
2489.65,-0.029397
2490.13,-0.029347
2490.61,-0.029219
2491.10,-0.029019
2491.58,-0.028766
2492.06,-0.028494
2492.54,-0.028240
2493.03,-0.028038
2493.51,-0.027909
2493.99,-0.027855
2494.47,-0.027856
2494.95,-0.027881
2495.44,-0.027896
2495.92,-0.027877
2496.40,-0.027815
2496.88,-0.027721
2497.36,-0.027620
2497.85,-0.027537
2498.33,-0.027490
2498.81,-0.027481
2499.29,-0.027498
2499.78,-0.027527
2500.26,-0.027558
2500.74,-0.027595
2501.22,-0.027658
2501.70,-0.027772
2502.19,-0.027954
2502.67,-0.028201
2503.15,-0.028480
2503.63,-0.028738
2504.11,-0.028915
2504.60,-0.028970
2505.08,-0.028891
2505.56,-0.028704
2506.04,-0.028468
2506.53,-0.028249
2507.01,-0.028100
2507.49,-0.028047
2507.97,-0.028078
2508.45,-0.028157
2508.93,-0.028237
2509.42,-0.028281
2509.90,-0.028273
2510.38,-0.028219
2510.86,-0.028140
2511.35,-0.028057
2511.83,-0.027980
2512.31,-0.027907
2512.79,-0.027818
2513.27,-0.027694
2513.76,-0.027522
2514.24,-0.027307
2514.72,-0.027074
2515.20,-0.026859
2515.68,-0.026705
2516.17,-0.026648
2516.65,-0.026707
2517.13,-0.026880
2517.61,-0.027145
2518.09,-0.027465
2518.58,-0.027798
2519.06,-0.028107
2519.54,-0.028365
2520.02,-0.028560
2520.51,-0.028693
2520.99,-0.028771
2521.47,-0.028802
2521.95,-0.028788
2522.43,-0.028726
2522.92,-0.028608
2523.40,-0.028428
2523.88,-0.028191
2524.36,-0.027915
2524.84,-0.027627
2525.33,-0.027360
2525.81,-0.027144
2526.29,-0.026993
2526.77,-0.026909
2527.26,-0.026874
2527.74,-0.026865
2528.22,-0.026855
2528.70,-0.026826
2529.18,-0.026768
2529.67,-0.026684
2530.15,-0.026581
2530.63,-0.026467
2531.11,-0.026351
2531.59,-0.026237
2532.08,-0.026126
2532.56,-0.026022
2533.04,-0.025928
2533.52,-0.025850
2534.01,-0.025795
2534.49,-0.025767
2534.97,-0.025767
2535.45,-0.025789
2535.93,-0.025827
2536.42,-0.025873
2536.90,-0.025923
2537.38,-0.025982
2537.86,-0.026057
2538.34,-0.026164
2538.83,-0.026312
2539.31,-0.026504
2539.79,-0.026729
2540.27,-0.026965
2540.76,-0.027176
2541.24,-0.027332
2541.72,-0.027412
2542.20,-0.027420
2542.68,-0.027381
2543.17,-0.027340
2543.65,-0.027344
2544.13,-0.027426
2544.61,-0.027592
2545.09,-0.027812
2545.58,-0.028037
2546.06,-0.028207
2546.54,-0.028278
2547.02,-0.028234
2547.50,-0.028092
2547.99,-0.027896
2548.47,-0.027694
2548.95,-0.027528
2549.43,-0.027415
2549.91,-0.027353
2550.40,-0.027324
2550.88,-0.027308
2551.36,-0.027296
2551.84,-0.027289
2552.33,-0.027297
2552.81,-0.027327
2553.29,-0.027382
2553.77,-0.027452
2554.25,-0.027522
2554.74,-0.027577
2555.22,-0.027607
2555.70,-0.027610
2556.18,-0.027582
2556.66,-0.027521
2557.15,-0.027417
2557.63,-0.027256
2558.11,-0.027032
2558.59,-0.026755
2559.07,-0.026454
2559.56,-0.026173
2560.04,-0.025966
2560.52,-0.025870
2561.00,-0.025894
2561.49,-0.026017
2561.97,-0.026192
2562.45,-0.026366
2562.93,-0.026498
2563.41,-0.026572
2563.90,-0.026600
2564.38,-0.026611
2564.86,-0.026631
2565.34,-0.026674
2565.82,-0.026728
2566.31,-0.026771
2566.79,-0.026774
2567.27,-0.026728
2567.75,-0.026644
2568.24,-0.026560
2568.72,-0.026520
2569.20,-0.026561
2569.68,-0.026695
2570.16,-0.026901
2570.65,-0.027137
2571.13,-0.027348
2571.61,-0.027491
2572.09,-0.027551
2572.57,-0.027539
2573.06,-0.027496
2573.54,-0.027465
2574.02,-0.027482
2574.50,-0.027558
2574.99,-0.027671
2575.47,-0.027777
2575.95,-0.027828
2576.43,-0.027789
2576.91,-0.027654
2577.40,-0.027449
2577.88,-0.027223
2578.36,-0.027034
2578.84,-0.026921
2579.32,-0.026895
2579.81,-0.026931
2580.29,-0.026981
2580.77,-0.026995
2581.25,-0.026935
2581.74,-0.026799
2582.22,-0.026612
2582.70,-0.026417
2583.18,-0.026252
2583.66,-0.026133
2584.14,-0.026050
2584.63,-0.025974
2585.11,-0.025869
2585.59,-0.025724
2586.07,-0.025555
2586.56,-0.025409
2587.04,-0.025343
2587.52,-0.025402
2588.00,-0.025598
2588.48,-0.025900
2588.97,-0.026245
2589.45,-0.026553
2589.93,-0.026764
2590.41,-0.026845
2590.89,-0.026804
2591.38,-0.026671
2591.86,-0.026493
2592.34,-0.026305
2592.82,-0.026124
2593.31,-0.025948
2593.79,-0.025770
2594.27,-0.025587
2594.75,-0.025410
2595.23,-0.025265
2595.72,-0.025185
2596.20,-0.025201
2596.68,-0.025328
2597.16,-0.025564
2597.64,-0.025892
2598.13,-0.026283
2598.61,-0.026706
2599.09,-0.027128
2599.57,-0.027519
2600.05,-0.027849
2600.54,-0.028090
2601.02,-0.028219
2601.50,-0.028227
2601.98,-0.028117
2602.47,-0.027911
2602.95,-0.027642
2603.43,-0.027350
2603.91,-0.027066
2604.39,-0.026814
2604.88,-0.026603
2605.36,-0.026430
2605.84,-0.026290
2606.32,-0.026179
2606.80,-0.026097
2607.29,-0.026048
2607.77,-0.026033
2608.25,-0.026050
2608.73,-0.026088
2609.22,-0.026131
2609.70,-0.026161
2610.18,-0.026171
2610.66,-0.026158
2611.14,-0.026138
2611.63,-0.026130
2612.11,-0.026156
2612.59,-0.026232
2613.07,-0.026364
2613.55,-0.026541
2614.04,-0.026744
2614.52,-0.026946
2615.00,-0.027122
2615.48,-0.027250
2615.97,-0.027321
2616.45,-0.027333
2616.93,-0.027292
2617.41,-0.027208
2617.89,-0.027087
2618.38,-0.026935
2618.86,-0.026758
2619.34,-0.026564
2619.82,-0.026371
2620.30,-0.026205
2620.79,-0.026102
2621.27,-0.026092
2621.75,-0.026195
2622.23,-0.026405
2622.72,-0.026693
2623.20,-0.027005
2623.68,-0.027281
2624.16,-0.027468
2624.64,-0.027540
2625.12,-0.027504
2625.61,-0.027398
2626.09,-0.027275
2626.57,-0.027189
2627.05,-0.027171
2627.54,-0.027225
2628.02,-0.027324
2628.50,-0.027423
2628.98,-0.027479
2629.46,-0.027462
2629.95,-0.027364
2630.43,-0.027200
2630.91,-0.026997
2631.39,-0.026780
2631.88,-0.026564
2632.36,-0.026348
2632.84,-0.026122
2633.32,-0.025874
2633.80,-0.025604
2634.28,-0.025328
2634.77,-0.025082
2635.25,-0.024911
2635.73,-0.024854
2636.21,-0.024933
2636.70,-0.025143
2637.18,-0.025450
2637.66,-0.025795
2638.14,-0.026111
2638.62,-0.026347
2639.11,-0.026472
2639.59,-0.026491
2640.07,-0.026436
2640.55,-0.026361
2641.03,-0.026313
2641.52,-0.026322
2642.00,-0.026390
2642.48,-0.026493
2642.96,-0.026585
2643.45,-0.026622
2643.93,-0.026576
2644.41,-0.026450
2644.89,-0.026270
2645.37,-0.026081
2645.86,-0.025931
2646.34,-0.025850
2646.82,-0.025843
2647.30,-0.025892
2647.78,-0.025963
2648.27,-0.026026
2648.75,-0.026064
2649.23,-0.026079
2649.71,-0.026091
2650.20,-0.026128
2650.68,-0.026204
2651.16,-0.026322
2651.64,-0.026460
2652.12,-0.026590
2652.61,-0.026681
2653.09,-0.026717
2653.57,-0.026702
2654.05,-0.026657
2654.53,-0.026616
2655.02,-0.026604
2655.50,-0.026634
2655.98,-0.026700
2656.46,-0.026780
2656.95,-0.026845
2657.43,-0.026872
2657.91,-0.026853
2658.39,-0.026795
2658.87,-0.026716
2659.36,-0.026636
2659.84,-0.026572
2660.32,-0.026530
2660.80,-0.026509
2661.28,-0.026501
2661.77,-0.026499
2662.25,-0.026502
2662.73,-0.026507
2663.21,-0.026514
2663.70,-0.026517
2664.18,-0.026506
2664.66,-0.026465
2665.14,-0.026385
2665.62,-0.026265
2666.11,-0.026117
2666.59,-0.025963
2667.07,-0.025834
2667.55,-0.025748
2668.03,-0.025716
2668.52,-0.025729
2669.00,-0.025767
2669.48,-0.025806
2669.96,-0.025830
2670.44,-0.025835
2670.93,-0.025833
2671.41,-0.025840
2671.89,-0.025872
2672.37,-0.025933
2672.86,-0.026013
2673.34,-0.026093
2673.82,-0.026149
2674.30,-0.026168
2674.78,-0.026146
2675.26,-0.026093
2675.75,-0.026023
2676.23,-0.025947
2676.71,-0.025869
2677.19,-0.025783
2677.68,-0.025681
2678.16,-0.025558
2678.64,-0.025421
2679.12,-0.025288
2679.60,-0.025187
2680.09,-0.025141
2680.57,-0.025164
2681.05,-0.025248
2681.53,-0.025370
2682.01,-0.025495
2682.50,-0.025589
2682.98,-0.025627
2683.46,-0.025602
2683.94,-0.025523
2684.43,-0.025409
2684.91,-0.025288
2685.39,-0.025184
2685.87,-0.025118
2686.35,-0.025099
2686.84,-0.025133
2687.32,-0.025213
2687.80,-0.025326
2688.28,-0.025452
2688.76,-0.025565
2689.25,-0.025640
2689.73,-0.025656
2690.21,-0.025605
2690.69,-0.025493
2691.18,-0.025341
2691.66,-0.025177
2692.14,-0.025031
2692.62,-0.024925
2693.10,-0.024867
2693.59,-0.024852
2694.07,-0.024863
2694.55,-0.024878
2695.03,-0.024877
2695.51,-0.024848
2696.00,-0.024788
2696.48,-0.024705
2696.96,-0.024616
2697.44,-0.024545
2697.93,-0.024514
2698.41,-0.024542
2698.89,-0.024639
2699.37,-0.024798
2699.85,-0.024999
2700.34,-0.025206
2700.82,-0.025382
2701.30,-0.025489
2701.78,-0.025510
2702.26,-0.025443
2702.75,-0.025312
2703.23,-0.025153
2703.71,-0.025003
2704.19,-0.024892
2704.68,-0.024831
2705.16,-0.024812
2705.64,-0.024814
2706.12,-0.024813
2706.60,-0.024792
2707.09,-0.024748
2707.57,-0.024688
2708.05,-0.024627
2708.53,-0.024578
2709.01,-0.024548
2709.50,-0.024535
2709.98,-0.024528
2710.46,-0.024515
2710.94,-0.024488
2711.42,-0.024447
2711.91,-0.024398
2712.39,-0.024352
2712.87,-0.024318
2713.35,-0.024302
2713.84,-0.024307
2714.32,-0.024330
2714.80,-0.024366
2715.28,-0.024413
2715.76,-0.024466
2716.24,-0.024525
2716.73,-0.024585
2717.21,-0.024639
2717.69,-0.024678
2718.17,-0.024692
2718.66,-0.024672
2719.14,-0.024615
2719.62,-0.024521
2720.10,-0.024399
2720.58,-0.024264
2721.07,-0.024134
2721.55,-0.024026
2722.03,-0.023956
2722.51,-0.023933
2722.99,-0.023958
2723.48,-0.024025
2723.96,-0.024120
2724.44,-0.024226
2724.92,-0.024326
2725.41,-0.024404
2725.89,-0.024453
2726.37,-0.024469
2726.85,-0.024453
2727.33,-0.024411
2727.82,-0.024350
2728.30,-0.024278
2728.78,-0.024206
2729.26,-0.024146
2729.74,-0.024110
2730.23,-0.024104
2730.71,-0.024131
2731.19,-0.024179
2731.67,-0.024226
2732.16,-0.024245
2732.64,-0.024211
2733.12,-0.024110
2733.60,-0.023952
2734.08,-0.023762
2734.57,-0.023587
2735.05,-0.023469
2735.53,-0.023441
2736.01,-0.023513
2736.49,-0.023666
2736.98,-0.023862
2737.46,-0.024052
2737.94,-0.024194
2738.42,-0.024264
2738.91,-0.024259
2739.39,-0.024196
2739.87,-0.024102
2740.35,-0.024008
2740.83,-0.023935
2741.32,-0.023891
2741.80,-0.023876
2742.28,-0.023879
2742.76,-0.023885
2743.24,-0.023880
2743.73,-0.023853
2744.21,-0.023798
2744.69,-0.023717
2745.17,-0.023618
2745.66,-0.023517
2746.14,-0.023435
2746.62,-0.023389
2747.10,-0.023395
2747.58,-0.023453
2748.07,-0.023556
2748.55,-0.023682
2749.03,-0.023810
2749.51,-0.023920
2749.99,-0.024000
2750.48,-0.024049
2750.96,-0.024073
2751.44,-0.024080
2751.92,-0.024076
2752.40,-0.024063
2752.89,-0.024036
2753.37,-0.023994
2753.85,-0.023935
2754.33,-0.023866
2754.82,-0.023792
2755.30,-0.023723
2755.78,-0.023661
2756.26,-0.023606
2756.74,-0.023548
2757.22,-0.023480
2757.71,-0.023397
2758.19,-0.023303
2758.67,-0.023206
2759.15,-0.023121
2759.64,-0.023060
2760.12,-0.023034
2760.60,-0.023044
2761.08,-0.023090
2761.56,-0.023164
2762.05,-0.023255
2762.53,-0.023351
2763.01,-0.023437
2763.49,-0.023496
2763.97,-0.023512
2764.46,-0.023473
2764.94,-0.023375
2765.42,-0.023229
2765.90,-0.023057
2766.39,-0.022890
2766.87,-0.022758
2767.35,-0.022684
2767.83,-0.022675
2768.31,-0.022723
2768.80,-0.022811
2769.28,-0.022912
2769.76,-0.023006
2770.24,-0.023077
2770.72,-0.023119
2771.21,-0.023132
2771.69,-0.023118
2772.17,-0.023083
2772.65,-0.023032
2773.14,-0.022975
2773.62,-0.022919
2774.10,-0.022875
2774.58,-0.022848
2775.06,-0.022838
2775.55,-0.022836
2776.03,-0.022826
2776.51,-0.022790
2776.99,-0.022716
2777.47,-0.022600
2777.96,-0.022452
2778.44,-0.022293
2778.92,-0.022150
2779.40,-0.022049
2779.89,-0.022012
2780.37,-0.022051
2780.85,-0.022168
2781.33,-0.022356
2781.81,-0.022599
2782.30,-0.022873
2782.78,-0.023145
2783.26,-0.023379
2783.74,-0.023541
2784.22,-0.023601
2784.71,-0.023547
2785.19,-0.023384
2785.67,-0.023136
2786.15,-0.022839
2786.63,-0.022529
2787.12,-0.022237
2787.60,-0.021982
2788.08,-0.021769
2788.56,-0.021599
2789.05,-0.021467
2789.53,-0.021374
2790.01,-0.021326
2790.49,-0.021328
2790.97,-0.021384
2791.46,-0.021490
2791.94,-0.021630
2792.42,-0.021784
2792.90,-0.021927
2793.38,-0.022040
2793.87,-0.022109
2794.35,-0.022132
2794.83,-0.022115
2795.31,-0.022070
2795.80,-0.022016
2796.28,-0.021971
2796.76,-0.021954
2797.24,-0.021978
2797.72,-0.022050
2798.20,-0.022165
2798.69,-0.022307
2799.17,-0.022452
2799.65,-0.022570
2800.13,-0.022638
2800.62,-0.022641
2801.10,-0.022581
2801.58,-0.022468
2802.06,-0.022325
2802.54,-0.022176
2803.03,-0.022037
2803.51,-0.021922
2803.99,-0.021834
2804.47,-0.021772
2804.95,-0.021734
2805.44,-0.021712
2805.92,-0.021703
2806.40,-0.021698
2806.88,-0.021693
2807.36,-0.021680
2807.85,-0.021657
2808.33,-0.021626
2808.81,-0.021591
2809.29,-0.021559
2809.78,-0.021538
2810.26,-0.021529
2810.74,-0.021532
2811.22,-0.021543
2811.70,-0.021561
2812.19,-0.021586
2812.67,-0.021626
2813.15,-0.021686
2813.63,-0.021773
2814.11,-0.021885
2814.60,-0.022011
2815.08,-0.022135
2815.56,-0.022238
2816.04,-0.022303
2816.53,-0.022319
2817.01,-0.022283
2817.49,-0.022198
2817.97,-0.022073
2818.45,-0.021920
2818.94,-0.021755
2819.42,-0.021596
2819.90,-0.021466
2820.38,-0.021383
2820.86,-0.021360
2821.35,-0.021393
2821.83,-0.021464
2822.31,-0.021540
2822.79,-0.021587
2823.28,-0.021575
2823.76,-0.021494
2824.24,-0.021356
2824.72,-0.021193
2825.20,-0.021041
2825.69,-0.020931
2826.17,-0.020880
2826.65,-0.020884
2827.13,-0.020923
2827.61,-0.020978
2828.10,-0.021030
2828.58,-0.021076
2829.06,-0.021117
2829.54,-0.021161
2830.03,-0.021210
2830.51,-0.021258
2830.99,-0.021293
2831.47,-0.021301
2831.95,-0.021272
2832.44,-0.021207
2832.92,-0.021112
2833.40,-0.021001
2833.88,-0.020885
2834.36,-0.020768
2834.85,-0.020651
2835.33,-0.020531
2835.81,-0.020407
2836.29,-0.020284
2836.77,-0.020172
2837.26,-0.020085
2837.74,-0.020031
2838.22,-0.020016
2838.70,-0.020038
2839.18,-0.020091
2839.67,-0.020169
2840.15,-0.020266
2840.63,-0.020377
2841.11,-0.020493
2841.60,-0.020604
2842.08,-0.020695
2842.56,-0.020748
2843.04,-0.020751
2843.52,-0.020701
2844.01,-0.020603
2844.49,-0.020473
2844.97,-0.020330
2845.45,-0.020192
2845.93,-0.020071
2846.42,-0.019974
2846.90,-0.019904
2847.38,-0.019863
2847.86,-0.019850
2848.34,-0.019866
2848.83,-0.019906
2849.31,-0.019956
2849.79,-0.019999
2850.27,-0.020017
2850.76,-0.019997
2851.24,-0.019941
2851.72,-0.019861
2852.20,-0.019782
2852.68,-0.019729
2853.17,-0.019714
2853.65,-0.019737
2854.13,-0.019778
2854.61,-0.019808
2855.09,-0.019800
2855.58,-0.019738
2856.06,-0.019624
2856.54,-0.019476
2857.02,-0.019321
2857.51,-0.019184
2857.99,-0.019079
2858.47,-0.019005
2858.95,-0.018946
2859.43,-0.018880
2859.92,-0.018785
2860.40,-0.018648
2860.88,-0.018473
2861.36,-0.018279
2861.84,-0.018101
2862.33,-0.017978
2862.81,-0.017942
2863.29,-0.018012
2863.77,-0.018184
2864.26,-0.018435
2864.74,-0.018720
2865.22,-0.018992
2865.70,-0.019213
2866.18,-0.019361
2866.67,-0.019439
2867.15,-0.019466
2867.63,-0.019468
2868.11,-0.019462
2868.59,-0.019447
2869.08,-0.019403
2869.56,-0.019305
2870.04,-0.019128
2870.52,-0.018871
2871.01,-0.018556
2871.49,-0.018231
2871.97,-0.017954
2872.45,-0.017772
2872.93,-0.017711
2873.41,-0.017764
2873.90,-0.017899
2874.38,-0.018065
2874.86,-0.018215
2875.34,-0.018315
2875.83,-0.018350
2876.31,-0.018326
2876.79,-0.018259
2877.27,-0.018174
2877.75,-0.018086
2878.24,-0.018008
2878.72,-0.017940
2879.20,-0.017879
2879.68,-0.017817
2880.16,-0.017749
2880.65,-0.017672
2881.13,-0.017593
2881.61,-0.017526
2882.09,-0.017489
2882.58,-0.017503
2883.06,-0.017582
2883.54,-0.017726
2884.02,-0.017917
2884.50,-0.018123
2884.99,-0.018302
2885.47,-0.018416
2885.95,-0.018443
2886.43,-0.018382
2886.91,-0.018257
2887.40,-0.018104
2887.88,-0.017963
2888.36,-0.017867
2888.84,-0.017828
2889.32,-0.017838
2889.81,-0.017874
2890.29,-0.017908
2890.77,-0.017911
2891.25,-0.017860
2891.74,-0.017748
2892.22,-0.017576
2892.70,-0.017355
2893.18,-0.017107
2893.66,-0.016855
2894.15,-0.016628
2894.63,-0.016451
2895.11,-0.016344
2895.59,-0.016317
2896.07,-0.016370
2896.56,-0.016489
2897.04,-0.016658
2897.52,-0.016854
2898.00,-0.017060
2898.49,-0.017261
2898.97,-0.017442
2899.45,-0.017592
2899.93,-0.017697
2900.41,-0.017744
2900.90,-0.017724
2901.38,-0.017638
2901.86,-0.017497
2902.34,-0.017321
2902.82,-0.017135
2903.31,-0.016964
2903.79,-0.016823
2904.27,-0.016719
2904.75,-0.016645
2905.24,-0.016594
2905.72,-0.016560
2906.20,-0.016540
2906.68,-0.016533
2907.16,-0.016539
2907.65,-0.016552
2908.13,-0.016559
2908.61,-0.016541
2909.09,-0.016481
2909.57,-0.016371
2910.06,-0.016221
2910.54,-0.016057
2911.02,-0.015911
2911.50,-0.015818
2911.99,-0.015798
2912.47,-0.015851
2912.95,-0.015955
2913.43,-0.016069
2913.91,-0.016153
2914.39,-0.016176
2914.88,-0.016123
2915.36,-0.016007
2915.84,-0.015856
2916.32,-0.015712
2916.81,-0.015610
2917.29,-0.015575
2917.77,-0.015613
2918.25,-0.015713
2918.73,-0.015849
2919.22,-0.015993
2919.70,-0.016124
2920.18,-0.016226
2920.66,-0.016292
2921.14,-0.016321
2921.63,-0.016309
2922.11,-0.016250
2922.59,-0.016137
2923.07,-0.015965
2923.55,-0.015739
2924.04,-0.015482
2924.52,-0.015229
2925.00,-0.015020
2925.48,-0.014895
2925.97,-0.014877
2926.45,-0.014967
2926.93,-0.015141
2927.41,-0.015365
2927.89,-0.015598
2928.38,-0.015808
2928.86,-0.015976
2929.34,-0.016099
2929.82,-0.016182
2930.30,-0.016234
2930.79,-0.016261
2931.27,-0.016266
2931.75,-0.016248
2932.23,-0.016207
2932.72,-0.016145
2933.20,-0.016066
2933.68,-0.015975
2934.16,-0.015873
2934.64,-0.015760
2935.13,-0.015635
2935.61,-0.015500
2936.09,-0.015362
2936.57,-0.015235
2937.05,-0.015136
2937.54,-0.015077
2938.02,-0.015063
2938.50,-0.015085
2938.98,-0.015125
2939.47,-0.015158
2939.95,-0.015164
2940.43,-0.015128
2940.91,-0.015046
2941.39,-0.014922
2941.88,-0.014761
2942.36,-0.014571
2942.84,-0.014363
2943.32,-0.014146
2943.80,-0.013938
2944.29,-0.013760
2944.77,-0.013636
2945.25,-0.013583
2945.73,-0.013611
2946.22,-0.013712
2946.70,-0.013864
2947.18,-0.014040
2947.66,-0.014212
2948.14,-0.014361
2948.62,-0.014480
2949.11,-0.014574
2949.59,-0.014650
2950.07,-0.014712
2950.55,-0.014758
2951.04,-0.014780
2951.52,-0.014767
2952.00,-0.014711
2952.48,-0.014611
2952.97,-0.014476
2953.45,-0.014317
2953.93,-0.014148
2954.41,-0.013980
2954.89,-0.013817
2955.38,-0.013658
2955.86,-0.013502
2956.34,-0.013347
2956.82,-0.013197
2957.30,-0.013058
2957.79,-0.012943
2958.27,-0.012865
2958.75,-0.012840
2959.23,-0.012879
2959.71,-0.012988
2960.20,-0.013160
2960.68,-0.013375
2961.16,-0.013600
2961.64,-0.013793
2962.12,-0.013915
2962.61,-0.013939
2963.09,-0.013858
2963.57,-0.013689
2964.05,-0.013471
2964.53,-0.013248
2965.02,-0.013055
2965.50,-0.012913
2965.98,-0.012818
2966.46,-0.012748
2966.95,-0.012676
2967.43,-0.012580
2967.91,-0.012455
2968.39,-0.012313
2968.88,-0.012180
2969.36,-0.012085
2969.84,-0.012052
2970.32,-0.012092
2970.80,-0.012202
2971.28,-0.012364
2971.77,-0.012559
2972.25,-0.012763
2972.73,-0.012956
2973.21,-0.013122
2973.70,-0.013253
2974.18,-0.013345
2974.66,-0.013401
2975.14,-0.013429
2975.62,-0.013442
2976.11,-0.013449
2976.59,-0.013455
2977.07,-0.013461
2977.55,-0.013459
2978.03,-0.013437
2978.52,-0.013385
2979.00,-0.013299
2979.48,-0.013184
2979.96,-0.013047
2980.45,-0.012901
2980.93,-0.012756
2981.41,-0.012614
2981.89,-0.012474
2982.37,-0.012333
2982.86,-0.012191
2983.34,-0.012051
2983.82,-0.011921
2984.30,-0.011813
2984.78,-0.011733
2985.27,-0.011681
2985.75,-0.011652
2986.23,-0.011635
2986.71,-0.011618
2987.20,-0.011593
2987.68,-0.011556
2988.16,-0.011507
2988.64,-0.011443
2989.12,-0.011361
2989.61,-0.011254
2990.09,-0.011122
2990.57,-0.010971
2991.05,-0.010821
2991.53,-0.010705
2992.02,-0.010666
2992.50,-0.010743
2992.98,-0.010960
2993.46,-0.011315
2993.95,-0.011780
2994.43,-0.012298
2994.91,-0.012795
2995.39,-0.013202
2995.87,-0.013457
2996.36,-0.013525
2996.84,-0.013399
2997.32,-0.013099
2997.80,-0.012669
2998.28,-0.012163
2998.77,-0.011645
2999.25,-0.011176
2999.73,-0.010807
3000.21,-0.010576
3000.69,-0.010501
3001.18,-0.010578
3001.66,-0.010781
3002.14,-0.011070
3002.62,-0.011395
3003.11,-0.011706
3003.59,-0.011962
3004.07,-0.012138
3004.55,-0.012224
3005.03,-0.012228
3005.51,-0.012163
3006.00,-0.012049
3006.48,-0.011901
3006.96,-0.011734
3007.44,-0.011555
3007.93,-0.011376
3008.41,-0.011207
3008.89,-0.011063
3009.37,-0.010960
3009.85,-0.010906
3010.34,-0.010902
3010.82,-0.010936
3011.30,-0.010983
3011.78,-0.011013
3012.26,-0.011002
3012.75,-0.010937
3013.23,-0.010822
3013.71,-0.010675
3014.19,-0.010525
3014.68,-0.010400
3015.16,-0.010318
3015.64,-0.010281
3016.12,-0.010278
3016.60,-0.010291
3017.09,-0.010299
3017.57,-0.010293
3018.05,-0.010271
3018.53,-0.010243
3019.01,-0.010222
3019.50,-0.010219
3019.98,-0.010236
3020.46,-0.010265
3020.94,-0.010289
3021.43,-0.010287
3021.91,-0.010244
3022.39,-0.010154
3022.87,-0.010026
3023.35,-0.009880
3023.84,-0.009749
3024.32,-0.009662
3024.80,-0.009640
3025.28,-0.009688
3025.76,-0.009790
3026.25,-0.009915
3026.73,-0.010022
3027.21,-0.010079
3027.69,-0.010066
3028.18,-0.009985
3028.66,-0.009860
3029.14,-0.009725
3029.62,-0.009612
3030.10,-0.009541
3030.59,-0.009513
3031.07,-0.009513
3031.55,-0.009516
3032.03,-0.009500
3032.51,-0.009457
3033.00,-0.009391
3033.48,-0.009319
3033.96,-0.009256
3034.44,-0.009212
3034.93,-0.009182
3035.41,-0.009155
3035.89,-0.009121
3036.37,-0.009074
3036.85,-0.009024
3037.34,-0.008991
3037.82,-0.008997
3038.30,-0.009052
3038.78,-0.009152
3039.26,-0.009273
3039.75,-0.009385
3040.23,-0.009460
3040.71,-0.009484
3041.19,-0.009466
3041.67,-0.009429
3042.16,-0.009406
3042.64,-0.009420
3043.12,-0.009479
3043.60,-0.009568
3044.09,-0.009659
3044.57,-0.009716
3045.05,-0.009711
3045.53,-0.009627
3046.01,-0.009463
3046.49,-0.009229
3046.98,-0.008947
3047.46,-0.008638
3047.94,-0.008327
3048.42,-0.008036
3048.91,-0.007792
3049.39,-0.007614
3049.87,-0.007518
3050.35,-0.007510
3050.83,-0.007579
3051.32,-0.007701
3051.80,-0.007840
3052.28,-0.007959
3052.76,-0.008025
3053.24,-0.008019
3053.73,-0.007935
3054.21,-0.007786
3054.69,-0.007590
3055.17,-0.007374
3055.66,-0.007161
3056.14,-0.006967
3056.62,-0.006804
3057.10,-0.006669
3057.58,-0.006556
3058.07,-0.006453
3058.55,-0.006350
3059.03,-0.006241
3059.51,-0.006126
3059.99,-0.006012
3060.48,-0.005911
3060.96,-0.005832
3061.44,-0.005782
3061.92,-0.005760
3062.41,-0.005762
3062.89,-0.005782
3063.37,-0.005822
3063.85,-0.005892
3064.33,-0.006009
3064.82,-0.006189
3065.30,-0.006442
3065.78,-0.006761
3066.26,-0.007119
3066.74,-0.007471
3067.23,-0.007769
3067.71,-0.007969
3068.19,-0.008043
3068.67,-0.007986
3069.16,-0.007812
3069.64,-0.007550
3070.12,-0.007233
3070.60,-0.006897
3071.08,-0.006572
3071.57,-0.006285
3072.05,-0.006055
3072.53,-0.005898
3073.01,-0.005818
3073.49,-0.005806
3073.98,-0.005839
3074.46,-0.005883
3074.94,-0.005904
3075.42,-0.005875
3075.90,-0.005787
3076.39,-0.005654
3076.87,-0.005505
3077.35,-0.005375
3077.83,-0.005298
3078.32,-0.005286
3078.80,-0.005335
3079.28,-0.005425
3079.76,-0.005529
3080.24,-0.005624
3080.73,-0.005697
3081.21,-0.005743
3081.69,-0.005769
3082.17,-0.005779
3082.65,-0.005776
3083.14,-0.005757
3083.62,-0.005719
3084.10,-0.005660
3084.58,-0.005582
3085.07,-0.005490
3085.55,-0.005392
3086.03,-0.005289
3086.51,-0.005175
3086.99,-0.005045
3087.47,-0.004894
3087.96,-0.004727
3088.44,-0.004564
3088.92,-0.004435
3089.40,-0.004374
3089.89,-0.004400
3090.37,-0.004516
3090.85,-0.004697
3091.33,-0.004899
3091.81,-0.005069
3092.30,-0.005164
3092.78,-0.005161
3093.26,-0.005069
3093.74,-0.004913
3094.22,-0.004735
3094.71,-0.004570
3095.19,-0.004436
3095.67,-0.004328
3096.15,-0.004224
3096.64,-0.004098
3097.12,-0.003926
3097.60,-0.003704
3098.08,-0.003445
3098.56,-0.003178
3099.05,-0.002939
3099.53,-0.002755
3100.01,-0.002646
3100.49,-0.002613
3100.97,-0.002641
3101.46,-0.002706
3101.94,-0.002783
3102.42,-0.002848
3102.90,-0.002885
3103.39,-0.002887
3103.87,-0.002859
3104.35,-0.002813
3104.83,-0.002764
3105.31,-0.002728
3105.80,-0.002717
3106.28,-0.002733
3106.76,-0.002770
3107.24,-0.002813
3107.72,-0.002842
3108.21,-0.002840
3108.69,-0.002798
3109.17,-0.002718
3109.65,-0.002617
3110.14,-0.002516
3110.62,-0.002438
3111.10,-0.002400
3111.58,-0.002404
3112.06,-0.002438
3112.55,-0.002482
3113.03,-0.002510
3113.51,-0.002503
3113.99,-0.002453
3114.47,-0.002362
3114.96,-0.002249
3115.44,-0.002135
3115.92,-0.002044
3116.40,-0.001995
3116.88,-0.001996
3117.37,-0.002047
3117.85,-0.002137
3118.33,-0.002249
3118.81,-0.002365
3119.30,-0.002467
3119.78,-0.002543
3120.26,-0.002591
3120.74,-0.002614
3121.22,-0.002620
3121.71,-0.002618
3122.19,-0.002614
3122.67,-0.002605
3123.15,-0.002583
3123.63,-0.002529
3124.12,-0.002426
3124.60,-0.002262
3125.08,-0.002038
3125.56,-0.001768
3126.04,-0.001479
3126.53,-0.001210
3127.01,-0.000995
3127.49,-0.000868
3127.97,-0.000844
3128.45,-0.000927
3128.94,-0.001101
3129.42,-0.001339
3129.90,-0.001608
3130.38,-0.001869
3130.87,-0.002088
3131.35,-0.002236
3131.83,-0.002293
3132.31,-0.002250
3132.79,-0.002109
3133.28,-0.001879
3133.76,-0.001578
3134.24,-0.001228
3134.72,-0.000850
3135.20,-0.000466
3135.69,-0.000093
3136.17,0.000248
3136.65,0.000539
3137.13,0.000758
3137.61,0.000882
3138.10,0.000894
3138.58,0.000784
3139.06,0.000556
3139.54,0.000233
3140.03,-0.000147
3140.51,-0.000530
3140.99,-0.000863
3141.47,-0.001093
3141.95,-0.001186
3142.44,-0.001131
3142.92,-0.000946
3143.40,-0.000670
3143.88,-0.000360
3144.36,-0.000082
3144.85,0.000116
3145.33,0.000204
3145.81,0.000182
3146.29,0.000078
3146.78,-0.000061
3147.26,-0.000180
3147.74,-0.000236
3148.22,-0.000203
3148.70,-0.000080
3149.19,0.000115
3149.67,0.000353
3150.15,0.000603
3150.63,0.000840
3151.11,0.001049
3151.60,0.001217
3152.08,0.001336
3152.56,0.001393
3153.04,0.001375
3153.53,0.001273
3154.01,0.001089
3154.49,0.000844
3154.97,0.000576
3155.45,0.000337
3155.94,0.000181
3156.42,0.000152
3156.90,0.000276
3157.38,0.000551
3157.86,0.000951
3158.35,0.001430
3158.83,0.001937
3159.31,0.002415
3159.79,0.002815
3160.28,0.003102
3160.76,0.003256
3161.24,0.003271
3161.72,0.003164
3162.20,0.002962
3162.68,0.002706
3163.17,0.002436
3163.65,0.002187
3164.13,0.001983
3164.61,0.001830
3165.10,0.001721
3165.58,0.001645
3166.06,0.001589
3166.54,0.001546
3167.02,0.001518
3167.51,0.001512
3167.99,0.001536
3168.47,0.001597
3168.95,0.001695
3169.43,0.001825
3169.92,0.001982
3170.40,0.002158
3170.88,0.002348
3171.36,0.002541
3171.85,0.002723
3172.33,0.002874
3172.81,0.002971
3173.29,0.002994
3173.77,0.002934
3174.26,0.002798
3174.74,0.002612
3175.22,0.002409
3175.70,0.002224
3176.18,0.002083
3176.67,0.001994
3177.15,0.001951
3177.63,0.001935
3178.11,0.001928
3178.59,0.001917
3179.08,0.001901
3179.56,0.001889
3180.04,0.001892
3180.52,0.001920
3181.01,0.001975
3181.49,0.002049
3181.97,0.002134
3182.45,0.002218
3182.93,0.002298
3183.42,0.002378
3183.90,0.002467
3184.38,0.002581
3184.86,0.002737
3185.34,0.002947
3185.83,0.003219
3186.31,0.003549
3186.79,0.003925
3187.27,0.004321
3187.76,0.004704
3188.24,0.005040
3188.72,0.005298
3189.20,0.005461
3189.68,0.005526
3190.17,0.005510
3190.65,0.005435
3191.13,0.005330
3191.61,0.005213
3192.09,0.005098
3192.58,0.004989
3193.06,0.004891
3193.54,0.004815
3194.02,0.004784
3194.51,0.004823
3194.99,0.004954
3195.47,0.005180
3195.95,0.005484
3196.43,0.005823
3196.92,0.006140
3197.40,0.006384
3197.88,0.006521
3198.36,0.006543
3198.84,0.006471
3199.33,0.006341
3199.81,0.006194
3200.29,0.006058
3200.77,0.005948
3201.26,0.005867
3201.74,0.005808
3202.22,0.005765
3202.70,0.005731
3203.18,0.005700
3203.66,0.005660
3204.15,0.005590
3204.63,0.005471
3205.11,0.005285
3205.59,0.005033
3206.08,0.004736
3206.56,0.004436
3207.04,0.004184
3207.52,0.004026
3208.00,0.003987
3208.49,0.004067
3208.97,0.004238
3209.45,0.004457
3209.93,0.004684
3210.41,0.004887
3210.90,0.005056
3211.38,0.005195
3211.86,0.005316
3212.34,0.005430
3212.82,0.005541
3213.31,0.005643
3213.79,0.005725
3214.27,0.005777
3214.75,0.005793
3215.24,0.005777
3215.72,0.005737
3216.20,0.005682
3216.68,0.005620
3217.16,0.005552
3217.65,0.005474
3218.13,0.005380
3218.61,0.005265
3219.09,0.005125
3219.57,0.004967
3220.06,0.004806
3220.54,0.004667
3221.02,0.004584
3221.50,0.004592
3221.99,0.004717
3222.47,0.004970
3222.95,0.005333
3223.43,0.005766
3223.91,0.006210
3224.40,0.006601
3224.88,0.006883
3225.36,0.007030
3225.84,0.007041
3226.32,0.006948
3226.81,0.006798
3227.29,0.006649
3227.77,0.006546
3228.25,0.006521
3228.74,0.006586
3229.22,0.006737
3229.70,0.006957
3230.18,0.007218
3230.66,0.007488
3231.15,0.007726
3231.63,0.007894
3232.11,0.007962
3232.59,0.007913
3233.07,0.007756
3233.56,0.007523
3234.04,0.007267
3234.52,0.007044
3235.00,0.006899
3235.49,0.006852
3235.97,0.006889
3236.45,0.006969
3236.93,0.007034
3237.41,0.007027
3237.90,0.006914
3238.38,0.006693
3238.86,0.006396
3239.34,0.006081
3239.82,0.005819
3240.31,0.005668
3240.79,0.005663
3241.27,0.005803
3241.75,0.006056
3242.24,0.006364
3242.72,0.006660
3243.20,0.006895
3243.68,0.007046
3244.16,0.007122
3244.64,0.007157
3245.13,0.007198
3245.61,0.007277
3246.09,0.007401
3246.57,0.007542
3247.06,0.007648
3247.54,0.007665
3248.02,0.007558
3248.50,0.007331
3248.98,0.007028
3249.47,0.006725
3249.95,0.006498
3250.43,0.006405
3250.91,0.006466
3251.39,0.006659
3251.88,0.006929
3252.36,0.007212
3252.84,0.007454
3253.32,0.007624
3253.80,0.007713
3254.29,0.007729
3254.77,0.007687
3255.25,0.007599
3255.73,0.007470
3256.22,0.007310
3256.70,0.007136
3257.18,0.006976
3257.66,0.006868
3258.14,0.006849
3258.63,0.006941
3259.11,0.007146
3259.59,0.007439
3260.07,0.007778
3260.55,0.008111
3261.04,0.008395
3261.52,0.008601
3262.00,0.008721
3262.48,0.008762
3262.97,0.008750
3263.45,0.008715
3263.93,0.008685
3264.41,0.008687
3264.89,0.008735
3265.38,0.008828
3265.86,0.008951
3266.34,0.009076
3266.82,0.009174
3267.30,0.009218
3267.79,0.009198
3268.27,0.009122
3268.75,0.009014
3269.23,0.008900
3269.72,0.008800
3270.20,0.008714
3270.68,0.008624
3271.16,0.008506
3271.64,0.008342
3272.13,0.008136
3272.61,0.007921
3273.09,0.007751
3273.57,0.007680
3274.05,0.007741
3274.54,0.007931
3275.02,0.008211
3275.50,0.008509
3275.98,0.008757
3276.47,0.008910
3276.95,0.008959
3277.43,0.008934
3277.91,0.008882
3278.39,0.008847
3278.88,0.008845
3279.36,0.008858
3279.84,0.008841
3280.32,0.008744
3280.80,0.008537
3281.29,0.008226
3281.77,0.007857
3282.25,0.007505
3282.73,0.007254
3283.22,0.007165
3283.70,0.007264
3284.18,0.007527
3284.66,0.007898
3285.14,0.008298
3285.62,0.008650
3286.11,0.008903
3286.59,0.009033
3287.07,0.009048
3287.55,0.008974
3288.04,0.008849
3288.52,0.008705
3289.00,0.008562
3289.48,0.008431
3289.96,0.008316
3290.45,0.008225
3290.93,0.008169
3291.41,0.008169
3291.89,0.008249
3292.38,0.008426
3292.86,0.008706
3293.34,0.009071
3293.82,0.009486
3294.30,0.009903
3294.78,0.010269
3295.27,0.010543
3295.75,0.010700
3296.23,0.010734
3296.71,0.010656
3297.20,0.010487
3297.68,0.010258
3298.16,0.010003
3298.64,0.009753
3299.12,0.009542
3299.61,0.009394
3300.09,0.009318
3300.57,0.009305
3301.05,0.009327
3301.53,0.009337
3302.02,0.009283
3302.50,0.009126
3302.98,0.008853
3303.46,0.008489
3303.95,0.008090
3304.43,0.007734
3304.91,0.007503
3305.39,0.007452
3305.87,0.007602
3306.36,0.007936
3306.84,0.008404
3307.32,0.008941
3307.80,0.009479
3308.28,0.009968
3308.77,0.010371
3309.25,0.010666
3309.73,0.010844
3310.21,0.010900
3310.70,0.010831
3311.18,0.010644
3311.66,0.010357
3312.14,0.010001
3312.62,0.009622
3313.11,0.009277
3313.59,0.009016
3314.07,0.008878
3314.55,0.008877
3315.03,0.009003
3315.52,0.009221
3316.00,0.009484
3316.48,0.009744
3316.96,0.009957
3317.45,0.010097
3317.93,0.010151
3318.41,0.010120
3318.89,0.010014
3319.37,0.009844
3319.86,0.009627
3320.34,0.009379
3320.82,0.009121
3321.30,0.008882
3321.78,0.008698
3322.27,0.008605
3322.75,0.008631
3323.23,0.008791
3323.71,0.009072
3324.20,0.009437
3324.68,0.009829
3325.16,0.010190
3325.64,0.010466
3326.12,0.010629
3326.61,0.010678
3327.09,0.010634
3327.57,0.010531
3328.05,0.010397
3328.53,0.010254
3329.02,0.010103
3329.50,0.009941
3329.98,0.009765
3330.46,0.009586
3330.94,0.009434
3331.43,0.009350
3331.91,0.009374
3332.39,0.009533
3332.87,0.009826
3333.36,0.010221
3333.84,0.010660
3334.32,0.011075
3334.80,0.011406
3335.28,0.011608
3335.76,0.011665
3336.25,0.011584
3336.73,0.011395
3337.21,0.011136
3337.69,0.010848
3338.18,0.010573
3338.66,0.010347
3339.14,0.010204
3339.62,0.010171
3340.10,0.010266
3340.59,0.010494
3341.07,0.010842
3341.55,0.011279
3342.03,0.011756
3342.51,0.012212
3343.00,0.012589
3343.48,0.012830
3343.96,0.012900
3344.44,0.012784
3344.93,0.012497
3345.41,0.012075
3345.89,0.011572
3346.37,0.011053
3346.85,0.010577
3347.34,0.010189
3347.82,0.009914
3348.30,0.009750
3348.78,0.009677
3349.26,0.009660
3349.75,0.009668
3350.23,0.009677
3350.71,0.009679
3351.19,0.009675
3351.68,0.009676
3352.16,0.009688
3352.64,0.009708
3353.12,0.009726
3353.60,0.009729
3354.09,0.009709
3354.57,0.009664
3355.05,0.009608
3355.53,0.009557
3356.01,0.009527
3356.50,0.009524
3356.98,0.009536
3357.46,0.009543
3357.94,0.009518
3358.43,0.009445
3358.91,0.009323
3359.39,0.009166
3359.87,0.009002
3360.35,0.008861
3360.84,0.008763
3361.32,0.008723
3361.80,0.008743
3362.28,0.008825
3362.76,0.008974
3363.25,0.009203
3363.73,0.009522
3364.21,0.009933
3364.69,0.010418
3365.17,0.010933
3365.66,0.011409
3366.14,0.011773
3366.62,0.011962
3367.10,0.011944
3367.59,0.011728
3368.07,0.011361
3368.55,0.010914
3369.03,0.010463
3369.51,0.010069
3370.00,0.009772
3370.48,0.009582
3370.96,0.009491
3371.44,0.009480
3371.92,0.009524
3372.41,0.009601
3372.89,0.009687
3373.37,0.009760
3373.85,0.009800
3374.33,0.009793
3374.82,0.009735
3375.30,0.009640
3375.78,0.009535
3376.26,0.009453
3376.74,0.009428
3377.23,0.009478
3377.71,0.009604
3378.19,0.009787
3378.67,0.009996
3379.16,0.010195
3379.64,0.010349
3380.12,0.010431
3380.60,0.010424
3381.08,0.010315
3381.57,0.010101
3382.05,0.009789
3382.53,0.009402
3383.01,0.008975
3383.49,0.008563
3383.98,0.008222
3384.46,0.008000
3384.94,0.007921
3385.42,0.007982
3385.91,0.008149
3386.39,0.008374
3386.87,0.008611
3387.35,0.008831
3387.83,0.009030
3388.32,0.009215
3388.80,0.009400
3389.28,0.009582
3389.76,0.009741
3390.24,0.009841
3390.73,0.009842
3391.21,0.009722
3391.69,0.009482
3392.17,0.009158
3392.66,0.008801
3393.14,0.008469
3393.62,0.008208
3394.10,0.008044
3394.58,0.007981
3395.07,0.008018
3395.55,0.008155
3396.03,0.008397
3396.51,0.008753
3396.99,0.009215
3397.48,0.009750
3397.96,0.010287
3398.44,0.010736
3398.92,0.011001
3399.41,0.011019
3399.89,0.010779
3400.37,0.010331
3400.85,0.009766
3401.33,0.009192
3401.82,0.008702
3402.30,0.008349
3402.78,0.008138
3403.26,0.008034
3403.74,0.007990
3404.23,0.007959
3404.71,0.007920
3405.19,0.007874
3405.67,0.007836
3406.15,0.007819
3406.64,0.007824
3407.12,0.007834
3407.60,0.007823
3408.08,0.007770
3408.57,0.007669
3409.05,0.007533
3409.53,0.007390
3410.01,0.007272
3410.49,0.007201
3410.97,0.007178
3411.46,0.007187
3411.94,0.007205
3412.42,0.007210
3412.90,0.007193
3413.39,0.007165
3413.87,0.007148
3414.35,0.007171
3414.83,0.007251
3415.31,0.007395
3415.80,0.007585
3416.28,0.007798
3416.76,0.007998
3417.24,0.008157
3417.72,0.008255
3418.21,0.008283
3418.69,0.008244
3419.17,0.008142
3419.65,0.007985
3420.14,0.007782
3420.62,0.007535
3421.10,0.007253
3421.58,0.006942
3422.06,0.006618
3422.55,0.006301
3423.03,0.006016
3423.51,0.005792
3423.99,0.005658
3424.47,0.005632
3424.96,0.005721
3425.44,0.005914
3425.92,0.006187
3426.40,0.006494
3426.89,0.006784
3427.37,0.007006
3427.85,0.007119
3428.33,0.007104
3428.81,0.006963
3429.30,0.006723
3429.78,0.006423
3430.26,0.006108
3430.74,0.005816
3431.22,0.005570
3431.71,0.005380
3432.19,0.005239
3432.67,0.005133
3433.15,0.005045
3433.64,0.004961
3434.12,0.004879
3434.60,0.004798
3435.08,0.004724
3435.56,0.004659
3436.05,0.004597
3436.53,0.004523
3437.01,0.004420
3437.49,0.004274
3437.97,0.004083
3438.46,0.003869
3438.94,0.003679
3439.42,0.003574
3439.90,0.003615
3440.39,0.003847
3440.87,0.004282
3441.35,0.004887
3441.83,0.005594
3442.31,0.006313
3442.80,0.006958
3443.28,0.007460
3443.76,0.007790
3444.24,0.007955
3444.72,0.007985
3445.21,0.007915
3445.69,0.007774
3446.17,0.007573
3446.65,0.007314
3447.13,0.006998
3447.62,0.006641
3448.10,0.006272
3448.58,0.005931
3449.06,0.005657
3449.55,0.005466
3450.03,0.005352
3450.51,0.005292
3450.99,0.005253
3451.47,0.005211
3451.95,0.005152
3452.44,0.005072
3452.92,0.004968
3453.40,0.004829
3453.88,0.004627
3454.37,0.004329
3454.85,0.003911
3455.33,0.003374
3455.81,0.002770
3456.29,0.002182
3456.78,0.001726
3457.26,0.001504
3457.74,0.001572
3458.22,0.001918
3458.70,0.002462
3459.19,0.003081
3459.67,0.003630
3460.15,0.003997
3460.63,0.004130
3461.11,0.004038
3461.60,0.003786
3462.08,0.003464
3462.56,0.003171
3463.04,0.002975
3463.53,0.002916
3464.01,0.002998
3464.49,0.003208
3464.97,0.003514
3465.45,0.003880
3465.94,0.004264
3466.42,0.004616
3466.90,0.004877
3467.38,0.004987
3467.86,0.004896
3468.35,0.004576
3468.83,0.004034
3469.31,0.003315
3469.79,0.002495
3470.28,0.001659
3470.76,0.000897
3471.24,0.000283
3471.72,-0.000135
3472.20,-0.000337
3472.69,-0.000330
3473.17,-0.000143
3473.65,0.000175
3474.13,0.000571
3474.61,0.000989
3475.10,0.001377
3475.58,0.001693
3476.06,0.001911
3476.54,0.002018
3477.03,0.002016
3477.51,0.001922
3477.99,0.001760
3478.47,0.001562
3478.95,0.001362
3479.44,0.001202
3479.92,0.001116
3480.40,0.001140
3480.88,0.001292
3481.36,0.001571
3481.85,0.001945
3482.33,0.002352
3482.81,0.002713
3483.29,0.002945
3483.78,0.002987
3484.26,0.002820
3484.74,0.002469
3485.22,0.001997
3485.70,0.001483
3486.19,0.001008
3486.67,0.000624
3487.15,0.000352
3487.63,0.000179
3488.11,0.000062
3488.60,-0.000054
3489.08,-0.000217
3489.56,-0.000450
3490.04,-0.000744
3490.53,-0.001062
3491.01,-0.001354
3491.49,-0.001567
3491.97,-0.001661
3492.45,-0.001621
3492.93,-0.001457
3493.42,-0.001199
3493.90,-0.000894
3494.38,-0.000597
3494.86,-0.000356
3495.35,-0.000206
3495.83,-0.000162
3496.31,-0.000212
3496.79,-0.000318
3497.27,-0.000424
3497.76,-0.000477
3498.24,-0.000432
3498.72,-0.000276
3499.20,-0.000031
3499.68,0.000248
3500.17,0.000486
3500.65,0.000615
3501.13,0.000580
3501.61,0.000368
3502.09,0.000004
3502.58,-0.000443
3503.06,-0.000884
3503.54,-0.001242
3504.02,-0.001468
3504.51,-0.001570
3504.99,-0.001603
3505.47,-0.001655
3505.95,-0.001808
3506.43,-0.002111
3506.92,-0.002572
3507.40,-0.003154
3507.88,-0.003796
3508.36,-0.004422
3508.84,-0.004969
3509.33,-0.005391
3509.81,-0.005668
3510.29,-0.005802
3510.77,-0.005812
3511.26,-0.005723
3511.74,-0.005551
3512.22,-0.005308
3512.70,-0.005006
3513.18,-0.004659
3513.67,-0.004302
3514.15,-0.003981
3514.63,-0.003747
3515.11,-0.003648
3515.59,-0.003705
3516.08,-0.003907
3516.56,-0.004207
3517.04,-0.004540
3517.52,-0.004839
3518.01,-0.005054
3518.49,-0.005169
3518.97,-0.005202
3519.45,-0.005200
3519.93,-0.005215
3520.42,-0.005287
3520.90,-0.005428
3521.38,-0.005619
3521.86,-0.005817
3522.34,-0.005971
3522.83,-0.006041
3523.31,-0.006007
3523.79,-0.005880
3524.27,-0.005695
3524.76,-0.005507
3525.24,-0.005363
3525.72,-0.005292
3526.20,-0.005299
3526.68,-0.005364
3527.17,-0.005454
3527.65,-0.005527
3528.13,-0.005551
3528.61,-0.005507
3529.09,-0.005397
3529.58,-0.005243
3530.06,-0.005084
3530.54,-0.004965
3531.02,-0.004930
3531.51,-0.005007
3531.99,-0.005210
3532.47,-0.005532
3532.95,-0.005945
3533.43,-0.006410
3533.91,-0.006881
3534.40,-0.007312
3534.88,-0.007665
3535.36,-0.007912
3535.84,-0.008040
3536.33,-0.008051
3536.81,-0.007967
3537.29,-0.007828
3537.77,-0.007681
3538.25,-0.007573
3538.74,-0.007534
3539.22,-0.007574
3539.70,-0.007677
3540.18,-0.007812
3540.66,-0.007947
3541.15,-0.008058
3541.63,-0.008142
3542.11,-0.008215
3542.59,-0.008314
3543.07,-0.008476
3543.56,-0.008726
3544.04,-0.009065
3544.52,-0.009462
3545.00,-0.009866
3545.49,-0.010213
3545.97,-0.010452
3546.45,-0.010565
3546.93,-0.010574
3547.41,-0.010534
3547.90,-0.010510
3548.38,-0.010561
3548.86,-0.010714
3549.34,-0.010961
3549.82,-0.011268
3550.31,-0.011588
3550.79,-0.011868
3551.27,-0.012058
3551.75,-0.012118
3552.24,-0.012026
3552.72,-0.011782
3553.20,-0.011423
3553.68,-0.011014
3554.16,-0.010642
3554.65,-0.010385
3555.13,-0.010295
3555.61,-0.010386
3556.09,-0.010632
3556.57,-0.010977
3557.06,-0.011351
3557.54,-0.011695
3558.02,-0.011960
3558.50,-0.012133
3558.99,-0.012222
3559.47,-0.012261
3559.95,-0.012290
3560.43,-0.012342
3560.91,-0.012444
3561.40,-0.012605
3561.88,-0.012826
3562.36,-0.013103
3562.84,-0.013436
3563.32,-0.013826
3563.81,-0.014271
3564.29,-0.014761
3564.77,-0.015263
3565.25,-0.015726
3565.74,-0.016079
3566.22,-0.016236
3566.70,-0.016120
3567.18,-0.015695
3567.66,-0.015002
3568.15,-0.014172
3568.63,-0.013384
3569.11,-0.012806
3569.59,-0.012512
3570.07,-0.012480
3570.56,-0.012627
3571.04,-0.012861
3571.52,-0.013104
3572.00,-0.013310
3572.49,-0.013470
3572.97,-0.013597
3573.45,-0.013718
3573.93,-0.013857
3574.41,-0.014027
3574.89,-0.014225
3575.38,-0.014431
3575.86,-0.014624
3576.34,-0.014784
3576.82,-0.014908
3577.31,-0.015002
3577.79,-0.015079
3578.27,-0.015148
3578.75,-0.015205
3579.23,-0.015238
3579.72,-0.015229
3580.20,-0.015163
3580.68,-0.015038
3581.16,-0.014868
3581.64,-0.014685
3582.13,-0.014527
3582.61,-0.014432
3583.09,-0.014434
3583.57,-0.014549
3584.05,-0.014782
3584.54,-0.015122
3585.02,-0.015545
3585.50,-0.016008
3585.98,-0.016455
3586.47,-0.016821
3586.95,-0.017029
3587.43,-0.017023
3587.91,-0.016788
3588.39,-0.016384
3588.88,-0.015942
3589.36,-0.015612
3589.84,-0.015513
3590.32,-0.015679
3590.80,-0.016074
3591.29,-0.016620
3591.77,-0.017234
3592.25,-0.017843
3592.73,-0.018382
3593.22,-0.018809
3593.70,-0.019095
3594.18,-0.019231
3594.66,-0.019230
3595.14,-0.019134
3595.63,-0.019006
3596.11,-0.018908
3596.59,-0.018891
3597.07,-0.018966
3597.55,-0.019104
3598.04,-0.019236
3598.52,-0.019285
3599.00,-0.019185
3599.48,-0.018909
3599.97,-0.018482
3600.45,-0.017980
3600.93,-0.017521
3601.41,-0.017229
3601.89,-0.017193
3602.38,-0.017450
3602.86,-0.017968
3603.34,-0.018667
3603.82,-0.019446
3604.30,-0.020221
3604.79,-0.020929
3605.27,-0.021531
3605.75,-0.022003
3606.23,-0.022325
3606.72,-0.022477
3607.20,-0.022443
3607.68,-0.022223
3608.16,-0.021853
3608.64,-0.021406
3609.12,-0.021002
3609.61,-0.020761
3610.09,-0.020768
3610.57,-0.021042
3611.05,-0.021536
3611.54,-0.022162
3612.02,-0.022811
3612.50,-0.023376
3612.98,-0.023756
3613.46,-0.023864
3613.95,-0.023649
3614.43,-0.023121
3614.91,-0.022369
3615.39,-0.021536
3615.88,-0.020786
3616.36,-0.020259
3616.84,-0.020034
3617.32,-0.020133
3617.80,-0.020511
3618.29,-0.021075
3618.77,-0.021677
3619.25,-0.022154
3619.73,-0.022376
3620.21,-0.022292
3620.70,-0.021967
3621.18,-0.021542
3621.66,-0.021175
3622.14,-0.020959
3622.62,-0.020911
3623.11,-0.020992
3623.59,-0.021147
3624.07,-0.021333
3624.55,-0.021539
3625.03,-0.021786
3625.52,-0.022117
3626.00,-0.022573
3626.48,-0.023171
3626.96,-0.023887
3627.45,-0.024639
3627.93,-0.025297
3628.41,-0.025674
3628.89,-0.025564
3629.37,-0.024834
3629.86,-0.023557
3630.34,-0.022083
3630.82,-0.020870
3631.30,-0.020241
3631.78,-0.020245
3632.27,-0.020750
3632.75,-0.021570
3633.23,-0.022532
3633.71,-0.023492
3634.20,-0.024317
3634.68,-0.024909
3635.16,-0.025208
3635.64,-0.025210
3636.12,-0.024971
3636.61,-0.024585
3637.09,-0.024167
3637.57,-0.023816
3638.05,-0.023616
3638.53,-0.023622
3639.02,-0.023846
3639.50,-0.024259
3639.98,-0.024782
3640.46,-0.025314
3640.95,-0.025745
3641.43,-0.025993
3641.91,-0.026025
3642.39,-0.025873
3642.87,-0.025628
3643.36,-0.025414
3643.84,-0.025363
3644.32,-0.025561
3644.80,-0.026030
3645.28,-0.026725
3645.77,-0.027551
3646.25,-0.028384
3646.73,-0.029077
3647.21,-0.029494
3647.70,-0.029510
3648.18,-0.029047
3648.66,-0.028094
3649.14,-0.026744
3649.62,-0.025188
3650.11,-0.023675
3650.59,-0.022474
3651.07,-0.021794
3651.55,-0.021725
3652.03,-0.022218
3652.52,-0.023110
3653.00,-0.024202
3653.48,-0.025309
3653.96,-0.026300
3654.44,-0.027096
3654.93,-0.027650
3655.41,-0.027956
3655.89,-0.028034
3656.37,-0.027943
3656.86,-0.027768
3657.34,-0.027602
3657.82,-0.027502
3658.30,-0.027468
3658.78,-0.027451
3659.27,-0.027391
3659.75,-0.027258
3660.23,-0.027064
3660.71,-0.026862
3661.19,-0.026723
3661.68,-0.026720
3662.16,-0.026898
3662.64,-0.027257
3663.12,-0.027748
3663.60,-0.028292
3664.09,-0.028802
3664.57,-0.029203
3665.05,-0.029457
3665.53,-0.029562
3666.01,-0.029550
3666.50,-0.029470
3666.98,-0.029374
3667.46,-0.029310
3667.94,-0.029306
3668.43,-0.029368
3668.91,-0.029476
3669.39,-0.029584
3669.87,-0.029624
3670.35,-0.029529
3670.84,-0.029278
3671.32,-0.028932
3671.80,-0.028620
3672.28,-0.028468
3672.76,-0.028542
3673.25,-0.028827
3673.73,-0.029254
3674.21,-0.029719
3674.69,-0.030103
3675.18,-0.030283
3675.66,-0.030154
3676.14,-0.029711
3676.62,-0.029105
3677.10,-0.028615
3677.59,-0.028450
3678.07,-0.028626
3678.55,-0.029007
3679.03,-0.029426
3679.51,-0.029757
3680.00,-0.029935
3680.48,-0.029965
3680.96,-0.029900
3681.44,-0.029823
3681.93,-0.029801
3682.41,-0.029871
3682.89,-0.030027
3683.37,-0.030233
3683.85,-0.030441
3684.34,-0.030616
3684.82,-0.030742
3685.30,-0.030822
3685.78,-0.030868
3686.26,-0.030889
3686.75,-0.030883
3687.23,-0.030839
3687.71,-0.030741
3688.19,-0.030588
3688.68,-0.030400
3689.16,-0.030229
3689.64,-0.030144
3690.12,-0.030191
3690.60,-0.030369
3691.09,-0.030622
3691.57,-0.030882
3692.05,-0.031105
3692.53,-0.031286
3693.01,-0.031452
3693.50,-0.031627
3693.98,-0.031816
3694.46,-0.031995
3694.94,-0.032114
3695.42,-0.032119
3695.91,-0.031972
3696.39,-0.031665
3696.87,-0.031235
3697.35,-0.030753
3697.84,-0.030316
3698.32,-0.030000
3698.80,-0.029849
3699.28,-0.029860
3699.76,-0.029995
3700.24,-0.030201
3700.73,-0.030423
3701.21,-0.030622
3701.69,-0.030775
3702.17,-0.030875
3702.66,-0.030924
3703.14,-0.030933
3703.62,-0.030919
3704.10,-0.030900
3704.58,-0.030904
3705.07,-0.030958
3705.55,-0.031083
3706.03,-0.031289
3706.51,-0.031566
3706.99,-0.031884
3707.48,-0.032191
3707.96,-0.032429
3708.44,-0.032543
3708.92,-0.032499
3709.41,-0.032291
3709.89,-0.031944
3710.37,-0.031506
3710.85,-0.031031
3711.33,-0.030560
3711.82,-0.030112
3712.30,-0.029686
3712.78,-0.029285
3713.26,-0.028933
3713.74,-0.028678
3714.23,-0.028576
3714.71,-0.028660
3715.19,-0.028917
3715.67,-0.029300
3716.16,-0.029737
3716.64,-0.030149
3717.12,-0.030467
3717.60,-0.030648
3718.08,-0.030686
3718.57,-0.030612
3719.05,-0.030490
3719.53,-0.030388
3720.01,-0.030366
3720.49,-0.030444
3720.98,-0.030605
3721.46,-0.030806
3721.94,-0.030997
3722.42,-0.031146
3722.91,-0.031247
3723.39,-0.031323
3723.87,-0.031413
3724.35,-0.031550
3724.83,-0.031747
3725.32,-0.031994
3725.80,-0.032259
3726.28,-0.032508
3726.76,-0.032707
3727.24,-0.032836
3727.73,-0.032891
3728.21,-0.032886
3728.69,-0.032844
3729.17,-0.032791
3729.66,-0.032745
3730.14,-0.032717
3730.62,-0.032708
3731.10,-0.032709
3731.58,-0.032703
3732.07,-0.032669
3732.55,-0.032590
3733.03,-0.032463
3733.51,-0.032300
3733.99,-0.032130
3734.48,-0.031971
3734.96,-0.031812
3735.44,-0.031600
3735.92,-0.031254
3736.40,-0.030706
3736.89,-0.029967
3737.37,-0.029151
3737.85,-0.028441
3738.33,-0.028000
3738.82,-0.027908
3739.30,-0.028164
3739.78,-0.028713
3740.26,-0.029472
3740.74,-0.030355
3741.22,-0.031291
3741.71,-0.032226
3742.19,-0.033123
3742.67,-0.033960
3743.15,-0.034701
3743.64,-0.035275
3744.12,-0.035575
3744.60,-0.035461
3745.08,-0.034852
3745.56,-0.033843
3746.05,-0.032765
3746.53,-0.032015
3747.01,-0.031801
3747.49,-0.032101
3747.97,-0.032742
3748.46,-0.033530
3748.94,-0.034271
3749.42,-0.034805
3749.90,-0.035016
3750.39,-0.034841
3750.87,-0.034303
3751.35,-0.033508
3751.83,-0.032623
3752.31,-0.031800
3752.80,-0.031149
3753.28,-0.030727
3753.76,-0.030552
3754.24,-0.030616
3754.72,-0.030885
3755.21,-0.031302
3755.69,-0.031790
3756.17,-0.032269
3756.65,-0.032667
3757.14,-0.032927
3757.62,-0.033020
3758.10,-0.032949
3758.58,-0.032744
3759.06,-0.032444
3759.55,-0.032079
3760.03,-0.031672
3760.51,-0.031241
3760.99,-0.030821
3761.47,-0.030478
3761.96,-0.030283
3762.44,-0.030287
3762.92,-0.030491
3763.40,-0.030846
3763.89,-0.031264
3764.37,-0.031643
3764.85,-0.031899
3765.33,-0.031989
3765.81,-0.031941
3766.30,-0.031847
3766.78,-0.031843
3767.26,-0.032036
3767.74,-0.032450
3768.22,-0.033013
3768.71,-0.033581
3769.19,-0.033995
3769.67,-0.034107
3770.15,-0.033834
3770.64,-0.033191
3771.12,-0.032310
3771.60,-0.031393
3772.08,-0.030633
3772.56,-0.030154
3773.05,-0.029972
3773.53,-0.030035
3774.01,-0.030252
3774.49,-0.030538
3774.97,-0.030824
3775.46,-0.031065
3775.94,-0.031251
3776.42,-0.031390
3776.90,-0.031505
3777.38,-0.031612
3777.87,-0.031710
3778.35,-0.031769
3778.83,-0.031742
3779.31,-0.031574
3779.80,-0.031242
3780.28,-0.030780
3780.76,-0.030299
3781.24,-0.029943
3781.72,-0.029826
3782.20,-0.029990
3782.69,-0.030385
3783.17,-0.030910
3783.65,-0.031440
3784.13,-0.031876
3784.62,-0.032159
3785.10,-0.032287
3785.58,-0.032309
3786.06,-0.032301
3786.54,-0.032332
3787.03,-0.032426
3787.51,-0.032559
3787.99,-0.032684
3788.47,-0.032756
3788.95,-0.032756
3789.44,-0.032697
3789.92,-0.032607
3790.40,-0.032513
3790.88,-0.032422
3791.36,-0.032317
3791.85,-0.032165
3792.33,-0.031942
3792.81,-0.031643
3793.29,-0.031295
3793.78,-0.030936
3794.26,-0.030600
3794.74,-0.030295
3795.22,-0.030003
3795.70,-0.029688
3796.19,-0.029326
3796.67,-0.028928
3797.15,-0.028569
3797.63,-0.028364
3798.11,-0.028422
3798.60,-0.028785
3799.08,-0.029401
3799.56,-0.030150
3800.04,-0.030864
3800.53,-0.031370
3801.01,-0.031520
3801.49,-0.031215
3801.97,-0.030474
3802.45,-0.029480
3802.94,-0.028583
3803.42,-0.028115
3803.90,-0.028225
3804.38,-0.028848
3804.86,-0.029797
3805.35,-0.030874
3805.83,-0.031890
3806.31,-0.032695
3806.79,-0.033156
3807.28,-0.033183
3807.76,-0.032780
3808.24,-0.032085
3808.72,-0.031346
3809.20,-0.030795
3809.69,-0.030564
3810.17,-0.030656
3810.65,-0.030994
3811.13,-0.031471
3811.61,-0.032000
3812.10,-0.032527
3812.58,-0.033026
3813.06,-0.033495
3813.54,-0.033935
3814.03,-0.034335
3814.51,-0.034659
3814.99,-0.034847
3815.47,-0.034831
3815.95,-0.034566
3816.44,-0.034078
3816.92,-0.033503
3817.40,-0.033049
3817.88,-0.032903
3818.36,-0.033133
3818.85,-0.033671
3819.33,-0.034363
3819.81,-0.035035
3820.29,-0.035532
3820.78,-0.035714
3821.26,-0.035488
3821.74,-0.034848
3822.22,-0.033930
3822.70,-0.032987
3823.18,-0.032249
3823.67,-0.031817
3824.15,-0.031641
3824.63,-0.031604
3825.11,-0.031596
3825.60,-0.031546
3826.08,-0.031438
3826.56,-0.031300
3827.04,-0.031202
3827.52,-0.031228
3828.01,-0.031444
3828.49,-0.031857
3828.97,-0.032410
3829.45,-0.032996
3829.93,-0.033506
3830.42,-0.033846
3830.90,-0.033962
3831.38,-0.033847
3831.86,-0.033545
3832.34,-0.033143
3832.83,-0.032740
3833.31,-0.032430
3833.79,-0.032266
3834.27,-0.032253
3834.76,-0.032362
3835.24,-0.032555
3835.72,-0.032801
3836.20,-0.033077
3836.68,-0.033365
3837.17,-0.033636
3837.65,-0.033833
3838.13,-0.033881
3838.61,-0.033700
3839.09,-0.033240
3839.58,-0.032519
3840.06,-0.031636
3840.54,-0.030742
3841.02,-0.029979
3841.51,-0.029447
3841.99,-0.029182
3842.47,-0.029162
3842.95,-0.029333
3843.43,-0.029625
3843.92,-0.029970
3844.40,-0.030308
3844.88,-0.030596
3845.36,-0.030815
3845.84,-0.030972
3846.33,-0.031086
3846.81,-0.031186
3847.29,-0.031296
3847.77,-0.031431
3848.26,-0.031596
3848.74,-0.031787
3849.22,-0.032003
3849.70,-0.032244
3850.18,-0.032517
3850.67,-0.032839
3851.15,-0.033226
3851.63,-0.033685
3852.11,-0.034204
3852.59,-0.034732
3853.08,-0.035165
3853.56,-0.035349
3854.04,-0.035124
3854.52,-0.034438
3855.01,-0.033445
3855.49,-0.032437
3855.97,-0.031646
3856.45,-0.031145
3856.93,-0.030905
3857.42,-0.030860
3857.90,-0.030955
3858.38,-0.031151
3858.86,-0.031421
3859.34,-0.031738
3859.83,-0.032070
3860.31,-0.032380
3860.79,-0.032633
3861.27,-0.032805
3861.76,-0.032891
3862.24,-0.032908
3862.72,-0.032888
3863.20,-0.032859
3863.68,-0.032832
3864.16,-0.032790
3864.65,-0.032697
3865.13,-0.032523
3865.61,-0.032281
3866.09,-0.032036
3866.58,-0.031888
3867.06,-0.031918
3867.54,-0.032153
3868.02,-0.032549
3868.50,-0.033017
3868.99,-0.033445
3869.47,-0.033706
3869.95,-0.033708
3870.43,-0.033416
3870.91,-0.032905
3871.40,-0.032340
3871.88,-0.031894
3872.36,-0.031645
3872.84,-0.031556
3873.32,-0.031521
3873.81,-0.031436
3874.29,-0.031245
3874.77,-0.030959
3875.25,-0.030661
3875.74,-0.030464
3876.22,-0.030472
3876.70,-0.030719
3877.18,-0.031165
3877.66,-0.031722
3878.15,-0.032289
3878.63,-0.032771
3879.11,-0.033083
3879.59,-0.033155
3880.07,-0.032938
3880.56,-0.032430
3881.04,-0.031690
3881.52,-0.030861
3882.00,-0.030135
3882.49,-0.029669
3882.97,-0.029535
3883.45,-0.029699
3883.93,-0.030057
3884.41,-0.030470
3884.90,-0.030799
3885.38,-0.030940
3885.86,-0.030835
3886.34,-0.030524
3886.82,-0.030141
3887.31,-0.029885
3887.79,-0.029917
3888.27,-0.030284
3888.75,-0.030924
3889.24,-0.031711
3889.72,-0.032509
3890.20,-0.033176
3890.68,-0.033600
3891.16,-0.033700
3891.65,-0.033457
3892.13,-0.032933
3892.61,-0.032278
3893.09,-0.031683
3893.57,-0.031296
3894.06,-0.031176
3894.54,-0.031292
3895.02,-0.031564
3895.50,-0.031904
3895.99,-0.032245
3896.47,-0.032548
3896.95,-0.032791
3897.43,-0.032958
3897.91,-0.033029
3898.40,-0.032974
3898.88,-0.032763
3899.36,-0.032386
3899.84,-0.031878
3900.32,-0.031325
3900.81,-0.030858
3901.29,-0.030610
3901.77,-0.030653
3902.25,-0.030973
3902.73,-0.031459
3903.22,-0.031958
3903.70,-0.032313
3904.18,-0.032419
3904.66,-0.032261
3905.14,-0.031908
3905.63,-0.031485
3906.11,-0.031105
3906.59,-0.030834
3907.07,-0.030677
3907.56,-0.030598
3908.04,-0.030559
3908.52,-0.030541
3909.00,-0.030551
3909.48,-0.030610
3909.97,-0.030736
3910.45,-0.030930
3910.93,-0.031172
3911.41,-0.031423
3911.89,-0.031644
3912.38,-0.031805
3912.86,-0.031903
3913.34,-0.031950
3913.82,-0.031968
3914.30,-0.031969
3914.79,-0.031947
3915.27,-0.031877
3915.75,-0.031734
3916.23,-0.031501
3916.72,-0.031191
3917.20,-0.030851
3917.68,-0.030557
3918.16,-0.030385
3918.64,-0.030379
3919.13,-0.030541
3919.61,-0.030829
3920.09,-0.031187
3920.57,-0.031558
3921.05,-0.031907
3921.54,-0.032217
3922.02,-0.032484
3922.50,-0.032702
3922.98,-0.032859
3923.47,-0.032933
3923.95,-0.032898
3924.43,-0.032736
3924.91,-0.032448
3925.39,-0.032058
3925.88,-0.031618
3926.36,-0.031197
3926.84,-0.030852
3927.32,-0.030625
3927.80,-0.030530
3928.29,-0.030558
3928.77,-0.030689
3929.25,-0.030896
3929.73,-0.031149
3930.22,-0.031415
3930.70,-0.031656
3931.18,-0.031840
3931.66,-0.031937
3932.14,-0.031932
3932.63,-0.031823
3933.11,-0.031631
3933.59,-0.031388
3934.07,-0.031139
3934.55,-0.030930
3935.04,-0.030799
3935.52,-0.030771
3936.00,-0.030847
3936.48,-0.031008
3936.97,-0.031219
3937.45,-0.031426
3937.93,-0.031583
3938.41,-0.031651
3938.89,-0.031622
3939.38,-0.031520
3939.86,-0.031399
3940.34,-0.031321
3940.82,-0.031332
3941.30,-0.031446
3941.79,-0.031640
3942.27,-0.031855
3942.75,-0.032020
3943.23,-0.032078
3943.71,-0.032010
3944.20,-0.031851
3944.68,-0.031670
3945.16,-0.031546
3945.64,-0.031535
3946.12,-0.031649
3946.61,-0.031859
3947.09,-0.032109
3947.57,-0.032340
3948.05,-0.032495
3948.54,-0.032541
3949.02,-0.032471
3949.50,-0.032303
3949.98,-0.032079
3950.46,-0.031843
3950.95,-0.031639
3951.43,-0.031493
3951.91,-0.031416
3952.39,-0.031402
3952.88,-0.031435
3953.36,-0.031496
3953.84,-0.031569
3954.32,-0.031642
3954.80,-0.031713
3955.28,-0.031782
3955.77,-0.031851
3956.25,-0.031911
3956.73,-0.031949
3957.21,-0.031944
3957.70,-0.031880
3958.18,-0.031756
3958.66,-0.031591
3959.14,-0.031425
3959.62,-0.031307
3960.11,-0.031280
3960.59,-0.031362
3961.07,-0.031541
3961.55,-0.031779
3962.03,-0.032017
3962.52,-0.032200
3963.00,-0.032293
3963.48,-0.032287
3963.96,-0.032195
3964.45,-0.032042
3964.93,-0.031853
3965.41,-0.031641
3965.89,-0.031414
3966.37,-0.031178
3966.86,-0.030949
3967.34,-0.030759
3967.82,-0.030647
3968.30,-0.030645
3968.78,-0.030769
3969.27,-0.030999
3969.75,-0.031284
3970.23,-0.031550
3970.71,-0.031719
3971.20,-0.031739
3971.68,-0.031590
3972.16,-0.031294
3972.64,-0.030904
3973.12,-0.030495
3973.61,-0.030136
3974.09,-0.029879
3974.57,-0.029755
3975.05,-0.029765
3975.53,-0.029894
3976.02,-0.030108
3976.50,-0.030372
3976.98,-0.030653
3977.46,-0.030923
3977.95,-0.031165
3978.43,-0.031367
3978.91,-0.031526
3979.39,-0.031637
3979.87,-0.031702
3980.36,-0.031723
3980.84,-0.031705
3981.32,-0.031661
3981.80,-0.031607
3982.28,-0.031563
3982.77,-0.031549
3983.25,-0.031572
3983.73,-0.031630
3984.21,-0.031705
3984.69,-0.031771
3985.18,-0.031805
3985.66,-0.031798
3986.14,-0.031754
3986.62,-0.031698
3987.11,-0.031658
3987.59,-0.031660
3988.07,-0.031709
3988.55,-0.031789
3989.03,-0.031866
3989.51,-0.031896
3990.00,-0.031841
3990.48,-0.031681
3990.96,-0.031419
3991.44,-0.031077
3991.93,-0.030691
3992.41,-0.030299
3992.89,-0.029937
3993.37,-0.029633
3993.85,-0.029415
3994.34,-0.029309
3994.82,-0.029337
3995.30,-0.029517
3995.78,-0.029844
3996.26,-0.030289
3996.75,-0.030798
3997.23,-0.031301
3997.71,-0.031730
3998.19,-0.032032
3998.68,-0.032187
3999.16,-0.032203
3999.64,-0.032111
4000.12,-0.031943
