波数(cm-1),吸光度
399.67,0.000000
400.16,-0.074527
400.64,-0.034961
401.12,0.001770
401.60,0.031308
402.09,0.051888
402.57,0.063191
403.05,0.065971
403.53,0.061751
404.01,0.053011
404.50,0.043015
404.98,0.035056
405.46,0.031799
405.94,0.034387
406.42,0.042573
406.91,0.055012
407.39,0.069723
407.87,0.084363
408.35,0.096674
408.83,0.105216
409.32,0.109515
409.80,0.110027
410.28,0.107652
410.76,0.103375
411.25,0.097984
411.73,0.091993
412.21,0.085700
412.69,0.079210
413.17,0.072474
413.66,0.065314
414.14,0.057520
414.62,0.048947
415.10,0.039657
415.58,0.029996
416.07,0.020627
416.55,0.012662
417.03,0.007549
417.51,0.007079
418.00,0.013008
418.48,0.025872
418.96,0.043340
419.44,0.060357
419.92,0.072716
420.41,0.079553
420.89,0.082580
421.37,0.083895
421.85,0.085071
422.33,0.086966
422.82,0.089846
423.30,0.093570
423.78,0.097668
424.26,0.101514
424.74,0.104385
425.23,0.105616
425.71,0.104691
426.19,0.101335
426.67,0.095770
427.16,0.088814
427.64,0.081823
428.12,0.076135
428.60,0.072626
429.08,0.071387
429.57,0.071704
430.05,0.072264
430.53,0.071514
431.01,0.068329
431.49,0.062434
431.98,0.054743
432.46,0.046984
432.94,0.041292
433.42,0.039435
433.90,0.042270
434.39,0.049524
434.87,0.059753
435.35,0.070906
435.83,0.080936
436.32,0.088704
436.80,0.094136
437.28,0.097865
437.76,0.100642
438.24,0.102924
438.73,0.104771
439.21,0.105966
439.69,0.106298
440.17,0.105816
440.65,0.104910
441.14,0.104254
441.62,0.104563
442.10,0.106235
442.58,0.109141
443.07,0.112566
443.55,0.115551
444.03,0.117213
444.51,0.117135
444.99,0.115457
445.48,0.112840
445.96,0.110300
446.44,0.108904
446.92,0.109560
447.40,0.112613
447.89,0.117729
448.37,0.123943
448.85,0.129987
449.33,0.134587
449.81,0.136710
450.30,0.135916
450.78,0.132439
451.26,0.127226
451.74,0.121625
452.23,0.117120
452.71,0.114879
453.19,0.115375
453.67,0.118361
454.15,0.123037
454.64,0.128479
455.12,0.133809
455.60,0.138341
456.08,0.141502
456.56,0.142640
457.05,0.141127
457.53,0.136735
458.01,0.130128
458.49,0.122905
458.98,0.116959
459.46,0.113777
459.94,0.113921
460.42,0.117135
460.90,0.122491
461.39,0.128659
461.87,0.134116
462.35,0.137547
462.83,0.138360
463.31,0.136781
463.80,0.133733
464.28,0.130340
464.76,0.127654
465.24,0.126336
465.72,0.126571
466.21,0.128142
466.69,0.130546
467.17,0.133194
467.65,0.135503
468.14,0.137046
468.62,0.137594
469.10,0.137130
469.58,0.135861
470.06,0.134178
470.55,0.132613
471.03,0.131674
471.51,0.131708
471.99,0.132742
472.47,0.134406
472.96,0.136010
473.44,0.136816
473.92,0.136419
474.40,0.134840
474.88,0.132489
475.37,0.129924
475.85,0.127729
476.33,0.126371
476.81,0.126112
477.30,0.127039
477.78,0.129053
478.26,0.131955
478.74,0.135479
479.22,0.139335
479.71,0.143190
480.19,0.146603
480.67,0.149080
481.15,0.150154
481.63,0.149486
482.12,0.147005
482.60,0.142916
483.08,0.137672
483.56,0.131842
484.05,0.126090
484.53,0.121109
485.01,0.117470
485.49,0.115578
485.97,0.115527
486.46,0.117088
486.94,0.119755
487.42,0.122871
487.90,0.125823
488.38,0.128125
488.87,0.129586
489.35,0.130329
489.83,0.130718
490.31,0.131175
490.79,0.131986
491.28,0.133188
491.76,0.134563
492.24,0.135769
492.72,0.136538
493.21,0.136877
493.69,0.137076
494.17,0.137587
494.65,0.138744
495.13,0.140605
495.62,0.142851
496.10,0.144917
496.58,0.146157
497.06,0.146144
497.54,0.144849
498.03,0.142625
498.51,0.140011
498.99,0.137468
499.47,0.135260
499.95,0.133406
500.44,0.131804
500.92,0.130394
501.40,0.129299
501.88,0.128838
502.37,0.129420
502.85,0.131299
503.33,0.134405
503.81,0.138286
504.29,0.142275
504.78,0.145694
505.26,0.148066
505.74,0.149266
506.22,0.149503
506.70,0.149253
507.19,0.149071
507.67,0.149500
508.15,0.150906
508.63,0.153416
509.12,0.156936
509.60,0.161190
510.08,0.165780
510.56,0.170189
511.04,0.173875
511.53,0.176394
512.01,0.177497
512.49,0.177254
512.97,0.176011
513.45,0.174301
513.94,0.172639
514.42,0.171433
514.90,0.170960
515.38,0.171370
515.86,0.172762
516.35,0.175227
516.83,0.178833
517.31,0.183549
517.79,0.189127
518.28,0.195077
518.76,0.200674
519.24,0.205187
519.72,0.208190
520.20,0.209726
520.69,0.210352
521.17,0.210880
521.65,0.212140
522.13,0.214626
522.61,0.218379
523.10,0.222981
523.58,0.227739
524.06,0.231918
524.54,0.234948
525.03,0.236624
525.51,0.237098
525.99,0.236798
526.47,0.236219
526.95,0.235816
527.44,0.235908
527.92,0.236631
528.40,0.237996
528.88,0.239898
529.36,0.242157
529.85,0.244524
530.33,0.246748
530.81,0.248673
531.29,0.250301
531.77,0.251821
532.26,0.253510
532.74,0.255593
533.22,0.258075
533.70,0.260703
534.19,0.263024
534.67,0.264652
535.15,0.265513
535.63,0.266045
536.11,0.267070
536.60,0.269547
537.08,0.274166
537.56,0.281011
538.04,0.289466
538.52,0.298336
539.01,0.306334
539.49,0.312412
539.97,0.316211
540.45,0.318086
540.93,0.318916
541.42,0.319683
541.90,0.321094
542.38,0.323482
542.86,0.326790
543.35,0.330781
543.83,0.335213
544.31,0.339969
544.79,0.345025
545.27,0.350334
545.76,0.355751
546.24,0.361031
546.72,0.365949
547.20,0.370471
547.68,0.374854
548.17,0.379610
548.65,0.385280
549.13,0.392256
549.61,0.400593
550.10,0.410011
550.58,0.420000
551.06,0.430033
551.54,0.439766
552.02,0.449030
552.51,0.457757
552.99,0.465816
553.47,0.472898
553.95,0.478591
554.43,0.482568
554.92,0.484797
555.40,0.485637
555.88,0.485706
556.36,0.485676
556.84,0.485978
557.33,0.486714
557.81,0.487696
558.29,0.488610
558.77,0.489186
559.26,0.489302
559.74,0.488963
560.22,0.488169
560.70,0.486792
561.18,0.484569
561.67,0.481168
562.15,0.476378
562.63,0.470257
563.11,0.463171
563.59,0.455672
564.08,0.448284
564.56,0.441385
565.04,0.435088
565.52,0.429295
566.00,0.423801
566.49,0.418423
566.97,0.413085
567.45,0.407830
567.93,0.402780
568.42,0.398085
568.90,0.393879
569.38,0.390234
569.86,0.387159
570.34,0.384570
570.83,0.382292
571.31,0.380040
571.79,0.377462
572.27,0.374240
572.75,0.370156
573.24,0.365197
573.72,0.359550
574.20,0.353565
574.68,0.347603
575.17,0.341896
575.65,0.336481
576.13,0.331203
576.61,0.325839
577.09,0.320236
577.58,0.314434
578.06,0.308652
578.54,0.303192
579.02,0.298262
579.50,0.293899
579.99,0.289926
580.47,0.286042
580.95,0.281947
581.43,0.277504
581.91,0.272822
582.40,0.268216
582.88,0.264080
583.36,0.260701
583.84,0.258197
584.33,0.256486
584.81,0.255375
585.29,0.254670
585.77,0.254297
586.25,0.254319
586.74,0.254892
587.22,0.256138
587.70,0.258049
588.18,0.260444
588.66,0.263031
589.15,0.265501
589.63,0.267634
590.11,0.269380
590.59,0.270832
591.08,0.272157
591.56,0.273478
592.04,0.274824
592.52,0.276131
593.00,0.277329
593.49,0.278431
593.97,0.279587
594.45,0.281033
594.93,0.283024
595.41,0.285693
595.90,0.288982
596.38,0.292621
596.86,0.296211
597.34,0.299345
597.82,0.301696
598.31,0.303113
598.79,0.303600
599.27,0.303270
599.75,0.302280
600.24,0.300788
600.72,0.298939
601.20,0.296842
601.68,0.294560
602.16,0.292085
602.65,0.289333
603.13,0.286138
603.61,0.282312
604.09,0.277720
604.57,0.272338
605.06,0.266288
605.54,0.259793
606.02,0.253117
606.50,0.246457
606.98,0.239895
607.47,0.233400
607.95,0.226877
608.43,0.220258
608.91,0.213556
609.40,0.206899
609.88,0.200488
610.36,0.194547
610.84,0.189222
611.32,0.184545
611.81,0.180416
612.29,0.176656
612.77,0.173069
613.25,0.169512
613.73,0.165947
614.22,0.162421
614.70,0.159038
615.18,0.155889
615.66,0.153024
616.15,0.150429
616.63,0.148043
617.11,0.145784
617.59,0.143585
618.07,0.141415
618.56,0.139261
619.04,0.137116
619.52,0.134960
620.00,0.132748
620.48,0.130432
620.97,0.127974
621.45,0.125372
621.93,0.122661
622.41,0.119909
622.89,0.117200
623.38,0.114608
623.86,0.112194
624.34,0.110005
624.82,0.108088
625.31,0.106495
625.79,0.105292
626.27,0.104529
626.75,0.104227
627.23,0.104347
627.72,0.104786
628.20,0.105381
628.68,0.105951
629.16,0.106337
629.64,0.106425
630.13,0.106178
630.61,0.105632
631.09,0.104878
631.57,0.104036
632.05,0.103220
632.54,0.102528
633.02,0.102011
633.50,0.101673
633.98,0.101471
634.47,0.101323
634.95,0.101124
635.43,0.100774
635.91,0.100212
636.39,0.099435
636.88,0.098512
637.36,0.097561
637.84,0.096732
638.32,0.096150
638.80,0.095879
639.29,0.095899
639.77,0.096106
640.25,0.096351
640.73,0.096471
641.22,0.096364
641.70,0.096012
642.18,0.095491
642.66,0.094935
643.14,0.094494
643.63,0.094274
644.11,0.094293
644.59,0.094471
645.07,0.094656
645.55,0.094690
646.04,0.094452
646.52,0.093914
647.00,0.093153
647.48,0.092332
647.96,0.091646
648.45,0.091248
648.93,0.091205
649.41,0.091465
649.89,0.091878
650.38,0.092234
650.86,0.092342
651.34,0.092085
651.82,0.091440
652.30,0.090486
652.79,0.089365
653.27,0.088247
653.75,0.087268
654.23,0.086513
654.71,0.085998
655.20,0.085684
655.68,0.085497
656.16,0.085351
656.64,0.085181
657.13,0.084950
657.61,0.084665
658.09,0.084368
658.57,0.084137
659.05,0.084064
659.54,0.084221
660.02,0.084647
660.50,0.085322
660.98,0.086173
661.46,0.087078
661.95,0.087910
662.43,0.088564
662.91,0.088983
663.39,0.089180
663.87,0.089219
664.36,0.089192
664.84,0.089179
665.32,0.089228
665.80,0.089345
666.29,0.089497
666.77,0.089617
667.25,0.089629
667.73,0.089484
668.21,0.089212
668.70,0.088943
669.18,0.088830
669.66,0.088959
670.14,0.089317
670.62,0.089836
671.11,0.090433
671.59,0.091021
672.07,0.091518
672.55,0.091834
673.03,0.091898
673.52,0.091673
674.00,0.091179
674.48,0.090490
674.96,0.089720
675.45,0.088989
675.93,0.088376
676.41,0.087902
676.89,0.087514
677.37,0.087114
677.86,0.086587
678.34,0.085863
678.82,0.084950
679.30,0.083960
679.78,0.083082
680.27,0.082518
680.75,0.082441
681.23,0.082911
681.71,0.083859
682.20,0.085090
682.68,0.086345
683.16,0.087369
683.64,0.087950
684.12,0.087982
684.61,0.087481
685.09,0.086574
685.57,0.085461
686.05,0.084368
686.53,0.083513
687.02,0.083044
687.50,0.083039
687.98,0.083482
688.46,0.084273
688.94,0.085232
689.43,0.086138
689.91,0.086794
690.39,0.087051
690.87,0.086851
691.36,0.086234
691.84,0.085327
692.32,0.084309
692.80,0.083367
693.28,0.082671
693.77,0.082327
694.25,0.082373
694.73,0.082781
695.21,0.083469
695.69,0.084319
696.18,0.085191
696.66,0.085951
697.14,0.086492
697.62,0.086750
698.11,0.086721
698.59,0.086465
699.07,0.086100
699.55,0.085769
700.03,0.085622
700.52,0.085772
701.00,0.086261
701.48,0.087058
701.96,0.088055
702.44,0.089109
702.93,0.090054
703.41,0.090755
703.89,0.091128
704.37,0.091152
704.85,0.090856
705.34,0.090305
705.82,0.089579
706.30,0.088743
706.78,0.087856
707.27,0.086966
707.75,0.086117
708.23,0.085353
708.71,0.084714
709.19,0.084230
709.68,0.083909
710.16,0.083733
710.64,0.083666
711.12,0.083653
711.60,0.083638
712.09,0.083583
712.57,0.083477
713.05,0.083340
713.53,0.083219
714.01,0.083175
714.50,0.083260
714.98,0.083497
715.46,0.083866
715.94,0.084307
716.43,0.084730
716.91,0.085038
717.39,0.085163
717.87,0.085085
718.35,0.084842
718.84,0.084519
719.32,0.084224
719.80,0.084046
720.28,0.084019
720.76,0.084110
721.25,0.084228
721.73,0.084275
722.21,0.084179
722.69,0.083938
723.17,0.083622
723.66,0.083354
724.14,0.083257
724.62,0.083403
725.10,0.083786
725.59,0.084318
726.07,0.084862
726.55,0.085276
727.03,0.085479
727.51,0.085472
728.00,0.085339
728.48,0.085204
728.96,0.085184
729.44,0.085338
729.92,0.085648
730.41,0.086025
730.89,0.086338
731.37,0.086471
731.85,0.086347
732.34,0.085948
732.82,0.085306
733.30,0.084491
733.78,0.083580
734.26,0.082644
734.75,0.081746
735.23,0.080941
735.71,0.080271
736.19,0.079771
736.67,0.079457
737.16,0.079322
737.64,0.079335
738.12,0.079446
738.60,0.079602
739.08,0.079756
739.57,0.079887
740.05,0.079994
740.53,0.080091
741.01,0.080191
741.50,0.080298
741.98,0.080403
742.46,0.080494
742.94,0.080559
743.42,0.080600
743.91,0.080629
744.39,0.080659
744.87,0.080695
745.35,0.080721
745.83,0.080705
746.32,0.080608
746.80,0.080404
747.28,0.080091
747.76,0.079702
748.25,0.079289
748.73,0.078919
749.21,0.078646
749.69,0.078501
750.17,0.078492
750.66,0.078603
751.14,0.078812
751.62,0.079097
752.10,0.079440
752.58,0.079826
753.07,0.080235
753.55,0.080643
754.03,0.081015
754.51,0.081315
754.99,0.081518
755.48,0.081608
755.96,0.081585
756.44,0.081464
756.92,0.081267
757.41,0.081018
757.89,0.080740
758.37,0.080452
758.85,0.080164
759.33,0.079876
759.82,0.079575
760.30,0.079240
760.78,0.078842
761.26,0.078361
761.74,0.077799
762.23,0.077189
762.71,0.076596
763.19,0.076102
763.67,0.075786
764.15,0.075701
764.64,0.075849
765.12,0.076178
765.60,0.076594
766.08,0.076985
766.57,0.077248
767.05,0.077313
767.53,0.077157
768.01,0.076795
768.49,0.076270
768.98,0.075633
769.46,0.074938
769.94,0.074235
770.42,0.073566
770.90,0.072980
771.39,0.072525
771.87,0.072249
772.35,0.072196
772.83,0.072388
773.32,0.072819
773.80,0.073446
774.28,0.074199
774.76,0.074975
775.24,0.075658
775.73,0.076138
776.21,0.076322
776.69,0.076160
777.17,0.075658
777.65,0.074892
778.14,0.073994
778.62,0.073123
779.10,0.072444
779.58,0.072076
780.06,0.072068
780.55,0.072385
781.03,0.072928
781.51,0.073556
781.99,0.074123
782.48,0.074527
782.96,0.074718
783.44,0.074707
783.92,0.074546
784.40,0.074311
784.89,0.074073
785.37,0.073882
785.85,0.073761
786.33,0.073707
786.81,0.073700
787.30,0.073712
787.78,0.073717
788.26,0.073702
788.74,0.073666
789.23,0.073624
789.71,0.073600
790.19,0.073617
790.67,0.073687
791.15,0.073798
791.64,0.073908
792.12,0.073962
792.60,0.073900
793.08,0.073684
793.56,0.073313
794.05,0.072831
794.53,0.072320
795.01,0.071871
795.49,0.071566
795.97,0.071458
796.46,0.071553
796.94,0.071819
797.42,0.072198
797.90,0.072620
798.39,0.073010
798.87,0.073298
799.35,0.073423
799.83,0.073336
800.31,0.073019
800.80,0.072497
801.28,0.071848
801.76,0.071194
802.24,0.070675
802.72,0.070418
803.21,0.070490
803.69,0.070879
804.17,0.071489
804.65,0.072182
805.13,0.072809
805.62,0.073264
806.10,0.073509
806.58,0.073571
807.06,0.073520
807.55,0.073423
808.03,0.073327
808.51,0.073242
808.99,0.073155
809.47,0.073049
809.96,0.072928
810.44,0.072815
810.92,0.072749
811.40,0.072753
811.88,0.072819
812.37,0.072901
812.85,0.072932
813.33,0.072847
813.81,0.072615
814.30,0.072253
814.78,0.071821
815.26,0.071402
815.74,0.071067
816.22,0.070858
816.71,0.070778
817.19,0.070802
817.67,0.070897
818.15,0.071040
818.63,0.071226
819.12,0.071462
819.60,0.071753
820.08,0.072088
820.56,0.072435
821.04,0.072749
821.53,0.072986
822.01,0.073119
822.49,0.073142
822.97,0.073070
823.46,0.072931
823.94,0.072756
824.42,0.072570
824.90,0.072403
825.38,0.072280
825.87,0.072232
826.35,0.072289
826.83,0.072466
827.31,0.072758
827.79,0.073126
828.28,0.073519
828.76,0.073877
829.24,0.074157
829.72,0.074346
830.21,0.074460
830.69,0.074527
831.17,0.074564
831.65,0.074560
832.13,0.074470
832.62,0.074229
833.10,0.073778
833.58,0.073101
834.06,0.072237
834.54,0.071296
835.03,0.070417
835.51,0.069751
835.99,0.069412
836.47,0.069453
836.95,0.069854
837.44,0.070533
837.92,0.071379
838.40,0.072263
838.88,0.073075
839.37,0.073743
839.85,0.074239
840.33,0.074582
840.81,0.074825
841.29,0.075043
841.78,0.075311
842.26,0.075676
842.74,0.076151
843.22,0.076706
843.70,0.077280
844.19,0.077800
844.67,0.078215
845.15,0.078509
845.63,0.078708
846.11,0.078861
846.60,0.079016
847.08,0.079195
847.56,0.079375
848.04,0.079501
848.53,0.079504
849.01,0.079346
849.49,0.079035
849.97,0.078645
850.45,0.078283
850.94,0.078071
851.42,0.078097
851.90,0.078391
852.38,0.078925
852.86,0.079629
853.35,0.080421
853.83,0.081234
854.31,0.082033
854.79,0.082817
855.27,0.083601
855.76,0.084399
856.24,0.085217
856.72,0.086051
857.20,0.086896
857.69,0.087763
858.17,0.088680
858.65,0.089690
859.13,0.090835
859.61,0.092138
860.10,0.093582
860.58,0.095115
861.06,0.096649
861.54,0.098100
862.02,0.099394
862.51,0.100501
862.99,0.101441
863.47,0.102279
863.95,0.103116
864.44,0.104064
864.92,0.105233
865.40,0.106706
865.88,0.108525
866.36,0.110687
866.85,0.113145
867.33,0.115819
867.81,0.118605
868.29,0.121408
868.77,0.124141
869.26,0.126734
869.74,0.129137
870.22,0.131300
870.70,0.133161
871.18,0.134645
871.67,0.135657
872.15,0.136110
872.63,0.135955
873.11,0.135195
873.60,0.133898
874.08,0.132178
874.56,0.130179
875.04,0.128033
875.52,0.125843
876.01,0.123686
876.49,0.121613
876.97,0.119660
877.45,0.117858
877.93,0.116221
878.42,0.114738
878.90,0.113361
879.38,0.112008
879.86,0.110570
880.35,0.108929
880.83,0.106999
881.31,0.104733
881.79,0.102139
882.27,0.099279
882.76,0.096255
883.24,0.093203
883.72,0.090257
884.20,0.087550
884.68,0.085186
885.17,0.083219
885.65,0.081651
886.13,0.080429
886.61,0.079468
887.09,0.078665
887.58,0.077939
888.06,0.077249
888.54,0.076602
889.02,0.076045
889.51,0.075641
889.99,0.075441
890.47,0.075459
890.95,0.075667
891.43,0.075997
891.92,0.076370
892.40,0.076705
892.88,0.076947
893.36,0.077071
893.84,0.077079
894.33,0.076990
894.81,0.076834
895.29,0.076645
895.77,0.076459
896.25,0.076313
896.74,0.076244
897.22,0.076281
897.70,0.076437
898.18,0.076708
898.67,0.077068
899.15,0.077479
899.63,0.077896
900.11,0.078280
900.59,0.078601
901.08,0.078837
901.56,0.078970
902.04,0.078989
902.52,0.078888
903.00,0.078670
903.49,0.078359
903.97,0.077996
904.45,0.077632
904.93,0.077324
905.42,0.077118
905.90,0.077038
906.38,0.077092
906.86,0.077274
907.34,0.077577
907.83,0.077996
908.31,0.078525
908.79,0.079155
909.27,0.079856
909.75,0.080581
910.24,0.081268
910.72,0.081855
911.20,0.082301
911.68,0.082603
912.16,0.082796
912.65,0.082935
913.13,0.083079
913.61,0.083263
914.09,0.083489
914.58,0.083730
915.06,0.083949
915.54,0.084123
916.02,0.084255
916.50,0.084380
916.99,0.084549
917.47,0.084819
917.95,0.085225
918.43,0.085777
918.91,0.086460
919.40,0.087244
919.88,0.088089
920.36,0.088954
920.84,0.089796
921.33,0.090573
921.81,0.091244
922.29,0.091780
922.77,0.092173
923.25,0.092451
923.74,0.092670
924.22,0.092910
924.70,0.093249
925.18,0.093741
925.66,0.094409
926.15,0.095234
926.63,0.096179
927.11,0.097193
927.59,0.098238
928.07,0.099290
928.56,0.100332
929.04,0.101350
929.52,0.102323
930.00,0.103231
930.49,0.104062
930.97,0.104833
931.45,0.105595
931.93,0.106428
932.41,0.107424
932.90,0.108663
933.38,0.110181
933.86,0.111966
934.34,0.113955
934.82,0.116060
935.31,0.118181
935.79,0.120232
936.27,0.122157
936.75,0.123927
937.23,0.125543
937.72,0.127033
938.20,0.128446
938.68,0.129850
939.16,0.131318
939.65,0.132916
940.13,0.134680
940.61,0.136605
941.09,0.138642
941.57,0.140715
942.06,0.142751
942.54,0.144704
943.02,0.146578
943.50,0.148433
943.98,0.150359
944.47,0.152443
944.95,0.154749
945.43,0.157294
945.91,0.160053
946.39,0.162980
946.88,0.166023
947.36,0.169149
947.84,0.172339
948.32,0.175583
948.81,0.178866
949.29,0.182164
949.77,0.185441
950.25,0.188664
950.73,0.191808
951.22,0.194865
951.70,0.197839
952.18,0.200738
952.66,0.203568
953.14,0.206331
953.63,0.209041
954.11,0.211722
954.59,0.214420
955.07,0.217185
955.56,0.220057
956.04,0.223041
956.52,0.226095
957.00,0.229140
957.48,0.232068
957.97,0.234771
958.45,0.237169
958.93,0.239196
959.41,0.240808
959.89,0.241972
960.38,0.242654
960.86,0.242836
961.34,0.242531
961.82,0.241803
962.30,0.240762
962.79,0.239549
963.27,0.238309
963.75,0.237149
964.23,0.236132
964.72,0.235279
965.20,0.234580
965.68,0.234023
966.16,0.233605
966.64,0.233334
967.13,0.233218
967.61,0.233256
968.09,0.233429
968.57,0.233714
969.05,0.234101
969.54,0.234611
970.02,0.235301
970.50,0.236254
970.98,0.237546
971.47,0.239231
971.95,0.241308
972.43,0.243738
972.91,0.246454
973.39,0.249394
973.88,0.252527
974.36,0.255856
974.84,0.259411
975.32,0.263227
975.80,0.267327
976.29,0.271709
976.77,0.276354
977.25,0.281231
977.73,0.286312
978.21,0.291563
978.70,0.296941
979.18,0.302395
979.66,0.307860
980.14,0.313280
980.63,0.318633
981.11,0.323943
981.59,0.329283
982.07,0.334743
982.55,0.340399
983.04,0.346277
983.52,0.352344
984.00,0.358520
984.48,0.364726
984.96,0.370917
985.45,0.377096
985.93,0.383307
986.41,0.389589
986.89,0.395937
987.37,0.402287
987.86,0.408522
988.34,0.414520
988.82,0.420208
989.30,0.425584
989.79,0.430715
990.27,0.435696
990.75,0.440614
991.23,0.445511
991.71,0.450395
992.20,0.455262
992.68,0.460131
993.16,0.465046
993.64,0.470061
994.12,0.475202
994.61,0.480430
995.09,0.485629
995.57,0.490657
996.05,0.495382
996.54,0.499744
997.02,0.503768
997.50,0.507537
997.98,0.511142
998.46,0.514620
998.95,0.517945
999.43,0.521053
999.91,0.523897
1000.39,0.526494
1000.87,0.528939
1001.36,0.531357
1001.84,0.533855
1002.32,0.536455
1002.80,0.539087
1003.28,0.541617
1003.77,0.543928
1004.25,0.545975
1004.73,0.547816
1005.21,0.549566
1005.70,0.551336
1006.18,0.553167
1006.66,0.554999
1007.14,0.556694
1007.62,0.558100
1008.11,0.559124
1008.59,0.559759
1009.07,0.560071
1009.55,0.560144
1010.03,0.560036
1010.52,0.559757
1011.00,0.559297
1011.48,0.558669
1011.96,0.557952
1012.45,0.557270
1012.93,0.556764
1013.41,0.556510
1013.89,0.556466
1014.37,0.556470
1014.86,0.556291
1015.34,0.555718
1015.82,0.554625
1016.30,0.553012
1016.78,0.550973
1017.27,0.548636
1017.75,0.546095
1018.23,0.543393
1018.71,0.540536
1019.20,0.537538
1019.68,0.534460
1020.16,0.531416
1020.64,0.528523
1021.12,0.525854
1021.61,0.523388
1022.09,0.521014
1022.57,0.518564
1023.05,0.515888
1023.53,0.512923
1024.02,0.509703
1024.50,0.506339
1024.98,0.502957
1025.46,0.499648
1025.94,0.496435
1026.43,0.493282
1026.91,0.490133
1027.39,0.486952
1027.87,0.483730
1028.36,0.480484
1028.84,0.477214
1029.32,0.473890
1029.80,0.470436
1030.28,0.466770
1030.77,0.462830
1031.25,0.458618
1031.73,0.454199
1032.21,0.449686
1032.69,0.445205
1033.18,0.440851
1033.66,0.436685
1034.14,0.432734
1034.62,0.429011
1035.10,0.425527
1035.59,0.422292
1036.07,0.419297
1036.55,0.416495
1037.03,0.413791
1037.52,0.411062
1038.00,0.408177
1038.48,0.405053
1038.96,0.401676
1039.44,0.398102
1039.93,0.394431
1040.41,0.390773
1040.89,0.387207
1041.37,0.383765
1041.85,0.380432
1042.34,0.377167
1042.82,0.373923
1043.30,0.370660
1043.78,0.367349
1044.27,0.363972
1044.75,0.360523
1045.23,0.357010
1045.71,0.353468
1046.19,0.349965
1046.67,0.346592
1047.16,0.343434
1047.64,0.340550
1048.12,0.337942
1048.60,0.335547
1049.09,0.333249
1049.57,0.330926
1050.05,0.328481
1050.53,0.325868
1051.01,0.323107
1051.50,0.320263
1051.98,0.317422
1052.46,0.314657
1052.94,0.312013
1053.42,0.309503
1053.91,0.307117
1054.39,0.304821
1054.87,0.302578
1055.35,0.300343
1055.84,0.298068
1056.32,0.295713
1056.80,0.293253
1057.28,0.290695
1057.76,0.288077
1058.25,0.285462
1058.73,0.282918
1059.21,0.280491
1059.69,0.278186
1060.17,0.275964
1060.66,0.273758
1061.14,0.271499
1061.62,0.269144
1062.10,0.266694
1062.59,0.264185
1063.07,0.261673
1063.55,0.259198
1064.03,0.256773
1064.51,0.254373
1065.00,0.251958
1065.48,0.249483
1065.96,0.246933
1066.44,0.244321
1066.92,0.241695
1067.41,0.239109
1067.89,0.236612
1068.37,0.234232
1068.85,0.231969
1069.34,0.229804
1069.82,0.227707
1070.30,0.225653
1070.78,0.223626
1071.26,0.221625
1071.74,0.219661
1072.23,0.217754
1072.71,0.215929
1073.19,0.214204
1073.67,0.212584
1074.16,0.211053
1074.64,0.209574
1075.12,0.208091
1075.60,0.206542
1076.08,0.204886
1076.57,0.203110
1077.05,0.201246
1077.53,0.199356
1078.01,0.197526
1078.49,0.195826
1078.98,0.194292
1079.46,0.192914
1079.94,0.191639
1080.42,0.190390
1080.91,0.189089
1081.39,0.187683
1081.87,0.186155
1082.35,0.184530
1082.83,0.182854
1083.32,0.181192
1083.80,0.179607
1084.28,0.178146
1084.76,0.176843
1085.24,0.175705
1085.73,0.174722
1086.21,0.173858
1086.69,0.173061
1087.17,0.172272
1087.65,0.171432
1088.14,0.170494
1088.62,0.169438
1089.10,0.168263
1089.58,0.166991
1090.07,0.165648
1090.55,0.164259
1091.03,0.162838
1091.51,0.161390
1091.99,0.159924
1092.48,0.158454
1092.96,0.157006
1093.44,0.155611
1093.92,0.154295
1094.40,0.153059
1094.89,0.151876
1095.37,0.150689
1095.85,0.149425
1096.33,0.148013
1096.82,0.146412
1097.30,0.144622
1097.78,0.142678
1098.26,0.140644
1098.74,0.138592
1099.23,0.136578
1099.71,0.134634
1100.19,0.132762
1100.67,0.130943
1101.15,0.129155
1101.64,0.127377
1102.12,0.125606
1102.60,0.123853
1103.08,0.122138
1103.57,0.120481
1104.05,0.118897
1104.53,0.117393
1105.01,0.115966
1105.49,0.114605
1105.98,0.113297
1106.46,0.112026
1106.94,0.110770
1107.42,0.109501
1107.90,0.108191
1108.39,0.106806
1108.87,0.105322
1109.35,0.103723
1109.83,0.102009
1110.32,0.100198
1110.80,0.098320
1111.28,0.096418
1111.76,0.094537
1112.24,0.092718
1112.72,0.090995
1113.21,0.089387
1113.69,0.087894
1114.17,0.086500
1114.65,0.085166
1115.14,0.083837
1115.62,0.082451
1116.10,0.080954
1116.58,0.079309
1117.06,0.077515
1117.55,0.075601
1118.03,0.073627
1118.51,0.071664
1118.99,0.069776
1119.47,0.068007
1119.96,0.066369
1120.44,0.064847
1120.92,0.063407
1121.40,0.062009
1121.88,0.060622
1122.37,0.059224
1122.85,0.057803
1123.33,0.056354
1123.81,0.054873
1124.30,0.053360
1124.78,0.051818
1125.26,0.050260
1125.74,0.048710
1126.22,0.047200
1126.71,0.045762
1127.19,0.044419
1127.67,0.043177
1128.15,0.042026
1128.63,0.040940
1129.12,0.039889
1129.60,0.038850
1130.08,0.037808
1130.56,0.036762
1131.05,0.035716
1131.53,0.034679
1132.01,0.033654
1132.49,0.032641
1132.97,0.031639
1133.46,0.030650
1133.94,0.029680
1134.42,0.028744
1134.90,0.027859
1135.38,0.027038
1135.87,0.026285
1136.35,0.025591
1136.83,0.024933
1137.31,0.024284
1137.80,0.023616
1138.28,0.022915
1138.76,0.022183
1139.24,0.021439
1139.72,0.020714
1140.21,0.020044
1140.69,0.019457
1141.17,0.018963
1141.65,0.018550
1142.13,0.018191
1142.62,0.017852
1143.10,0.017497
1143.58,0.017108
1144.06,0.016684
1144.55,0.016239
1145.03,0.015792
1145.51,0.015362
1145.99,0.014954
1146.47,0.014560
1146.96,0.014167
1147.44,0.013761
1147.92,0.013338
1148.40,0.012912
1148.88,0.012505
1149.37,0.012143
1149.85,0.011846
1150.33,0.011617
1150.81,0.011444
1151.30,0.011299
1151.78,0.011154
1152.26,0.010983
1152.74,0.010774
1153.22,0.010526
1153.70,0.010246
1154.19,0.009945
1154.67,0.009630
1155.15,0.009305
1155.63,0.008971
1156.12,0.008626
1156.60,0.008271
1157.08,0.007909
1157.56,0.007548
1158.04,0.007195
1158.53,0.006863
1159.01,0.006563
1159.49,0.006312
1159.97,0.006121
1160.45,0.006003
1160.94,0.005959
1161.42,0.005978
1161.90,0.006036
1162.38,0.006097
1162.87,0.006122
1163.35,0.006080
1163.83,0.005951
1164.31,0.005739
1164.79,0.005469
1165.28,0.005178
1165.76,0.004910
1166.24,0.004695
1166.72,0.004548
1167.20,0.004457
1167.69,0.004391
1168.17,0.004302
1168.65,0.004144
1169.13,0.003883
1169.62,0.003511
1170.10,0.003047
1170.58,0.002534
1171.06,0.002036
1171.54,0.001606
1172.03,0.001291
1172.51,0.001103
1172.99,0.001032
1173.47,0.001043
1173.95,0.001093
1174.44,0.001148
1174.92,0.001188
1175.40,0.001211
1175.88,0.001230
1176.37,0.001258
1176.85,0.001300
1177.33,0.001348
1177.81,0.001383
1178.29,0.001386
1178.78,0.001343
1179.26,0.001256
1179.74,0.001140
1180.22,0.001020
1180.70,0.000917
1181.19,0.000844
1181.67,0.000800
1182.15,0.000771
1182.63,0.000743
1183.11,0.000706
1183.60,0.000661
1184.08,0.000616
1184.56,0.000583
1185.04,0.000570
1185.53,0.000572
1186.01,0.000574
1186.49,0.000554
1186.97,0.000491
1187.45,0.000374
1187.94,0.000203
1188.42,-0.000004
1188.90,-0.000218
1189.38,-0.000410
1189.86,-0.000556
1190.35,-0.000642
1190.83,-0.000667
1191.31,-0.000646
1191.79,-0.000600
1192.28,-0.000554
1192.76,-0.000528
1193.24,-0.000530
1193.72,-0.000558
1194.20,-0.000593
1194.68,-0.000608
1195.17,-0.000581
1195.65,-0.000497
1196.13,-0.000360
1196.61,-0.000197
1197.10,-0.000048
1197.58,0.000041
1198.06,0.000037
1198.54,-0.000069
1199.02,-0.000258
1199.51,-0.000484
1199.99,-0.000685
1200.47,-0.000807
1200.95,-0.000816
1201.43,-0.000708
1201.92,-0.000511
1202.40,-0.000273
1202.88,-0.000050
1203.36,0.000118
1203.85,0.000207
1204.33,0.000220
1204.81,0.000179
1205.29,0.000113
1205.77,0.000048
1206.26,-0.000005
1206.74,-0.000045
1207.22,-0.000083
1207.70,-0.000131
1208.18,-0.000201
1208.67,-0.000293
1209.15,-0.000402
1209.63,-0.000514
1210.11,-0.000619
1210.60,-0.000708
1211.08,-0.000776
1211.56,-0.000826
1212.04,-0.000863
1212.52,-0.000890
1213.01,-0.000913
1213.49,-0.000931
1213.97,-0.000943
1214.45,-0.000945
1214.93,-0.000933
1215.42,-0.000903
1215.90,-0.000854
1216.38,-0.000788
1216.86,-0.000713
1217.35,-0.000644
1217.83,-0.000600
1218.31,-0.000598
1218.79,-0.000653
1219.27,-0.000767
1219.76,-0.000928
1220.24,-0.001112
1220.72,-0.001288
1221.20,-0.001423
1221.68,-0.001498
1222.17,-0.001505
1222.65,-0.001452
1223.13,-0.001360
1223.61,-0.001250
1224.09,-0.001140
1224.58,-0.001041
1225.06,-0.000950
1225.54,-0.000864
1226.02,-0.000775
1226.51,-0.000683
1226.99,-0.000592
1227.47,-0.000511
1227.95,-0.000447
1228.43,-0.000402
1228.91,-0.000377
1229.40,-0.000364
1229.88,-0.000359
1230.36,-0.000360
1230.84,-0.000371
1231.33,-0.000398
1231.81,-0.000447
1232.29,-0.000517
1232.77,-0.000598
1233.26,-0.000672
1233.74,-0.000722
1234.22,-0.000731
1234.70,-0.000697
1235.18,-0.000628
1235.66,-0.000547
1236.15,-0.000479
1236.63,-0.000441
1237.11,-0.000445
1237.59,-0.000483
1238.08,-0.000542
1238.56,-0.000600
1239.04,-0.000641
1239.52,-0.000657
1240.00,-0.000649
1240.49,-0.000627
1240.97,-0.000603
1241.45,-0.000584
1241.93,-0.000572
1242.41,-0.000562
1242.90,-0.000546
1243.38,-0.000516
1243.86,-0.000470
1244.34,-0.000412
1244.83,-0.000346
1245.31,-0.000278
1245.79,-0.000211
1246.27,-0.000147
1246.75,-0.000085
1247.24,-0.000030
1247.72,0.000015
1248.20,0.000040
1248.68,0.000038
1249.16,0.000010
1249.65,-0.000036
1250.13,-0.000083
1250.61,-0.000115
1251.09,-0.000118
1251.58,-0.000090
1252.06,-0.000039
1252.54,0.000019
1253.02,0.000070
1253.50,0.000111
1253.98,0.000152
1254.47,0.000208
1254.95,0.000294
1255.43,0.000412
1255.91,0.000543
1256.40,0.000652
1256.88,0.000698
1257.36,0.000657
1257.84,0.000529
1258.33,0.000349
1258.81,0.000170
1259.29,0.000054
1259.77,0.000041
1260.25,0.000139
1260.73,0.000316
1261.22,0.000516
1261.70,0.000680
1262.18,0.000768
1262.66,0.000773
1263.15,0.000717
1263.63,0.000642
1264.11,0.000587
1264.59,0.000576
1265.07,0.000613
1265.56,0.000684
1266.04,0.000769
1266.52,0.000851
1267.00,0.000920
1267.48,0.000976
1267.97,0.001021
1268.45,0.001053
1268.93,0.001065
1269.41,0.001050
1269.89,0.000999
1270.38,0.000914
1270.86,0.000806
1271.34,0.000695
1271.82,0.000602
1272.31,0.000547
1272.79,0.000541
1273.27,0.000588
1273.75,0.000681
1274.23,0.000808
1274.72,0.000951
1275.20,0.001087
1275.68,0.001196
1276.16,0.001262
1276.64,0.001283
1277.13,0.001269
1277.61,0.001249
1278.09,0.001256
1278.57,0.001321
1279.06,0.001455
1279.54,0.001646
1280.02,0.001859
1280.50,0.002043
1280.98,0.002157
1281.47,0.002182
1281.95,0.002127
1282.43,0.002030
1282.91,0.001945
1283.39,0.001917
1283.88,0.001973
1284.36,0.002113
1284.84,0.002318
1285.32,0.002553
1285.81,0.002787
1286.29,0.002996
1286.77,0.003166
1287.25,0.003286
1287.73,0.003346
1288.22,0.003337
1288.70,0.003248
1289.18,0.003083
1289.66,0.002860
1290.14,0.002613
1290.63,0.002385
1291.11,0.002221
1291.59,0.002147
1292.07,0.002171
1292.56,0.002281
1293.04,0.002447
1293.52,0.002638
1294.00,0.002824
1294.48,0.002986
1294.96,0.003114
1295.45,0.003203
1295.93,0.003253
1296.41,0.003268
1296.89,0.003251
1297.38,0.003212
1297.86,0.003160
1298.34,0.003106
1298.82,0.003058
1299.30,0.003018
1299.79,0.002982
1300.27,0.002946
1300.75,0.002909
1301.23,0.002876
1301.71,0.002857
1302.20,0.002863
1302.68,0.002899
1303.16,0.002959
1303.64,0.003026
1304.13,0.003076
1304.61,0.003090
1305.09,0.003057
1305.57,0.002982
1306.05,0.002882
1306.54,0.002779
1307.02,0.002692
1307.50,0.002629
1307.98,0.002591
1308.46,0.002576
1308.95,0.002584
1309.43,0.002627
1309.91,0.002725
1310.39,0.002902
1310.88,0.003176
1311.36,0.003546
1311.84,0.003990
1312.32,0.004461
1312.80,0.004899
1313.29,0.005239
1313.77,0.005432
1314.25,0.005459
1314.73,0.005331
1315.21,0.005090
1315.70,0.004795
1316.18,0.004511
1316.66,0.004294
1317.14,0.004180
1317.62,0.004186
1318.11,0.004302
1318.59,0.004498
1319.07,0.004734
1319.55,0.004973
1320.04,0.005184
1320.52,0.005354
1321.00,0.005482
1321.48,0.005573
1321.96,0.005634
1322.45,0.005668
1322.93,0.005677
1323.41,0.005664
1323.89,0.005637
1324.38,0.005609
1324.86,0.005597
1325.34,0.005616
1325.82,0.005672
1326.30,0.005764
1326.79,0.005879
1327.27,0.005998
1327.75,0.006105
1328.23,0.006192
1328.71,0.006258
1329.20,0.006310
1329.68,0.006357
1330.16,0.006409
1330.64,0.006471
1331.12,0.006546
1331.61,0.006637
1332.09,0.006748
1332.57,0.006881
1333.05,0.007037
1333.54,0.007212
1334.02,0.007394
1334.50,0.007570
1334.98,0.007724
1335.46,0.007847
1335.94,0.007939
1336.43,0.008009
1336.91,0.008070
1337.39,0.008138
1337.87,0.008224
1338.36,0.008329
1338.84,0.008448
1339.32,0.008567
1339.80,0.008674
1340.28,0.008762
1340.77,0.008832
1341.25,0.008893
1341.73,0.008961
1342.21,0.009051
1342.69,0.009180
1343.18,0.009359
1343.66,0.009597
1344.14,0.009894
1344.62,0.010241
1345.11,0.010620
1345.59,0.011005
1346.07,0.011366
1346.55,0.011682
1347.03,0.011939
1347.52,0.012133
1348.00,0.012272
1348.48,0.012367
1348.96,0.012435
1349.44,0.012494
1349.93,0.012562
1350.41,0.012658
1350.89,0.012801
1351.37,0.013002
1351.86,0.013262
1352.34,0.013569
1352.82,0.013901
1353.30,0.014229
1353.78,0.014525
1354.27,0.014771
1354.75,0.014967
1355.23,0.015122
1355.71,0.015257
1356.19,0.015393
1356.68,0.015544
1357.16,0.015715
1357.64,0.015904
1358.12,0.016110
1358.61,0.016333
1359.09,0.016580
1359.57,0.016857
1360.05,0.017169
1360.53,0.017520
1361.02,0.017908
1361.50,0.018335
1361.98,0.018805
1362.46,0.019330
1362.94,0.019918
1363.43,0.020568
1363.91,0.021260
1364.39,0.021957
1364.87,0.022621
1365.35,0.023230
1365.84,0.023777
1366.32,0.024280
1366.80,0.024769
1367.28,0.025284
1367.77,0.025854
1368.25,0.026494
1368.73,0.027193
1369.21,0.027918
1369.69,0.028627
1370.18,0.029289
1370.66,0.029888
1371.14,0.030432
1371.62,0.030945
1372.10,0.031454
1372.59,0.031989
1373.07,0.032574
1373.55,0.033221
1374.03,0.033935
1374.52,0.034707
1375.00,0.035519
1375.48,0.036352
1375.96,0.037188
1376.44,0.038020
1376.92,0.038851
1377.41,0.039688
1377.89,0.040538
1378.37,0.041407
1378.85,0.042292
1379.34,0.043192
1379.82,0.044104
1380.30,0.045033
1380.78,0.045988
1381.26,0.046986
1381.75,0.048039
1382.23,0.049144
1382.71,0.050285
1383.19,0.051427
1383.67,0.052535
1384.16,0.053576
1384.64,0.054542
1385.12,0.055438
1385.60,0.056287
1386.09,0.057111
1386.57,0.057931
1387.05,0.058754
1387.53,0.059577
1388.01,0.060396
1388.50,0.061216
1388.98,0.062048
1389.46,0.062909
1389.94,0.063805
1390.42,0.064729
1390.91,0.065660
1391.39,0.066571
1391.87,0.067441
1392.35,0.068259
1392.84,0.069039
1393.32,0.069814
1393.80,0.070632
1394.28,0.071538
1394.76,0.072561
1395.25,0.073694
1395.73,0.074896
1396.21,0.076112
1396.69,0.077300
1397.17,0.078441
1397.66,0.079537
1398.14,0.080602
1398.62,0.081650
1399.10,0.082689
1399.59,0.083725
1400.07,0.084759
1400.55,0.085792
1401.03,0.086822
1401.51,0.087839
1401.99,0.088831
1402.48,0.089785
1402.96,0.090686
1403.44,0.091529
1403.92,0.092318
1404.41,0.093069
1404.89,0.093799
1405.37,0.094519
1405.85,0.095229
1406.33,0.095921
1406.82,0.096584
1407.30,0.097223
1407.78,0.097850
1408.26,0.098482
1408.74,0.099125
1409.23,0.099764
1409.71,0.100366
1410.19,0.100880
1410.67,0.101265
1411.16,0.101506
1411.64,0.101629
1412.12,0.101689
1412.60,0.101747
1413.08,0.101850
1413.57,0.102009
1414.05,0.102204
1414.53,0.102400
1415.01,0.102568
1415.49,0.102694
1415.98,0.102783
1416.46,0.102842
1416.94,0.102864
1417.42,0.102808
1417.90,0.102594
1418.39,0.102121
1418.87,0.101322
1419.35,0.100237
1419.83,0.099028
1420.32,0.097897
1420.80,0.096979
1421.28,0.096291
1421.76,0.095761
1422.24,0.095286
1422.73,0.094768
1423.21,0.094147
1423.69,0.093407
1424.17,0.092581
1424.65,0.091740
1425.14,0.090956
1425.62,0.090275
1426.10,0.089695
1426.58,0.089180
1427.07,0.088681
1427.55,0.088158
1428.03,0.087582
1428.51,0.086937
1428.99,0.086217
1429.48,0.085427
1429.96,0.084580
1430.44,0.083706
1430.92,0.082848
1431.40,0.082056
1431.89,0.081381
1432.37,0.080856
1432.85,0.080486
1433.33,0.080247
1433.82,0.080086
1434.30,0.079937
1434.78,0.079731
1435.26,0.079405
1435.74,0.078920
1436.23,0.078290
1436.71,0.077605
1437.19,0.077013
1437.67,0.076669
1438.15,0.076648
1438.64,0.076932
1439.12,0.077450
1439.60,0.078127
1440.08,0.078902
1440.57,0.079724
1441.05,0.080545
1441.53,0.081329
1442.01,0.082042
1442.49,0.082673
1442.97,0.083232
1443.46,0.083743
1443.94,0.084233
1444.42,0.084714
1444.90,0.085182
1445.39,0.085617
1445.87,0.085985
1446.35,0.086257
1446.83,0.086410
1447.31,0.086438
1447.80,0.086354
1448.28,0.086188
1448.76,0.085981
1449.24,0.085772
1449.72,0.085587
1450.21,0.085433
1450.69,0.085305
1451.17,0.085188
1451.65,0.085071
1452.13,0.084947
1452.62,0.084820
1453.10,0.084704
1453.58,0.084618
1454.06,0.084576
1454.55,0.084584
1455.03,0.084629
1455.51,0.084674
1455.99,0.084653
1456.47,0.084474
1456.96,0.084051
1457.44,0.083367
1457.92,0.082529
1458.40,0.081718
1458.88,0.081057
1459.37,0.080566
1459.85,0.080208
1460.33,0.079936
1460.81,0.079722
1461.30,0.079552
1461.78,0.079420
1462.26,0.079320
1462.74,0.079242
1463.22,0.079172
1463.71,0.079093
1464.19,0.078995
1464.67,0.078882
1465.15,0.078776
1465.63,0.078703
1466.12,0.078686
1466.60,0.078727
1467.08,0.078815
1467.56,0.078942
1468.05,0.079107
1468.53,0.079322
1469.01,0.079600
1469.49,0.079951
1469.97,0.080361
1470.46,0.080788
1470.94,0.081144
1471.42,0.081296
1471.90,0.081090
1472.38,0.080413
1472.87,0.079291
1473.35,0.077928
1473.83,0.076623
1474.31,0.075587
1474.80,0.074856
1475.28,0.074344
1475.76,0.073931
1476.24,0.073523
1476.72,0.073080
1477.20,0.072615
1477.69,0.072168
1478.17,0.071775
1478.65,0.071438
1479.13,0.071136
1479.62,0.070826
1480.10,0.070467
1480.58,0.070027
1481.06,0.069498
1481.55,0.068892
1482.03,0.068241
1482.51,0.067579
1482.99,0.066935
1483.47,0.066325
1483.95,0.065758
1484.44,0.065236
1484.92,0.064758
1485.40,0.064314
1485.88,0.063888
1486.37,0.063448
1486.85,0.062962
1487.33,0.062398
1487.81,0.061747
1488.29,0.061021
1488.78,0.060258
1489.26,0.059505
1489.74,0.058801
1490.22,0.058165
1490.70,0.057595
1491.19,0.057087
1491.67,0.056638
1492.15,0.056258
1492.63,0.055957
1493.12,0.055741
1493.60,0.055603
1494.08,0.055522
1494.56,0.055468
1495.04,0.055404
1495.53,0.055288
1496.01,0.055084
1496.49,0.054769
1496.97,0.054345
1497.45,0.053833
1497.94,0.053262
1498.42,0.052658
1498.90,0.052037
1499.38,0.051416
1499.87,0.050809
1500.35,0.050235
1500.83,0.049704
1501.31,0.049218
1501.79,0.048768
1502.28,0.048341
1502.76,0.047925
1503.24,0.047518
1503.72,0.047124
1504.20,0.046754
1504.69,0.046423
1505.17,0.046139
1505.65,0.045893
1506.13,0.045649
1506.62,0.045336
1507.10,0.044861
1507.58,0.044199
1508.06,0.043429
1508.54,0.042663
1509.03,0.041955
1509.51,0.041295
1509.99,0.040653
1510.47,0.040013
1510.95,0.039374
1511.44,0.038756
1511.92,0.038183
1512.40,0.037677
1512.88,0.037246
1513.36,0.036878
1513.85,0.036550
1514.33,0.036235
1514.81,0.035906
1515.29,0.035537
1515.78,0.035109
1516.26,0.034603
1516.74,0.034014
1517.22,0.033361
1517.70,0.032688
1518.18,0.032057
1518.67,0.031513
1519.15,0.031077
1519.63,0.030741
1520.11,0.030474
1520.60,0.030223
1521.08,0.029915
1521.56,0.029493
1522.04,0.028944
1522.52,0.028333
1523.01,0.027758
1523.49,0.027289
1523.97,0.026932
1524.45,0.026659
1524.93,0.026427
1525.42,0.026200
1525.90,0.025957
1526.38,0.025701
1526.86,0.025449
1527.35,0.025223
1527.83,0.025035
1528.31,0.024880
1528.79,0.024741
1529.27,0.024597
1529.76,0.024437
1530.24,0.024260
1530.72,0.024069
1531.20,0.023866
1531.68,0.023647
1532.17,0.023396
1532.65,0.023094
1533.13,0.022732
1533.61,0.022329
1534.10,0.021942
1534.58,0.021648
1535.06,0.021490
1535.54,0.021463
1536.02,0.021524
1536.51,0.021631
1536.99,0.021749
1537.47,0.021855
1537.95,0.021937
1538.43,0.021987
1538.92,0.022001
1539.40,0.021977
1539.88,0.021919
1540.36,0.021846
1540.85,0.021791
1541.33,0.021785
1541.81,0.021835
1542.29,0.021917
1542.77,0.021992
1543.26,0.022014
1543.74,0.021952
1544.22,0.021787
1544.70,0.021528
1545.18,0.021216
1545.67,0.020907
1546.15,0.020648
1546.63,0.020454
1547.11,0.020311
1547.59,0.020189
1548.08,0.020056
1548.56,0.019887
1549.04,0.019680
1549.52,0.019455
1550.01,0.019252
1550.49,0.019113
1550.97,0.019057
1551.45,0.019074
1551.93,0.019132
1552.42,0.019197
1552.90,0.019243
1553.38,0.019260
1553.86,0.019245
1554.34,0.019200
1554.83,0.019117
1555.31,0.018982
1555.79,0.018773
1556.27,0.018469
1556.76,0.018052
1557.24,0.017511
1557.72,0.016848
1558.20,0.016101
1558.68,0.015396
1559.16,0.014969
1559.65,0.015033
1560.13,0.015503
1560.61,0.016078
1561.09,0.016553
1561.58,0.016889
1562.06,0.017118
1562.54,0.017274
1563.02,0.017378
1563.50,0.017440
1563.99,0.017461
1564.47,0.017443
1564.95,0.017395
1565.43,0.017328
1565.91,0.017257
1566.40,0.017188
1566.88,0.017120
1567.36,0.017047
1567.84,0.016963
1568.33,0.016869
1568.81,0.016782
1569.29,0.016728
1569.77,0.016736
1570.25,0.016817
1570.74,0.016946
1571.22,0.017086
1571.70,0.017203
1572.18,0.017288
1572.66,0.017354
1573.15,0.017426
1573.63,0.017533
1574.11,0.017697
1574.59,0.017932
1575.08,0.018233
1575.56,0.018568
1576.04,0.018871
1576.52,0.019063
1577.00,0.019091
1577.49,0.018966
1577.97,0.018752
1578.45,0.018516
1578.93,0.018303
1579.41,0.018133
1579.90,0.018008
1580.38,0.017925
1580.86,0.017883
1581.34,0.017879
1581.83,0.017911
1582.31,0.017976
1582.79,0.018069
1583.27,0.018188
1583.75,0.018330
1584.23,0.018495
1584.72,0.018681
1585.20,0.018880
1585.68,0.019080
1586.16,0.019259
1586.65,0.019401
1587.13,0.019491
1587.61,0.019526
1588.09,0.019514
1588.57,0.019473
1589.06,0.019426
1589.54,0.019393
1590.02,0.019386
1590.50,0.019405
1590.98,0.019443
1591.47,0.019486
1591.95,0.019525
1592.43,0.019554
1592.91,0.019577
1593.40,0.019606
1593.88,0.019656
1594.36,0.019745
1594.84,0.019882
1595.32,0.020063
1595.81,0.020272
1596.29,0.020481
1596.77,0.020655
1597.25,0.020762
1597.73,0.020783
1598.22,0.020716
1598.70,0.020578
1599.18,0.020394
1599.66,0.020202
1600.14,0.020033
1600.63,0.019912
1601.11,0.019851
1601.59,0.019852
1602.07,0.019907
1602.56,0.020008
1603.04,0.020148
1603.52,0.020318
1604.00,0.020513
1604.48,0.020720
1604.97,0.020925
1605.45,0.021115
1605.93,0.021281
1606.41,0.021422
1606.89,0.021551
1607.38,0.021683
1607.86,0.021837
1608.34,0.022020
1608.82,0.022228
1609.31,0.022441
1609.79,0.022633
1610.27,0.022780
1610.75,0.022867
1611.23,0.022896
1611.72,0.022883
1612.20,0.022854
1612.68,0.022836
1613.16,0.022853
1613.64,0.022922
1614.13,0.023052
1614.61,0.023247
1615.09,0.023502
1615.57,0.023801
1616.06,0.024106
1616.54,0.024355
1617.02,0.024484
1617.50,0.024459
1617.98,0.024306
1618.47,0.024095
1618.95,0.023898
1619.43,0.023761
1619.91,0.023698
1620.39,0.023703
1620.88,0.023765
1621.36,0.023872
1621.84,0.024018
1622.32,0.024201
1622.81,0.024423
1623.29,0.024676
1623.77,0.024940
1624.25,0.025178
1624.73,0.025356
1625.21,0.025457
1625.70,0.025481
1626.18,0.025447
1626.66,0.025380
1627.14,0.025303
1627.63,0.025237
1628.11,0.025188
1628.59,0.025154
1629.07,0.025125
1629.55,0.025090
1630.04,0.025050
1630.52,0.025010
1631.00,0.024981
1631.48,0.024971
1631.96,0.024985
1632.45,0.025019
1632.93,0.025068
1633.41,0.025126
1633.89,0.025198
1634.38,0.025295
1634.86,0.025439
1635.34,0.025653
1635.82,0.025933
1636.30,0.026239
1636.79,0.026496
1637.27,0.026650
1637.75,0.026700
1638.23,0.026679
1638.71,0.026631
1639.20,0.026580
1639.68,0.026537
1640.16,0.026494
1640.64,0.026438
1641.12,0.026354
1641.61,0.026234
1642.09,0.026085
1642.57,0.025926
1643.05,0.025785
1643.54,0.025688
1644.02,0.025660
1644.50,0.025722
1644.98,0.025886
1645.46,0.026154
1645.95,0.026507
1646.43,0.026890
1646.91,0.027202
1647.39,0.027325
1647.88,0.027196
1648.36,0.026856
1648.84,0.026418
1649.32,0.025997
1649.80,0.025669
1650.29,0.025463
1650.77,0.025383
1651.25,0.025422
1651.73,0.025558
1652.21,0.025752
1652.70,0.025921
1653.18,0.025942
1653.66,0.025700
1654.14,0.025237
1654.62,0.024736
1655.11,0.024341
1655.59,0.024068
1656.07,0.023880
1656.55,0.023738
1657.04,0.023622
1657.52,0.023531
1658.00,0.023469
1658.48,0.023440
1658.96,0.023440
1659.45,0.023455
1659.93,0.023463
1660.41,0.023437
1660.89,0.023356
1661.37,0.023205
1661.86,0.022980
1662.34,0.022680
1662.82,0.022312
1663.30,0.021890
1663.79,0.021436
1664.27,0.020980
1664.75,0.020554
1665.23,0.020184
1665.71,0.019883
1666.19,0.019659
1666.68,0.019507
1667.16,0.019415
1667.64,0.019359
1668.12,0.019307
1668.61,0.019221
1669.09,0.019064
1669.57,0.018819
1670.05,0.018491
1670.53,0.018110
1671.02,0.017717
1671.50,0.017340
1671.98,0.016995
1672.46,0.016688
1672.94,0.016416
1673.43,0.016178
1673.91,0.015969
1674.39,0.015781
1674.87,0.015599
1675.36,0.015403
1675.84,0.015179
1676.32,0.014930
1676.80,0.014672
1677.28,0.014427
1677.77,0.014204
1678.25,0.013999
1678.73,0.013797
1679.21,0.013578
1679.69,0.013326
1680.18,0.013036
1680.66,0.012718
1681.14,0.012399
1681.62,0.012107
1682.11,0.011859
1682.59,0.011658
1683.07,0.011481
1683.55,0.011286
1684.03,0.011016
1684.52,0.010630
1685.00,0.010156
1685.48,0.009679
1685.96,0.009273
1686.44,0.008954
1686.93,0.008698
1687.41,0.008483
1687.89,0.008290
1688.37,0.008119
1688.86,0.007973
1689.34,0.007860
1689.82,0.007784
1690.30,0.007740
1690.78,0.007716
1691.27,0.007697
1691.75,0.007674
1692.23,0.007646
1692.71,0.007615
1693.19,0.007585
1693.68,0.007555
1694.16,0.007510
1694.64,0.007425
1695.12,0.007255
1695.60,0.006954
1696.09,0.006494
1696.57,0.005905
1697.05,0.005266
1697.53,0.004653
1698.02,0.004106
1698.50,0.003619
1698.98,0.003171
1699.46,0.002759
1699.94,0.002413
1700.43,0.002203
1700.91,0.002187
1701.39,0.002342
1701.87,0.002564
1702.35,0.002740
1702.84,0.002813
1703.32,0.002767
1703.80,0.002618
1704.28,0.002391
1704.77,0.002122
1705.25,0.001854
1705.73,0.001630
1706.21,0.001473
1706.69,0.001380
1707.17,0.001319
1707.66,0.001250
1708.14,0.001144
1708.62,0.000994
1709.10,0.000807
1709.59,0.000600
1710.07,0.000397
1710.55,0.000214
1711.03,0.000062
1711.51,-0.000060
1712.00,-0.000164
1712.48,-0.000266
1712.96,-0.000381
1713.44,-0.000521
1713.92,-0.000692
1714.41,-0.000889
1714.89,-0.001096
1715.37,-0.001295
1715.85,-0.001463
1716.34,-0.001581
1716.82,-0.001638
1717.30,-0.001638
1717.78,-0.001596
1718.26,-0.001538
1718.75,-0.001498
1719.23,-0.001501
1719.71,-0.001554
1720.19,-0.001653
1720.67,-0.001791
1721.16,-0.001959
1721.64,-0.002152
1722.12,-0.002363
1722.60,-0.002585
1723.09,-0.002808
1723.57,-0.003023
1724.05,-0.003221
1724.53,-0.003395
1725.01,-0.003542
1725.50,-0.003659
1725.98,-0.003746
1726.46,-0.003801
1726.94,-0.003821
1727.42,-0.003807
1727.91,-0.003760
1728.39,-0.003683
1728.87,-0.003581
1729.35,-0.003456
1729.84,-0.003313
1730.32,-0.003157
1730.80,-0.002996
1731.28,-0.002844
1731.76,-0.002722
1732.24,-0.002657
1732.73,-0.002689
1733.21,-0.002869
1733.69,-0.003247
1734.17,-0.003838
1734.66,-0.004570
1735.14,-0.005287
1735.62,-0.005840
1736.10,-0.006175
1736.58,-0.006319
1737.07,-0.006325
1737.55,-0.006236
1738.03,-0.006080
1738.51,-0.005879
1738.99,-0.005660
1739.48,-0.005467
1739.96,-0.005354
1740.44,-0.005361
1740.92,-0.005500
1741.40,-0.005743
1741.89,-0.006044
1742.37,-0.006352
1742.85,-0.006633
1743.33,-0.006868
1743.82,-0.007056
1744.30,-0.007209
1744.78,-0.007342
1745.26,-0.007469
1745.74,-0.007596
1746.23,-0.007722
1746.71,-0.007846
1747.19,-0.007969
1747.67,-0.008097
1748.15,-0.008239
1748.64,-0.008395
1749.12,-0.008549
1749.60,-0.008661
1750.08,-0.008676
1750.57,-0.008537
1751.05,-0.008219
1751.53,-0.007749
1752.01,-0.007210
1752.49,-0.006711
1752.98,-0.006344
1753.46,-0.006156
1753.94,-0.006148
1754.42,-0.006285
1754.90,-0.006521
1755.39,-0.006803
1755.87,-0.007082
1756.35,-0.007312
1756.83,-0.007463
1757.32,-0.007530
1757.80,-0.007534
1758.28,-0.007510
1758.76,-0.007491
1759.24,-0.007488
1759.73,-0.007493
1760.21,-0.007480
1760.69,-0.007419
1761.17,-0.007290
1761.65,-0.007097
1762.14,-0.006878
1762.62,-0.006700
1763.10,-0.006627
1763.58,-0.006693
1764.07,-0.006882
1764.55,-0.007144
1765.03,-0.007419
1765.51,-0.007649
1765.99,-0.007795
1766.47,-0.007834
1766.96,-0.007768
1767.44,-0.007623
1767.92,-0.007439
1768.40,-0.007265
1768.89,-0.007136
1769.37,-0.007067
1769.85,-0.007046
1770.33,-0.007046
1770.82,-0.007043
1771.30,-0.007019
1771.78,-0.006971
1772.26,-0.006912
1772.74,-0.006868
1773.22,-0.006867
1773.71,-0.006922
1774.19,-0.007033
1774.67,-0.007193
1775.15,-0.007393
1775.64,-0.007629
1776.12,-0.007895
1776.60,-0.008182
1777.08,-0.008470
1777.56,-0.008739
1778.05,-0.008968
1778.53,-0.009138
1779.01,-0.009243
1779.49,-0.009285
1779.97,-0.009272
1780.46,-0.009214
1780.94,-0.009119
1781.42,-0.008994
1781.90,-0.008839
1782.38,-0.008654
1782.87,-0.008442
1783.35,-0.008217
1783.83,-0.008006
1784.31,-0.007846
1784.80,-0.007775
1785.28,-0.007821
1785.76,-0.007980
1786.24,-0.008220
1786.72,-0.008484
1787.21,-0.008723
1787.69,-0.008902
1788.17,-0.009017
1788.65,-0.009085
1789.13,-0.009131
1789.62,-0.009179
1790.10,-0.009233
1790.58,-0.009272
1791.06,-0.009255
1791.55,-0.009137
1792.03,-0.008893
1792.51,-0.008547
1792.99,-0.008178
1793.47,-0.007885
1793.96,-0.007735
1794.44,-0.007739
1794.92,-0.007855
1795.40,-0.008027
1795.88,-0.008207
1796.37,-0.008366
1796.85,-0.008501
1797.33,-0.008623
1797.81,-0.008749
1798.30,-0.008883
1798.78,-0.009014
1799.26,-0.009112
1799.74,-0.009144
1800.22,-0.009087
1800.71,-0.008943
1801.19,-0.008744
1801.67,-0.008548
1802.15,-0.008409
1802.63,-0.008364
1803.12,-0.008419
1803.60,-0.008560
1804.08,-0.008759
1804.56,-0.008985
1805.05,-0.009209
1805.53,-0.009400
1806.01,-0.009529
1806.49,-0.009567
1806.97,-0.009498
1807.45,-0.009321
1807.94,-0.009058
1808.42,-0.008757
1808.90,-0.008480
1809.38,-0.008282
1809.87,-0.008196
1810.35,-0.008222
1810.83,-0.008330
1811.31,-0.008472
1811.79,-0.008611
1812.28,-0.008736
1812.76,-0.008864
1813.24,-0.009030
1813.72,-0.009262
1814.20,-0.009565
1814.69,-0.009918
1815.17,-0.010281
1815.65,-0.010601
1816.13,-0.010832
1816.62,-0.010943
1817.10,-0.010921
1817.58,-0.010771
1818.06,-0.010511
1818.54,-0.010161
1819.03,-0.009747
1819.51,-0.009300
1819.99,-0.008872
1820.47,-0.008520
1820.95,-0.008301
1821.44,-0.008256
1821.92,-0.008388
1822.40,-0.008662
1822.88,-0.009012
1823.37,-0.009364
1823.85,-0.009645
1824.33,-0.009809
1824.81,-0.009848
1825.29,-0.009795
1825.78,-0.009704
1826.26,-0.009628
1826.74,-0.009599
1827.22,-0.009623
1827.70,-0.009686
1828.19,-0.009775
1828.67,-0.009879
1829.15,-0.009994
1829.63,-0.010115
1830.12,-0.010238
1830.60,-0.010348
1831.08,-0.010434
1831.56,-0.010488
1832.04,-0.010518
1832.53,-0.010535
1833.01,-0.010553
1833.49,-0.010578
1833.97,-0.010613
1834.45,-0.010652
1834.94,-0.010692
1835.42,-0.010734
1835.90,-0.010785
1836.38,-0.010852
1836.87,-0.010937
1837.35,-0.011026
1837.83,-0.011088
1838.31,-0.011081
1838.79,-0.010966
1839.28,-0.010720
1839.76,-0.010348
1840.24,-0.009882
1840.72,-0.009375
1841.20,-0.008879
1841.69,-0.008447
1842.17,-0.008126
1842.65,-0.007954
1843.13,-0.007964
1843.61,-0.008169
1844.10,-0.008545
1844.58,-0.009020
1845.06,-0.009483
1845.54,-0.009831
1846.03,-0.010008
1846.51,-0.010030
1846.99,-0.009966
1847.47,-0.009915
1847.95,-0.009968
1848.43,-0.010184
1848.92,-0.010577
1849.40,-0.011107
1849.88,-0.011687
1850.36,-0.012210
1850.85,-0.012587
1851.33,-0.012762
1851.81,-0.012725
1852.29,-0.012498
1852.77,-0.012122
1853.26,-0.011646
1853.74,-0.011110
1854.22,-0.010555
1854.70,-0.010015
1855.18,-0.009521
1855.67,-0.009100
1856.15,-0.008774
1856.63,-0.008556
1857.11,-0.008449
1857.60,-0.008443
1858.08,-0.008524
1858.56,-0.008672
1859.04,-0.008868
1859.52,-0.009094
1860.01,-0.009326
1860.49,-0.009539
1860.97,-0.009706
1861.45,-0.009804
1861.93,-0.009831
1862.42,-0.009808
1862.90,-0.009785
1863.38,-0.009820
1863.86,-0.009965
1864.35,-0.010245
1864.83,-0.010645
1865.31,-0.011106
1865.79,-0.011541
1866.27,-0.011855
1866.76,-0.011964
1867.24,-0.011809
1867.72,-0.011366
1868.20,-0.010652
1868.68,-0.009725
1869.17,-0.008683
1869.65,-0.007660
1870.13,-0.006788
1870.61,-0.006167
1871.10,-0.005853
1871.58,-0.005859
1872.06,-0.006166
1872.54,-0.006739
1873.02,-0.007526
1873.51,-0.008452
1873.99,-0.009423
1874.47,-0.010344
1874.95,-0.011118
1875.43,-0.011671
1875.92,-0.011959
1876.40,-0.011977
1876.88,-0.011752
1877.36,-0.011340
1877.84,-0.010827
1878.33,-0.010307
1878.81,-0.009862
1879.29,-0.009554
1879.77,-0.009406
1880.26,-0.009402
1880.74,-0.009491
1881.22,-0.009609
1881.70,-0.009695
1882.18,-0.009705
1882.67,-0.009626
1883.15,-0.009469
1883.63,-0.009257
1884.11,-0.009014
1884.59,-0.008759
1885.08,-0.008506
1885.56,-0.008270
1886.04,-0.008072
1886.52,-0.007940
1887.01,-0.007904
1887.49,-0.007984
1887.97,-0.008184
1888.45,-0.008481
1888.93,-0.008825
1889.41,-0.009149
1889.90,-0.009397
1890.38,-0.009541
1890.86,-0.009598
1891.34,-0.009618
1891.83,-0.009657
1892.31,-0.009751
1892.79,-0.009905
1893.27,-0.010091
1893.75,-0.010272
1894.24,-0.010416
1894.72,-0.010513
1895.20,-0.010587
1895.68,-0.010681
1896.16,-0.010838
1896.65,-0.011073
1897.13,-0.011357
1897.61,-0.011626
1898.09,-0.011803
1898.58,-0.011831
1899.06,-0.011693
1899.54,-0.011430
1900.02,-0.011128
1900.50,-0.010892
1900.99,-0.010807
1901.47,-0.010912
1901.95,-0.011178
1902.43,-0.011515
1902.91,-0.011801
1903.40,-0.011919
1903.88,-0.011790
1904.36,-0.011388
1904.84,-0.010742
1905.33,-0.009928
1905.81,-0.009039
1906.29,-0.008164
1906.77,-0.007382
1907.25,-0.006752
1907.74,-0.006315
1908.22,-0.006094
1908.70,-0.006083
1909.18,-0.006251
1909.66,-0.006535
1910.15,-0.006865
1910.63,-0.007188
1911.11,-0.007483
1911.59,-0.007784
1912.08,-0.008158
1912.56,-0.008688
1913.04,-0.009428
1913.52,-0.010378
1914.00,-0.011468
1914.48,-0.012580
1914.97,-0.013562
1915.45,-0.014264
1915.93,-0.014583
1916.41,-0.014467
1916.90,-0.013925
1917.38,-0.013017
1917.86,-0.011858
1918.34,-0.010607
1918.82,-0.009436
1919.31,-0.008525
1919.79,-0.008007
1920.27,-0.007944
1920.75,-0.008321
1921.23,-0.009055
1921.72,-0.010010
1922.20,-0.010988
1922.68,-0.011774
1923.16,-0.012170
1923.65,-0.012057
1924.13,-0.011454
1924.61,-0.010512
1925.09,-0.009464
1925.57,-0.008527
1926.06,-0.007864
1926.54,-0.007562
1927.02,-0.007628
1927.50,-0.008013
1927.98,-0.008621
1928.47,-0.009343
1928.95,-0.010063
1929.43,-0.010682
1929.91,-0.011130
1930.39,-0.011368
1930.88,-0.011404
1931.36,-0.011283
1931.84,-0.011094
1932.32,-0.010930
1932.81,-0.010864
1933.29,-0.010928
1933.77,-0.011099
1934.25,-0.011312
1934.73,-0.011482
1935.22,-0.011537
1935.70,-0.011445
1936.18,-0.011209
1936.66,-0.010855
1937.14,-0.010405
1937.63,-0.009856
1938.11,-0.009182
1938.59,-0.008342
1939.07,-0.007316
1939.56,-0.006117
1940.04,-0.004806
1940.52,-0.003482
1941.00,-0.002255
1941.48,-0.001254
1941.97,-0.000595
1942.45,-0.000374
1942.93,-0.000634
1943.41,-0.001353
1943.89,-0.002440
1944.38,-0.003760
1944.86,-0.005180
1945.34,-0.006596
1945.82,-0.007933
1946.31,-0.009150
1946.79,-0.010229
1947.27,-0.011161
1947.75,-0.011939
1948.23,-0.012545
1948.72,-0.012944
1949.20,-0.013096
1949.68,-0.012977
1950.16,-0.012605
1950.64,-0.012061
1951.13,-0.011493
1951.61,-0.011073
1952.09,-0.010933
1952.57,-0.011128
1953.06,-0.011594
1953.54,-0.012173
1954.02,-0.012634
1954.50,-0.012760
1954.98,-0.012412
1955.46,-0.011574
1955.95,-0.010348
1956.43,-0.008920
1956.91,-0.007519
1957.39,-0.006356
1957.88,-0.005616
1958.36,-0.005447
1958.84,-0.005938
1959.32,-0.007107
1959.80,-0.008885
1960.29,-0.011118
1960.77,-0.013551
1961.25,-0.015858
1961.73,-0.017716
1962.21,-0.018852
1962.70,-0.019134
1963.18,-0.018599
1963.66,-0.017408
1964.14,-0.015767
1964.62,-0.013842
1965.11,-0.011754
1965.59,-0.009583
1966.07,-0.007410
1966.55,-0.005369
1967.04,-0.003633
1967.52,-0.002376
1968.00,-0.001719
1968.48,-0.001678
1968.96,-0.002160
1969.45,-0.002999
1969.93,-0.004037
1970.41,-0.005181
1970.89,-0.006434
1971.38,-0.007877
1971.86,-0.009601
1972.34,-0.011621
1972.82,-0.013827
1973.30,-0.015947
1973.79,-0.017621
1974.27,-0.018522
1974.75,-0.018441
1975.23,-0.017373
1975.71,-0.015484
1976.20,-0.013083
1976.68,-0.010529
1977.16,-0.008181
1977.64,-0.006366
1978.12,-0.005296
1978.61,-0.005037
1979.09,-0.005490
1979.57,-0.006422
1980.05,-0.007491
1980.54,-0.008317
1981.02,-0.008598
1981.50,-0.008166
1981.98,-0.007067
1982.46,-0.005538
1982.95,-0.003959
1983.43,-0.002735
1983.91,-0.002172
1984.39,-0.002423
1984.87,-0.003419
1985.36,-0.004913
1985.84,-0.006538
1986.32,-0.007939
1986.80,-0.008868
1987.29,-0.009204
1987.77,-0.008948
1988.25,-0.008182
1988.73,-0.007024
1989.21,-0.005598
1989.70,-0.004029
1990.18,-0.002463
1990.66,-0.001049
1991.14,0.000042
1991.62,0.000654
1992.11,0.000696
1992.59,0.000195
1993.07,-0.000678
1993.55,-0.001665
1994.04,-0.002489
1994.52,-0.002962
1995.00,-0.003043
1995.48,-0.002815
1995.96,-0.002447
1996.44,-0.002120
1996.93,-0.001974
1997.41,-0.002054
1997.89,-0.002304
1998.37,-0.002588
1998.86,-0.002749
1999.34,-0.002652
1999.82,-0.002222
2000.30,-0.001471
2000.78,-0.000488
2001.27,0.000575
2001.75,0.001546
2002.23,0.002249
2002.71,0.002522
2003.19,0.002241
2003.68,0.001319
2004.16,-0.000266
2004.64,-0.002453
2005.12,-0.005077
2005.61,-0.007885
2006.09,-0.010587
2006.57,-0.012863
2007.05,-0.014435
2007.53,-0.015121
2008.02,-0.014880
2008.50,-0.013849
2008.98,-0.012313
2009.46,-0.010642
2009.94,-0.009156
2010.43,-0.008064
2010.91,-0.007430
2011.39,-0.007191
2011.87,-0.007212
2012.36,-0.007356
2012.84,-0.007560
2013.32,-0.007862
2013.80,-0.008385
2014.28,-0.009267
2014.77,-0.010603
2015.25,-0.012365
2015.73,-0.014389
2016.21,-0.016375
2016.69,-0.017989
2017.18,-0.018973
2017.66,-0.019223
2018.14,-0.018826
2018.62,-0.018016
2019.11,-0.017113
2019.59,-0.016405
2020.07,-0.016071
2020.55,-0.016148
2021.03,-0.016528
2021.52,-0.017009
2022.00,-0.017330
2022.48,-0.017260
2022.96,-0.016621
2023.44,-0.015351
2023.93,-0.013533
2024.41,-0.011400
2024.89,-0.009290
2025.37,-0.007529
2025.85,-0.006384
2026.34,-0.005966
2026.82,-0.006209
2027.30,-0.006892
2027.78,-0.007728
2028.27,-0.008490
2028.75,-0.009091
2029.23,-0.009636
2029.71,-0.010364
2030.19,-0.011552
2030.67,-0.013357
2031.16,-0.015719
2031.64,-0.018312
2032.12,-0.020655
2032.60,-0.022239
2033.09,-0.022697
2033.57,-0.021932
2034.05,-0.020136
2034.53,-0.017745
2035.02,-0.015283
2035.50,-0.013246
2035.98,-0.011948
2036.46,-0.011449
2036.94,-0.011606
2037.42,-0.012162
2037.91,-0.012854
2038.39,-0.013453
2038.87,-0.013804
2039.35,-0.013821
2039.84,-0.013454
2040.32,-0.012690
2040.80,-0.011549
2041.28,-0.010107
2041.76,-0.008508
2042.25,-0.006962
2042.73,-0.005728
2043.21,-0.005028
2043.69,-0.005000
2044.17,-0.005657
2044.66,-0.006885
2045.14,-0.008463
2045.62,-0.010095
2046.10,-0.011479
2046.59,-0.012331
2047.07,-0.012455
2047.55,-0.011790
2048.03,-0.010415
2048.51,-0.008543
2049.00,-0.006464
2049.48,-0.004514
2049.96,-0.002979
2050.44,-0.002034
2050.92,-0.001709
2051.41,-0.001894
2051.89,-0.002398
2052.37,-0.003005
2052.85,-0.003554
2053.34,-0.003962
2053.82,-0.004230
2054.30,-0.004417
2054.78,-0.004606
2055.26,-0.004859
2055.75,-0.005192
2056.23,-0.005576
2056.71,-0.005954
2057.19,-0.006271
2057.67,-0.006494
2058.16,-0.006615
2058.64,-0.006649
2059.12,-0.006623
2059.60,-0.006568
2060.08,-0.006515
2060.57,-0.006514
2061.05,-0.006632
2061.53,-0.006947
2062.01,-0.007536
2062.49,-0.008433
2062.98,-0.009605
2063.46,-0.010936
2063.94,-0.012251
2064.42,-0.013343
2064.91,-0.014018
2065.39,-0.014162
2065.87,-0.013760
2066.35,-0.012912
2066.83,-0.011791
2067.32,-0.010604
2067.80,-0.009539
2068.28,-0.008715
2068.76,-0.008197
2069.24,-0.007989
2069.73,-0.008058
2070.21,-0.008344
2070.69,-0.008776
2071.17,-0.009289
2071.66,-0.009818
2072.14,-0.010313
2072.62,-0.010736
2073.10,-0.011060
2073.58,-0.011270
2074.07,-0.011354
2074.55,-0.011301
2075.03,-0.011101
2075.51,-0.010754
2075.99,-0.010275
2076.48,-0.009703
2076.96,-0.009106
2077.44,-0.008572
2077.92,-0.008181
2078.41,-0.007992
2078.89,-0.008025
2079.37,-0.008253
2079.85,-0.008618
2080.33,-0.009048
2080.82,-0.009473
2081.30,-0.009828
2081.78,-0.010065
2082.26,-0.010148
2082.74,-0.010056
2083.23,-0.009795
2083.71,-0.009411
2084.19,-0.009009
2084.67,-0.008734
2085.16,-0.008749
2085.64,-0.009185
2086.12,-0.010076
2086.60,-0.011326
2087.08,-0.012704
2087.57,-0.013916
2088.05,-0.014656
2088.53,-0.014705
2089.01,-0.014007
2089.49,-0.012676
2089.98,-0.010969
2090.46,-0.009180
2090.94,-0.007593
2091.42,-0.006387
2091.90,-0.005615
2092.39,-0.005235
2092.87,-0.005147
2093.35,-0.005248
2093.83,-0.005462
2094.32,-0.005747
2094.80,-0.006088
2095.28,-0.006468
2095.76,-0.006855
2096.24,-0.007206
2096.72,-0.007477
2097.21,-0.007649
2097.69,-0.007731
2098.17,-0.007758
2098.65,-0.007767
2099.14,-0.007780
2099.62,-0.007791
2100.10,-0.007771
2100.58,-0.007684
2101.06,-0.007509
2101.55,-0.007257
2102.03,-0.006964
2102.51,-0.006684
2102.99,-0.006465
2103.47,-0.006342
2103.96,-0.006330
2104.44,-0.006429
2104.92,-0.006638
2105.40,-0.006953
2105.89,-0.007364
2106.37,-0.007842
2106.85,-0.008325
2107.33,-0.008718
2107.81,-0.008902
2108.30,-0.008780
2108.78,-0.008300
2109.26,-0.007494
2109.74,-0.006475
2110.22,-0.005419
2110.71,-0.004524
2111.19,-0.003946
2111.67,-0.003776
2112.15,-0.004014
2112.64,-0.004579
2113.12,-0.005334
2113.60,-0.006133
2114.08,-0.006858
2114.56,-0.007422
2115.05,-0.007783
2115.53,-0.007929
2116.01,-0.007862
2116.49,-0.007592
2116.97,-0.007141
2117.46,-0.006547
2117.94,-0.005873
2118.42,-0.005212
2118.90,-0.004682
2119.39,-0.004388
2119.87,-0.004404
2120.35,-0.004734
2120.83,-0.005303
2121.31,-0.005961
2121.80,-0.006523
2122.28,-0.006834
2122.76,-0.006801
2123.24,-0.006439
2123.72,-0.005866
2124.21,-0.005290
2124.69,-0.004931
2125.17,-0.004959
2125.65,-0.005457
2126.14,-0.006382
2126.62,-0.007595
2127.10,-0.008886
2127.58,-0.010053
2128.06,-0.010944
2128.55,-0.011490
2129.03,-0.011705
2129.51,-0.011659
2129.99,-0.011449
2130.47,-0.011158
2130.96,-0.010852
2131.44,-0.010576
2131.92,-0.010350
2132.40,-0.010186
2132.88,-0.010071
2133.37,-0.009979
2133.85,-0.009857
2134.33,-0.009646
2134.81,-0.009304
2135.30,-0.008828
2135.78,-0.008272
2136.26,-0.007733
2136.74,-0.007329
2137.22,-0.007142
2137.70,-0.007192
2138.19,-0.007421
2138.67,-0.007727
2139.15,-0.007997
2139.63,-0.008162
2140.12,-0.008231
2140.60,-0.008286
2141.08,-0.008443
2141.56,-0.008793
2142.04,-0.009355
2142.53,-0.010047
2143.01,-0.010723
2143.49,-0.011200
2143.97,-0.011343
2144.45,-0.011110
2144.94,-0.010575
2145.42,-0.009908
2145.90,-0.009328
2146.38,-0.009061
2146.86,-0.009265
2147.35,-0.009993
2147.83,-0.011174
2148.31,-0.012631
2148.79,-0.014124
2149.28,-0.015387
2149.76,-0.016215
2150.24,-0.016498
2150.72,-0.016262
2151.20,-0.015653
2151.69,-0.014900
2152.17,-0.014239
2152.65,-0.013821
2153.13,-0.013675
2153.61,-0.013707
2154.10,-0.013758
2154.58,-0.013681
2155.06,-0.013419
2155.54,-0.013034
2156.03,-0.012664
2156.51,-0.012427
2156.99,-0.012315
2157.47,-0.012135
2157.95,-0.011553
2158.44,-0.010250
2158.92,-0.008112
2159.40,-0.005392
2159.88,-0.002684
2160.36,-0.000751
2160.85,-0.000174
2161.33,-0.001169
2161.81,-0.003472
2162.29,-0.006478
2162.78,-0.009427
2163.26,-0.011658
2163.74,-0.012822
2164.22,-0.012878
2164.70,-0.012071
2165.19,-0.010778
2165.67,-0.009411
2166.15,-0.008286
2166.63,-0.007568
2167.11,-0.007305
2167.60,-0.007458
2168.08,-0.007947
2168.56,-0.008660
2169.04,-0.009462
2169.53,-0.010190
2170.01,-0.010668
2170.49,-0.010776
2170.97,-0.010485
2171.45,-0.009894
2171.94,-0.009191
2172.42,-0.008601
2172.90,-0.008293
2173.38,-0.008297
2173.86,-0.008468
2174.35,-0.008524
2174.83,-0.008167
2175.31,-0.007173
2175.79,-0.005505
2176.28,-0.003325
2176.76,-0.000961
2177.24,0.001201
2177.72,0.002840
2178.20,0.003742
2178.68,0.003841
2179.17,0.003171
2179.65,0.001824
2180.13,-0.000096
2180.61,-0.002458
2181.10,-0.005074
2181.58,-0.007700
2182.06,-0.010036
2182.54,-0.011780
2183.02,-0.012729
2183.51,-0.012819
2183.99,-0.012153
2184.47,-0.010950
2184.95,-0.009489
2185.43,-0.008009
2185.92,-0.006633
2186.40,-0.005376
2186.88,-0.004173
2187.36,-0.002958
2187.84,-0.001727
2188.33,-0.000570
2188.81,0.000369
2189.29,0.000929
2189.77,0.001027
2190.26,0.000680
2190.74,0.000008
2191.22,-0.000822
2191.70,-0.001656
2192.18,-0.002395
2192.67,-0.003031
2193.15,-0.003626
2193.63,-0.004267
2194.11,-0.005014
2194.59,-0.005856
2195.08,-0.006702
2195.56,-0.007416
2196.04,-0.007847
2196.52,-0.007886
2197.01,-0.007506
2197.49,-0.006763
2197.97,-0.005788
2198.45,-0.004733
2198.93,-0.003762
2199.42,-0.003002
2199.90,-0.002527
2200.38,-0.002359
2200.86,-0.002466
2201.34,-0.002776
2201.83,-0.003188
2202.31,-0.003596
2202.79,-0.003899
2203.27,-0.004010
2203.76,-0.003873
2204.24,-0.003472
2204.72,-0.002837
2205.20,-0.002043
2205.68,-0.001215
2206.17,-0.000506
2206.65,-0.000071
2207.13,-0.000044
2207.61,-0.000497
2208.09,-0.001408
2208.58,-0.002649
2209.06,-0.004000
2209.54,-0.005211
2210.02,-0.006036
2210.51,-0.006326
2210.99,-0.006064
2211.47,-0.005393
2211.95,-0.004572
2212.43,-0.003904
2212.92,-0.003656
2213.40,-0.003950
2213.88,-0.004736
2214.36,-0.005802
2214.84,-0.006870
2215.33,-0.007665
2215.81,-0.008023
2216.29,-0.007939
2216.77,-0.007557
2217.26,-0.007114
2217.74,-0.006828
2218.22,-0.006834
2218.70,-0.007128
2219.18,-0.007580
2219.66,-0.007982
2220.15,-0.008137
2220.63,-0.007936
2221.11,-0.007380
2221.59,-0.006569
2222.08,-0.005654
2222.56,-0.004788
2223.04,-0.004068
2223.52,-0.003530
2224.00,-0.003154
2224.49,-0.002897
2224.97,-0.002722
2225.45,-0.002618
2225.93,-0.002594
2226.41,-0.002668
2226.90,-0.002851
2227.38,-0.003139
2227.86,-0.003524
2228.34,-0.004005
2228.82,-0.004602
2229.31,-0.005362
2229.79,-0.006333
2230.27,-0.007541
2230.75,-0.008965
2231.24,-0.010519
2231.72,-0.012068
2232.20,-0.013437
2232.68,-0.014462
2233.16,-0.015018
2233.65,-0.015038
2234.13,-0.014523
2234.61,-0.013541
2235.09,-0.012221
2235.57,-0.010716
2236.06,-0.009189
2236.54,-0.007784
2237.02,-0.006594
2237.50,-0.005667
2237.99,-0.005006
2238.47,-0.004594
2238.95,-0.004410
2239.43,-0.004451
2239.91,-0.004734
2240.40,-0.005279
2240.88,-0.006080
2241.36,-0.007079
2241.84,-0.008150
2242.32,-0.009111
2242.81,-0.009782
2243.29,-0.010020
2243.77,-0.009783
2244.25,-0.009140
2244.74,-0.008253
2245.22,-0.007308
2245.70,-0.006466
2246.18,-0.005807
2246.66,-0.005321
2247.15,-0.004923
2247.63,-0.004510
2248.11,-0.004020
2248.59,-0.003456
2249.07,-0.002895
2249.56,-0.002449
2250.04,-0.002227
2250.52,-0.002294
2251.00,-0.002645
2251.49,-0.003216
2251.97,-0.003900
2252.45,-0.004587
2252.93,-0.005175
2253.41,-0.005590
2253.90,-0.005793
2254.38,-0.005782
2254.86,-0.005600
2255.34,-0.005329
2255.82,-0.005083
2256.31,-0.004972
2256.79,-0.005072
2257.27,-0.005390
2257.75,-0.005854
2258.24,-0.006323
2258.72,-0.006636
2259.20,-0.006681
2259.68,-0.006429
2260.16,-0.005958
2260.64,-0.005412
2261.13,-0.004962
2261.61,-0.004731
2262.09,-0.004748
2262.57,-0.004952
2263.06,-0.005223
2263.54,-0.005450
2264.02,-0.005567
2264.50,-0.005583
2264.98,-0.005556
2265.47,-0.005554
2265.95,-0.005605
2266.43,-0.005681
2266.91,-0.005701
2267.39,-0.005585
2267.88,-0.005298
2268.36,-0.004879
2268.84,-0.004431
2269.32,-0.004092
2269.80,-0.003977
2270.29,-0.004129
2270.77,-0.004514
2271.25,-0.005037
2271.73,-0.005593
2272.22,-0.006095
2272.70,-0.006509
2273.18,-0.006844
2273.66,-0.007125
2274.14,-0.007369
2274.63,-0.007562
2275.11,-0.007666
2275.59,-0.007638
2276.07,-0.007458
2276.55,-0.007141
2277.04,-0.006735
2277.52,-0.006300
2278.00,-0.005882
2278.48,-0.005490
2278.97,-0.005098
2279.45,-0.004657
2279.93,-0.004128
2280.41,-0.003504
2280.89,-0.002821
2281.38,-0.002152
2281.86,-0.001587
2282.34,-0.001210
2282.82,-0.001074
2283.30,-0.001194
2283.79,-0.001546
2284.27,-0.002082
2284.75,-0.002731
2285.23,-0.003414
2285.72,-0.004061
2286.20,-0.004604
2286.68,-0.005001
2287.16,-0.005234
2287.64,-0.005315
2288.13,-0.005286
2288.61,-0.005208
2289.09,-0.005149
2289.57,-0.005167
2290.05,-0.005297
2290.54,-0.005540
2291.02,-0.005866
2291.50,-0.006219
2291.98,-0.006526
2292.47,-0.006720
2292.95,-0.006748
2293.43,-0.006590
2293.91,-0.006261
2294.39,-0.005819
2294.88,-0.005344
2295.36,-0.004918
2295.84,-0.004607
2296.32,-0.004440
2296.80,-0.004398
2297.29,-0.004425
2297.77,-0.004446
2298.25,-0.004406
2298.73,-0.004283
2299.21,-0.004107
2299.70,-0.003950
2300.18,-0.003897
2300.66,-0.004010
2301.14,-0.004307
2301.62,-0.004747
2302.11,-0.005250
2302.59,-0.005716
2303.07,-0.006065
2303.55,-0.006260
2304.04,-0.006312
2304.52,-0.006272
2305.00,-0.006201
2305.48,-0.006152
2305.96,-0.006149
2306.45,-0.006181
2306.93,-0.006211
2307.41,-0.006193
2307.89,-0.006093
2308.38,-0.005896
2308.86,-0.005614
2309.34,-0.005290
2309.82,-0.004985
2310.30,-0.004768
2310.78,-0.004704
2311.27,-0.004844
2311.75,-0.005199
2312.23,-0.005740
2312.71,-0.006387
2313.20,-0.007039
2313.68,-0.007580
2314.16,-0.007924
2314.64,-0.008035
2315.12,-0.007943
2315.61,-0.007730
2316.09,-0.007496
2316.57,-0.007339
2317.05,-0.007311
2317.53,-0.007407
2318.02,-0.007570
2318.50,-0.007717
2318.98,-0.007766
2319.46,-0.007665
2319.95,-0.007404
2320.43,-0.007017
2320.91,-0.006568
2321.39,-0.006122
2321.87,-0.005738
2322.36,-0.005453
2322.84,-0.005288
2323.32,-0.005250
2323.80,-0.005336
2324.28,-0.005538
2324.77,-0.005833
2325.25,-0.006187
2325.73,-0.006553
2326.21,-0.006876
2326.70,-0.007104
2327.18,-0.007207
2327.66,-0.007174
2328.14,-0.007029
2328.62,-0.006820
2329.11,-0.006614
2329.59,-0.006476
2330.07,-0.006448
2330.55,-0.006544
2331.03,-0.006736
2331.52,-0.006971
2332.00,-0.007178
2332.48,-0.007302
2332.96,-0.007315
2333.45,-0.007226
2333.93,-0.007079
2334.41,-0.006934
2334.89,-0.006847
2335.37,-0.006849
2335.86,-0.006931
2336.34,-0.007048
2336.82,-0.007137
2337.30,-0.007135
2337.78,-0.007004
2338.27,-0.006745
2338.75,-0.006398
2339.23,-0.006024
2339.71,-0.005685
2340.19,-0.005421
2340.68,-0.005241
2341.16,-0.005128
2341.64,-0.005049
2342.12,-0.004976
2342.61,-0.004902
2343.09,-0.004839
2343.57,-0.004812
2344.05,-0.004849
2344.53,-0.004964
2345.02,-0.005154
2345.50,-0.005405
2345.98,-0.005698
2346.46,-0.006018
2346.94,-0.006355
2347.43,-0.006702
2347.91,-0.007052
2348.39,-0.007391
2348.87,-0.007698
2349.35,-0.007952
2349.84,-0.008132
2350.32,-0.008227
2350.80,-0.008235
2351.28,-0.008165
2351.76,-0.008034
2352.25,-0.007862
2352.73,-0.007666
2353.21,-0.007455
2353.69,-0.007225
2354.18,-0.006970
2354.66,-0.006686
2355.14,-0.006376
2355.62,-0.006052
2356.10,-0.005730
2356.59,-0.005427
2357.07,-0.005151
2357.55,-0.004906
2358.03,-0.004695
2358.51,-0.004523
2359.00,-0.004397
2359.48,-0.004324
2359.96,-0.004303
2360.44,-0.004317
2360.93,-0.004338
2361.41,-0.004340
2361.89,-0.004308
2362.37,-0.004260
2362.85,-0.004236
2363.34,-0.004293
2363.82,-0.004480
2364.30,-0.004814
2364.78,-0.005267
2365.26,-0.005769
2365.75,-0.006238
2366.23,-0.006601
2366.71,-0.006819
2367.19,-0.006901
2367.68,-0.006889
2368.16,-0.006835
2368.64,-0.006778
2369.12,-0.006724
2369.60,-0.006649
2370.09,-0.006513
2370.57,-0.006280
2371.05,-0.005941
2371.53,-0.005522
2372.01,-0.005076
2372.50,-0.004667
2372.98,-0.004349
2373.46,-0.004159
2373.94,-0.004102
2374.43,-0.004165
2374.91,-0.004324
2375.39,-0.004555
2375.87,-0.004840
2376.35,-0.005166
2376.84,-0.005519
2377.32,-0.005884
2377.80,-0.006243
2378.28,-0.006577
2378.76,-0.006868
2379.25,-0.007111
2379.73,-0.007305
2380.21,-0.007459
2380.69,-0.007580
2381.17,-0.007675
2381.66,-0.007743
2382.14,-0.007783
2382.62,-0.007790
2383.10,-0.007765
2383.59,-0.007714
2384.07,-0.007651
2384.55,-0.007590
2385.03,-0.007546
2385.51,-0.007525
2385.99,-0.007528
2386.48,-0.007548
2386.96,-0.007572
2387.44,-0.007584
2387.92,-0.007572
2388.41,-0.007521
2388.89,-0.007422
2389.37,-0.007269
2389.85,-0.007065
2390.33,-0.006819
2390.82,-0.006550
2391.30,-0.006287
2391.78,-0.006059
2392.26,-0.005893
2392.74,-0.005801
2393.23,-0.005782
2393.71,-0.005815
2394.19,-0.005866
2394.67,-0.005902
2395.16,-0.005899
2395.64,-0.005847
2396.12,-0.005757
2396.60,-0.005653
2397.08,-0.005568
2397.57,-0.005526
2398.05,-0.005542
2398.53,-0.005611
2399.01,-0.005717
2399.49,-0.005837
2399.98,-0.005949
2400.46,-0.006043
2400.94,-0.006122
2401.42,-0.006196
2401.91,-0.006280
2402.39,-0.006381
2402.87,-0.006491
2403.35,-0.006589
2403.83,-0.006642
2404.32,-0.006615
2404.80,-0.006487
2405.28,-0.006257
2405.76,-0.005952
2406.24,-0.005620
2406.73,-0.005328
2407.21,-0.005135
2407.69,-0.005087
2408.17,-0.005204
2408.66,-0.005473
2409.14,-0.005854
2409.62,-0.006286
2410.10,-0.006708
2410.58,-0.007055
2411.07,-0.007282
2411.55,-0.007367
2412.03,-0.007312
2412.51,-0.007144
2412.99,-0.006912
2413.48,-0.006677
2413.96,-0.006496
2414.44,-0.006414
2414.92,-0.006449
2415.41,-0.006590
2415.89,-0.006799
2416.37,-0.007021
2416.85,-0.007208
2417.33,-0.007324
2417.82,-0.007361
2418.30,-0.007337
2418.78,-0.007285
2419.26,-0.007242
2419.74,-0.007234
2420.23,-0.007266
2420.71,-0.007323
2421.19,-0.007377
2421.67,-0.007393
2422.15,-0.007345
2422.64,-0.007216
2423.12,-0.007011
2423.60,-0.006745
2424.08,-0.006452
2424.57,-0.006171
2425.05,-0.005947
2425.53,-0.005816
2426.01,-0.005802
2426.49,-0.005907
2426.97,-0.006107
2427.46,-0.006354
2427.94,-0.006592
2428.42,-0.006769
2428.90,-0.006849
2429.39,-0.006828
2429.87,-0.006727
2430.35,-0.006580
2430.83,-0.006422
2431.31,-0.006276
2431.80,-0.006147
2432.28,-0.006029
2432.76,-0.005920
2433.24,-0.005831
2433.72,-0.005789
2434.21,-0.005831
2434.69,-0.005984
2435.17,-0.006246
2435.65,-0.006571
2436.14,-0.006886
2436.62,-0.007103
2437.10,-0.007151
2437.58,-0.007009
2438.06,-0.006712
2438.55,-0.006350
2439.03,-0.006032
2439.51,-0.005858
2439.99,-0.005886
2440.47,-0.006111
2440.96,-0.006475
2441.44,-0.006884
2441.92,-0.007244
2442.40,-0.007478
2442.89,-0.007547
2443.37,-0.007451
2443.85,-0.007215
2444.33,-0.006880
2444.81,-0.006486
2445.30,-0.006070
2445.78,-0.005660
2446.26,-0.005280
2446.74,-0.004951
2447.22,-0.004691
2447.71,-0.004506
2448.19,-0.004393
2448.67,-0.004337
2449.15,-0.004317
2449.64,-0.004310
2450.12,-0.004303
2450.60,-0.004293
2451.08,-0.004288
2451.56,-0.004302
2452.05,-0.004349
2452.53,-0.004432
2453.01,-0.004548
2453.49,-0.004682
2453.97,-0.004819
2454.46,-0.004947
2454.94,-0.005065
2455.42,-0.005177
2455.90,-0.005290
2456.39,-0.005410
2456.87,-0.005533
2457.35,-0.005643
2457.83,-0.005719
2458.31,-0.005744
2458.80,-0.005708
2459.28,-0.005619
2459.76,-0.005496
2460.24,-0.005371
2460.72,-0.005273
2461.21,-0.005224
2461.69,-0.005233
2462.17,-0.005297
2462.65,-0.005410
2463.13,-0.005565
2463.62,-0.005758
2464.10,-0.005987
2464.58,-0.006245
2465.06,-0.006512
2465.55,-0.006755
2466.03,-0.006930
2466.51,-0.006998
2466.99,-0.006941
2467.47,-0.006772
2467.95,-0.006533
2468.44,-0.006290
2468.92,-0.006108
2469.40,-0.006031
2469.88,-0.006066
2470.37,-0.006183
2470.85,-0.006327
2471.33,-0.006442
2471.81,-0.006487
2472.29,-0.006451
2472.78,-0.006354
2473.26,-0.006232
2473.74,-0.006118
2474.22,-0.006031
2474.70,-0.005970
2475.19,-0.005919
2475.67,-0.005856
2476.15,-0.005762
2476.63,-0.005628
2477.11,-0.005449
2477.60,-0.005219
2478.08,-0.004932
2478.56,-0.004581
2479.04,-0.004171
2479.53,-0.003729
2480.01,-0.003316
2480.49,-0.003010
2480.97,-0.002894
2481.45,-0.003027
2481.94,-0.003417
2482.42,-0.004013
2482.90,-0.004708
2483.38,-0.005382
2483.86,-0.005926
2484.35,-0.006276
2484.83,-0.006433
2485.31,-0.006455
2485.79,-0.006431
2486.28,-0.006441
2486.76,-0.006535
2487.24,-0.006712
2487.72,-0.006927
2488.20,-0.007111
2488.69,-0.007204
2489.17,-0.007174
2489.65,-0.007031
2490.13,-0.006813
2490.61,-0.006575
2491.10,-0.006366
2491.58,-0.006211
2492.06,-0.006108
2492.54,-0.006035
2493.03,-0.005968
2493.51,-0.005894
2493.99,-0.005822
2494.47,-0.005778
2494.95,-0.005798
2495.44,-0.005905
2495.92,-0.006100
2496.40,-0.006352
2496.88,-0.006609
2497.36,-0.006810
2497.85,-0.006902
2498.33,-0.006864
2498.81,-0.006703
2499.29,-0.006465
2499.78,-0.006204
2500.26,-0.005979
2500.74,-0.005830
2501.22,-0.005773
2501.70,-0.005797
2502.19,-0.005870
2502.67,-0.005956
2503.15,-0.006014
2503.63,-0.006015
2504.11,-0.005942
2504.60,-0.005792
2505.08,-0.005582
2505.56,-0.005340
2506.04,-0.005109
2506.53,-0.004940
2507.01,-0.004873
2507.49,-0.004933
2507.97,-0.005112
2508.45,-0.005375
2508.93,-0.005659
2509.42,-0.005898
2509.90,-0.006043
2510.38,-0.006076
2510.86,-0.006019
2511.35,-0.005922
2511.83,-0.005844
2512.31,-0.005828
2512.79,-0.005882
2513.27,-0.005977
2513.76,-0.006062
2514.24,-0.006079
2514.72,-0.005997
2515.20,-0.005820
2515.68,-0.005592
2516.17,-0.005381
2516.65,-0.005252
2517.13,-0.005246
2517.61,-0.005366
2518.09,-0.005581
2518.58,-0.005828
2519.06,-0.006042
2519.54,-0.006169
2520.02,-0.006179
2520.51,-0.006070
2520.99,-0.005864
2521.47,-0.005596
2521.95,-0.005309
2522.43,-0.005042
2522.92,-0.004830
2523.40,-0.004696
2523.88,-0.004649
2524.36,-0.004681
2524.84,-0.004770
2525.33,-0.004884
2525.81,-0.004988
2526.29,-0.005056
2526.77,-0.005076
2527.26,-0.005053
2527.74,-0.005005
2528.22,-0.004956
2528.70,-0.004925
2529.18,-0.004918
2529.67,-0.004928
2530.15,-0.004937
2530.63,-0.004930
2531.11,-0.004899
2531.59,-0.004849
2532.08,-0.004798
2532.56,-0.004768
2533.04,-0.004774
2533.52,-0.004819
2534.01,-0.004891
2534.49,-0.004963
2534.97,-0.005007
2535.45,-0.004997
2535.93,-0.004920
2536.42,-0.004773
2536.90,-0.004569
2537.38,-0.004320
2537.86,-0.004042
2538.34,-0.003747
2538.83,-0.003447
2539.31,-0.003158
2539.79,-0.002902
2540.27,-0.002712
2540.76,-0.002620
2541.24,-0.002652
2541.72,-0.002813
2542.20,-0.003079
2542.68,-0.003400
2543.17,-0.003707
2543.65,-0.003927
2544.13,-0.004013
2544.61,-0.003952
2545.09,-0.003782
2545.58,-0.003573
2546.06,-0.003417
2546.54,-0.003398
2547.02,-0.003563
2547.50,-0.003913
2547.99,-0.004398
2548.47,-0.004937
2548.95,-0.005441
2549.43,-0.005835
2549.91,-0.006087
2550.40,-0.006201
2550.88,-0.006217
2551.36,-0.006188
2551.84,-0.006161
2552.33,-0.006162
2552.81,-0.006188
2553.29,-0.006215
2553.77,-0.006211
2554.25,-0.006148
2554.74,-0.006016
2555.22,-0.005823
2555.70,-0.005595
2556.18,-0.005361
2556.66,-0.005149
2557.15,-0.004975
2557.63,-0.004845
2558.11,-0.004753
2558.59,-0.004688
2559.07,-0.004641
2559.56,-0.004603
2560.04,-0.004570
2560.52,-0.004537
2561.00,-0.004505
2561.49,-0.004473
2561.97,-0.004446
2562.45,-0.004432
2562.93,-0.004445
2563.41,-0.004495
2563.90,-0.004587
2564.38,-0.004712
2564.86,-0.004844
2565.34,-0.004946
2565.82,-0.004977
2566.31,-0.004908
2566.79,-0.004735
2567.27,-0.004485
2567.75,-0.004214
2568.24,-0.003988
2568.72,-0.003872
2569.20,-0.003900
2569.68,-0.004068
2570.16,-0.004338
2570.65,-0.004645
2571.13,-0.004924
2571.61,-0.005127
2572.09,-0.005238
2572.57,-0.005269
2573.06,-0.005252
2573.54,-0.005218
2574.02,-0.005187
2574.50,-0.005156
2574.99,-0.005104
2575.47,-0.005008
2575.95,-0.004853
2576.43,-0.004647
2576.91,-0.004421
2577.40,-0.004214
2577.88,-0.004063
2578.36,-0.003989
2578.84,-0.003984
2579.32,-0.004022
2579.81,-0.004062
2580.29,-0.004070
2580.77,-0.004027
2581.25,-0.003935
2581.74,-0.003811
2582.22,-0.003679
2582.70,-0.003560
2583.18,-0.003464
2583.66,-0.003393
2584.14,-0.003340
2584.63,-0.003305
2585.11,-0.003289
2585.59,-0.003298
2586.07,-0.003341
2586.56,-0.003414
2587.04,-0.003507
2587.52,-0.003598
2588.00,-0.003665
2588.48,-0.003690
2588.97,-0.003670
2589.45,-0.003618
2589.93,-0.003553
2590.41,-0.003499
2590.89,-0.003468
2591.38,-0.003457
2591.86,-0.003452
2592.34,-0.003436
2592.82,-0.003399
2593.31,-0.003343
2593.79,-0.003287
2594.27,-0.003252
2594.75,-0.003258
2595.23,-0.003302
2595.72,-0.003360
2596.20,-0.003389
2596.68,-0.003343
2597.16,-0.003188
2597.64,-0.002920
2598.13,-0.002567
2598.61,-0.002186
2599.09,-0.001850
2599.57,-0.001624
2600.05,-0.001549
2600.54,-0.001633
2601.02,-0.001855
2601.50,-0.002168
2601.98,-0.002515
2602.47,-0.002848
2602.95,-0.003130
2603.43,-0.003341
2603.91,-0.003479
2604.39,-0.003554
2604.88,-0.003579
2605.36,-0.003568
2605.84,-0.003533
2606.32,-0.003480
2606.80,-0.003414
2607.29,-0.003334
2607.77,-0.003243
2608.25,-0.003143
2608.73,-0.003041
2609.22,-0.002948
2609.70,-0.002877
2610.18,-0.002840
2610.66,-0.002845
2611.14,-0.002890
2611.63,-0.002968
2612.11,-0.003064
2612.59,-0.003160
2613.07,-0.003240
2613.55,-0.003293
2614.04,-0.003315
2614.52,-0.003306
2615.00,-0.003270
2615.48,-0.003214
2615.97,-0.003145
2616.45,-0.003069
2616.93,-0.002997
2617.41,-0.002940
2617.89,-0.002906
2618.38,-0.002904
2618.86,-0.002934
2619.34,-0.002993
2619.82,-0.003072
2620.30,-0.003163
2620.79,-0.003259
2621.27,-0.003357
2621.75,-0.003455
2622.23,-0.003553
2622.72,-0.003644
2623.20,-0.003718
2623.68,-0.003761
2624.16,-0.003756
2624.64,-0.003696
2625.12,-0.003581
2625.61,-0.003425
2626.09,-0.003247
2626.57,-0.003069
2627.05,-0.002910
2627.54,-0.002783
2628.02,-0.002693
2628.50,-0.002642
2628.98,-0.002631
2629.46,-0.002659
2629.95,-0.002725
2630.43,-0.002820
2630.91,-0.002931
2631.39,-0.003035
2631.88,-0.003111
2632.36,-0.003135
2632.84,-0.003099
2633.32,-0.003003
2633.80,-0.002862
2634.28,-0.002696
2634.77,-0.002525
2635.25,-0.002368
2635.73,-0.002235
2636.21,-0.002133
2636.70,-0.002067
2637.18,-0.002045
2637.66,-0.002074
2638.14,-0.002157
2638.62,-0.002291
2639.11,-0.002459
2639.59,-0.002634
2640.07,-0.002784
2640.55,-0.002879
2641.03,-0.002904
2641.52,-0.002857
2642.00,-0.002758
2642.48,-0.002638
2642.96,-0.002529
2643.45,-0.002463
2643.93,-0.002453
2644.41,-0.002504
2644.89,-0.002602
2645.37,-0.002726
2645.86,-0.002851
2646.34,-0.002952
2646.82,-0.003011
2647.30,-0.003020
2647.78,-0.002980
2648.27,-0.002905
2648.75,-0.002816
2649.23,-0.002736
2649.71,-0.002685
2650.20,-0.002678
2650.68,-0.002716
2651.16,-0.002793
2651.64,-0.002894
2652.12,-0.003001
2652.61,-0.003100
2653.09,-0.003175
2653.57,-0.003217
2654.05,-0.003217
2654.53,-0.003167
2655.02,-0.003064
2655.50,-0.002906
2655.98,-0.002704
2656.46,-0.002474
2656.95,-0.002242
2657.43,-0.002040
2657.91,-0.001893
2658.39,-0.001819
2658.87,-0.001822
2659.36,-0.001893
2659.84,-0.002009
2660.32,-0.002147
2660.80,-0.002280
2661.28,-0.002388
2661.77,-0.002460
2662.25,-0.002491
2662.73,-0.002484
2663.21,-0.002448
2663.70,-0.002396
2664.18,-0.002344
2664.66,-0.002307
2665.14,-0.002295
2665.62,-0.002311
2666.11,-0.002350
2666.59,-0.002402
2667.07,-0.002454
2667.55,-0.002495
2668.03,-0.002523
2668.52,-0.002540
2669.00,-0.002552
2669.48,-0.002562
2669.96,-0.002569
2670.44,-0.002562
2670.93,-0.002529
2671.41,-0.002458
2671.89,-0.002348
2672.37,-0.002208
2672.86,-0.002058
2673.34,-0.001924
2673.82,-0.001827
2674.30,-0.001778
2674.78,-0.001778
2675.26,-0.001816
2675.75,-0.001883
2676.23,-0.001968
2676.71,-0.002069
2677.19,-0.002182
2677.68,-0.002304
2678.16,-0.002423
2678.64,-0.002522
2679.12,-0.002574
2679.60,-0.002561
2680.09,-0.002473
2680.57,-0.002319
2681.05,-0.002123
2681.53,-0.001920
2682.01,-0.001747
2682.50,-0.001628
2682.98,-0.001575
2683.46,-0.001584
2683.94,-0.001638
2684.43,-0.001714
2684.91,-0.001789
2685.39,-0.001846
2685.87,-0.001871
2686.35,-0.001858
2686.84,-0.001807
2687.32,-0.001724
2687.80,-0.001623
2688.28,-0.001519
2688.76,-0.001431
2689.25,-0.001370
2689.73,-0.001336
2690.21,-0.001323
2690.69,-0.001311
2691.18,-0.001285
2691.66,-0.001232
2692.14,-0.001155
2692.62,-0.001066
2693.10,-0.000990
2693.59,-0.000949
2694.07,-0.000958
2694.55,-0.001018
2695.03,-0.001117
2695.51,-0.001235
2696.00,-0.001347
2696.48,-0.001433
2696.96,-0.001481
2697.44,-0.001480
2697.93,-0.001424
2698.41,-0.001308
2698.89,-0.001133
2699.37,-0.000909
2699.85,-0.000658
2700.34,-0.000418
2700.82,-0.000229
2701.30,-0.000128
2701.78,-0.000137
2702.26,-0.000251
2702.75,-0.000436
2703.23,-0.000644
2703.71,-0.000825
2704.19,-0.000937
2704.68,-0.000964
2705.16,-0.000911
2705.64,-0.000803
2706.12,-0.000668
2706.60,-0.000531
2707.09,-0.000408
2707.57,-0.000305
2708.05,-0.000226
2708.53,-0.000178
2709.01,-0.000168
2709.50,-0.000203
2709.98,-0.000286
2710.46,-0.000405
2710.94,-0.000534
2711.42,-0.000641
2711.91,-0.000698
2712.39,-0.000689
2712.87,-0.000619
2713.35,-0.000513
2713.84,-0.000411
2714.32,-0.000349
2714.80,-0.000352
2715.28,-0.000427
2715.76,-0.000564
2716.24,-0.000741
2716.73,-0.000934
2717.21,-0.001119
2717.69,-0.001281
2718.17,-0.001406
2718.66,-0.001482
2719.14,-0.001499
2719.62,-0.001446
2720.10,-0.001319
2720.58,-0.001125
2721.07,-0.000884
2721.55,-0.000622
2722.03,-0.000377
2722.51,-0.000181
2722.99,-0.000056
2723.48,-0.000013
2723.96,-0.000047
2724.44,-0.000143
2724.92,-0.000279
2725.41,-0.000429
2725.89,-0.000573
2726.37,-0.000691
2726.85,-0.000772
2727.33,-0.000813
2727.82,-0.000816
2728.30,-0.000792
2728.78,-0.000756
2729.26,-0.000720
2729.74,-0.000693
2730.23,-0.000675
2730.71,-0.000663
2731.19,-0.000649
2731.67,-0.000627
2732.16,-0.000598
2732.64,-0.000568
2733.12,-0.000545
2733.60,-0.000536
2734.08,-0.000537
2734.57,-0.000536
2735.05,-0.000517
2735.53,-0.000462
2736.01,-0.000363
2736.49,-0.000222
2736.98,-0.000054
2737.46,0.000122
2737.94,0.000287
2738.42,0.000433
2738.91,0.000559
2739.39,0.000677
2739.87,0.000796
2740.35,0.000921
2740.83,0.001050
2741.32,0.001172
2741.80,0.001269
2742.28,0.001330
2742.76,0.001350
2743.24,0.001335
2743.73,0.001297
2744.21,0.001252
2744.69,0.001211
2745.17,0.001180
2745.66,0.001158
2746.14,0.001136
2746.62,0.001107
2747.10,0.001063
2747.58,0.001002
2748.07,0.000928
2748.55,0.000851
2749.03,0.000786
2749.51,0.000750
2749.99,0.000760
2750.48,0.000826
2750.96,0.000948
2751.44,0.001120
2751.92,0.001326
2752.40,0.001544
2752.89,0.001750
2753.37,0.001927
2753.85,0.002061
2754.33,0.002141
2754.82,0.002164
2755.30,0.002128
2755.78,0.002032
2756.26,0.001885
2756.74,0.001701
2757.22,0.001507
2757.71,0.001335
2758.19,0.001219
2758.67,0.001184
2759.15,0.001235
2759.64,0.001355
2760.12,0.001513
2760.60,0.001667
2761.08,0.001785
2761.56,0.001850
2762.05,0.001872
2762.53,0.001875
2763.01,0.001892
2763.49,0.001946
2763.97,0.002040
2764.46,0.002158
2764.94,0.002263
2765.42,0.002317
2765.90,0.002295
2766.39,0.002188
2766.87,0.002019
2767.35,0.001824
2767.83,0.001656
2768.31,0.001559
2768.80,0.001563
2769.28,0.001670
2769.76,0.001862
2770.24,0.002097
2770.72,0.002323
2771.21,0.002495
2771.69,0.002581
2772.17,0.002576
2772.65,0.002495
2773.14,0.002378
2773.62,0.002271
2774.10,0.002210
2774.58,0.002219
2775.06,0.002295
2775.55,0.002416
2776.03,0.002546
2776.51,0.002649
2776.99,0.002700
2777.47,0.002692
2777.96,0.002633
2778.44,0.002542
2778.92,0.002441
2779.40,0.002351
2779.89,0.002283
2780.37,0.002246
2780.85,0.002241
2781.33,0.002265
2781.81,0.002309
2782.30,0.002363
2782.78,0.002407
2783.26,0.002421
2783.74,0.002388
2784.22,0.002303
2784.71,0.002172
2785.19,0.002016
2785.67,0.001869
2786.15,0.001762
2786.63,0.001720
2787.12,0.001751
2787.60,0.001848
2788.08,0.001994
2788.56,0.002165
2789.05,0.002339
2789.53,0.002501
2790.01,0.002647
2790.49,0.002778
2790.97,0.002899
2791.46,0.003020
2791.94,0.003149
2792.42,0.003290
2792.90,0.003445
2793.38,0.003606
2793.87,0.003757
2794.35,0.003875
2794.83,0.003938
2795.31,0.003926
2795.80,0.003833
2796.28,0.003670
2796.76,0.003461
2797.24,0.003236
2797.72,0.003025
2798.20,0.002848
2798.69,0.002715
2799.17,0.002625
2799.65,0.002575
2800.13,0.002564
2800.62,0.002596
2801.10,0.002673
2801.58,0.002793
2802.06,0.002945
2802.54,0.003108
2803.03,0.003258
2803.51,0.003373
2803.99,0.003444
2804.47,0.003476
2804.95,0.003484
2805.44,0.003485
2805.92,0.003490
2806.40,0.003500
2806.88,0.003510
2807.36,0.003519
2807.85,0.003530
2808.33,0.003558
2808.81,0.003623
2809.29,0.003737
2809.78,0.003896
2810.26,0.004075
2810.74,0.004236
2811.22,0.004342
2811.70,0.004371
2812.19,0.004329
2812.67,0.004244
2813.15,0.004157
2813.63,0.004103
2814.11,0.004093
2814.60,0.004114
2815.08,0.004133
2815.56,0.004120
2816.04,0.004060
2816.53,0.003962
2817.01,0.003859
2817.49,0.003790
2817.97,0.003784
2818.45,0.003845
2818.94,0.003953
2819.42,0.004070
2819.90,0.004161
2820.38,0.004200
2820.86,0.004181
2821.35,0.004117
2821.83,0.004030
2822.31,0.003941
2822.79,0.003863
2823.28,0.003809
2823.76,0.003786
2824.24,0.003802
2824.72,0.003865
2825.20,0.003977
2825.69,0.004128
2826.17,0.004292
2826.65,0.004438
2827.13,0.004532
2827.61,0.004560
2828.10,0.004532
2828.58,0.004479
2829.06,0.004448
2829.54,0.004474
2830.03,0.004574
2830.51,0.004735
2830.99,0.004920
2831.47,0.005081
2831.95,0.005181
2832.44,0.005206
2832.92,0.005167
2833.40,0.005098
2833.88,0.005036
2834.36,0.005012
2834.85,0.005040
2835.33,0.005116
2835.81,0.005224
2836.29,0.005341
2836.77,0.005448
2837.26,0.005530
2837.74,0.005577
2838.22,0.005579
2838.70,0.005534
2839.18,0.005444
2839.67,0.005321
2840.15,0.005188
2840.63,0.005074
2841.11,0.005012
2841.60,0.005024
2842.08,0.005116
2842.56,0.005277
2843.04,0.005478
2843.52,0.005686
2844.01,0.005866
2844.49,0.005994
2844.97,0.006059
2845.45,0.006062
2845.93,0.006010
2846.42,0.005917
2846.90,0.005798
2847.38,0.005666
2847.86,0.005536
2848.34,0.005421
2848.83,0.005331
2849.31,0.005273
2849.79,0.005251
2850.27,0.005267
2850.76,0.005321
2851.24,0.005417
2851.72,0.005558
2852.20,0.005746
2852.68,0.005977
2853.17,0.006233
2853.65,0.006485
2854.13,0.006696
2854.61,0.006831
2855.09,0.006867
2855.58,0.006809
2856.06,0.006684
2856.54,0.006542
2857.02,0.006431
2857.51,0.006394
2857.99,0.006446
2858.47,0.006573
2858.95,0.006740
2859.43,0.006905
2859.92,0.007036
2860.40,0.007120
2860.88,0.007167
2861.36,0.007200
2861.84,0.007245
2862.33,0.007309
2862.81,0.007379
2863.29,0.007422
2863.77,0.007399
2864.26,0.007282
2864.74,0.007070
2865.22,0.006796
2865.70,0.006515
2866.18,0.006292
2866.67,0.006177
2867.15,0.006189
2867.63,0.006309
2868.11,0.006489
2868.59,0.006665
2869.08,0.006781
2869.56,0.006805
2870.04,0.006737
2870.52,0.006601
2871.01,0.006432
2871.49,0.006268
2871.97,0.006134
2872.45,0.006043
2872.93,0.005999
2873.41,0.006004
2873.90,0.006066
2874.38,0.006194
2874.86,0.006394
2875.34,0.006662
2875.83,0.006978
2876.31,0.007307
2876.79,0.007609
2877.27,0.007844
2877.75,0.007993
2878.24,0.008054
2878.72,0.008050
2879.20,0.008013
2879.68,0.007983
2880.16,0.007991
2880.65,0.008055
2881.13,0.008179
2881.61,0.008352
2882.09,0.008555
2882.58,0.008760
2883.06,0.008932
2883.54,0.009042
2884.02,0.009065
2884.50,0.008991
2884.99,0.008831
2885.47,0.008620
2885.95,0.008404
2886.43,0.008233
2886.91,0.008149
2887.40,0.008169
2887.88,0.008284
2888.36,0.008458
2888.84,0.008647
2889.32,0.008806
2889.81,0.008901
2890.29,0.008917
2890.77,0.008858
2891.25,0.008739
2891.74,0.008579
2892.22,0.008398
2892.70,0.008217
2893.18,0.008054
2893.66,0.007927
2894.15,0.007852
2894.63,0.007838
2895.11,0.007885
2895.59,0.007983
2896.07,0.008115
2896.56,0.008260
2897.04,0.008402
2897.52,0.008536
2898.00,0.008664
2898.49,0.008790
2898.97,0.008917
2899.45,0.009034
2899.93,0.009125
2900.41,0.009165
2900.90,0.009135
2901.38,0.009030
2901.86,0.008858
2902.34,0.008645
2902.82,0.008419
2903.31,0.008210
2903.79,0.008035
2904.27,0.007900
2904.75,0.007801
2905.24,0.007731
2905.72,0.007686
2906.20,0.007665
2906.68,0.007673
2907.16,0.007716
2907.65,0.007795
2908.13,0.007912
2908.61,0.008064
2909.09,0.008245
2909.57,0.008453
2910.06,0.008685
2910.54,0.008939
2911.02,0.009208
2911.50,0.009482
2911.99,0.009747
2912.47,0.009991
2912.95,0.010202
2913.43,0.010374
2913.91,0.010507
2914.39,0.010602
2914.88,0.010660
2915.36,0.010679
2915.84,0.010656
2916.32,0.010588
2916.81,0.010479
2917.29,0.010339
2917.77,0.010186
2918.25,0.010039
2918.73,0.009917
2919.22,0.009833
2919.70,0.009792
2920.18,0.009794
2920.66,0.009839
2921.14,0.009924
2921.63,0.010053
2922.11,0.010225
2922.59,0.010436
2923.07,0.010676
2923.55,0.010924
2924.04,0.011157
2924.52,0.011352
2925.00,0.011494
2925.48,0.011581
2925.97,0.011618
2926.45,0.011623
2926.93,0.011614
2927.41,0.011605
2927.89,0.011608
2928.38,0.011629
2928.86,0.011674
2929.34,0.011749
2929.82,0.011860
2930.30,0.012006
2930.79,0.012181
2931.27,0.012364
2931.75,0.012528
2932.23,0.012638
2932.72,0.012667
2933.20,0.012607
2933.68,0.012468
2934.16,0.012285
2934.64,0.012103
2935.13,0.011968
2935.61,0.011912
2936.09,0.011942
2936.57,0.012036
2937.05,0.012156
2937.54,0.012258
2938.02,0.012304
2938.50,0.012276
2938.98,0.012177
2939.47,0.012031
2939.95,0.011866
2940.43,0.011709
2940.91,0.011578
2941.39,0.011476
2941.88,0.011396
2942.36,0.011332
2942.84,0.011280
2943.32,0.011243
2943.80,0.011232
2944.29,0.011255
2944.77,0.011318
2945.25,0.011414
2945.73,0.011527
2946.22,0.011639
2946.70,0.011733
2947.18,0.011802
2947.66,0.011848
2948.14,0.011886
2948.62,0.011927
2949.11,0.011980
2949.59,0.012045
2950.07,0.012108
2950.55,0.012152
2951.04,0.012165
2951.52,0.012143
2952.00,0.012095
2952.48,0.012043
2952.97,0.012015
2953.45,0.012034
2953.93,0.012110
2954.41,0.012237
2954.89,0.012394
2955.38,0.012554
2955.86,0.012689
2956.34,0.012782
2956.82,0.012832
2957.30,0.012854
2957.79,0.012870
2958.27,0.012905
2958.75,0.012977
2959.23,0.013088
2959.71,0.013231
2960.20,0.013385
2960.68,0.013527
2961.16,0.013639
2961.64,0.013711
2962.12,0.013746
2962.61,0.013754
2963.09,0.013752
2963.57,0.013755
2964.05,0.013775
2964.53,0.013814
2965.02,0.013871
2965.50,0.013938
2965.98,0.014003
2966.46,0.014056
2966.95,0.014084
2967.43,0.014080
2967.91,0.014039
2968.39,0.013967
2968.88,0.013873
2969.36,0.013775
2969.84,0.013691
2970.32,0.013635
2970.80,0.013614
2971.28,0.013624
2971.77,0.013656
2972.25,0.013698
2972.73,0.013744
2973.21,0.013797
2973.70,0.013870
2974.18,0.013977
2974.66,0.014126
2975.14,0.014311
2975.62,0.014507
2976.11,0.014678
2976.59,0.014786
2977.07,0.014802
2977.55,0.014724
2978.03,0.014572
2978.52,0.014386
2979.00,0.014212
2979.48,0.014089
2979.96,0.014040
2980.45,0.014063
2980.93,0.014143
2981.41,0.014255
2981.89,0.014375
2982.37,0.014489
2982.86,0.014586
2983.34,0.014666
2983.82,0.014729
2984.30,0.014776
2984.78,0.014810
2985.27,0.014837
2985.75,0.014867
2986.23,0.014911
2986.71,0.014979
2987.20,0.015074
2987.68,0.015192
2988.16,0.015317
2988.64,0.015432
2989.12,0.015524
2989.61,0.015588
2990.09,0.015627
2990.57,0.015654
2991.05,0.015680
2991.53,0.015706
2992.02,0.015727
2992.50,0.015724
2992.98,0.015682
2993.46,0.015589
2993.95,0.015446
2994.43,0.015271
2994.91,0.015088
2995.39,0.014925
2995.87,0.014800
2996.36,0.014722
2996.84,0.014689
2997.32,0.014694
2997.80,0.014730
2998.28,0.014794
2998.77,0.014890
2999.25,0.015023
2999.73,0.015195
3000.21,0.015400
3000.69,0.015622
3001.18,0.015837
3001.66,0.016019
3002.14,0.016149
3002.62,0.016218
3003.11,0.016232
3003.59,0.016209
3004.07,0.016180
3004.55,0.016181
3005.03,0.016242
3005.51,0.016383
3006.00,0.016610
3006.48,0.016909
3006.96,0.017249
3007.44,0.017589
3007.93,0.017887
3008.41,0.018105
3008.89,0.018222
3009.37,0.018234
3009.85,0.018159
3010.34,0.018027
3010.82,0.017872
3011.30,0.017726
3011.78,0.017610
3012.26,0.017532
3012.75,0.017487
3013.23,0.017465
3013.71,0.017455
3014.19,0.017453
3014.68,0.017462
3015.16,0.017493
3015.64,0.017556
3016.12,0.017654
3016.60,0.017780
3017.09,0.017915
3017.57,0.018032
3018.05,0.018104
3018.53,0.018116
3019.01,0.018069
3019.50,0.017985
3019.98,0.017898
3020.46,0.017840
3020.94,0.017833
3021.43,0.017873
3021.91,0.017934
3022.39,0.017977
3022.87,0.017961
3023.35,0.017868
3023.84,0.017710
3024.32,0.017528
3024.80,0.017380
3025.28,0.017321
3025.76,0.017380
3026.25,0.017548
3026.73,0.017779
3027.21,0.018010
3027.69,0.018180
3028.18,0.018258
3028.66,0.018254
3029.14,0.018216
3029.62,0.018216
3030.10,0.018317
3030.59,0.018556
3031.07,0.018929
3031.55,0.019391
3032.03,0.019871
3032.51,0.020294
3033.00,0.020605
3033.48,0.020784
3033.96,0.020842
3034.44,0.020817
3034.93,0.020756
3035.41,0.020697
3035.89,0.020663
3036.37,0.020655
3036.85,0.020661
3037.34,0.020659
3037.82,0.020628
3038.30,0.020556
3038.78,0.020443
3039.26,0.020300
3039.75,0.020144
3040.23,0.019998
3040.71,0.019880
3041.19,0.019806
3041.67,0.019780
3042.16,0.019801
3042.64,0.019858
3043.12,0.019939
3043.60,0.020032
3044.09,0.020128
3044.57,0.020217
3045.05,0.020294
3045.53,0.020352
3046.01,0.020384
3046.49,0.020385
3046.98,0.020352
3047.46,0.020289
3047.94,0.020206
3048.42,0.020123
3048.91,0.020057
3049.39,0.020026
3049.87,0.020036
3050.35,0.020081
3050.83,0.020144
3051.32,0.020207
3051.80,0.020251
3052.28,0.020270
3052.76,0.020269
3053.24,0.020268
3053.73,0.020287
3054.21,0.020346
3054.69,0.020454
3055.17,0.020604
3055.66,0.020773
3056.14,0.020928
3056.62,0.021039
3057.10,0.021079
3057.58,0.021045
3058.07,0.020949
3058.55,0.020825
3059.03,0.020715
3059.51,0.020659
3059.99,0.020689
3060.48,0.020812
3060.96,0.021014
3061.44,0.021258
3061.92,0.021496
3062.41,0.021680
3062.89,0.021777
3063.37,0.021776
3063.85,0.021691
3064.33,0.021560
3064.82,0.021427
3065.30,0.021341
3065.78,0.021331
3066.26,0.021408
3066.74,0.021557
3067.23,0.021746
3067.71,0.021935
3068.19,0.022086
3068.67,0.022172
3069.16,0.022185
3069.64,0.022135
3070.12,0.022049
3070.60,0.021965
3071.08,0.021926
3071.57,0.021965
3072.05,0.022104
3072.53,0.022343
3073.01,0.022661
3073.49,0.023015
3073.98,0.023349
3074.46,0.023611
3074.94,0.023762
3075.42,0.023787
3075.90,0.023702
3076.39,0.023549
3076.87,0.023383
3077.35,0.023253
3077.83,0.023196
3078.32,0.023220
3078.80,0.023311
3079.28,0.023433
3079.76,0.023550
3080.24,0.023635
3080.73,0.023675
3081.21,0.023673
3081.69,0.023643
3082.17,0.023600
3082.65,0.023555
3083.14,0.023509
3083.62,0.023460
3084.10,0.023410
3084.58,0.023367
3085.07,0.023348
3085.55,0.023374
3086.03,0.023464
3086.51,0.023622
3086.99,0.023837
3087.47,0.024079
3087.96,0.024308
3088.44,0.024490
3088.92,0.024602
3089.40,0.024640
3089.89,0.024624
3090.37,0.024585
3090.85,0.024556
3091.33,0.024562
3091.81,0.024615
3092.30,0.024709
3092.78,0.024827
3093.26,0.024944
3093.74,0.025040
3094.22,0.025101
3094.71,0.025121
3095.19,0.025106
3095.67,0.025065
3096.15,0.025014
3096.64,0.024960
3097.12,0.024906
3097.60,0.024847
3098.08,0.024768
3098.56,0.024651
3099.05,0.024483
3099.53,0.024257
3100.01,0.023987
3100.49,0.023700
3100.97,0.023439
3101.46,0.023256
3101.94,0.023188
3102.42,0.023260
3102.90,0.023469
3103.39,0.023789
3103.87,0.024174
3104.35,0.024574
3104.83,0.024949
3105.31,0.025270
3105.80,0.025525
3106.28,0.025714
3106.76,0.025843
3107.24,0.025916
3107.72,0.025933
3108.21,0.025892
3108.69,0.025790
3109.17,0.025637
3109.65,0.025453
3110.14,0.025267
3110.62,0.025113
3111.10,0.025023
3111.58,0.025015
3112.06,0.025087
3112.55,0.025225
3113.03,0.025402
3113.51,0.025593
3113.99,0.025779
3114.47,0.025955
3114.96,0.026128
3115.44,0.026313
3115.92,0.026525
3116.40,0.026767
3116.88,0.027032
3117.37,0.027299
3117.85,0.027539
3118.33,0.027721
3118.81,0.027826
3119.30,0.027845
3119.78,0.027785
3120.26,0.027665
3120.74,0.027510
3121.22,0.027349
3121.71,0.027207
3122.19,0.027103
3122.67,0.027050
3123.15,0.027053
3123.63,0.027108
3124.12,0.027207
3124.60,0.027334
3125.08,0.027472
3125.56,0.027602
3126.04,0.027708
3126.53,0.027783
3127.01,0.027828
3127.49,0.027850
3127.97,0.027866
3128.45,0.027894
3128.94,0.027952
3129.42,0.028048
3129.90,0.028186
3130.38,0.028359
3130.87,0.028553
3131.35,0.028747
3131.83,0.028918
3132.31,0.029047
3132.79,0.029117
3133.28,0.029121
3133.76,0.029062
3134.24,0.028953
3134.72,0.028814
3135.20,0.028670
3135.69,0.028537
3136.17,0.028428
3136.65,0.028344
3137.13,0.028276
3137.61,0.028215
3138.10,0.028154
3138.58,0.028095
3139.06,0.028049
3139.54,0.028031
3140.03,0.028058
3140.51,0.028139
3140.99,0.028271
3141.47,0.028443
3141.95,0.028632
3142.44,0.028819
3142.92,0.028986
3143.40,0.029127
3143.88,0.029239
3144.36,0.029322
3144.85,0.029377
3145.33,0.029396
3145.81,0.029373
3146.29,0.029304
3146.78,0.029197
3147.26,0.029072
3147.74,0.028961
3148.22,0.028899
3148.70,0.028911
3149.19,0.029004
3149.67,0.029162
3150.15,0.029345
3150.63,0.029512
3151.11,0.029622
3151.60,0.029656
3152.08,0.029623
3152.56,0.029559
3153.04,0.029507
3153.53,0.029512
3154.01,0.029600
3154.49,0.029771
3154.97,0.030000
3155.45,0.030245
3155.94,0.030463
3156.42,0.030621
3156.90,0.030705
3157.38,0.030719
3157.86,0.030682
3158.35,0.030619
3158.83,0.030552
3159.31,0.030493
3159.79,0.030446
3160.28,0.030411
3160.76,0.030381
3161.24,0.030355
3161.72,0.030334
3162.20,0.030323
3162.68,0.030328
3163.17,0.030356
3163.65,0.030414
3164.13,0.030509
3164.61,0.030647
3165.10,0.030831
3165.58,0.031060
3166.06,0.031323
3166.54,0.031603
3167.02,0.031873
3167.51,0.032106
3167.99,0.032282
3168.47,0.032393
3168.95,0.032446
3169.43,0.032465
3169.92,0.032473
3170.40,0.032492
3170.88,0.032530
3171.36,0.032578
3171.85,0.032614
3172.33,0.032611
3172.81,0.032553
3173.29,0.032436
3173.77,0.032278
3174.26,0.032108
3174.74,0.031963
3175.22,0.031874
3175.70,0.031855
3176.18,0.031901
3176.67,0.031991
3177.15,0.032086
3177.63,0.032145
3178.11,0.032132
3178.59,0.032022
3179.08,0.031818
3179.56,0.031541
3180.04,0.031242
3180.52,0.030986
3181.01,0.030834
3181.49,0.030841
3181.97,0.031029
3182.45,0.031388
3182.93,0.031871
3183.42,0.032412
3183.90,0.032943
3184.38,0.033411
3184.86,0.033792
3185.34,0.034093
3185.83,0.034343
3186.31,0.034571
3186.79,0.034793
3187.27,0.035001
3187.76,0.035171
3188.24,0.035270
3188.72,0.035282
3189.20,0.035214
3189.68,0.035101
3190.17,0.034994
3190.65,0.034939
3191.13,0.034958
3191.61,0.035040
3192.09,0.035146
3192.58,0.035223
3193.06,0.035228
3193.54,0.035145
3194.02,0.034988
3194.51,0.034792
3194.99,0.034598
3195.47,0.034427
3195.95,0.034279
3196.43,0.034129
3196.92,0.033945
3197.40,0.033711
3197.88,0.033438
3198.36,0.033173
3198.84,0.032977
3199.33,0.032914
3199.81,0.033024
3200.29,0.033302
3200.77,0.033706
3201.26,0.034163
3201.74,0.034599
3202.22,0.034954
3202.70,0.035197
3203.18,0.035329
3203.66,0.035377
3204.15,0.035377
3204.63,0.035365
3205.11,0.035363
3205.59,0.035381
3206.08,0.035417
3206.56,0.035459
3207.04,0.035494
3207.52,0.035507
3208.00,0.035489
3208.49,0.035431
3208.97,0.035337
3209.45,0.035220
3209.93,0.035105
3210.41,0.035028
3210.90,0.035024
3211.38,0.035121
3211.86,0.035328
3212.34,0.035627
3212.82,0.035982
3213.31,0.036337
3213.79,0.036632
3214.27,0.036818
3214.75,0.036864
3215.24,0.036763
3215.72,0.036537
3216.20,0.036224
3216.68,0.035872
3217.16,0.035527
3217.65,0.035225
3218.13,0.034985
3218.61,0.034810
3219.09,0.034684
3219.57,0.034584
3220.06,0.034488
3220.54,0.034382
3221.02,0.034266
3221.50,0.034159
3221.99,0.034090
3222.47,0.034089
3222.95,0.034176
3223.43,0.034349
3223.91,0.034588
3224.40,0.034853
3224.88,0.035100
3225.36,0.035296
3225.84,0.035423
3226.32,0.035482
3226.81,0.035492
3227.29,0.035475
3227.77,0.035448
3228.25,0.035415
3228.74,0.035369
3229.22,0.035301
3229.70,0.035209
3230.18,0.035102
3230.66,0.035005
3231.15,0.034954
3231.63,0.034981
3232.11,0.035105
3232.59,0.035323
3233.07,0.035610
3233.56,0.035922
3234.04,0.036209
3234.52,0.036423
3235.00,0.036539
3235.49,0.036550
3235.97,0.036478
3236.45,0.036362
3236.93,0.036256
3237.41,0.036213
3237.90,0.036269
3238.38,0.036441
3238.86,0.036716
3239.34,0.037061
3239.82,0.037427
3240.31,0.037771
3240.79,0.038063
3241.27,0.038299
3241.75,0.038498
3242.24,0.038689
3242.72,0.038900
3243.20,0.039138
3243.68,0.039382
3244.16,0.039588
3244.64,0.039701
3245.13,0.039670
3245.61,0.039474
3246.09,0.039127
3246.57,0.038682
3247.06,0.038214
3247.54,0.037799
3248.02,0.037502
3248.50,0.037355
3248.98,0.037351
3249.47,0.037448
3249.95,0.037583
3250.43,0.037679
3250.91,0.037663
3251.39,0.037493
3251.88,0.037156
3252.36,0.036688
3252.84,0.036154
3253.32,0.035641
3253.80,0.035241
3254.29,0.035014
3254.77,0.034984
3255.25,0.035128
3255.73,0.035393
3256.22,0.035711
3256.70,0.036029
3257.18,0.036322
3257.66,0.036594
3258.14,0.036868
3258.63,0.037165
3259.11,0.037485
3259.59,0.037798
3260.07,0.038055
3260.55,0.038200
3261.04,0.038199
3261.52,0.038052
3262.00,0.037802
3262.48,0.037518
3262.97,0.037277
3263.45,0.037146
3263.93,0.037158
3264.41,0.037309
3264.89,0.037567
3265.38,0.037887
3265.86,0.038221
3266.34,0.038535
3266.82,0.038815
3267.30,0.039063
3267.79,0.039292
3268.27,0.039515
3268.75,0.039740
3269.23,0.039956
3269.72,0.040138
3270.20,0.040243
3270.68,0.040230
3271.16,0.040064
3271.64,0.039736
3272.13,0.039270
3272.61,0.038722
3273.09,0.038169
3273.57,0.037680
3274.05,0.037307
3274.54,0.037063
3275.02,0.036925
3275.50,0.036851
3275.98,0.036803
3276.47,0.036768
3276.95,0.036763
3277.43,0.036833
3277.91,0.037021
3278.39,0.037348
3278.88,0.037797
3279.36,0.038311
3279.84,0.038811
3280.32,0.039224
3280.80,0.039503
3281.29,0.039643
3281.77,0.039668
3282.25,0.039621
3282.73,0.039541
3283.22,0.039447
3283.70,0.039339
3284.18,0.039210
3284.66,0.039053
3285.14,0.038881
3285.62,0.038718
3286.11,0.038590
3286.59,0.038518
3287.07,0.038497
3287.55,0.038506
3288.04,0.038510
3288.52,0.038479
3289.00,0.038402
3289.48,0.038291
3289.96,0.038177
3290.45,0.038099
3290.93,0.038090
3291.41,0.038171
3291.89,0.038339
3292.38,0.038580
3292.86,0.038866
3293.34,0.039157
3293.82,0.039409
3294.30,0.039571
3294.78,0.039602
3295.27,0.039473
3295.75,0.039188
3296.23,0.038793
3296.71,0.038371
3297.20,0.038025
3297.68,0.037853
3298.16,0.037922
3298.64,0.038237
3299.12,0.038743
3299.61,0.039338
3300.09,0.039911
3300.57,0.040356
3301.05,0.040613
3301.53,0.040670
3302.02,0.040556
3302.50,0.040321
3302.98,0.040024
3303.46,0.039712
3303.95,0.039419
3304.43,0.039165
3304.91,0.038961
3305.39,0.038805
3305.87,0.038693
3306.36,0.038612
3306.84,0.038547
3307.32,0.038488
3307.80,0.038437
3308.28,0.038409
3308.77,0.038432
3309.25,0.038535
3309.73,0.038730
3310.21,0.039002
3310.70,0.039308
3311.18,0.039588
3311.66,0.039781
3312.14,0.039857
3312.62,0.039819
3313.11,0.039709
3313.59,0.039590
3314.07,0.039518
3314.55,0.039526
3315.03,0.039614
3315.52,0.039746
3316.00,0.039876
3316.48,0.039965
3316.96,0.039995
3317.45,0.039975
3317.93,0.039932
3318.41,0.039898
3318.89,0.039898
3319.37,0.039942
3319.86,0.040033
3320.34,0.040169
3320.82,0.040347
3321.30,0.040570
3321.78,0.040828
3322.27,0.041103
3322.75,0.041354
3323.23,0.041527
3323.71,0.041575
3324.20,0.041466
3324.68,0.041209
3325.16,0.040850
3325.64,0.040468
3326.12,0.040142
3326.61,0.039936
3327.09,0.039875
3327.57,0.039945
3328.05,0.040107
3328.53,0.040315
3329.02,0.040539
3329.50,0.040778
3329.98,0.041048
3330.46,0.041362
3330.94,0.041714
3331.43,0.042060
3331.91,0.042324
3332.39,0.042412
3332.87,0.042252
3333.36,0.041824
3333.84,0.041172
3334.32,0.040404
3334.80,0.039661
3335.28,0.039086
3335.76,0.038768
3336.25,0.038731
3336.73,0.038922
3337.21,0.039240
3337.69,0.039568
3338.18,0.039810
3338.66,0.039926
3339.14,0.039924
3339.62,0.039855
3340.10,0.039777
3340.59,0.039734
3341.07,0.039742
3341.55,0.039784
3342.03,0.039829
3342.51,0.039852
3343.00,0.039846
3343.48,0.039829
3343.96,0.039836
3344.44,0.039899
3344.93,0.040035
3345.41,0.040237
3345.89,0.040470
3346.37,0.040687
3346.85,0.040847
3347.34,0.040924
3347.82,0.040916
3348.30,0.040837
3348.78,0.040715
3349.26,0.040576
3349.75,0.040440
3350.23,0.040321
3350.71,0.040228
3351.19,0.040173
3351.68,0.040167
3352.16,0.040224
3352.64,0.040346
3353.12,0.040520
3353.60,0.040715
3354.09,0.040890
3354.57,0.040995
3355.05,0.040998
3355.53,0.040887
3356.01,0.040681
3356.50,0.040424
3356.98,0.040170
3357.46,0.039974
3357.94,0.039871
3358.43,0.039866
3358.91,0.039940
3359.39,0.040055
3359.87,0.040158
3360.35,0.040199
3360.84,0.040141
3361.32,0.039959
3361.80,0.039647
3362.28,0.039221
3362.76,0.038718
3363.25,0.038200
3363.73,0.037738
3364.21,0.037418
3364.69,0.037310
3365.17,0.037460
3365.66,0.037870
3366.14,0.038493
3366.62,0.039236
3367.10,0.039977
3367.59,0.040598
3368.07,0.041014
3368.55,0.041190
3369.03,0.041151
3369.51,0.040967
3370.00,0.040734
3370.48,0.040536
3370.96,0.040428
3371.44,0.040421
3371.92,0.040482
3372.41,0.040556
3372.89,0.040583
3373.37,0.040519
3373.85,0.040353
3374.33,0.040101
3374.82,0.039806
3375.30,0.039522
3375.78,0.039303
3376.26,0.039184
3376.74,0.039184
3377.23,0.039298
3377.71,0.039499
3378.19,0.039746
3378.67,0.039991
3379.16,0.040187
3379.64,0.040299
3380.12,0.040310
3380.60,0.040225
3381.08,0.040066
3381.57,0.039863
3382.05,0.039649
3382.53,0.039450
3383.01,0.039285
3383.49,0.039172
3383.98,0.039129
3384.46,0.039180
3384.94,0.039352
3385.42,0.039664
3385.91,0.040113
3386.39,0.040662
3386.87,0.041242
3387.35,0.041765
3387.83,0.042142
3388.32,0.042310
3388.80,0.042253
3389.28,0.042003
3389.76,0.041627
3390.24,0.041212
3390.73,0.040836
3391.21,0.040545
3391.69,0.040354
3392.17,0.040248
3392.66,0.040199
3393.14,0.040180
3393.62,0.040175
3394.10,0.040179
3394.58,0.040189
3395.07,0.040198
3395.55,0.040184
3396.03,0.040116
3396.51,0.039967
3396.99,0.039726
3397.48,0.039413
3397.96,0.039083
3398.44,0.038811
3398.92,0.038685
3399.41,0.038770
3399.89,0.039088
3400.37,0.039609
3400.85,0.040258
3401.33,0.040924
3401.82,0.041492
3402.30,0.041869
3402.78,0.042006
3403.26,0.041906
3403.74,0.041620
3404.23,0.041231
3404.71,0.040822
3405.19,0.040450
3405.67,0.040138
3406.15,0.039869
3406.64,0.039609
3407.12,0.039321
3407.60,0.038993
3408.08,0.038645
3408.57,0.038324
3409.05,0.038079
3409.53,0.037947
3410.01,0.037930
3410.49,0.037993
3410.97,0.038078
3411.46,0.038119
3411.94,0.038079
3412.42,0.037948
3412.90,0.037753
3413.39,0.037536
3413.87,0.037339
3414.35,0.037187
3414.83,0.037081
3415.31,0.037005
3415.80,0.036946
3416.28,0.036902
3416.76,0.036887
3417.24,0.036924
3417.72,0.037032
3418.21,0.037207
3418.69,0.037421
3419.17,0.037627
3419.65,0.037767
3420.14,0.037802
3420.62,0.037721
3421.10,0.037541
3421.58,0.037304
3422.06,0.037056
3422.55,0.036830
3423.03,0.036641
3423.51,0.036485
3423.99,0.036351
3424.47,0.036234
3424.96,0.036140
3425.44,0.036087
3425.92,0.036088
3426.40,0.036147
3426.89,0.036251
3427.37,0.036370
3427.85,0.036468
3428.33,0.036514
3428.81,0.036494
3429.30,0.036413
3429.78,0.036289
3430.26,0.036146
3430.74,0.036003
3431.22,0.035864
3431.71,0.035723
3432.19,0.035567
3432.67,0.035385
3433.15,0.035179
3433.64,0.034960
3434.12,0.034751
3434.60,0.034582
3435.08,0.034471
3435.56,0.034428
3436.05,0.034444
3436.53,0.034492
3437.01,0.034538
3437.49,0.034544
3437.97,0.034480
3438.46,0.034338
3438.94,0.034127
3439.42,0.033877
3439.90,0.033622
3440.39,0.033399
3440.87,0.033225
3441.35,0.033101
3441.83,0.033009
3442.31,0.032926
3442.80,0.032833
3443.28,0.032729
3443.76,0.032629
3444.24,0.032563
3444.72,0.032556
3445.21,0.032618
3445.69,0.032731
3446.17,0.032850
3446.65,0.032922
3447.13,0.032892
3447.62,0.032732
3448.10,0.032451
3448.58,0.032097
3449.06,0.031738
3449.55,0.031441
3450.03,0.031251
3450.51,0.031182
3450.99,0.031219
3451.47,0.031330
3451.95,0.031477
3452.44,0.031631
3452.92,0.031767
3453.40,0.031873
3453.88,0.031936
3454.37,0.031946
3454.85,0.031895
3455.33,0.031781
3455.81,0.031614
3456.29,0.031421
3456.78,0.031249
3457.26,0.031153
3457.74,0.031178
3458.22,0.031351
3458.70,0.031661
3459.19,0.032061
3459.67,0.032473
3460.15,0.032807
3460.63,0.032990
3461.11,0.032982
3461.60,0.032788
3462.08,0.032457
3462.56,0.032069
3463.04,0.031704
3463.53,0.031420
3464.01,0.031241
3464.49,0.031147
3464.97,0.031092
3465.45,0.031020
3465.94,0.030890
3466.42,0.030688
3466.90,0.030425
3467.38,0.030131
3467.86,0.029842
3468.35,0.029581
3468.83,0.029352
3469.31,0.029146
3469.79,0.028943
3470.28,0.028731
3470.76,0.028511
3471.24,0.028297
3471.72,0.028111
3472.20,0.027975
3472.69,0.027903
3473.17,0.027892
3473.65,0.027930
3474.13,0.027995
3474.61,0.028066
3475.10,0.028125
3475.58,0.028161
3476.06,0.028170
3476.54,0.028154
3477.03,0.028124
3477.51,0.028096
3477.99,0.028094
3478.47,0.028135
3478.95,0.028235
3479.44,0.028389
3479.92,0.028581
3480.40,0.028777
3480.88,0.028938
3481.36,0.029038
3481.85,0.029068
3482.33,0.029045
3482.81,0.029007
3483.29,0.028993
3483.78,0.029031
3484.26,0.029127
3484.74,0.029258
3485.22,0.029396
3485.70,0.029509
3486.19,0.029581
3486.67,0.029610
3487.15,0.029607
3487.63,0.029576
3488.11,0.029512
3488.60,0.029396
3489.08,0.029199
3489.56,0.028901
3490.04,0.028504
3490.53,0.028037
3491.01,0.027549
3491.49,0.027096
3491.97,0.026721
3492.45,0.026438
3492.93,0.026229
3493.42,0.026056
3493.90,0.025879
3494.38,0.025668
3494.86,0.025422
3495.35,0.025163
3495.83,0.024933
3496.31,0.024767
3496.79,0.024691
3497.27,0.024700
3497.76,0.024771
3498.24,0.024863
3498.72,0.024938
3499.20,0.024969
3499.68,0.024944
3500.17,0.024872
3500.65,0.024767
3501.13,0.024651
3501.61,0.024540
3502.09,0.024446
3502.58,0.024368
3503.06,0.024303
3503.54,0.024243
3504.02,0.024183
3504.51,0.024124
3504.99,0.024078
3505.47,0.024058
3505.95,0.024074
3506.43,0.024122
3506.92,0.024189
3507.40,0.024248
3507.88,0.024274
3508.36,0.024249
3508.84,0.024177
3509.33,0.024083
3509.81,0.024017
3510.29,0.024023
3510.77,0.024131
3511.26,0.024332
3511.74,0.024576
3512.22,0.024787
3512.70,0.024888
3513.18,0.024828
3513.67,0.024596
3514.15,0.024222
3514.63,0.023763
3515.11,0.023294
3515.59,0.022878
3516.08,0.022552
3516.56,0.022333
3517.04,0.022212
3517.52,0.022170
3518.01,0.022182
3518.49,0.022227
3518.97,0.022285
3519.45,0.022336
3519.93,0.022361
3520.42,0.022340
3520.90,0.022258
3521.38,0.022105
3521.86,0.021873
3522.34,0.021561
3522.83,0.021166
3523.31,0.020696
3523.79,0.020165
3524.27,0.019607
3524.76,0.019074
3525.24,0.018624
3525.72,0.018308
3526.20,0.018147
3526.68,0.018128
3527.17,0.018199
3527.65,0.018291
3528.13,0.018341
3528.61,0.018322
3529.09,0.018255
3529.58,0.018201
3530.06,0.018236
3530.54,0.018417
3531.02,0.018749
3531.51,0.019181
3531.99,0.019625
3532.47,0.019993
3532.95,0.020220
3533.43,0.020289
3533.91,0.020227
3534.40,0.020085
3534.88,0.019907
3535.36,0.019713
3535.84,0.019495
3536.33,0.019227
3536.81,0.018895
3537.29,0.018515
3537.77,0.018143
3538.25,0.017855
3538.74,0.017720
3539.22,0.017770
3539.70,0.017985
3540.18,0.018305
3540.66,0.018652
3541.15,0.018955
3541.63,0.019169
3542.11,0.019282
3542.59,0.019304
3543.07,0.019250
3543.56,0.019128
3544.04,0.018930
3544.52,0.018648
3545.00,0.018280
3545.49,0.017854
3545.97,0.017421
3546.45,0.017046
3546.93,0.016782
3547.41,0.016645
3547.90,0.016604
3548.38,0.016592
3548.86,0.016539
3549.34,0.016397
3549.82,0.016148
3550.31,0.015808
3550.79,0.015410
3551.27,0.014995
3551.75,0.014597
3552.24,0.014246
3552.72,0.013967
3553.20,0.013777
3553.68,0.013688
3554.16,0.013696
3554.65,0.013782
3555.13,0.013909
3555.61,0.014037
3556.09,0.014130
3556.57,0.014170
3557.06,0.014163
3557.54,0.014133
3558.02,0.014120
3558.50,0.014154
3558.99,0.014250
3559.47,0.014399
3559.95,0.014568
3560.43,0.014714
3560.91,0.014796
3561.40,0.014787
3561.88,0.014676
3562.36,0.014469
3562.84,0.014176
3563.32,0.013810
3563.81,0.013387
3564.29,0.012924
3564.77,0.012452
3565.25,0.012018
3565.74,0.011675
3566.22,0.011482
3566.70,0.011485
3567.18,0.011695
3567.66,0.012074
3568.15,0.012531
3568.63,0.012952
3569.11,0.013236
3569.59,0.013331
3570.07,0.013230
3570.56,0.012960
3571.04,0.012559
3571.52,0.012077
3572.00,0.011579
3572.49,0.011139
3572.97,0.010838
3573.45,0.010742
3573.93,0.010873
3574.41,0.011197
3574.89,0.011611
3575.38,0.011980
3575.86,0.012159
3576.34,0.012053
3576.82,0.011648
3577.31,0.011015
3577.79,0.010289
3578.27,0.009612
3578.75,0.009110
3579.23,0.008841
3579.72,0.008798
3580.20,0.008920
3580.68,0.009127
3581.16,0.009344
3581.64,0.009524
3582.13,0.009649
3582.61,0.009722
3583.09,0.009747
3583.57,0.009723
3584.05,0.009640
3584.54,0.009486
3585.02,0.009256
3585.50,0.008964
3585.98,0.008639
3586.47,0.008322
3586.95,0.008058
3587.43,0.007885
3587.91,0.007815
3588.39,0.007828
3588.88,0.007876
3589.36,0.007904
3589.84,0.007870
3590.32,0.007764
3590.80,0.007602
3591.29,0.007413
3591.77,0.007227
3592.25,0.007074
3592.73,0.006973
3593.22,0.006933
3593.70,0.006948
3594.18,0.006993
3594.66,0.007038
3595.14,0.007048
3595.63,0.007010
3596.11,0.006936
3596.59,0.006871
3597.07,0.006865
3597.55,0.006957
3598.04,0.007152
3598.52,0.007414
3599.00,0.007675
3599.48,0.007851
3599.97,0.007869
3600.45,0.007691
3600.93,0.007323
3601.41,0.006822
3601.89,0.006276
3602.38,0.005779
3602.86,0.005399
3603.34,0.005166
3603.82,0.005065
3604.30,0.005057
3604.79,0.005092
3605.27,0.005122
3605.75,0.005111
3606.23,0.005030
3606.72,0.004861
3607.20,0.004592
3607.68,0.004223
3608.16,0.003770
3608.64,0.003276
3609.12,0.002802
3609.61,0.002420
3610.09,0.002179
3610.57,0.002098
3611.05,0.002153
3611.54,0.002299
3612.02,0.002486
3612.50,0.002671
3612.98,0.002833
3613.46,0.002966
3613.95,0.003082
3614.43,0.003202
3614.91,0.003348
3615.39,0.003530
3615.88,0.003748
3616.36,0.003993
3616.84,0.004253
3617.32,0.004517
3617.80,0.004776
3618.29,0.005020
3618.77,0.005229
3619.25,0.005375
3619.73,0.005421
3620.21,0.005325
3620.70,0.005059
3621.18,0.004622
3621.66,0.004040
3622.14,0.003356
3622.62,0.002622
3623.11,0.001885
3623.59,0.001186
3624.07,0.000562
3624.55,0.000045
3625.03,-0.000336
3625.52,-0.000561
3626.00,-0.000618
3626.48,-0.000504
3626.96,-0.000228
3627.45,0.000196
3627.93,0.000750
3628.41,0.001402
3628.89,0.002097
3629.37,0.002743
3629.86,0.003221
3630.34,0.003440
3630.82,0.003395
3631.30,0.003170
3631.78,0.002862
3632.27,0.002537
3632.75,0.002216
3633.23,0.001895
3633.71,0.001558
3634.20,0.001200
3634.68,0.000830
3635.16,0.000478
3635.64,0.000179
3636.12,-0.000040
3636.61,-0.000177
3637.09,-0.000259
3637.57,-0.000328
3638.05,-0.000433
3638.53,-0.000610
3639.02,-0.000869
3639.50,-0.001191
3639.98,-0.001526
3640.46,-0.001821
3640.95,-0.002028
3641.43,-0.002125
3641.91,-0.002120
3642.39,-0.002046
3642.87,-0.001944
3643.36,-0.001849
3643.84,-0.001777
3644.32,-0.001721
3644.80,-0.001658
3645.28,-0.001563
3645.77,-0.001419
3646.25,-0.001233
3646.73,-0.001039
3647.21,-0.000898
3647.70,-0.000890
3648.18,-0.001090
3648.66,-0.001530
3649.14,-0.002155
3649.62,-0.002813
3650.11,-0.003303
3650.59,-0.003452
3651.07,-0.003215
3651.55,-0.002690
3652.03,-0.002074
3652.52,-0.001556
3653.00,-0.001243
3653.48,-0.001164
3653.96,-0.001295
3654.44,-0.001585
3654.93,-0.001985
3655.41,-0.002450
3655.89,-0.002937
3656.37,-0.003399
3656.86,-0.003792
3657.34,-0.004080
3657.82,-0.004248
3658.30,-0.004309
3658.78,-0.004298
3659.27,-0.004259
3659.75,-0.004229
3660.23,-0.004239
3660.71,-0.004315
3661.19,-0.004475
3661.68,-0.004725
3662.16,-0.005053
3662.64,-0.005430
3663.12,-0.005808
3663.60,-0.006131
3664.09,-0.006353
3664.57,-0.006449
3665.05,-0.006426
3665.53,-0.006324
3666.01,-0.006204
3666.50,-0.006129
3666.98,-0.006144
3667.46,-0.006266
3667.94,-0.006476
3668.43,-0.006725
3668.91,-0.006943
3669.39,-0.007060
3669.87,-0.007030
3670.35,-0.006859
3670.84,-0.006613
3671.32,-0.006405
3671.80,-0.006318
3672.28,-0.006361
3672.76,-0.006468
3673.25,-0.006539
3673.73,-0.006488
3674.21,-0.006243
3674.69,-0.005761
3675.18,-0.005035
3675.66,-0.004137
3676.14,-0.003247
3676.62,-0.002624
3677.10,-0.002477
3677.59,-0.002814
3678.07,-0.003465
3678.55,-0.004229
3679.03,-0.004974
3679.51,-0.005638
3680.00,-0.006195
3680.48,-0.006647
3680.96,-0.006997
3681.44,-0.007256
3681.93,-0.007444
3682.41,-0.007586
3682.89,-0.007710
3683.37,-0.007841
3683.85,-0.007995
3684.34,-0.008175
3684.82,-0.008370
3685.30,-0.008559
3685.78,-0.008714
3686.26,-0.008816
3686.75,-0.008854
3687.23,-0.008826
3687.71,-0.008742
3688.19,-0.008614
3688.68,-0.008453
3689.16,-0.008262
3689.64,-0.008037
3690.12,-0.007771
3690.60,-0.007464
3691.09,-0.007136
3691.57,-0.006823
3692.05,-0.006566
3692.53,-0.006402
3693.01,-0.006340
3693.50,-0.006370
3693.98,-0.006463
3694.46,-0.006583
3694.94,-0.006701
3695.42,-0.006801
3695.91,-0.006883
3696.39,-0.006962
3696.87,-0.007059
3697.35,-0.007189
3697.84,-0.007351
3698.32,-0.007525
3698.80,-0.007673
3699.28,-0.007757
3699.76,-0.007747
3700.24,-0.007634
3700.73,-0.007435
3701.21,-0.007188
3701.69,-0.006948
3702.17,-0.006772
3702.66,-0.006697
3703.14,-0.006727
3703.62,-0.006834
3704.10,-0.006976
3704.58,-0.007118
3705.07,-0.007247
3705.55,-0.007372
3706.03,-0.007510
3706.51,-0.007678
3706.99,-0.007878
3707.48,-0.008096
3707.96,-0.008300
3708.44,-0.008453
3708.92,-0.008511
3709.41,-0.008440
3709.89,-0.008223
3710.37,-0.007863
3710.85,-0.007386
3711.33,-0.006853
3711.82,-0.006355
3712.30,-0.005998
3712.78,-0.005879
3713.26,-0.006048
3713.74,-0.006479
3714.23,-0.007090
3714.71,-0.007767
3715.19,-0.008412
3715.67,-0.008951
3716.16,-0.009349
3716.64,-0.009608
3717.12,-0.009750
3717.60,-0.009816
3718.08,-0.009849
3718.57,-0.009885
3719.05,-0.009939
3719.53,-0.010001
3720.01,-0.010033
3720.49,-0.009988
3720.98,-0.009823
3721.46,-0.009515
3721.94,-0.009075
3722.42,-0.008549
3722.91,-0.008013
3723.39,-0.007552
3723.87,-0.007247
3724.35,-0.007144
3724.83,-0.007247
3725.32,-0.007524
3725.80,-0.007917
3726.28,-0.008369
3726.76,-0.008820
3727.24,-0.009229
3727.73,-0.009576
3728.21,-0.009860
3728.69,-0.010091
3729.17,-0.010282
3729.66,-0.010432
3730.14,-0.010527
3730.62,-0.010539
3731.10,-0.010433
3731.58,-0.010184
3732.07,-0.009786
3732.55,-0.009272
3733.03,-0.008715
3733.51,-0.008214
3733.99,-0.007858
3734.48,-0.007689
3734.96,-0.007684
3735.44,-0.007774
3735.92,-0.007880
3736.40,-0.007945
3736.89,-0.007973
3737.37,-0.008012
3737.85,-0.008125
3738.33,-0.008343
3738.82,-0.008653
3739.30,-0.009014
3739.78,-0.009381
3740.26,-0.009715
3740.74,-0.009994
3741.22,-0.010205
3741.71,-0.010347
3742.19,-0.010416
3742.67,-0.010406
3743.15,-0.010299
3743.64,-0.010078
3744.12,-0.009737
3744.60,-0.009313
3745.08,-0.008918
3745.56,-0.008715
3746.05,-0.008841
3746.53,-0.009296
3747.01,-0.009951
3747.49,-0.010634
3747.97,-0.011219
3748.46,-0.011638
3748.94,-0.011857
3749.42,-0.011871
3749.90,-0.011693
3750.39,-0.011365
3750.87,-0.010947
3751.35,-0.010507
3751.83,-0.010099
3752.31,-0.009748
3752.80,-0.009452
3753.28,-0.009202
3753.76,-0.008998
3754.24,-0.008844
3754.72,-0.008742
3755.21,-0.008687
3755.69,-0.008668
3756.17,-0.008671
3756.65,-0.008683
3757.14,-0.008698
3757.62,-0.008717
3758.10,-0.008745
3758.58,-0.008793
3759.06,-0.008867
3759.55,-0.008967
3760.03,-0.009085
3760.51,-0.009204
3760.99,-0.009303
3761.47,-0.009363
3761.96,-0.009369
3762.44,-0.009319
3762.92,-0.009217
3763.40,-0.009072
3763.89,-0.008899
3764.37,-0.008716
3764.85,-0.008546
3765.33,-0.008415
3765.81,-0.008351
3766.30,-0.008369
3766.78,-0.008464
3767.26,-0.008607
3767.74,-0.008762
3768.22,-0.008890
3768.71,-0.008968
3769.19,-0.008989
3769.67,-0.008958
3770.15,-0.008890
3770.64,-0.008804
3771.12,-0.008721
3771.60,-0.008658
3772.08,-0.008624
3772.56,-0.008629
3773.05,-0.008679
3773.53,-0.008780
3774.01,-0.008932
3774.49,-0.009128
3774.97,-0.009351
3775.46,-0.009568
3775.94,-0.009739
3776.42,-0.009825
3776.90,-0.009794
3777.38,-0.009633
3777.87,-0.009349
3778.35,-0.008966
3778.83,-0.008518
3779.31,-0.008052
3779.80,-0.007618
3780.28,-0.007262
3780.76,-0.007025
3781.24,-0.006926
3781.72,-0.006967
3782.20,-0.007129
3782.69,-0.007390
3783.17,-0.007724
3783.65,-0.008107
3784.13,-0.008511
3784.62,-0.008903
3785.10,-0.009243
3785.58,-0.009492
3786.06,-0.009627
3786.54,-0.009646
3787.03,-0.009573
3787.51,-0.009450
3787.99,-0.009321
3788.47,-0.009219
3788.95,-0.009165
3789.44,-0.009164
3789.92,-0.009205
3790.40,-0.009271
3790.88,-0.009340
3791.36,-0.009395
3791.85,-0.009427
3792.33,-0.009437
3792.81,-0.009437
3793.29,-0.009444
3793.78,-0.009474
3794.26,-0.009535
3794.74,-0.009619
3795.22,-0.009710
3795.70,-0.009780
3796.19,-0.009801
3796.67,-0.009757
3797.15,-0.009660
3797.63,-0.009554
3798.11,-0.009495
3798.60,-0.009532
3799.08,-0.009677
3799.56,-0.009901
3800.04,-0.010140
3800.53,-0.010304
3801.01,-0.010310
3801.49,-0.010089
3801.97,-0.009643
3802.45,-0.009072
3802.94,-0.008575
3803.42,-0.008334
3803.90,-0.008411
3804.38,-0.008735
3804.86,-0.009165
3805.35,-0.009566
3805.83,-0.009827
3806.31,-0.009888
3806.79,-0.009733
3807.28,-0.009408
3807.76,-0.009022
3808.24,-0.008725
3808.72,-0.008645
3809.20,-0.008818
3809.69,-0.009191
3810.17,-0.009658
3810.65,-0.010120
3811.13,-0.010503
3811.61,-0.010766
3812.10,-0.010902
3812.58,-0.010928
3813.06,-0.010871
3813.54,-0.010760
3814.03,-0.010610
3814.51,-0.010416
3814.99,-0.010150
3815.47,-0.009774
3815.95,-0.009265
3816.44,-0.008643
3816.92,-0.008000
3817.40,-0.007475
3817.88,-0.007196
3818.36,-0.007207
3818.85,-0.007458
3819.33,-0.007847
3819.81,-0.008260
3820.29,-0.008603
3820.78,-0.008811
3821.26,-0.008859
3821.74,-0.008786
3822.22,-0.008690
3822.70,-0.008688
3823.18,-0.008828
3823.67,-0.009073
3824.15,-0.009330
3824.63,-0.009517
3825.11,-0.009583
3825.60,-0.009522
3826.08,-0.009368
3826.56,-0.009186
3827.04,-0.009056
3827.52,-0.009053
3828.01,-0.009219
3828.49,-0.009539
3828.97,-0.009954
3829.45,-0.010384
3829.93,-0.010761
3830.42,-0.011036
3830.90,-0.011188
3831.38,-0.011214
3831.86,-0.011132
3832.34,-0.010975
3832.83,-0.010785
3833.31,-0.010616
3833.79,-0.010516
3834.27,-0.010514
3834.76,-0.010620
3835.24,-0.010817
3835.72,-0.011067
3836.20,-0.011316
3836.68,-0.011511
3837.17,-0.011605
3837.65,-0.011577
3838.13,-0.011436
3838.61,-0.011224
3839.09,-0.010997
3839.58,-0.010801
3840.06,-0.010652
3840.54,-0.010534
3841.02,-0.010413
3841.51,-0.010252
3841.99,-0.010036
3842.47,-0.009770
3842.95,-0.009473
3843.43,-0.009174
3843.92,-0.008898
3844.40,-0.008668
3844.88,-0.008497
3845.36,-0.008389
3845.84,-0.008343
3846.33,-0.008350
3846.81,-0.008401
3847.29,-0.008483
3847.77,-0.008586
3848.26,-0.008704
3848.74,-0.008834
3849.22,-0.008978
3849.70,-0.009145
3850.18,-0.009344
3850.67,-0.009583
3851.15,-0.009864
3851.63,-0.010176
3852.11,-0.010494
3852.59,-0.010773
3853.08,-0.010946
3853.56,-0.010930
3854.04,-0.010661
3854.52,-0.010152
3855.01,-0.009521
3855.49,-0.008939
3855.97,-0.008519
3856.45,-0.008281
3856.93,-0.008199
3857.42,-0.008237
3857.90,-0.008369
3858.38,-0.008574
3858.86,-0.008832
3859.34,-0.009117
3859.83,-0.009395
3860.31,-0.009630
3860.79,-0.009789
3861.27,-0.009849
3861.76,-0.009802
3862.24,-0.009659
3862.72,-0.009443
3863.20,-0.009186
3863.68,-0.008920
3864.16,-0.008667
3864.65,-0.008445
3865.13,-0.008274
3865.61,-0.008179
3866.09,-0.008187
3866.58,-0.008311
3867.06,-0.008539
3867.54,-0.008828
3868.02,-0.009113
3868.50,-0.009323
3868.99,-0.009392
3869.47,-0.009261
3869.95,-0.008907
3870.43,-0.008367
3870.91,-0.007763
3871.40,-0.007252
3871.88,-0.006959
3872.36,-0.006898
3872.84,-0.006994
3873.32,-0.007137
3873.81,-0.007238
3874.29,-0.007259
3874.77,-0.007216
3875.25,-0.007173
3875.74,-0.007211
3876.22,-0.007395
3876.70,-0.007730
3877.18,-0.008168
3877.66,-0.008628
3878.15,-0.009028
3878.63,-0.009303
3879.11,-0.009405
3879.59,-0.009316
3880.07,-0.009052
3880.56,-0.008675
3881.04,-0.008283
3881.52,-0.007996
3882.00,-0.007910
3882.49,-0.008055
3882.97,-0.008389
3883.45,-0.008829
3883.93,-0.009287
3884.41,-0.009692
3884.90,-0.009994
3885.38,-0.010164
3885.86,-0.010195
3886.34,-0.010103
3886.82,-0.009930
3887.31,-0.009732
3887.79,-0.009553
3888.27,-0.009406
3888.75,-0.009275
3889.24,-0.009130
3889.72,-0.008946
3890.20,-0.008709
3890.68,-0.008422
3891.16,-0.008108
3891.65,-0.007808
3892.13,-0.007559
3892.61,-0.007379
3893.09,-0.007252
3893.57,-0.007136
3894.06,-0.006986
3894.54,-0.006782
3895.02,-0.006539
3895.50,-0.006301
3895.99,-0.006131
3896.47,-0.006083
3896.95,-0.006199
3897.43,-0.006497
3897.91,-0.006965
3898.40,-0.007560
3898.88,-0.008221
3899.36,-0.008878
3899.84,-0.009465
3900.32,-0.009937
3900.81,-0.010283
3901.29,-0.010520
3901.77,-0.010677
3902.25,-0.010777
3902.73,-0.010825
3903.22,-0.010806
3903.70,-0.010701
3904.18,-0.010501
3904.66,-0.010222
3905.14,-0.009910
3905.63,-0.009628
3906.11,-0.009427
3906.59,-0.009329
3907.07,-0.009316
3907.56,-0.009344
3908.04,-0.009360
3908.52,-0.009316
3909.00,-0.009184
3909.48,-0.008960
3909.97,-0.008659
3910.45,-0.008317
3910.93,-0.007986
3911.41,-0.007718
3911.89,-0.007558
3912.38,-0.007538
3912.86,-0.007660
3913.34,-0.007897
3913.82,-0.008192
3914.30,-0.008476
3914.79,-0.008678
3915.27,-0.008744
3915.75,-0.008654
3916.23,-0.008424
3916.72,-0.008118
3917.20,-0.007820
3917.68,-0.007628
3918.16,-0.007607
3918.64,-0.007768
3919.13,-0.008059
3919.61,-0.008390
3920.09,-0.008672
3920.57,-0.008843
3921.05,-0.008890
3921.54,-0.008848
3922.02,-0.008783
3922.50,-0.008761
3922.98,-0.008836
3923.47,-0.009030
3923.95,-0.009339
3924.43,-0.009730
3924.91,-0.010149
3925.39,-0.010538
3925.88,-0.010835
3926.36,-0.010996
3926.84,-0.010999
3927.32,-0.010851
3927.80,-0.010582
3928.29,-0.010234
3928.77,-0.009857
3929.25,-0.009503
3929.73,-0.009215
3930.22,-0.009028
3930.70,-0.008958
3931.18,-0.008999
3931.66,-0.009124
3932.14,-0.009296
3932.63,-0.009479
3933.11,-0.009642
3933.59,-0.009767
3934.07,-0.009845
3934.55,-0.009870
3935.04,-0.009839
3935.52,-0.009747
3936.00,-0.009599
3936.48,-0.009408
3936.97,-0.009203
3937.45,-0.009023
3937.93,-0.008903
3938.41,-0.008872
3938.89,-0.008934
3939.38,-0.009069
3939.86,-0.009234
3940.34,-0.009374
3940.82,-0.009444
3941.30,-0.009411
3941.79,-0.009267
3942.27,-0.009028
3942.75,-0.008731
3943.23,-0.008431
3943.71,-0.008183
3944.20,-0.008038
3944.68,-0.008016
3945.16,-0.008110
3945.64,-0.008281
3946.12,-0.008476
3946.61,-0.008638
3947.09,-0.008721
3947.57,-0.008699
3948.05,-0.008576
3948.54,-0.008381
3949.02,-0.008159
3949.50,-0.007966
3949.98,-0.007841
3950.46,-0.007797
3950.95,-0.007820
3951.43,-0.007883
3951.91,-0.007965
3952.39,-0.008059
3952.88,-0.008179
3953.36,-0.008346
3953.84,-0.008577
3954.32,-0.008865
3954.80,-0.009179
3955.28,-0.009460
3955.77,-0.009645
3956.25,-0.009680
3956.73,-0.009537
3957.21,-0.009224
3957.70,-0.008782
3958.18,-0.008274
3958.66,-0.007763
3959.14,-0.007303
3959.62,-0.006933
3960.11,-0.006670
3960.59,-0.006519
3961.07,-0.006476
3961.55,-0.006534
3962.03,-0.006678
3962.52,-0.006887
3963.00,-0.007135
3963.48,-0.007391
3963.96,-0.007622
3964.45,-0.007805
3964.93,-0.007921
3965.41,-0.007964
3965.89,-0.007938
3966.37,-0.007859
3966.86,-0.007750
3967.34,-0.007643
3967.82,-0.007574
3968.30,-0.007576
3968.78,-0.007673
3969.27,-0.007862
3969.75,-0.008121
3970.23,-0.008403
3970.71,-0.008653
3971.20,-0.008829
3971.68,-0.008911
3972.16,-0.008909
3972.64,-0.008859
3973.12,-0.008802
3973.61,-0.008770
3974.09,-0.008766
3974.57,-0.008769
3975.05,-0.008743
3975.53,-0.008660
3976.02,-0.008520
3976.50,-0.008355
3976.98,-0.008222
3977.46,-0.008184
3977.95,-0.008276
3978.43,-0.008495
3978.91,-0.008798
3979.39,-0.009116
3979.87,-0.009381
3980.36,-0.009546
3980.84,-0.009603
3981.32,-0.009578
3981.80,-0.009512
3982.28,-0.009443
3982.77,-0.009389
3983.25,-0.009346
3983.73,-0.009292
3984.21,-0.009206
3984.69,-0.009082
3985.18,-0.008931
3985.66,-0.008781
3986.14,-0.008660
3986.62,-0.008581
3987.11,-0.008539
3987.59,-0.008512
3988.07,-0.008473
3988.55,-0.008404
3989.03,-0.008304
3989.51,-0.008192
3990.00,-0.008100
3990.48,-0.008055
3990.96,-0.008077
3991.44,-0.008165
3991.93,-0.008305
3992.41,-0.008471
3992.89,-0.008632
3993.37,-0.008765
3993.85,-0.008846
3994.34,-0.008852
3994.82,-0.008766
3995.30,-0.008578
3995.78,-0.008289
3996.26,-0.007921
3996.75,-0.007516
3997.23,-0.007129
3997.71,-0.006811
3998.19,-0.006602
3998.68,-0.006513
3999.16,-0.006531
3999.64,-0.006624
4000.12,-0.006754
