波数(cm-1),吸光度
399.67,0.000000
400.16,0.205726
400.64,0.200253
401.12,0.190009
401.60,0.178416
402.09,0.168914
402.57,0.164007
403.05,0.164434
403.53,0.169235
404.01,0.176077
404.50,0.182260
404.98,0.185862
405.46,0.186312
405.94,0.184402
406.42,0.181629
406.91,0.179667
407.39,0.179783
407.87,0.182681
408.35,0.188330
408.83,0.195992
409.32,0.204323
409.80,0.211452
410.28,0.215256
410.76,0.213403
411.25,0.204168
411.73,0.187502
412.21,0.165592
412.69,0.142475
413.17,0.122377
413.66,0.108793
414.14,0.103345
414.62,0.105753
415.10,0.114103
415.58,0.125470
416.07,0.136775
416.55,0.145305
417.03,0.149517
417.51,0.149006
418.00,0.144451
418.48,0.137324
418.96,0.129799
419.44,0.124027
419.92,0.120999
420.41,0.120354
420.89,0.121254
421.37,0.123227
421.85,0.126335
422.33,0.131005
422.82,0.137742
423.30,0.146907
423.78,0.158393
424.26,0.171504
424.74,0.184909
425.23,0.196933
425.71,0.205953
426.19,0.210645
426.67,0.210591
427.16,0.206554
427.64,0.200490
428.12,0.194816
428.60,0.191649
429.08,0.192164
429.57,0.196219
430.05,0.202510
430.53,0.208954
431.01,0.213652
431.49,0.215588
431.98,0.215245
432.46,0.214200
432.94,0.214367
433.42,0.216920
433.90,0.221747
434.39,0.227510
434.87,0.232347
435.35,0.234965
435.83,0.235299
436.32,0.234599
436.80,0.234652
437.28,0.236993
437.76,0.242055
438.24,0.248997
438.73,0.255915
439.21,0.260786
439.69,0.262244
440.17,0.260080
440.65,0.255107
441.14,0.248686
441.62,0.242190
442.10,0.236515
442.58,0.231968
443.07,0.228213
443.55,0.224564
444.03,0.220254
444.51,0.214784
444.99,0.208063
445.48,0.200430
445.96,0.192651
446.44,0.185763
446.92,0.180947
447.40,0.179054
447.89,0.180306
448.37,0.184179
448.85,0.189564
449.33,0.195098
449.81,0.199507
450.30,0.202111
450.78,0.202987
451.26,0.202956
451.74,0.203138
452.23,0.204509
452.71,0.207423
453.19,0.211511
453.67,0.215938
454.15,0.219919
454.64,0.223166
455.12,0.225957
455.60,0.228896
456.08,0.232441
456.56,0.236471
457.05,0.240019
457.53,0.241579
458.01,0.239812
458.49,0.234625
458.98,0.227337
459.46,0.220041
459.94,0.214483
460.42,0.211614
460.90,0.211558
461.39,0.213821
461.87,0.217654
462.35,0.222413
462.83,0.227833
463.31,0.233963
463.80,0.240865
464.28,0.248275
464.76,0.255394
465.24,0.261039
465.72,0.264185
466.21,0.264392
466.69,0.262236
467.17,0.259079
467.65,0.256693
468.14,0.256468
468.62,0.258951
469.10,0.263724
469.58,0.269640
470.06,0.275321
470.55,0.279578
471.03,0.281823
471.51,0.282017
471.99,0.280481
472.47,0.277593
472.96,0.273646
473.44,0.268842
473.92,0.263393
474.40,0.257597
474.88,0.251822
475.37,0.246390
475.85,0.241551
476.33,0.237427
476.81,0.234021
477.30,0.231279
477.78,0.229139
478.26,0.227571
478.74,0.226595
479.22,0.226264
479.71,0.226631
480.19,0.227756
480.67,0.229703
481.15,0.232561
481.63,0.236431
482.12,0.241354
482.60,0.247210
483.08,0.253572
483.56,0.259721
484.05,0.264679
484.53,0.267497
485.01,0.267689
485.49,0.265425
485.97,0.261516
486.46,0.256994
486.94,0.252815
487.42,0.249545
487.90,0.247316
488.38,0.245974
488.87,0.245257
489.35,0.244983
489.83,0.245120
490.31,0.245750
490.79,0.246943
491.28,0.248636
491.76,0.250610
492.24,0.252595
492.72,0.254436
493.21,0.256241
493.69,0.258369
494.17,0.261262
494.65,0.265153
495.13,0.269897
495.62,0.274878
496.10,0.279228
496.58,0.282023
497.06,0.282683
497.54,0.281213
498.03,0.278165
498.51,0.274396
498.99,0.270696
499.47,0.267663
499.95,0.265577
500.44,0.264484
500.92,0.264326
501.40,0.265026
501.88,0.266514
502.37,0.268668
502.85,0.271276
503.33,0.274030
503.81,0.276598
504.29,0.278757
504.78,0.280439
505.26,0.281717
505.74,0.282702
506.22,0.283439
506.70,0.283846
507.19,0.283768
507.67,0.283095
508.15,0.281916
508.63,0.280539
509.12,0.279425
509.60,0.278990
510.08,0.279443
510.56,0.280746
511.04,0.282658
511.53,0.284894
512.01,0.287258
512.49,0.289755
512.97,0.292511
513.45,0.295594
513.94,0.298815
514.42,0.301637
514.90,0.303273
515.38,0.303070
515.86,0.300868
516.35,0.297295
516.83,0.293567
517.31,0.291150
517.79,0.291112
518.28,0.293664
518.76,0.298082
519.24,0.302965
519.72,0.306899
520.20,0.308902
520.69,0.308831
521.17,0.307201
521.65,0.304836
522.13,0.302406
522.61,0.300221
523.10,0.298268
523.58,0.296383
524.06,0.294505
524.54,0.292862
525.03,0.291947
525.51,0.292361
525.99,0.294529
526.47,0.298429
526.95,0.303534
527.44,0.308974
527.92,0.313924
528.40,0.317797
528.88,0.320370
529.36,0.321716
529.85,0.322075
530.33,0.321780
530.81,0.321214
531.29,0.320856
531.77,0.321222
532.26,0.322755
532.74,0.325723
533.22,0.330064
533.70,0.335354
534.19,0.340830
534.67,0.345664
535.15,0.349220
535.63,0.351295
536.11,0.352181
536.60,0.352494
537.08,0.352875
537.56,0.353681
538.04,0.354918
538.52,0.356303
539.01,0.357515
539.49,0.358396
539.97,0.359080
540.45,0.359908
540.93,0.361292
541.42,0.363499
541.90,0.366558
542.38,0.370294
542.86,0.374462
543.35,0.378898
543.83,0.383585
544.31,0.388606
544.79,0.394013
545.27,0.399682
545.76,0.405299
546.24,0.410446
546.72,0.414790
547.20,0.418267
547.68,0.421083
548.17,0.423599
548.65,0.426095
549.13,0.428656
549.61,0.431155
550.10,0.433401
550.58,0.435338
551.06,0.437196
551.54,0.439418
552.02,0.442511
552.51,0.446752
552.99,0.452032
553.47,0.457817
553.95,0.463339
554.43,0.467901
554.92,0.471133
555.40,0.473170
555.88,0.474514
556.36,0.475793
556.84,0.477415
557.33,0.479438
557.81,0.481558
558.29,0.483304
558.77,0.484214
559.26,0.484003
559.74,0.482614
560.22,0.480146
560.70,0.476779
561.18,0.472714
561.67,0.468201
562.15,0.463534
562.63,0.459010
563.11,0.454868
563.59,0.451173
564.08,0.447771
564.56,0.444311
565.04,0.440389
565.52,0.435724
566.00,0.430262
566.49,0.424196
566.97,0.417848
567.45,0.411515
567.93,0.405327
568.42,0.399247
568.90,0.393168
569.38,0.387071
569.86,0.381106
570.34,0.375589
570.83,0.370835
571.31,0.367018
571.79,0.364034
572.27,0.361526
572.75,0.358977
573.24,0.355917
573.72,0.352113
574.20,0.347600
574.68,0.342648
575.17,0.337588
575.65,0.332694
576.13,0.328068
576.61,0.323679
577.09,0.319451
577.58,0.315374
578.06,0.311537
578.54,0.308088
579.02,0.305123
579.50,0.302609
579.99,0.300347
580.47,0.298054
580.95,0.295475
581.43,0.292529
581.91,0.289359
582.40,0.286286
582.88,0.283664
583.36,0.281714
583.84,0.280463
584.33,0.279729
584.81,0.279230
585.29,0.278701
585.77,0.278028
586.25,0.277284
586.74,0.276681
587.22,0.276448
587.70,0.276738
588.18,0.277595
588.66,0.278967
589.15,0.280777
589.63,0.282988
590.11,0.285631
590.59,0.288772
591.08,0.292426
591.56,0.296493
592.04,0.300707
592.52,0.304682
593.00,0.308045
593.49,0.310518
593.97,0.312002
594.45,0.312572
594.93,0.312412
595.41,0.311754
595.90,0.310824
596.38,0.309857
596.86,0.309078
597.34,0.308682
597.82,0.308809
598.31,0.309472
598.79,0.310527
599.27,0.311651
599.75,0.312430
600.24,0.312451
600.72,0.311416
601.20,0.309244
601.68,0.306051
602.16,0.302075
602.65,0.297551
603.13,0.292667
603.61,0.287538
604.09,0.282242
604.57,0.276867
605.06,0.271529
605.54,0.266348
606.02,0.261419
606.50,0.256774
606.98,0.252381
607.47,0.248180
607.95,0.244120
608.43,0.240186
608.91,0.236389
609.40,0.232725
609.88,0.229129
610.36,0.225452
610.84,0.221511
611.32,0.217157
611.81,0.212378
612.29,0.207344
612.77,0.202404
613.25,0.197988
613.73,0.194428
614.22,0.191873
614.70,0.190198
615.18,0.189056
615.66,0.187939
616.15,0.186350
616.63,0.183965
617.11,0.180683
617.59,0.176652
618.07,0.172171
618.56,0.167596
619.04,0.163218
619.52,0.159218
620.00,0.155686
620.48,0.152639
620.97,0.150070
621.45,0.147971
621.93,0.146329
622.41,0.145113
622.89,0.144254
623.38,0.143651
623.86,0.143189
624.34,0.142769
624.82,0.142349
625.31,0.141941
625.79,0.141603
626.27,0.141389
626.75,0.141315
627.23,0.141332
627.72,0.141339
628.20,0.141210
628.68,0.140839
629.16,0.140183
629.64,0.139268
630.13,0.138178
630.61,0.137021
631.09,0.135905
631.57,0.134898
632.05,0.134025
632.54,0.133283
633.02,0.132659
633.50,0.132155
633.98,0.131792
634.47,0.131601
634.95,0.131599
635.43,0.131768
635.91,0.132041
636.39,0.132310
636.88,0.132454
637.36,0.132382
637.84,0.132053
638.32,0.131500
638.80,0.130814
639.29,0.130129
639.77,0.129578
640.25,0.129255
640.73,0.129204
641.22,0.129410
641.70,0.129809
642.18,0.130309
642.66,0.130817
643.14,0.131258
643.63,0.131587
644.11,0.131794
644.59,0.131902
645.07,0.131963
645.55,0.132031
646.04,0.132156
646.52,0.132363
647.00,0.132634
647.48,0.132912
647.96,0.133101
648.45,0.133104
648.93,0.132840
649.41,0.132279
649.89,0.131453
650.38,0.130463
650.86,0.129444
651.34,0.128536
651.82,0.127855
652.30,0.127457
652.79,0.127336
653.27,0.127427
653.75,0.127638
654.23,0.127872
654.71,0.128052
655.20,0.128147
655.68,0.128171
656.16,0.128173
656.64,0.128216
657.13,0.128353
657.61,0.128594
658.09,0.128895
658.57,0.129154
659.05,0.129238
659.54,0.129026
660.02,0.128447
660.50,0.127523
660.98,0.126364
661.46,0.125158
661.95,0.124106
662.43,0.123375
662.91,0.123064
663.39,0.123178
663.87,0.123650
664.36,0.124382
664.84,0.125296
665.32,0.126353
665.80,0.127545
666.29,0.128871
666.77,0.130273
667.25,0.131559
667.73,0.132404
668.21,0.132445
668.70,0.131575
669.18,0.130083
669.66,0.128481
670.14,0.127151
670.62,0.126214
671.11,0.125599
671.59,0.125139
672.07,0.124666
672.55,0.124057
673.03,0.123294
673.52,0.122465
674.00,0.121745
674.48,0.121307
674.96,0.121259
675.45,0.121594
675.93,0.122201
676.41,0.122898
676.89,0.123502
677.37,0.123894
677.86,0.124037
678.34,0.123970
678.82,0.123765
679.30,0.123496
679.78,0.123208
680.27,0.122919
680.75,0.122639
681.23,0.122377
681.71,0.122146
682.20,0.121949
682.68,0.121772
683.16,0.121579
683.64,0.121330
684.12,0.121008
684.61,0.120642
685.09,0.120316
685.57,0.120139
686.05,0.120210
686.53,0.120571
687.02,0.121188
687.50,0.121951
687.98,0.122709
688.46,0.123321
688.94,0.123679
689.43,0.123729
689.91,0.123464
690.39,0.122899
690.87,0.122060
691.36,0.120991
691.84,0.119772
692.32,0.118537
692.80,0.117459
693.28,0.116723
693.77,0.116459
694.25,0.116692
694.73,0.117325
695.21,0.118164
695.69,0.118972
696.18,0.119541
696.66,0.119762
697.14,0.119635
697.62,0.119246
698.11,0.118699
698.59,0.118070
699.07,0.117382
699.55,0.116617
700.03,0.115756
700.52,0.114816
701.00,0.113865
701.48,0.113014
701.96,0.112366
702.44,0.111984
702.93,0.111865
703.41,0.111945
703.89,0.112137
704.37,0.112354
704.85,0.112549
705.34,0.112714
705.82,0.112867
706.30,0.113025
706.78,0.113187
707.27,0.113339
707.75,0.113462
708.23,0.113554
708.71,0.113629
709.19,0.113715
709.68,0.113830
710.16,0.113963
710.64,0.114082
711.12,0.114138
711.60,0.114099
712.09,0.113969
712.57,0.113789
713.05,0.113617
713.53,0.113494
714.01,0.113419
714.50,0.113342
714.98,0.113186
715.46,0.112880
715.94,0.112397
716.43,0.111764
716.91,0.111052
717.39,0.110337
717.87,0.109670
718.35,0.109060
718.84,0.108491
719.32,0.107950
719.80,0.107461
720.28,0.107088
720.76,0.106920
721.25,0.107026
721.73,0.107404
722.21,0.107968
722.69,0.108561
723.17,0.109021
723.66,0.109225
724.14,0.109143
724.62,0.108842
725.10,0.108459
725.59,0.108136
726.07,0.107974
726.55,0.108002
727.03,0.108185
727.51,0.108455
728.00,0.108746
728.48,0.109031
728.96,0.109313
729.44,0.109611
729.92,0.109932
730.41,0.110248
730.89,0.110499
731.37,0.110622
731.85,0.110566
732.34,0.110324
732.82,0.109926
733.30,0.109432
733.78,0.108908
734.26,0.108399
734.75,0.107936
735.23,0.107526
735.71,0.107169
736.19,0.106862
736.67,0.106605
737.16,0.106393
737.64,0.106217
738.12,0.106062
738.60,0.105917
739.08,0.105783
739.57,0.105676
740.05,0.105615
740.53,0.105614
741.01,0.105654
741.50,0.105679
741.98,0.105598
742.46,0.105328
742.94,0.104812
743.42,0.104067
743.91,0.103177
744.39,0.102282
744.87,0.101533
745.35,0.101032
745.83,0.100817
746.32,0.100840
746.80,0.101005
747.28,0.101198
747.76,0.101340
748.25,0.101410
748.73,0.101442
749.21,0.101500
749.69,0.101639
750.17,0.101878
750.66,0.102189
751.14,0.102504
751.62,0.102749
752.10,0.102875
752.58,0.102877
753.07,0.102795
753.55,0.102690
754.03,0.102622
754.51,0.102617
754.99,0.102657
755.48,0.102682
755.96,0.102616
756.44,0.102402
756.92,0.102020
757.41,0.101505
757.89,0.100937
758.37,0.100420
758.85,0.100045
759.33,0.099865
759.82,0.099883
760.30,0.100056
760.78,0.100311
761.26,0.100571
761.74,0.100776
762.23,0.100891
762.71,0.100910
763.19,0.100844
763.67,0.100709
764.15,0.100518
764.64,0.100279
765.12,0.099999
765.60,0.099688
766.08,0.099362
766.57,0.099035
767.05,0.098716
767.53,0.098397
768.01,0.098058
768.49,0.097670
768.98,0.097211
769.46,0.096681
769.94,0.096107
770.42,0.095544
770.90,0.095061
771.39,0.094719
771.87,0.094555
772.35,0.094573
772.83,0.094743
773.32,0.095002
773.80,0.095277
774.28,0.095500
774.76,0.095622
775.24,0.095620
775.73,0.095501
776.21,0.095305
776.69,0.095086
777.17,0.094907
777.65,0.094823
778.14,0.094865
778.62,0.095032
779.10,0.095290
779.58,0.095576
780.06,0.095820
780.55,0.095950
781.03,0.095920
781.51,0.095713
781.99,0.095347
782.48,0.094871
782.96,0.094353
783.44,0.093878
783.92,0.093524
784.40,0.093361
784.89,0.093429
785.37,0.093723
785.85,0.094184
786.33,0.094700
786.81,0.095133
787.30,0.095337
787.78,0.095209
788.26,0.094726
788.74,0.093963
789.23,0.093078
789.71,0.092261
790.19,0.091700
790.67,0.091507
791.15,0.091694
791.64,0.092169
792.12,0.092776
792.60,0.093338
793.08,0.093704
793.56,0.093798
794.05,0.093617
794.53,0.093219
795.01,0.092687
795.49,0.092106
795.97,0.091542
796.46,0.091030
796.94,0.090592
797.42,0.090244
797.90,0.090006
798.39,0.089898
798.87,0.089939
799.35,0.090124
799.83,0.090419
800.31,0.090758
800.80,0.091057
801.28,0.091228
801.76,0.091213
802.24,0.090995
802.72,0.090619
803.21,0.090170
803.69,0.089763
804.17,0.089508
804.65,0.089473
805.13,0.089664
805.62,0.090024
806.10,0.090453
806.58,0.090836
807.06,0.091079
807.55,0.091142
808.03,0.091038
808.51,0.090828
808.99,0.090578
809.47,0.090347
809.96,0.090153
810.44,0.089981
810.92,0.089796
811.40,0.089568
811.88,0.089287
812.37,0.088976
812.85,0.088671
813.33,0.088414
813.81,0.088231
814.30,0.088127
814.78,0.088091
815.26,0.088107
815.74,0.088164
816.22,0.088259
816.71,0.088392
817.19,0.088555
817.67,0.088725
818.15,0.088860
818.63,0.088921
819.12,0.088883
819.60,0.088752
820.08,0.088567
820.56,0.088393
821.04,0.088295
821.53,0.088312
822.01,0.088446
822.49,0.088665
822.97,0.088914
823.46,0.089133
823.94,0.089282
824.42,0.089348
824.90,0.089344
825.38,0.089301
825.87,0.089258
826.35,0.089254
826.83,0.089318
827.31,0.089469
827.79,0.089710
828.28,0.090021
828.76,0.090365
829.24,0.090683
829.72,0.090920
830.21,0.091028
830.69,0.090995
831.17,0.090843
831.65,0.090626
832.13,0.090406
832.62,0.090224
833.10,0.090091
833.58,0.089974
834.06,0.089821
834.54,0.089587
835.03,0.089258
835.51,0.088870
835.99,0.088503
836.47,0.088249
836.95,0.088188
837.44,0.088355
837.92,0.088731
838.40,0.089252
838.88,0.089823
839.37,0.090359
839.85,0.090790
840.33,0.091074
840.81,0.091202
841.29,0.091183
841.78,0.091039
842.26,0.090803
842.74,0.090516
843.22,0.090223
843.70,0.089968
844.19,0.089786
844.67,0.089696
845.15,0.089699
845.63,0.089778
846.11,0.089909
846.60,0.090076
847.08,0.090272
847.56,0.090509
848.04,0.090806
848.53,0.091180
849.01,0.091639
849.49,0.092175
849.97,0.092765
850.45,0.093373
850.94,0.093959
851.42,0.094483
851.90,0.094917
852.38,0.095243
852.86,0.095462
853.35,0.095603
853.83,0.095720
854.31,0.095888
854.79,0.096183
855.27,0.096668
855.76,0.097367
856.24,0.098264
856.72,0.099301
857.20,0.100402
857.69,0.101495
858.17,0.102536
858.65,0.103524
859.13,0.104497
859.61,0.105518
860.10,0.106645
860.58,0.107923
861.06,0.109370
861.54,0.110978
862.02,0.112717
862.51,0.114553
862.99,0.116444
863.47,0.118348
863.95,0.120220
864.44,0.122019
864.92,0.123709
865.40,0.125279
865.88,0.126738
866.36,0.128122
866.85,0.129474
867.33,0.130833
867.81,0.132216
868.29,0.133607
868.77,0.134966
869.26,0.136232
869.74,0.137344
870.22,0.138243
870.70,0.138871
871.18,0.139178
871.67,0.139110
872.15,0.138626
872.63,0.137709
873.11,0.136384
873.60,0.134722
874.08,0.132833
874.56,0.130853
875.04,0.128913
875.52,0.127113
876.01,0.125515
876.49,0.124139
876.97,0.122964
877.45,0.121936
877.93,0.120981
878.42,0.120004
878.90,0.118893
879.38,0.117544
879.86,0.115868
880.35,0.113816
880.83,0.111395
881.31,0.108672
881.79,0.105759
882.27,0.102784
882.76,0.099879
883.24,0.097153
883.72,0.094677
884.20,0.092502
884.68,0.090655
885.17,0.089148
885.65,0.087980
886.13,0.087136
886.61,0.086580
887.09,0.086258
887.58,0.086107
888.06,0.086073
888.54,0.086123
889.02,0.086256
889.51,0.086499
889.99,0.086889
890.47,0.087448
890.95,0.088167
891.43,0.088992
891.92,0.089847
892.40,0.090641
892.88,0.091303
893.36,0.091803
893.84,0.092149
894.33,0.092381
894.81,0.092550
895.29,0.092701
895.77,0.092864
896.25,0.093044
896.74,0.093229
897.22,0.093398
897.70,0.093530
898.18,0.093605
898.67,0.093617
899.15,0.093569
899.63,0.093481
900.11,0.093384
900.59,0.093319
901.08,0.093326
901.56,0.093430
902.04,0.093637
902.52,0.093933
903.00,0.094289
903.49,0.094678
903.97,0.095076
904.45,0.095476
904.93,0.095876
905.42,0.096269
905.90,0.096635
906.38,0.096936
906.86,0.097134
907.34,0.097202
907.83,0.097154
908.31,0.097044
908.79,0.096961
909.27,0.097004
909.75,0.097244
910.24,0.097701
910.72,0.098331
911.20,0.099043
911.68,0.099728
912.16,0.100291
912.65,0.100687
913.13,0.100928
913.61,0.101075
914.09,0.101210
914.58,0.101418
915.06,0.101757
915.54,0.102243
916.02,0.102853
916.50,0.103535
916.99,0.104226
917.47,0.104866
917.95,0.105428
918.43,0.105925
918.91,0.106418
919.40,0.107003
919.88,0.107780
920.36,0.108834
920.84,0.110187
921.33,0.111790
921.81,0.113517
922.29,0.115208
922.77,0.116695
923.25,0.117859
923.74,0.118662
924.22,0.119150
924.70,0.119434
925.18,0.119641
925.66,0.119896
926.15,0.120278
926.63,0.120823
927.11,0.121529
927.59,0.122377
928.07,0.123340
928.56,0.124392
929.04,0.125505
929.52,0.126648
930.00,0.127781
930.49,0.128871
930.97,0.129896
931.45,0.130860
931.93,0.131791
932.41,0.132732
932.90,0.133727
933.38,0.134806
933.86,0.135979
934.34,0.137237
934.82,0.138565
935.31,0.139952
935.79,0.141401
936.27,0.142922
936.75,0.144531
937.23,0.146236
937.72,0.148036
938.20,0.149920
938.68,0.151870
939.16,0.153869
939.65,0.155893
940.13,0.157919
940.61,0.159913
941.09,0.161840
941.57,0.163678
942.06,0.165430
942.54,0.167138
943.02,0.168881
943.50,0.170756
943.98,0.172850
944.47,0.175208
944.95,0.177816
945.43,0.180597
945.91,0.183443
946.39,0.186232
946.88,0.188867
947.36,0.191293
947.84,0.193496
948.32,0.195494
948.81,0.197320
949.29,0.199021
949.77,0.200658
950.25,0.202297
950.73,0.204017
951.22,0.205889
951.70,0.207952
952.18,0.210198
952.66,0.212572
953.14,0.214978
953.63,0.217306
954.11,0.219475
954.59,0.221444
955.07,0.223227
955.56,0.224863
956.04,0.226402
956.52,0.227876
957.00,0.229285
957.48,0.230608
957.97,0.231809
958.45,0.232852
958.93,0.233700
959.41,0.234315
959.89,0.234658
960.38,0.234696
960.86,0.234417
961.34,0.233848
961.82,0.233069
962.30,0.232194
962.79,0.231343
963.27,0.230609
963.75,0.230021
964.23,0.229546
964.72,0.229102
965.20,0.228613
965.68,0.228037
966.16,0.227402
966.64,0.226791
967.13,0.226324
967.61,0.226113
968.09,0.226222
968.57,0.226670
969.05,0.227427
969.54,0.228452
970.02,0.229708
970.50,0.231181
970.98,0.232879
971.47,0.234813
971.95,0.236984
972.43,0.239379
972.91,0.241979
973.39,0.244770
973.88,0.247757
974.36,0.250965
974.84,0.254427
975.32,0.258162
975.80,0.262168
976.29,0.266412
976.77,0.270844
977.25,0.275411
977.73,0.280073
978.21,0.284808
978.70,0.289599
979.18,0.294428
979.66,0.299264
980.14,0.304072
980.63,0.308825
981.11,0.313524
981.59,0.318197
982.07,0.322894
982.55,0.327663
983.04,0.332527
983.52,0.337480
984.00,0.342491
984.48,0.347534
984.96,0.352601
985.45,0.357718
985.93,0.362917
986.41,0.368219
986.89,0.373594
987.37,0.378967
987.86,0.384225
988.34,0.389258
988.82,0.394008
989.30,0.398479
989.79,0.402734
990.27,0.406862
990.75,0.410951
991.23,0.415062
991.71,0.419228
992.20,0.423469
992.68,0.427797
993.16,0.432220
993.64,0.436712
994.12,0.441206
994.61,0.445587
995.09,0.449718
995.57,0.453495
996.05,0.456900
996.54,0.460018
997.02,0.463007
997.50,0.466038
997.98,0.469210
998.46,0.472503
998.95,0.475778
999.43,0.478846
999.91,0.481558
1000.39,0.483872
1000.87,0.485874
1001.36,0.487724
1001.84,0.489591
1002.32,0.491562
1002.80,0.493623
1003.28,0.495685
1003.77,0.497655
1004.25,0.499498
1004.73,0.501269
1005.21,0.503076
1005.70,0.505018
1006.18,0.507121
1006.66,0.509308
1007.14,0.511425
1007.62,0.513299
1008.11,0.514817
1008.59,0.515957
1009.07,0.516780
1009.55,0.517374
1010.03,0.517813
1010.52,0.518124
1011.00,0.518304
1011.48,0.518361
1011.96,0.518344
1012.45,0.518347
1012.93,0.518473
1013.41,0.518772
1013.89,0.519204
1014.37,0.519625
1014.86,0.519844
1015.34,0.519691
1015.82,0.519066
1016.30,0.517972
1016.78,0.516477
1017.27,0.514661
1017.75,0.512561
1018.23,0.510170
1018.71,0.507470
1019.20,0.504484
1019.68,0.501325
1020.16,0.498186
1020.64,0.495269
1021.12,0.492725
1021.61,0.490579
1022.09,0.488719
1022.57,0.486926
1023.05,0.484963
1023.53,0.482673
1024.02,0.480006
1024.50,0.477029
1024.98,0.473870
1025.46,0.470660
1025.94,0.467472
1026.43,0.464310
1026.91,0.461129
1027.39,0.457873
1027.87,0.454503
1028.36,0.451015
1028.84,0.447435
1029.32,0.443809
1029.80,0.440192
1030.28,0.436638
1030.77,0.433205
1031.25,0.429947
1031.73,0.426900
1032.21,0.424068
1032.69,0.421411
1033.18,0.418851
1033.66,0.416287
1034.14,0.413632
1034.62,0.410843
1035.10,0.407933
1035.59,0.404958
1036.07,0.401994
1036.55,0.399103
1037.03,0.396308
1037.52,0.393597
1038.00,0.390932
1038.48,0.388271
1038.96,0.385583
1039.44,0.382850
1039.93,0.380059
1040.41,0.377194
1040.89,0.374240
1041.37,0.371187
1041.85,0.368048
1042.34,0.364859
1042.82,0.361670
1043.30,0.358524
1043.78,0.355435
1044.27,0.352379
1044.75,0.349302
1045.23,0.346158
1045.71,0.342936
1046.19,0.339683
1046.67,0.336491
1047.16,0.333465
1047.64,0.330688
1048.12,0.328180
1048.60,0.325905
1049.09,0.323784
1049.57,0.321739
1050.05,0.319722
1050.53,0.317726
1051.01,0.315766
1051.50,0.313857
1051.98,0.311978
1052.46,0.310079
1052.94,0.308088
1053.42,0.305952
1053.91,0.303665
1054.39,0.301275
1054.87,0.298867
1055.35,0.296515
1055.84,0.294261
1056.32,0.292086
1056.80,0.289934
1057.28,0.287731
1057.76,0.285436
1058.25,0.283052
1058.73,0.280627
1059.21,0.278224
1059.69,0.275890
1060.17,0.273634
1060.66,0.271424
1061.14,0.269211
1061.62,0.266948
1062.10,0.264621
1062.59,0.262250
1063.07,0.259880
1063.55,0.257556
1064.03,0.255314
1064.51,0.253166
1065.00,0.251106
1065.48,0.249117
1065.96,0.247181
1066.44,0.245273
1066.92,0.243363
1067.41,0.241410
1067.89,0.239376
1068.37,0.237230
1068.85,0.234968
1069.34,0.232623
1069.82,0.230262
1070.30,0.227956
1070.78,0.225767
1071.26,0.223726
1071.74,0.221830
1072.23,0.220053
1072.71,0.218366
1073.19,0.216760
1073.67,0.215236
1074.16,0.213803
1074.64,0.212453
1075.12,0.211150
1075.60,0.209828
1076.08,0.208421
1076.57,0.206885
1077.05,0.205231
1077.53,0.203524
1078.01,0.201873
1078.49,0.200388
1078.98,0.199139
1079.46,0.198140
1079.94,0.197345
1080.42,0.196671
1080.91,0.196030
1081.39,0.195360
1081.87,0.194630
1082.35,0.193837
1082.83,0.192984
1083.32,0.192067
1083.80,0.191069
1084.28,0.189971
1084.76,0.188769
1085.24,0.187482
1085.73,0.186156
1086.21,0.184846
1086.69,0.183596
1087.17,0.182421
1087.65,0.181308
1088.14,0.180221
1088.62,0.179127
1089.10,0.178007
1089.58,0.176869
1090.07,0.175738
1090.55,0.174639
1091.03,0.173578
1091.51,0.172536
1091.99,0.171469
1092.48,0.170332
1092.96,0.169088
1093.44,0.167728
1093.92,0.166272
1094.40,0.164759
1094.89,0.163234
1095.37,0.161730
1095.85,0.160265
1096.33,0.158834
1096.82,0.157423
1097.30,0.156008
1097.78,0.154565
1098.26,0.153079
1098.74,0.151539
1099.23,0.149942
1099.71,0.148294
1100.19,0.146607
1100.67,0.144897
1101.15,0.143181
1101.64,0.141475
1102.12,0.139790
1102.60,0.138135
1103.08,0.136514
1103.57,0.134931
1104.05,0.133385
1104.53,0.131873
1105.01,0.130378
1105.49,0.128873
1105.98,0.127323
1106.46,0.125694
1106.94,0.123963
1107.42,0.122129
1107.90,0.120217
1108.39,0.118273
1108.87,0.116350
1109.35,0.114487
1109.83,0.112698
1110.32,0.110966
1110.80,0.109250
1111.28,0.107494
1111.76,0.105655
1112.24,0.103712
1112.72,0.101676
1113.21,0.099588
1113.69,0.097509
1114.17,0.095506
1114.65,0.093633
1115.14,0.091922
1115.62,0.090373
1116.10,0.088956
1116.58,0.087614
1117.06,0.086277
1117.55,0.084877
1118.03,0.083355
1118.51,0.081683
1118.99,0.079859
1119.47,0.077909
1119.96,0.075875
1120.44,0.073805
1120.92,0.071742
1121.40,0.069720
1121.88,0.067765
1122.37,0.065897
1122.85,0.064138
1123.33,0.062504
1123.81,0.061003
1124.30,0.059627
1124.78,0.058343
1125.26,0.057100
1125.74,0.055839
1126.22,0.054506
1126.71,0.053074
1127.19,0.051548
1127.67,0.049965
1128.15,0.048381
1128.63,0.046850
1129.12,0.045411
1129.60,0.044072
1130.08,0.042824
1130.56,0.041639
1131.05,0.040495
1131.53,0.039378
1132.01,0.038285
1132.49,0.037222
1132.97,0.036191
1133.46,0.035186
1133.94,0.034196
1134.42,0.033213
1134.90,0.032243
1135.38,0.031309
1135.87,0.030451
1136.35,0.029715
1136.83,0.029130
1137.31,0.028696
1137.80,0.028375
1138.28,0.028106
1138.76,0.027812
1139.24,0.027428
1139.72,0.026921
1140.21,0.026296
1140.69,0.025593
1141.17,0.024869
1141.65,0.024192
1142.13,0.023616
1142.62,0.023173
1143.10,0.022869
1143.58,0.022689
1144.06,0.022598
1144.55,0.022552
1145.03,0.022501
1145.51,0.022403
1145.99,0.022224
1146.47,0.021951
1146.96,0.021588
1147.44,0.021154
1147.92,0.020676
1148.40,0.020182
1148.88,0.019693
1149.37,0.019221
1149.85,0.018773
1150.33,0.018353
1150.81,0.017970
1151.30,0.017634
1151.78,0.017355
1152.26,0.017137
1152.74,0.016972
1153.22,0.016839
1153.70,0.016713
1154.19,0.016568
1154.67,0.016393
1155.15,0.016189
1155.63,0.015971
1156.12,0.015759
1156.60,0.015566
1157.08,0.015400
1157.56,0.015254
1158.04,0.015121
1158.53,0.014992
1159.01,0.014867
1159.49,0.014747
1159.97,0.014633
1160.45,0.014516
1160.94,0.014382
1161.42,0.014212
1161.90,0.013996
1162.38,0.013738
1162.87,0.013467
1163.35,0.013228
1163.83,0.013068
1164.31,0.013025
1164.79,0.013109
1165.28,0.013302
1165.76,0.013568
1166.24,0.013864
1166.72,0.014156
1167.20,0.014425
1167.69,0.014668
1168.17,0.014887
1168.65,0.015078
1169.13,0.015227
1169.62,0.015312
1170.10,0.015314
1170.58,0.015227
1171.06,0.015067
1171.54,0.014866
1172.03,0.014667
1172.51,0.014504
1172.99,0.014392
1173.47,0.014324
1173.95,0.014277
1174.44,0.014222
1174.92,0.014143
1175.40,0.014037
1175.88,0.013924
1176.37,0.013830
1176.85,0.013775
1177.33,0.013769
1177.81,0.013801
1178.29,0.013846
1178.78,0.013877
1179.26,0.013868
1179.74,0.013812
1180.22,0.013712
1180.70,0.013588
1181.19,0.013461
1181.67,0.013355
1182.15,0.013288
1182.63,0.013267
1183.11,0.013292
1183.60,0.013359
1184.08,0.013455
1184.56,0.013565
1185.04,0.013672
1185.53,0.013757
1186.01,0.013803
1186.49,0.013798
1186.97,0.013738
1187.45,0.013630
1187.94,0.013490
1188.42,0.013344
1188.90,0.013222
1189.38,0.013147
1189.86,0.013137
1190.35,0.013192
1190.83,0.013297
1191.31,0.013425
1191.79,0.013537
1192.28,0.013604
1192.76,0.013600
1193.24,0.013523
1193.72,0.013386
1194.20,0.013218
1194.68,0.013052
1195.17,0.012920
1195.65,0.012841
1196.13,0.012823
1196.61,0.012859
1197.10,0.012932
1197.58,0.013026
1198.06,0.013122
1198.54,0.013207
1199.02,0.013271
1199.51,0.013307
1199.99,0.013308
1200.47,0.013273
1200.95,0.013202
1201.43,0.013103
1201.92,0.012992
1202.40,0.012887
1202.88,0.012812
1203.36,0.012783
1203.85,0.012813
1204.33,0.012901
1204.81,0.013038
1205.29,0.013202
1205.77,0.013366
1206.26,0.013501
1206.74,0.013582
1207.22,0.013594
1207.70,0.013534
1208.18,0.013413
1208.67,0.013255
1209.15,0.013093
1209.63,0.012963
1210.11,0.012895
1210.60,0.012910
1211.08,0.013015
1211.56,0.013206
1212.04,0.013465
1212.52,0.013768
1213.01,0.014088
1213.49,0.014396
1213.97,0.014662
1214.45,0.014861
1214.93,0.014973
1215.42,0.014987
1215.90,0.014905
1216.38,0.014744
1216.86,0.014534
1217.35,0.014313
1217.83,0.014120
1218.31,0.013988
1218.79,0.013932
1219.27,0.013950
1219.76,0.014022
1220.24,0.014116
1220.72,0.014197
1221.20,0.014237
1221.68,0.014222
1222.17,0.014154
1222.65,0.014053
1223.13,0.013947
1223.61,0.013864
1224.09,0.013823
1224.58,0.013826
1225.06,0.013857
1225.54,0.013890
1226.02,0.013898
1226.51,0.013864
1226.99,0.013795
1227.47,0.013720
1227.95,0.013680
1228.43,0.013719
1228.91,0.013861
1229.40,0.014104
1229.88,0.014409
1230.36,0.014715
1230.84,0.014955
1231.33,0.015078
1231.81,0.015060
1232.29,0.014916
1232.77,0.014691
1233.26,0.014447
1233.74,0.014239
1234.22,0.014104
1234.70,0.014056
1235.18,0.014085
1235.66,0.014166
1236.15,0.014273
1236.63,0.014387
1237.11,0.014498
1237.59,0.014603
1238.08,0.014701
1238.56,0.014789
1239.04,0.014859
1239.52,0.014903
1240.00,0.014916
1240.49,0.014900
1240.97,0.014867
1241.45,0.014837
1241.93,0.014829
1242.41,0.014860
1242.90,0.014934
1243.38,0.015045
1243.86,0.015174
1244.34,0.015296
1244.83,0.015389
1245.31,0.015442
1245.79,0.015452
1246.27,0.015432
1246.75,0.015405
1247.24,0.015396
1247.72,0.015426
1248.20,0.015507
1248.68,0.015642
1249.16,0.015822
1249.65,0.016032
1250.13,0.016255
1250.61,0.016477
1251.09,0.016686
1251.58,0.016875
1252.06,0.017042
1252.54,0.017186
1253.02,0.017309
1253.50,0.017413
1253.98,0.017500
1254.47,0.017569
1254.95,0.017618
1255.43,0.017639
1255.91,0.017625
1256.40,0.017570
1256.88,0.017475
1257.36,0.017349
1257.84,0.017214
1258.33,0.017096
1258.81,0.017018
1259.29,0.016997
1259.77,0.017027
1260.25,0.017090
1260.73,0.017153
1261.22,0.017185
1261.70,0.017167
1262.18,0.017098
1262.66,0.017000
1263.15,0.016905
1263.63,0.016851
1264.11,0.016864
1264.59,0.016954
1265.07,0.017114
1265.56,0.017322
1266.04,0.017548
1266.52,0.017760
1267.00,0.017931
1267.48,0.018044
1267.97,0.018090
1268.45,0.018073
1268.93,0.018006
1269.41,0.017916
1269.89,0.017832
1270.38,0.017784
1270.86,0.017793
1271.34,0.017862
1271.82,0.017976
1272.31,0.018107
1272.79,0.018222
1273.27,0.018287
1273.75,0.018287
1274.23,0.018219
1274.72,0.018097
1275.20,0.017942
1275.68,0.017780
1276.16,0.017639
1276.64,0.017538
1277.13,0.017498
1277.61,0.017531
1278.09,0.017643
1278.57,0.017828
1279.06,0.018067
1279.54,0.018332
1280.02,0.018586
1280.50,0.018797
1280.98,0.018946
1281.47,0.019032
1281.95,0.019069
1282.43,0.019080
1282.91,0.019088
1283.39,0.019106
1283.88,0.019136
1284.36,0.019169
1284.84,0.019197
1285.32,0.019215
1285.81,0.019230
1286.29,0.019253
1286.77,0.019301
1287.25,0.019379
1287.73,0.019483
1288.22,0.019599
1288.70,0.019706
1289.18,0.019787
1289.66,0.019834
1290.14,0.019852
1290.63,0.019854
1291.11,0.019858
1291.59,0.019877
1292.07,0.019921
1292.56,0.019989
1293.04,0.020079
1293.52,0.020185
1294.00,0.020299
1294.48,0.020415
1294.96,0.020526
1295.45,0.020628
1295.93,0.020717
1296.41,0.020799
1296.89,0.020879
1297.38,0.020969
1297.86,0.021073
1298.34,0.021194
1298.82,0.021323
1299.30,0.021442
1299.79,0.021533
1300.27,0.021587
1300.75,0.021602
1301.23,0.021596
1301.71,0.021592
1302.20,0.021615
1302.68,0.021686
1303.16,0.021808
1303.64,0.021972
1304.13,0.022158
1304.61,0.022344
1305.09,0.022514
1305.57,0.022661
1306.05,0.022786
1306.54,0.022900
1307.02,0.023010
1307.50,0.023122
1307.98,0.023236
1308.46,0.023349
1308.95,0.023458
1309.43,0.023560
1309.91,0.023658
1310.39,0.023759
1310.88,0.023870
1311.36,0.023998
1311.84,0.024140
1312.32,0.024288
1312.80,0.024427
1313.29,0.024533
1313.77,0.024585
1314.25,0.024575
1314.73,0.024505
1315.21,0.024397
1315.70,0.024283
1316.18,0.024198
1316.66,0.024171
1317.14,0.024217
1317.62,0.024332
1318.11,0.024498
1318.59,0.024690
1319.07,0.024885
1319.55,0.025071
1320.04,0.025247
1320.52,0.025416
1321.00,0.025580
1321.48,0.025731
1321.96,0.025855
1322.45,0.025940
1322.93,0.025980
1323.41,0.025984
1323.89,0.025976
1324.38,0.025987
1324.86,0.026043
1325.34,0.026154
1325.82,0.026308
1326.30,0.026480
1326.79,0.026639
1327.27,0.026762
1327.75,0.026843
1328.23,0.026892
1328.71,0.026929
1329.20,0.026971
1329.68,0.027028
1330.16,0.027094
1330.64,0.027159
1331.12,0.027214
1331.61,0.027256
1332.09,0.027293
1332.57,0.027337
1333.05,0.027397
1333.54,0.027473
1334.02,0.027558
1334.50,0.027638
1334.98,0.027701
1335.46,0.027747
1335.94,0.027783
1336.43,0.027830
1336.91,0.027908
1337.39,0.028036
1337.87,0.028227
1338.36,0.028490
1338.84,0.028824
1339.32,0.029225
1339.80,0.029676
1340.28,0.030148
1340.77,0.030600
1341.25,0.030988
1341.73,0.031284
1342.21,0.031477
1342.69,0.031585
1343.18,0.031641
1343.66,0.031692
1344.14,0.031776
1344.62,0.031916
1345.11,0.032112
1345.59,0.032340
1346.07,0.032567
1346.55,0.032763
1347.03,0.032916
1347.52,0.033036
1348.00,0.033151
1348.48,0.033293
1348.96,0.033485
1349.44,0.033732
1349.93,0.034023
1350.41,0.034340
1350.89,0.034665
1351.37,0.034990
1351.86,0.035317
1352.34,0.035650
1352.82,0.035990
1353.30,0.036330
1353.78,0.036657
1354.27,0.036954
1354.75,0.037211
1355.23,0.037428
1355.71,0.037617
1356.19,0.037799
1356.68,0.037994
1357.16,0.038220
1357.64,0.038484
1358.12,0.038791
1358.61,0.039143
1359.09,0.039539
1359.57,0.039983
1360.05,0.040476
1360.53,0.041021
1361.02,0.041618
1361.50,0.042265
1361.98,0.042954
1362.46,0.043672
1362.94,0.044394
1363.43,0.045090
1363.91,0.045730
1364.39,0.046296
1364.87,0.046787
1365.35,0.047221
1365.84,0.047630
1366.32,0.048054
1366.80,0.048527
1367.28,0.049081
1367.77,0.049728
1368.25,0.050462
1368.73,0.051252
1369.21,0.052061
1369.69,0.052848
1370.18,0.053588
1370.66,0.054275
1371.14,0.054923
1371.62,0.055563
1372.10,0.056233
1372.59,0.056979
1373.07,0.057842
1373.55,0.058851
1374.03,0.060003
1374.52,0.061251
1375.00,0.062515
1375.48,0.063702
1375.96,0.064753
1376.44,0.065657
1376.92,0.066454
1377.41,0.067211
1377.89,0.067995
1378.37,0.068860
1378.85,0.069828
1379.34,0.070889
1379.82,0.072012
1380.30,0.073163
1380.78,0.074322
1381.26,0.075488
1381.75,0.076671
1382.23,0.077872
1382.71,0.079075
1383.19,0.080245
1383.67,0.081338
1384.16,0.082325
1384.64,0.083208
1385.12,0.084022
1385.60,0.084825
1386.09,0.085681
1386.57,0.086633
1387.05,0.087692
1387.53,0.088822
1388.01,0.089963
1388.50,0.091066
1388.98,0.092106
1389.46,0.093094
1389.94,0.094045
1390.42,0.094968
1390.91,0.095851
1391.39,0.096678
1391.87,0.097440
1392.35,0.098154
1392.84,0.098871
1393.32,0.099675
1393.80,0.100655
1394.28,0.101867
1394.76,0.103297
1395.25,0.104838
1395.73,0.106333
1396.21,0.107646
1396.69,0.108727
1397.17,0.109623
1397.66,0.110446
1398.14,0.111317
1398.62,0.112325
1399.10,0.113496
1399.59,0.114780
1400.07,0.116074
1400.55,0.117268
1401.03,0.118293
1401.51,0.119135
1401.99,0.119814
1402.48,0.120370
1402.96,0.120844
1403.44,0.121273
1403.92,0.121687
1404.41,0.122114
1404.89,0.122568
1405.37,0.123051
1405.85,0.123544
1406.33,0.124020
1406.82,0.124455
1407.30,0.124841
1407.78,0.125186
1408.26,0.125511
1408.74,0.125842
1409.23,0.126196
1409.71,0.126576
1410.19,0.126968
1410.67,0.127348
1411.16,0.127693
1411.64,0.127982
1412.12,0.128206
1412.60,0.128359
1413.08,0.128434
1413.57,0.128418
1414.05,0.128301
1414.53,0.128079
1415.01,0.127766
1415.49,0.127393
1415.98,0.127009
1416.46,0.126666
1416.94,0.126408
1417.42,0.126261
1417.90,0.126224
1418.39,0.126255
1418.87,0.126270
1419.35,0.126165
1419.83,0.125849
1420.32,0.125291
1420.80,0.124522
1421.28,0.123602
1421.76,0.122593
1422.24,0.121550
1422.73,0.120520
1423.21,0.119547
1423.69,0.118666
1424.17,0.117891
1424.65,0.117205
1425.14,0.116556
1425.62,0.115882
1426.10,0.115141
1426.58,0.114324
1427.07,0.113454
1427.55,0.112570
1428.03,0.111718
1428.51,0.110936
1428.99,0.110244
1429.48,0.109648
1429.96,0.109148
1430.44,0.108744
1430.92,0.108441
1431.40,0.108244
1431.89,0.108148
1432.37,0.108126
1432.85,0.108138
1433.33,0.108145
1433.82,0.108121
1434.30,0.108071
1434.78,0.108029
1435.26,0.108048
1435.74,0.108176
1436.23,0.108423
1436.71,0.108723
1437.19,0.108958
1437.67,0.109012
1438.15,0.108860
1438.64,0.108574
1439.12,0.108268
1439.60,0.108037
1440.08,0.107928
1440.57,0.107950
1441.05,0.108073
1441.53,0.108256
1442.01,0.108458
1442.49,0.108660
1442.97,0.108860
1443.46,0.109067
1443.94,0.109279
1444.42,0.109477
1444.90,0.109621
1445.39,0.109670
1445.87,0.109600
1446.35,0.109415
1446.83,0.109153
1447.31,0.108873
1447.80,0.108631
1448.28,0.108452
1448.76,0.108322
1449.24,0.108197
1449.72,0.108036
1450.21,0.107814
1450.69,0.107533
1451.17,0.107203
1451.65,0.106837
1452.13,0.106433
1452.62,0.105976
1453.10,0.105451
1453.58,0.104852
1454.06,0.104188
1454.55,0.103490
1455.03,0.102795
1455.51,0.102150
1455.99,0.101604
1456.47,0.101207
1456.96,0.100989
1457.44,0.100931
1457.92,0.100960
1458.40,0.100967
1458.88,0.100876
1459.37,0.100665
1459.85,0.100329
1460.33,0.099875
1460.81,0.099316
1461.30,0.098674
1461.78,0.097979
1462.26,0.097273
1462.74,0.096612
1463.22,0.096056
1463.71,0.095670
1464.19,0.095516
1464.67,0.095622
1465.15,0.095960
1465.63,0.096430
1466.12,0.096907
1466.60,0.097276
1467.08,0.097470
1467.56,0.097468
1468.05,0.097279
1468.53,0.096930
1469.01,0.096460
1469.49,0.095913
1469.97,0.095344
1470.46,0.094803
1470.94,0.094339
1471.42,0.093995
1471.90,0.093786
1472.38,0.093688
1472.87,0.093628
1473.35,0.093506
1473.83,0.093246
1474.31,0.092836
1474.80,0.092315
1475.28,0.091743
1475.76,0.091171
1476.24,0.090631
1476.72,0.090138
1477.20,0.089681
1477.69,0.089236
1478.17,0.088769
1478.65,0.088254
1479.13,0.087681
1479.62,0.087057
1480.10,0.086408
1480.58,0.085773
1481.06,0.085193
1481.55,0.084690
1482.03,0.084260
1482.51,0.083866
1482.99,0.083460
1483.47,0.082996
1483.95,0.082455
1484.44,0.081845
1484.92,0.081199
1485.40,0.080554
1485.88,0.079943
1486.37,0.079387
1486.85,0.078882
1487.33,0.078418
1487.81,0.077983
1488.29,0.077587
1488.78,0.077268
1489.26,0.077084
1489.74,0.077085
1490.22,0.077266
1490.70,0.077550
1491.19,0.077817
1491.67,0.077949
1492.15,0.077889
1492.63,0.077640
1493.12,0.077241
1493.60,0.076741
1494.08,0.076184
1494.56,0.075612
1495.04,0.075062
1495.53,0.074567
1496.01,0.074158
1496.49,0.073853
1496.97,0.073645
1497.45,0.073493
1497.94,0.073345
1498.42,0.073153
1498.90,0.072893
1499.38,0.072568
1499.87,0.072194
1500.35,0.071790
1500.83,0.071364
1501.31,0.070909
1501.79,0.070411
1502.28,0.069851
1502.76,0.069220
1503.24,0.068515
1503.72,0.067743
1504.20,0.066918
1504.69,0.066064
1505.17,0.065205
1505.65,0.064389
1506.13,0.063695
1506.62,0.063235
1507.10,0.063096
1507.58,0.063216
1508.06,0.063361
1508.54,0.063286
1509.03,0.062912
1509.51,0.062279
1509.99,0.061463
1510.47,0.060546
1510.95,0.059603
1511.44,0.058704
1511.92,0.057894
1512.40,0.057194
1512.88,0.056589
1513.36,0.056035
1513.85,0.055481
1514.33,0.054891
1514.81,0.054252
1515.29,0.053591
1515.78,0.052960
1516.26,0.052425
1516.74,0.052042
1517.22,0.051817
1517.70,0.051696
1518.18,0.051583
1518.67,0.051402
1519.15,0.051125
1519.63,0.050768
1520.11,0.050374
1520.60,0.050002
1521.08,0.049713
1521.56,0.049542
1522.04,0.049475
1522.52,0.049444
1523.01,0.049375
1523.49,0.049225
1523.97,0.048990
1524.45,0.048683
1524.93,0.048319
1525.42,0.047908
1525.90,0.047457
1526.38,0.046983
1526.86,0.046512
1527.35,0.046074
1527.83,0.045694
1528.31,0.045380
1528.79,0.045123
1529.27,0.044900
1529.76,0.044686
1530.24,0.044456
1530.72,0.044196
1531.20,0.043905
1531.68,0.043597
1532.17,0.043307
1532.65,0.043086
1533.13,0.042998
1533.61,0.043086
1534.10,0.043335
1534.58,0.043651
1535.06,0.043909
1535.54,0.044029
1536.02,0.043985
1536.51,0.043797
1536.99,0.043498
1537.47,0.043127
1537.95,0.042721
1538.43,0.042318
1538.92,0.041971
1539.40,0.041734
1539.88,0.041662
1540.36,0.041771
1540.85,0.042028
1541.33,0.042360
1541.81,0.042713
1542.29,0.043073
1542.77,0.043458
1543.26,0.043888
1543.74,0.044369
1544.22,0.044879
1544.70,0.045364
1545.18,0.045753
1545.67,0.045976
1546.15,0.046000
1546.63,0.045841
1547.11,0.045544
1547.59,0.045167
1548.08,0.044767
1548.56,0.044395
1549.04,0.044095
1549.52,0.043898
1550.01,0.043808
1550.49,0.043800
1550.97,0.043822
1551.45,0.043824
1551.93,0.043778
1552.42,0.043682
1552.90,0.043555
1553.38,0.043422
1553.86,0.043302
1554.34,0.043195
1554.83,0.043081
1555.31,0.042923
1555.79,0.042685
1556.27,0.042346
1556.76,0.041905
1557.24,0.041387
1557.72,0.040850
1558.20,0.040432
1558.68,0.040380
1559.16,0.040972
1559.65,0.042207
1560.13,0.043604
1560.61,0.044657
1561.09,0.045233
1561.58,0.045437
1562.06,0.045400
1562.54,0.045208
1563.02,0.044911
1563.50,0.044545
1563.99,0.044154
1564.47,0.043788
1564.95,0.043508
1565.43,0.043365
1565.91,0.043380
1566.40,0.043534
1566.88,0.043789
1567.36,0.044110
1567.84,0.044477
1568.33,0.044893
1568.81,0.045371
1569.29,0.045909
1569.77,0.046465
1570.25,0.046952
1570.74,0.047266
1571.22,0.047351
1571.70,0.047212
1572.18,0.046901
1572.66,0.046478
1573.15,0.046002
1573.63,0.045524
1574.11,0.045085
1574.59,0.044735
1575.08,0.044536
1575.56,0.044556
1576.04,0.044847
1576.52,0.045395
1577.00,0.046088
1577.49,0.046753
1577.97,0.047249
1578.45,0.047533
1578.93,0.047637
1579.41,0.047626
1579.90,0.047571
1580.38,0.047531
1580.86,0.047550
1581.34,0.047647
1581.83,0.047817
1582.31,0.048034
1582.79,0.048261
1583.27,0.048463
1583.75,0.048624
1584.23,0.048742
1584.72,0.048836
1585.20,0.048927
1585.68,0.049036
1586.16,0.049173
1586.65,0.049339
1587.13,0.049525
1587.61,0.049717
1588.09,0.049899
1588.57,0.050056
1589.06,0.050172
1589.54,0.050238
1590.02,0.050252
1590.50,0.050223
1590.98,0.050172
1591.47,0.050134
1591.95,0.050141
1592.43,0.050223
1592.91,0.050393
1593.40,0.050646
1593.88,0.050963
1594.36,0.051313
1594.84,0.051673
1595.32,0.052031
1595.81,0.052388
1596.29,0.052759
1596.77,0.053159
1597.25,0.053598
1597.73,0.054071
1598.22,0.054565
1598.70,0.055057
1599.18,0.055521
1599.66,0.055932
1600.14,0.056267
1600.63,0.056510
1601.11,0.056652
1601.59,0.056698
1602.07,0.056666
1602.56,0.056591
1603.04,0.056512
1603.52,0.056469
1604.00,0.056490
1604.48,0.056585
1604.97,0.056739
1605.45,0.056927
1605.93,0.057123
1606.41,0.057312
1606.89,0.057500
1607.38,0.057711
1607.86,0.057979
1608.34,0.058334
1608.82,0.058784
1609.31,0.059310
1609.79,0.059872
1610.27,0.060420
1610.75,0.060909
1611.23,0.061305
1611.72,0.061598
1612.20,0.061783
1612.68,0.061868
1613.16,0.061860
1613.64,0.061766
1614.13,0.061598
1614.61,0.061382
1615.09,0.061164
1615.57,0.061023
1616.06,0.061066
1616.54,0.061403
1617.02,0.062073
1617.50,0.062986
1617.98,0.063942
1618.47,0.064751
1618.95,0.065305
1619.43,0.065603
1619.91,0.065704
1620.39,0.065691
1620.88,0.065648
1621.36,0.065651
1621.84,0.065769
1622.32,0.066049
1622.81,0.066505
1623.29,0.067086
1623.77,0.067685
1624.25,0.068175
1624.73,0.068464
1625.21,0.068532
1625.70,0.068430
1626.18,0.068240
1626.66,0.068050
1627.14,0.067933
1627.63,0.067941
1628.11,0.068086
1628.59,0.068337
1629.07,0.068626
1629.55,0.068880
1630.04,0.069041
1630.52,0.069083
1631.00,0.069005
1631.48,0.068820
1631.96,0.068538
1632.45,0.068165
1632.93,0.067703
1633.41,0.067159
1633.89,0.066557
1634.38,0.065960
1634.86,0.065479
1635.34,0.065268
1635.82,0.065471
1636.30,0.066107
1636.79,0.066994
1637.27,0.067839
1637.75,0.068440
1638.23,0.068749
1638.71,0.068825
1639.20,0.068753
1639.68,0.068600
1640.16,0.068404
1640.64,0.068175
1641.12,0.067907
1641.61,0.067592
1642.09,0.067230
1642.57,0.066833
1643.05,0.066420
1643.54,0.066003
1644.02,0.065589
1644.50,0.065168
1644.98,0.064726
1645.46,0.064256
1645.95,0.063774
1646.43,0.063333
1646.91,0.063021
1647.39,0.062902
1647.88,0.062960
1648.36,0.063079
1648.84,0.063130
1649.32,0.063034
1649.80,0.062779
1650.29,0.062391
1650.77,0.061918
1651.25,0.061414
1651.73,0.060931
1652.21,0.060543
1652.70,0.060340
1653.18,0.060396
1653.66,0.060660
1654.14,0.060902
1654.62,0.060906
1655.11,0.060629
1655.59,0.060161
1656.07,0.059588
1656.55,0.058963
1657.04,0.058313
1657.52,0.057658
1658.00,0.057018
1658.48,0.056406
1658.96,0.055835
1659.45,0.055305
1659.93,0.054810
1660.41,0.054340
1660.89,0.053885
1661.37,0.053444
1661.86,0.053019
1662.34,0.052610
1662.82,0.052204
1663.30,0.051765
1663.79,0.051247
1664.27,0.050623
1664.75,0.049892
1665.23,0.049089
1665.71,0.048258
1666.19,0.047450
1666.68,0.046703
1667.16,0.046041
1667.64,0.045478
1668.12,0.045012
1668.61,0.044629
1669.09,0.044304
1669.57,0.044012
1670.05,0.043723
1670.53,0.043409
1671.02,0.043046
1671.50,0.042613
1671.98,0.042094
1672.46,0.041490
1672.94,0.040815
1673.43,0.040096
1673.91,0.039370
1674.39,0.038681
1674.87,0.038072
1675.36,0.037566
1675.84,0.037145
1676.32,0.036752
1676.80,0.036323
1677.28,0.035814
1677.77,0.035223
1678.25,0.034573
1678.73,0.033897
1679.21,0.033225
1679.69,0.032582
1680.18,0.031986
1680.66,0.031437
1681.14,0.030925
1681.62,0.030429
1682.11,0.029933
1682.59,0.029424
1683.07,0.028907
1683.55,0.028402
1684.03,0.027950
1684.52,0.027591
1685.00,0.027326
1685.48,0.027099
1685.96,0.026846
1686.44,0.026538
1686.93,0.026180
1687.41,0.025793
1687.89,0.025399
1688.37,0.025025
1688.86,0.024688
1689.34,0.024401
1689.82,0.024160
1690.30,0.023946
1690.78,0.023727
1691.27,0.023466
1691.75,0.023138
1692.23,0.022734
1692.71,0.022262
1693.19,0.021746
1693.68,0.021221
1694.16,0.020734
1694.64,0.020334
1695.12,0.020074
1695.60,0.019978
1696.09,0.020015
1696.57,0.020074
1697.05,0.020016
1697.53,0.019761
1698.02,0.019307
1698.50,0.018714
1698.98,0.018058
1699.46,0.017425
1699.94,0.016897
1700.43,0.016542
1700.91,0.016364
1701.39,0.016287
1701.87,0.016208
1702.35,0.016070
1702.84,0.015883
1703.32,0.015683
1703.80,0.015511
1704.28,0.015391
1704.77,0.015332
1705.25,0.015318
1705.73,0.015312
1706.21,0.015266
1706.69,0.015152
1707.17,0.014969
1707.66,0.014741
1708.14,0.014495
1708.62,0.014248
1709.10,0.013997
1709.59,0.013732
1710.07,0.013438
1710.55,0.013108
1711.03,0.012741
1711.51,0.012350
1712.00,0.011951
1712.48,0.011557
1712.96,0.011178
1713.44,0.010819
1713.92,0.010483
1714.41,0.010172
1714.89,0.009892
1715.37,0.009654
1715.85,0.009469
1716.34,0.009350
1716.82,0.009304
1717.30,0.009331
1717.78,0.009418
1718.26,0.009529
1718.75,0.009615
1719.23,0.009636
1719.71,0.009578
1720.19,0.009447
1720.67,0.009265
1721.16,0.009055
1721.64,0.008840
1722.12,0.008641
1722.60,0.008471
1723.09,0.008332
1723.57,0.008214
1724.05,0.008093
1724.53,0.007937
1725.01,0.007726
1725.50,0.007450
1725.98,0.007123
1726.46,0.006764
1726.94,0.006400
1727.42,0.006051
1727.91,0.005730
1728.39,0.005441
1728.87,0.005185
1729.35,0.004966
1729.84,0.004785
1730.32,0.004644
1730.80,0.004536
1731.28,0.004447
1731.76,0.004356
1732.24,0.004251
1732.73,0.004136
1733.21,0.004047
1733.69,0.004055
1734.17,0.004241
1734.66,0.004625
1735.14,0.005111
1735.62,0.005533
1736.10,0.005775
1736.58,0.005810
1737.07,0.005682
1737.55,0.005458
1738.03,0.005214
1738.51,0.005021
1738.99,0.004935
1739.48,0.004979
1739.96,0.005120
1740.44,0.005280
1740.92,0.005356
1741.40,0.005282
1741.89,0.005049
1742.37,0.004694
1742.85,0.004281
1743.33,0.003877
1743.82,0.003541
1744.30,0.003304
1744.78,0.003175
1745.26,0.003139
1745.74,0.003176
1746.23,0.003263
1746.71,0.003379
1747.19,0.003502
1747.67,0.003606
1748.15,0.003665
1748.64,0.003657
1749.12,0.003584
1749.60,0.003475
1750.08,0.003377
1750.57,0.003347
1751.05,0.003413
1751.53,0.003557
1752.01,0.003719
1752.49,0.003820
1752.98,0.003805
1753.46,0.003659
1753.94,0.003402
1754.42,0.003082
1754.90,0.002753
1755.39,0.002465
1755.87,0.002266
1756.35,0.002184
1756.83,0.002224
1757.32,0.002358
1757.80,0.002531
1758.28,0.002685
1758.76,0.002780
1759.24,0.002799
1759.73,0.002750
1760.21,0.002655
1760.69,0.002542
1761.17,0.002438
1761.65,0.002369
1762.14,0.002347
1762.62,0.002369
1763.10,0.002413
1763.58,0.002448
1764.07,0.002453
1764.55,0.002418
1765.03,0.002351
1765.51,0.002269
1765.99,0.002199
1766.47,0.002166
1766.96,0.002189
1767.44,0.002273
1767.92,0.002403
1768.40,0.002540
1768.89,0.002638
1769.37,0.002662
1769.85,0.002597
1770.33,0.002458
1770.82,0.002277
1771.30,0.002099
1771.78,0.001967
1772.26,0.001907
1772.74,0.001917
1773.22,0.001961
1773.71,0.001992
1774.19,0.001977
1774.67,0.001912
1775.15,0.001811
1775.64,0.001695
1776.12,0.001572
1776.60,0.001444
1777.08,0.001299
1777.56,0.001128
1778.05,0.000924
1778.53,0.000693
1779.01,0.000457
1779.49,0.000245
1779.97,0.000091
1780.46,0.000017
1780.94,0.000025
1781.42,0.000092
1781.90,0.000190
1782.38,0.000293
1782.87,0.000394
1783.35,0.000506
1783.83,0.000650
1784.31,0.000842
1784.80,0.001079
1785.28,0.001334
1785.76,0.001564
1786.24,0.001729
1786.72,0.001808
1787.21,0.001808
1787.69,0.001753
1788.17,0.001675
1788.65,0.001595
1789.13,0.001524
1789.62,0.001459
1790.10,0.001396
1790.58,0.001336
1791.06,0.001295
1791.55,0.001302
1792.03,0.001386
1792.51,0.001556
1792.99,0.001784
1793.47,0.002007
1793.96,0.002162
1794.44,0.002221
1794.92,0.002194
1795.40,0.002121
1795.88,0.002052
1796.37,0.002035
1796.85,0.002097
1797.33,0.002242
1797.81,0.002448
1798.30,0.002680
1798.78,0.002898
1799.26,0.003067
1799.74,0.003164
1800.22,0.003176
1800.71,0.003101
1801.19,0.002944
1801.67,0.002717
1802.15,0.002437
1802.63,0.002123
1803.12,0.001797
1803.60,0.001478
1804.08,0.001185
1804.56,0.000939
1805.05,0.000759
1805.53,0.000664
1806.01,0.000671
1806.49,0.000784
1806.97,0.000995
1807.45,0.001274
1807.94,0.001575
1808.42,0.001839
1808.90,0.002009
1809.38,0.002048
1809.87,0.001952
1810.35,0.001752
1810.83,0.001500
1811.31,0.001255
1811.79,0.001057
1812.28,0.000913
1812.76,0.000803
1813.24,0.000695
1813.72,0.000567
1814.20,0.000425
1814.69,0.000301
1815.17,0.000235
1815.65,0.000267
1816.13,0.000411
1816.62,0.000646
1817.10,0.000919
1817.58,0.001164
1818.06,0.001329
1818.54,0.001395
1819.03,0.001383
1819.51,0.001342
1819.99,0.001324
1820.47,0.001364
1820.95,0.001467
1821.44,0.001613
1821.92,0.001771
1822.40,0.001916
1822.88,0.002039
1823.37,0.002149
1823.85,0.002264
1824.33,0.002399
1824.81,0.002547
1825.29,0.002679
1825.78,0.002755
1826.26,0.002743
1826.74,0.002638
1827.22,0.002472
1827.70,0.002296
1828.19,0.002174
1828.67,0.002158
1829.15,0.002278
1829.63,0.002520
1830.12,0.002822
1830.60,0.003075
1831.08,0.003168
1831.56,0.003044
1832.04,0.002715
1832.53,0.002252
1833.01,0.001746
1833.49,0.001289
1833.97,0.000957
1834.45,0.000792
1834.94,0.000803
1835.42,0.000957
1835.90,0.001190
1836.38,0.001417
1836.87,0.001558
1837.35,0.001563
1837.83,0.001420
1838.31,0.001154
1838.79,0.000825
1839.28,0.000505
1839.76,0.000262
1840.24,0.000144
1840.72,0.000176
1841.20,0.000359
1841.69,0.000677
1842.17,0.001098
1842.65,0.001582
1843.13,0.002068
1843.61,0.002486
1844.10,0.002769
1844.58,0.002870
1845.06,0.002789
1845.54,0.002567
1846.03,0.002267
1846.51,0.001945
1846.99,0.001630
1847.47,0.001335
1847.95,0.001067
1848.43,0.000839
1848.92,0.000675
1849.40,0.000605
1849.88,0.000652
1850.36,0.000817
1850.85,0.001072
1851.33,0.001362
1851.81,0.001621
1852.29,0.001791
1852.77,0.001835
1853.26,0.001754
1853.74,0.001586
1854.22,0.001397
1854.70,0.001266
1855.18,0.001249
1855.67,0.001375
1856.15,0.001624
1856.63,0.001946
1857.11,0.002258
1857.60,0.002478
1858.08,0.002544
1858.56,0.002425
1859.04,0.002141
1859.52,0.001747
1860.01,0.001325
1860.49,0.000953
1860.97,0.000692
1861.45,0.000570
1861.93,0.000583
1862.42,0.000696
1862.90,0.000860
1863.38,0.001030
1863.86,0.001171
1864.35,0.001264
1864.83,0.001301
1865.31,0.001284
1865.79,0.001218
1866.27,0.001112
1866.76,0.000979
1867.24,0.000841
1867.72,0.000722
1868.20,0.000639
1868.68,0.000598
1869.17,0.000579
1869.65,0.000546
1870.13,0.000464
1870.61,0.000329
1871.10,0.000169
1871.58,0.000035
1872.06,-0.000021
1872.54,0.000041
1873.02,0.000226
1873.51,0.000506
1873.99,0.000823
1874.47,0.001116
1874.95,0.001334
1875.43,0.001459
1875.92,0.001508
1876.40,0.001520
1876.88,0.001534
1877.36,0.001570
1877.84,0.001630
1878.33,0.001702
1878.81,0.001782
1879.29,0.001887
1879.77,0.002057
1880.26,0.002338
1880.74,0.002760
1881.22,0.003306
1881.70,0.003910
1882.18,0.004461
1882.67,0.004845
1883.15,0.004974
1883.63,0.004815
1884.11,0.004398
1884.59,0.003810
1885.08,0.003172
1885.56,0.002603
1886.04,0.002196
1886.52,0.002004
1887.01,0.002032
1887.49,0.002252
1887.97,0.002613
1888.45,0.003045
1888.93,0.003459
1889.41,0.003764
1889.90,0.003892
1890.38,0.003821
1890.86,0.003602
1891.34,0.003338
1891.83,0.003158
1892.31,0.003160
1892.79,0.003387
1893.27,0.003811
1893.75,0.004348
1894.24,0.004872
1894.72,0.005247
1895.20,0.005377
1895.68,0.005220
1896.16,0.004807
1896.65,0.004220
1897.13,0.003567
1897.61,0.002945
1898.09,0.002420
1898.58,0.002037
1899.06,0.001818
1899.54,0.001772
1900.02,0.001895
1900.50,0.002158
1900.99,0.002509
1901.47,0.002872
1901.95,0.003170
1902.43,0.003352
1902.91,0.003408
1903.40,0.003380
1903.88,0.003346
1904.36,0.003392
1904.84,0.003569
1905.33,0.003867
1905.81,0.004207
1906.29,0.004472
1906.77,0.004535
1907.25,0.004312
1907.74,0.003797
1908.22,0.003077
1908.70,0.002321
1909.18,0.001715
1909.66,0.001427
1910.15,0.001540
1910.63,0.002026
1911.11,0.002763
1911.59,0.003578
1912.08,0.004318
1912.56,0.004879
1913.04,0.005245
1913.52,0.005472
1914.00,0.005665
1914.48,0.005920
1914.97,0.006297
1915.45,0.006788
1915.93,0.007320
1916.41,0.007768
1916.90,0.007980
1917.38,0.007831
1917.86,0.007253
1918.34,0.006274
1918.82,0.005014
1919.31,0.003668
1919.79,0.002427
1920.27,0.001419
1920.75,0.000699
1921.23,0.000248
1921.72,0.000012
1922.20,-0.000091
1922.68,-0.000147
1923.16,-0.000241
1923.65,-0.000446
1924.13,-0.000800
1924.61,-0.001285
1925.09,-0.001832
1925.57,-0.002334
1926.06,-0.002669
1926.54,-0.002719
1927.02,-0.002408
1927.50,-0.001717
1927.98,-0.000699
1928.47,0.000537
1928.95,0.001845
1929.43,0.003075
1929.91,0.004109
1930.39,0.004855
1930.88,0.005256
1931.36,0.005295
1931.84,0.004996
1932.32,0.004429
1932.81,0.003701
1933.29,0.002959
1933.77,0.002350
1934.25,0.001993
1934.73,0.001943
1935.22,0.002167
1935.70,0.002540
1936.18,0.002874
1936.66,0.002994
1937.14,0.002778
1937.63,0.002205
1938.11,0.001359
1938.59,0.000412
1939.07,-0.000426
1939.56,-0.000974
1940.04,-0.001108
1940.52,-0.000794
1941.00,-0.000073
1941.48,0.000940
1941.97,0.002069
1942.45,0.003099
1942.93,0.003785
1943.41,0.003930
1943.89,0.003445
1944.38,0.002385
1944.86,0.000923
1945.34,-0.000698
1945.82,-0.002207
1946.31,-0.003378
1946.79,-0.004059
1947.27,-0.004209
1947.75,-0.003901
1948.23,-0.003293
1948.72,-0.002564
1949.20,-0.001846
1949.68,-0.001199
1950.16,-0.000610
1950.64,-0.000024
1951.13,0.000608
1951.61,0.001300
1952.09,0.002018
1952.57,0.002700
1953.06,0.003288
1953.54,0.003764
1954.02,0.004155
1954.50,0.004532
1954.98,0.004974
1955.46,0.005543
1955.95,0.006249
1956.43,0.007047
1956.91,0.007843
1957.39,0.008529
1957.88,0.009002
1958.36,0.009189
1958.84,0.009074
1959.32,0.008692
1959.80,0.008128
1960.29,0.007487
1960.77,0.006886
1961.25,0.006438
1961.73,0.006220
1962.21,0.006266
1962.70,0.006539
1963.18,0.006942
1963.66,0.007322
1964.14,0.007518
1964.62,0.007410
1965.11,0.006942
1965.59,0.006156
1966.07,0.005194
1966.55,0.004268
1967.04,0.003586
1967.52,0.003291
1968.00,0.003409
1968.48,0.003857
1968.96,0.004464
1969.45,0.005034
1969.93,0.005415
1970.41,0.005526
1970.89,0.005377
1971.38,0.005030
1971.86,0.004576
1972.34,0.004093
1972.82,0.003626
1973.30,0.003193
1973.79,0.002789
1974.27,0.002401
1974.75,0.002015
1975.23,0.001619
1975.71,0.001206
1976.20,0.000767
1976.68,0.000306
1977.16,-0.000152
1977.64,-0.000551
1978.12,-0.000815
1978.61,-0.000872
1979.09,-0.000688
1979.57,-0.000293
1980.05,0.000215
1980.54,0.000689
1981.02,0.000987
1981.50,0.001013
1981.98,0.000767
1982.46,0.000352
1982.95,-0.000038
1983.43,-0.000179
1983.91,0.000111
1984.39,0.000930
1984.87,0.002245
1985.36,0.003912
1985.84,0.005702
1986.32,0.007372
1986.80,0.008716
1987.29,0.009563
1987.77,0.009806
1988.25,0.009403
1988.73,0.008391
1989.21,0.006904
1989.70,0.005170
1990.18,0.003495
1990.66,0.002175
1991.14,0.001467
1991.62,0.001515
1992.11,0.002289
1992.59,0.003577
1993.07,0.005031
1993.55,0.006316
1994.04,0.007211
1994.52,0.007707
1995.00,0.007973
1995.48,0.008285
1995.96,0.008895
1996.44,0.009928
1996.93,0.011334
1997.41,0.012891
1997.89,0.014286
1998.37,0.015201
1998.86,0.015432
1999.34,0.014916
1999.82,0.013745
2000.30,0.012111
2000.78,0.010261
2001.27,0.008431
2001.75,0.006779
2002.23,0.005391
2002.71,0.004295
2003.19,0.003493
2003.68,0.002999
2004.16,0.002844
2004.64,0.003069
2005.12,0.003701
2005.61,0.004734
2006.09,0.006111
2006.57,0.007711
2007.05,0.009347
2007.53,0.010795
2008.02,0.011803
2008.50,0.012185
2008.98,0.011890
2009.46,0.011038
2009.94,0.009895
2010.43,0.008804
2010.91,0.008098
2011.39,0.007977
2011.87,0.008455
2012.36,0.009320
2012.84,0.010218
2013.32,0.010742
2013.80,0.010593
2014.28,0.009698
2014.77,0.008243
2015.25,0.006639
2015.73,0.005372
2016.21,0.004895
2016.69,0.005432
2017.18,0.006914
2017.66,0.009000
2018.14,0.011220
2018.62,0.013140
2019.11,0.014449
2019.59,0.015063
2020.07,0.015093
2020.55,0.014777
2021.03,0.014342
2021.52,0.013915
2022.00,0.013479
2022.48,0.012887
2022.96,0.011928
2023.44,0.010410
2023.93,0.008260
2024.41,0.005553
2024.89,0.002507
2025.37,-0.000597
2025.85,-0.003461
2026.34,-0.005843
2026.82,-0.007601
2027.30,-0.008687
2027.78,-0.009150
2028.27,-0.009092
2028.75,-0.008639
2029.23,-0.007884
2029.71,-0.006862
2030.19,-0.005549
2030.67,-0.003882
2031.16,-0.001794
2031.64,0.000743
2032.12,0.003680
2032.60,0.006866
2033.09,0.010038
2033.57,0.012861
2034.05,0.014944
2034.53,0.015929
2035.02,0.015628
2035.50,0.014097
2035.98,0.011690
2036.46,0.008936
2036.94,0.006453
2037.42,0.004739
2037.91,0.004030
2038.39,0.004269
2038.87,0.005100
2039.35,0.006000
2039.84,0.006395
2040.32,0.005885
2040.80,0.004348
2041.28,0.001978
2041.76,-0.000789
2042.25,-0.003397
2042.73,-0.005310
2043.21,-0.006206
2043.69,-0.006017
2044.17,-0.004922
2044.66,-0.003231
2045.14,-0.001290
2045.62,0.000621
2046.10,0.002352
2046.59,0.003873
2047.07,0.005247
2047.55,0.006573
2048.03,0.007930
2048.51,0.009330
2049.00,0.010704
2049.48,0.011904
2049.96,0.012747
2050.44,0.013079
2050.92,0.012811
2051.41,0.011961
2051.89,0.010643
2052.37,0.009047
2052.85,0.007391
2053.34,0.005888
2053.82,0.004725
2054.30,0.004018
2054.78,0.003805
2055.26,0.004045
2055.75,0.004649
2056.23,0.005506
2056.71,0.006517
2057.19,0.007609
2057.67,0.008723
2058.16,0.009797
2058.64,0.010763
2059.12,0.011536
2059.60,0.012028
2060.08,0.012177
2060.57,0.011956
2061.05,0.011390
2061.53,0.010556
2062.01,0.009572
2062.49,0.008566
2062.98,0.007653
2063.46,0.006922
2063.94,0.006426
2064.42,0.006189
2064.91,0.006219
2065.39,0.006512
2065.87,0.007049
2066.35,0.007785
2066.83,0.008652
2067.32,0.009544
2067.80,0.010327
2068.28,0.010867
2068.76,0.011036
2069.24,0.010754
2069.73,0.010010
2070.21,0.008885
2070.69,0.007535
2071.17,0.006159
2071.66,0.004965
2072.14,0.004112
2072.62,0.003674
2073.10,0.003627
2073.58,0.003862
2074.07,0.004218
2074.55,0.004523
2075.03,0.004664
2075.51,0.004608
2075.99,0.004414
2076.48,0.004202
2076.96,0.004124
2077.44,0.004299
2077.92,0.004770
2078.41,0.005485
2078.89,0.006301
2079.37,0.007041
2079.85,0.007524
2080.33,0.007632
2080.82,0.007343
2081.30,0.006735
2081.78,0.005966
2082.26,0.005214
2082.74,0.004638
2083.23,0.004320
2083.71,0.004257
2084.19,0.004368
2084.67,0.004541
2085.16,0.004666
2085.64,0.004672
2086.12,0.004551
2086.60,0.004343
2087.08,0.004124
2087.57,0.003961
2088.05,0.003904
2088.53,0.003966
2089.01,0.004132
2089.49,0.004371
2089.98,0.004655
2090.46,0.004963
2090.94,0.005285
2091.42,0.005612
2091.90,0.005926
2092.39,0.006193
2092.87,0.006370
2093.35,0.006423
2093.83,0.006341
2094.32,0.006150
2094.80,0.005917
2095.28,0.005740
2095.76,0.005718
2096.24,0.005930
2096.72,0.006407
2097.21,0.007118
2097.69,0.007972
2098.17,0.008836
2098.65,0.009575
2099.14,0.010065
2099.62,0.010231
2100.10,0.010065
2100.58,0.009627
2101.06,0.009035
2101.55,0.008428
2102.03,0.007949
2102.51,0.007697
2102.99,0.007711
2103.47,0.007969
2103.96,0.008395
2104.44,0.008886
2104.92,0.009331
2105.40,0.009641
2105.89,0.009762
2106.37,0.009670
2106.85,0.009371
2107.33,0.008893
2107.81,0.008286
2108.30,0.007610
2108.78,0.006941
2109.26,0.006356
2109.74,0.005915
2110.22,0.005658
2110.71,0.005587
2111.19,0.005672
2111.67,0.005856
2112.15,0.006077
2112.64,0.006293
2113.12,0.006485
2113.60,0.006667
2114.08,0.006862
2114.56,0.007099
2115.05,0.007383
2115.53,0.007703
2116.01,0.008038
2116.49,0.008367
2116.97,0.008690
2117.46,0.009021
2117.94,0.009375
2118.42,0.009748
2118.90,0.010094
2119.39,0.010329
2119.87,0.010345
2120.35,0.010049
2120.83,0.009407
2121.31,0.008467
2121.80,0.007365
2122.28,0.006285
2122.76,0.005432
2123.24,0.004970
2123.72,0.004983
2124.21,0.005462
2124.69,0.006319
2125.17,0.007425
2125.65,0.008639
2126.14,0.009847
2126.62,0.010969
2127.10,0.011949
2127.58,0.012747
2128.06,0.013327
2128.55,0.013653
2129.03,0.013695
2129.51,0.013433
2129.99,0.012866
2130.47,0.012015
2130.96,0.010919
2131.44,0.009631
2131.92,0.008201
2132.40,0.006684
2132.88,0.005133
2133.37,0.003609
2133.85,0.002190
2134.33,0.000976
2134.81,0.000069
2135.30,-0.000442
2135.78,-0.000518
2136.26,-0.000187
2136.74,0.000449
2137.22,0.001241
2137.70,0.002036
2138.19,0.002704
2138.67,0.003185
2139.15,0.003507
2139.63,0.003776
2140.12,0.004149
2140.60,0.004788
2141.08,0.005819
2141.56,0.007279
2142.04,0.009113
2142.53,0.011170
2143.01,0.013251
2143.49,0.015140
2143.97,0.016656
2144.45,0.017688
2144.94,0.018194
2145.42,0.018194
2145.90,0.017751
2146.38,0.016959
2146.86,0.015929
2147.35,0.014770
2147.83,0.013595
2148.31,0.012487
2148.79,0.011497
2149.28,0.010627
2149.76,0.009832
2150.24,0.009020
2150.72,0.008067
2151.20,0.006856
2151.69,0.005297
2152.17,0.003364
2152.65,0.001105
2153.13,-0.001337
2153.61,-0.003740
2154.10,-0.005846
2154.58,-0.007385
2155.06,-0.008157
2155.54,-0.008070
2156.03,-0.007159
2156.51,-0.005576
2156.99,-0.003547
2157.47,-0.001371
2157.95,0.000651
2158.44,0.002269
2158.92,0.003322
2159.40,0.003789
2159.88,0.003771
2160.36,0.003460
2160.85,0.003060
2161.33,0.002765
2161.81,0.002738
2162.29,0.003093
2162.78,0.003913
2163.26,0.005229
2163.74,0.007015
2164.22,0.009166
2164.70,0.011497
2165.19,0.013784
2165.67,0.015780
2166.15,0.017294
2166.63,0.018230
2167.11,0.018579
2167.60,0.018400
2168.08,0.017773
2168.56,0.016783
2169.04,0.015513
2169.53,0.014067
2170.01,0.012591
2170.49,0.011251
2170.97,0.010205
2171.45,0.009549
2171.94,0.009269
2172.42,0.009225
2172.90,0.009176
2173.38,0.008879
2173.86,0.008160
2174.35,0.007008
2174.83,0.005580
2175.31,0.004160
2175.79,0.003046
2176.28,0.002428
2176.76,0.002333
2177.24,0.002610
2177.72,0.003015
2178.20,0.003305
2178.68,0.003357
2179.17,0.003202
2179.65,0.003000
2180.13,0.002954
2180.61,0.003211
2181.10,0.003798
2181.58,0.004609
2182.06,0.005447
2182.54,0.006106
2183.02,0.006461
2183.51,0.006490
2183.99,0.006259
2184.47,0.005870
2184.95,0.005420
2185.43,0.004964
2185.92,0.004520
2186.40,0.004096
2186.88,0.003717
2187.36,0.003420
2187.84,0.003255
2188.33,0.003244
2188.81,0.003361
2189.29,0.003534
2189.77,0.003677
2190.26,0.003735
2190.74,0.003720
2191.22,0.003712
2191.70,0.003829
2192.18,0.004170
2192.67,0.004748
2193.15,0.005458
2193.63,0.006087
2194.11,0.006399
2194.59,0.006194
2195.08,0.005391
2195.56,0.004063
2196.04,0.002425
2196.52,0.000779
2197.01,-0.000595
2197.49,-0.001486
2197.97,-0.001825
2198.45,-0.001671
2198.93,-0.001180
2199.42,-0.000528
2199.90,0.000150
2200.38,0.000789
2200.86,0.001409
2201.34,0.002078
2201.83,0.002872
2202.31,0.003816
2202.79,0.004861
2203.27,0.005877
2203.76,0.006703
2204.24,0.007193
2204.72,0.007269
2205.20,0.006964
2205.68,0.006411
2206.17,0.005805
2206.65,0.005326
2207.13,0.005101
2207.61,0.005158
2208.09,0.005437
2208.58,0.005822
2209.06,0.006199
2209.54,0.006506
2210.02,0.006744
2210.51,0.006968
2210.99,0.007249
2211.47,0.007626
2211.95,0.008085
2212.43,0.008545
2212.92,0.008883
2213.40,0.008974
2213.88,0.008724
2214.36,0.008095
2214.84,0.007118
2215.33,0.005885
2215.81,0.004542
2216.29,0.003246
2216.77,0.002154
2217.26,0.001389
2217.74,0.001009
2218.22,0.001002
2218.70,0.001283
2219.18,0.001728
2219.66,0.002184
2220.15,0.002533
2220.63,0.002724
2221.11,0.002779
2221.59,0.002789
2222.08,0.002870
2222.56,0.003136
2223.04,0.003646
2223.52,0.004398
2224.00,0.005335
2224.49,0.006370
2224.97,0.007420
2225.45,0.008411
2225.93,0.009291
2226.41,0.010008
2226.90,0.010505
2227.38,0.010722
2227.86,0.010619
2228.34,0.010201
2228.82,0.009532
2229.31,0.008740
2229.79,0.007977
2230.27,0.007368
2230.75,0.006983
2231.24,0.006806
2231.72,0.006755
2232.20,0.006708
2232.68,0.006571
2233.16,0.006304
2233.65,0.005939
2234.13,0.005553
2234.61,0.005243
2235.09,0.005088
2235.57,0.005126
2236.06,0.005359
2236.54,0.005765
2237.02,0.006315
2237.50,0.006970
2237.99,0.007673
2238.47,0.008345
2238.95,0.008874
2239.43,0.009137
2239.91,0.009048
2240.40,0.008585
2240.88,0.007822
2241.36,0.006909
2241.84,0.006051
2242.32,0.005429
2242.81,0.005143
2243.29,0.005187
2243.77,0.005454
2244.25,0.005786
2244.74,0.006026
2245.22,0.006081
2245.70,0.005941
2246.18,0.005665
2246.66,0.005345
2247.15,0.005072
2247.63,0.004906
2248.11,0.004868
2248.59,0.004955
2249.07,0.005157
2249.56,0.005467
2250.04,0.005868
2250.52,0.006325
2251.00,0.006767
2251.49,0.007092
2251.97,0.007187
2252.45,0.006974
2252.93,0.006437
2253.41,0.005646
2253.90,0.004746
2254.38,0.003930
2254.86,0.003368
2255.34,0.003160
2255.82,0.003315
2256.31,0.003748
2256.79,0.004321
2257.27,0.004881
2257.75,0.005320
2258.24,0.005590
2258.72,0.005706
2259.20,0.005728
2259.68,0.005725
2260.16,0.005748
2260.64,0.005805
2261.13,0.005867
2261.61,0.005879
2262.09,0.005790
2262.57,0.005575
2263.06,0.005255
2263.54,0.004896
2264.02,0.004607
2264.50,0.004504
2264.98,0.004685
2265.47,0.005198
2265.95,0.006022
2266.43,0.007066
2266.91,0.008185
2267.39,0.009227
2267.88,0.010064
2268.36,0.010620
2268.84,0.010889
2269.32,0.010924
2269.80,0.010816
2270.29,0.010654
2270.77,0.010505
2271.25,0.010391
2271.73,0.010295
2272.22,0.010172
2272.70,0.009972
2273.18,0.009667
2273.66,0.009252
2274.14,0.008755
2274.63,0.008217
2275.11,0.007686
2275.59,0.007203
2276.07,0.006790
2276.55,0.006464
2277.04,0.006227
2277.52,0.006079
2278.00,0.006013
2278.48,0.006013
2278.97,0.006051
2279.45,0.006085
2279.93,0.006066
2280.41,0.005948
2280.89,0.005704
2281.38,0.005340
2281.86,0.004902
2282.34,0.004472
2282.82,0.004147
2283.30,0.004020
2283.79,0.004155
2284.27,0.004559
2284.75,0.005181
2285.23,0.005921
2285.72,0.006653
2286.20,0.007249
2286.68,0.007620
2287.16,0.007733
2287.64,0.007617
2288.13,0.007349
2288.61,0.007034
2289.09,0.006776
2289.57,0.006647
2290.05,0.006677
2290.54,0.006847
2291.02,0.007109
2291.50,0.007397
2291.98,0.007650
2292.47,0.007827
2292.95,0.007916
2293.43,0.007923
2293.91,0.007871
2294.39,0.007785
2294.88,0.007684
2295.36,0.007578
2295.84,0.007467
2296.32,0.007352
2296.80,0.007230
2297.29,0.007106
2297.77,0.006988
2298.25,0.006884
2298.73,0.006802
2299.21,0.006747
2299.70,0.006716
2300.18,0.006703
2300.66,0.006697
2301.14,0.006689
2301.62,0.006673
2302.11,0.006646
2302.59,0.006613
2303.07,0.006585
2303.55,0.006573
2304.04,0.006591
2304.52,0.006645
2305.00,0.006733
2305.48,0.006844
2305.96,0.006963
2306.45,0.007071
2306.93,0.007157
2307.41,0.007216
2307.89,0.007252
2308.38,0.007272
2308.86,0.007279
2309.34,0.007263
2309.82,0.007201
2310.30,0.007061
2310.78,0.006811
2311.27,0.006441
2311.75,0.005970
2312.23,0.005450
2312.71,0.004967
2313.20,0.004607
2313.68,0.004446
2314.16,0.004524
2314.64,0.004839
2315.12,0.005348
2315.61,0.005981
2316.09,0.006669
2316.57,0.007351
2317.05,0.007989
2317.53,0.008565
2318.02,0.009073
2318.50,0.009505
2318.98,0.009849
2319.46,0.010080
2319.95,0.010180
2320.43,0.010138
2320.91,0.009967
2321.39,0.009700
2321.87,0.009391
2322.36,0.009097
2322.84,0.008866
2323.32,0.008731
2323.80,0.008702
2324.28,0.008768
2324.77,0.008907
2325.25,0.009089
2325.73,0.009288
2326.21,0.009477
2326.70,0.009632
2327.18,0.009733
2327.66,0.009763
2328.14,0.009712
2328.62,0.009574
2329.11,0.009352
2329.59,0.009054
2330.07,0.008689
2330.55,0.008266
2331.03,0.007789
2331.52,0.007265
2332.00,0.006704
2332.48,0.006128
2332.96,0.005572
2333.45,0.005089
2333.93,0.004731
2334.41,0.004551
2334.89,0.004580
2335.37,0.004823
2335.86,0.005256
2336.34,0.005824
2336.82,0.006462
2337.30,0.007100
2337.78,0.007684
2338.27,0.008184
2338.75,0.008591
2339.23,0.008915
2339.71,0.009168
2340.19,0.009359
2340.68,0.009484
2341.16,0.009532
2341.64,0.009489
2342.12,0.009355
2342.61,0.009144
2343.09,0.008890
2343.57,0.008635
2344.05,0.008415
2344.53,0.008247
2345.02,0.008127
2345.50,0.008028
2345.98,0.007921
2346.46,0.007785
2346.94,0.007620
2347.43,0.007446
2347.91,0.007287
2348.39,0.007166
2348.87,0.007088
2349.35,0.007041
2349.84,0.007000
2350.32,0.006929
2350.80,0.006799
2351.28,0.006591
2351.76,0.006309
2352.25,0.005984
2352.73,0.005678
2353.21,0.005462
2353.69,0.005403
2354.18,0.005542
2354.66,0.005878
2355.14,0.006361
2355.62,0.006906
2356.10,0.007410
2356.59,0.007773
2357.07,0.007922
2357.55,0.007833
2358.03,0.007537
2358.51,0.007109
2359.00,0.006645
2359.48,0.006246
2359.96,0.005980
2360.44,0.005866
2360.93,0.005880
2361.41,0.005970
2361.89,0.006080
2362.37,0.006178
2362.85,0.006266
2363.34,0.006374
2363.82,0.006540
2364.30,0.006785
2364.78,0.007094
2365.26,0.007411
2365.75,0.007665
2366.23,0.007784
2366.71,0.007728
2367.19,0.007500
2367.68,0.007143
2368.16,0.006726
2368.64,0.006316
2369.12,0.005971
2369.60,0.005722
2370.09,0.005579
2370.57,0.005540
2371.05,0.005596
2371.53,0.005735
2372.01,0.005946
2372.50,0.006215
2372.98,0.006525
2373.46,0.006858
2373.94,0.007200
2374.43,0.007539
2374.91,0.007870
2375.39,0.008180
2375.87,0.008448
2376.35,0.008634
2376.84,0.008695
2377.32,0.008585
2377.80,0.008282
2378.28,0.007799
2378.76,0.007190
2379.25,0.006545
2379.73,0.005963
2380.21,0.005536
2380.69,0.005321
2381.17,0.005328
2381.66,0.005523
2382.14,0.005838
2382.62,0.006199
2383.10,0.006538
2383.59,0.006809
2384.07,0.006994
2384.55,0.007091
2385.03,0.007113
2385.51,0.007073
2385.99,0.006988
2386.48,0.006873
2386.96,0.006749
2387.44,0.006643
2387.92,0.006587
2388.41,0.006609
2388.89,0.006723
2389.37,0.006923
2389.85,0.007177
2390.33,0.007433
2390.82,0.007637
2391.30,0.007736
2391.78,0.007702
2392.26,0.007533
2392.74,0.007255
2393.23,0.006907
2393.71,0.006536
2394.19,0.006186
2394.67,0.005886
2395.16,0.005652
2395.64,0.005493
2396.12,0.005406
2396.60,0.005388
2397.08,0.005430
2397.57,0.005521
2398.05,0.005645
2398.53,0.005782
2399.01,0.005913
2399.49,0.006019
2399.98,0.006089
2400.46,0.006117
2400.94,0.006104
2401.42,0.006051
2401.91,0.005963
2402.39,0.005845
2402.87,0.005711
2403.35,0.005581
2403.83,0.005486
2404.32,0.005462
2404.80,0.005541
2405.28,0.005739
2405.76,0.006047
2406.24,0.006427
2406.73,0.006820
2407.21,0.007164
2407.69,0.007410
2408.17,0.007532
2408.66,0.007540
2409.14,0.007466
2409.62,0.007351
2410.10,0.007232
2410.58,0.007127
2411.07,0.007032
2411.55,0.006935
2412.03,0.006820
2412.51,0.006680
2412.99,0.006521
2413.48,0.006357
2413.96,0.006204
2414.44,0.006072
2414.92,0.005963
2415.41,0.005876
2415.89,0.005814
2416.37,0.005786
2416.85,0.005816
2417.33,0.005927
2417.82,0.006136
2418.30,0.006439
2418.78,0.006810
2419.26,0.007199
2419.74,0.007552
2420.23,0.007821
2420.71,0.007980
2421.19,0.008027
2421.67,0.007984
2422.15,0.007886
2422.64,0.007770
2423.12,0.007665
2423.60,0.007591
2424.08,0.007554
2424.57,0.007550
2425.05,0.007566
2425.53,0.007577
2426.01,0.007553
2426.49,0.007464
2426.97,0.007292
2427.46,0.007037
2427.94,0.006724
2428.42,0.006402
2428.90,0.006133
2429.39,0.005966
2429.87,0.005928
2430.35,0.006008
2430.83,0.006165
2431.31,0.006341
2431.80,0.006487
2432.28,0.006578
2432.76,0.006625
2433.24,0.006663
2433.72,0.006733
2434.21,0.006865
2434.69,0.007056
2435.17,0.007276
2435.65,0.007466
2436.14,0.007573
2436.62,0.007557
2437.10,0.007408
2437.58,0.007149
2438.06,0.006823
2438.55,0.006484
2439.03,0.006184
2439.51,0.005962
2439.99,0.005842
2440.47,0.005835
2440.96,0.005932
2441.44,0.006114
2441.92,0.006349
2442.40,0.006597
2442.89,0.006814
2443.37,0.006968
2443.85,0.007040
2444.33,0.007034
2444.81,0.006970
2445.30,0.006883
2445.78,0.006809
2446.26,0.006772
2446.74,0.006784
2447.22,0.006841
2447.71,0.006927
2448.19,0.007023
2448.67,0.007111
2449.15,0.007180
2449.64,0.007228
2450.12,0.007259
2450.60,0.007285
2451.08,0.007316
2451.56,0.007365
2452.05,0.007438
2452.53,0.007533
2453.01,0.007640
2453.49,0.007737
2453.97,0.007801
2454.46,0.007816
2454.94,0.007776
2455.42,0.007693
2455.90,0.007592
2456.39,0.007507
2456.87,0.007462
2457.35,0.007471
2457.83,0.007525
2458.31,0.007604
2458.80,0.007683
2459.28,0.007744
2459.76,0.007784
2460.24,0.007812
2460.72,0.007841
2461.21,0.007878
2461.69,0.007913
2462.17,0.007918
2462.65,0.007859
2463.13,0.007702
2463.62,0.007439
2464.10,0.007087
2464.58,0.006697
2465.06,0.006337
2465.55,0.006074
2466.03,0.005964
2466.51,0.006027
2466.99,0.006251
2467.47,0.006588
2467.95,0.006969
2468.44,0.007321
2468.92,0.007576
2469.40,0.007694
2469.88,0.007665
2470.37,0.007513
2470.85,0.007290
2471.33,0.007065
2471.81,0.006904
2472.29,0.006851
2472.78,0.006917
2473.26,0.007077
2473.74,0.007278
2474.22,0.007453
2474.70,0.007546
2475.19,0.007532
2475.67,0.007419
2476.15,0.007247
2476.63,0.007070
2477.11,0.006944
2477.60,0.006901
2478.08,0.006947
2478.56,0.007063
2479.04,0.007215
2479.53,0.007371
2480.01,0.007507
2480.49,0.007613
2480.97,0.007689
2481.45,0.007738
2481.94,0.007755
2482.42,0.007732
2482.90,0.007655
2483.38,0.007520
2483.86,0.007338
2484.35,0.007143
2484.83,0.006984
2485.31,0.006919
2485.79,0.006993
2486.28,0.007225
2486.76,0.007594
2487.24,0.008041
2487.72,0.008489
2488.20,0.008854
2488.69,0.009071
2489.17,0.009115
2489.65,0.009006
2490.13,0.008797
2490.61,0.008557
2491.10,0.008358
2491.58,0.008243
2492.06,0.008225
2492.54,0.008285
2493.03,0.008387
2493.51,0.008489
2493.99,0.008558
2494.47,0.008577
2494.95,0.008544
2495.44,0.008469
2495.92,0.008368
2496.40,0.008259
2496.88,0.008161
2497.36,0.008095
2497.85,0.008084
2498.33,0.008149
2498.81,0.008301
2499.29,0.008534
2499.78,0.008821
2500.26,0.009115
2500.74,0.009355
2501.22,0.009484
2501.70,0.009460
2502.19,0.009267
2502.67,0.008921
2503.15,0.008461
2503.63,0.007947
2504.11,0.007440
2504.60,0.006998
2505.08,0.006669
2505.56,0.006479
2506.04,0.006442
2506.53,0.006551
2507.01,0.006788
2507.49,0.007121
2507.97,0.007513
2508.45,0.007932
2508.93,0.008354
2509.42,0.008766
2509.90,0.009165
2510.38,0.009551
2510.86,0.009915
2511.35,0.010239
2511.83,0.010486
2512.31,0.010615
2512.79,0.010589
2513.27,0.010388
2513.76,0.010023
2514.24,0.009540
2514.72,0.009013
2515.20,0.008525
2515.68,0.008159
2516.17,0.007976
2516.65,0.008001
2517.13,0.008224
2517.61,0.008595
2518.09,0.009043
2518.58,0.009480
2519.06,0.009818
2519.54,0.009993
2520.02,0.009968
2520.51,0.009743
2520.99,0.009353
2521.47,0.008860
2521.95,0.008330
2522.43,0.007824
2522.92,0.007381
2523.40,0.007015
2523.88,0.006720
2524.36,0.006482
2524.84,0.006295
2525.33,0.006161
2525.81,0.006099
2526.29,0.006125
2526.77,0.006250
2527.26,0.006459
2527.74,0.006718
2528.22,0.006977
2528.70,0.007184
2529.18,0.007309
2529.67,0.007347
2530.15,0.007326
2530.63,0.007294
2531.11,0.007308
2531.59,0.007411
2532.08,0.007626
2532.56,0.007944
2533.04,0.008330
2533.52,0.008732
2534.01,0.009088
2534.49,0.009341
2534.97,0.009450
2535.45,0.009392
2535.93,0.009170
2536.42,0.008814
2536.90,0.008373
2537.38,0.007905
2537.86,0.007468
2538.34,0.007109
2538.83,0.006851
2539.31,0.006697
2539.79,0.006634
2540.27,0.006643
2540.76,0.006710
2541.24,0.006832
2541.72,0.007013
2542.20,0.007261
2542.68,0.007577
2543.17,0.007946
2543.65,0.008336
2544.13,0.008709
2544.61,0.009029
2545.09,0.009270
2545.58,0.009423
2546.06,0.009494
2546.54,0.009495
2547.02,0.009433
2547.50,0.009306
2547.99,0.009101
2548.47,0.008805
2548.95,0.008415
2549.43,0.007951
2549.91,0.007454
2550.40,0.006993
2550.88,0.006643
2551.36,0.006468
2551.84,0.006512
2552.33,0.006783
2552.81,0.007253
2553.29,0.007863
2553.77,0.008534
2554.25,0.009189
2554.74,0.009756
2555.22,0.010189
2555.70,0.010471
2556.18,0.010606
2556.66,0.010620
2557.15,0.010547
2557.63,0.010422
2558.11,0.010271
2558.59,0.010113
2559.07,0.009960
2559.56,0.009823
2560.04,0.009717
2560.52,0.009661
2561.00,0.009673
2561.49,0.009764
2561.97,0.009926
2562.45,0.010132
2562.93,0.010336
2563.41,0.010483
2563.90,0.010526
2564.38,0.010440
2564.86,0.010227
2565.34,0.009919
2565.82,0.009565
2566.31,0.009216
2566.79,0.008911
2567.27,0.008667
2567.75,0.008485
2568.24,0.008351
2568.72,0.008252
2569.20,0.008181
2569.68,0.008144
2570.16,0.008147
2570.65,0.008196
2571.13,0.008284
2571.61,0.008389
2572.09,0.008485
2572.57,0.008539
2573.06,0.008534
2573.54,0.008468
2574.02,0.008356
2574.50,0.008226
2574.99,0.008109
2575.47,0.008032
2575.95,0.008011
2576.43,0.008051
2576.91,0.008151
2577.40,0.008302
2577.88,0.008496
2578.36,0.008716
2578.84,0.008943
2579.32,0.009150
2579.81,0.009306
2580.29,0.009388
2580.77,0.009383
2581.25,0.009304
2581.74,0.009180
2582.22,0.009061
2582.70,0.008998
2583.18,0.009028
2583.66,0.009165
2584.14,0.009394
2584.63,0.009676
2585.11,0.009957
2585.59,0.010190
2586.07,0.010342
2586.56,0.010405
2587.04,0.010389
2587.52,0.010321
2588.00,0.010229
2588.48,0.010137
2588.97,0.010059
2589.45,0.010002
2589.93,0.009968
2590.41,0.009964
2590.89,0.009997
2591.38,0.010076
2591.86,0.010201
2592.34,0.010362
2592.82,0.010535
2593.31,0.010684
2593.79,0.010766
2594.27,0.010751
2594.75,0.010623
2595.23,0.010393
2595.72,0.010093
2596.20,0.009775
2596.68,0.009493
2597.16,0.009294
2597.64,0.009207
2598.13,0.009241
2598.61,0.009381
2599.09,0.009591
2599.57,0.009829
2600.05,0.010045
2600.54,0.010196
2601.02,0.010250
2601.50,0.010196
2601.98,0.010044
2602.47,0.009823
2602.95,0.009584
2603.43,0.009380
2603.91,0.009259
2604.39,0.009250
2604.88,0.009357
2605.36,0.009560
2605.84,0.009817
2606.32,0.010081
2606.80,0.010315
2607.29,0.010496
2607.77,0.010625
2608.25,0.010717
2608.73,0.010796
2609.22,0.010882
2609.70,0.010983
2610.18,0.011095
2610.66,0.011206
2611.14,0.011301
2611.63,0.011366
2612.11,0.011390
2612.59,0.011371
2613.07,0.011303
2613.55,0.011185
2614.04,0.011016
2614.52,0.010799
2615.00,0.010548
2615.48,0.010283
2615.97,0.010034
2616.45,0.009829
2616.93,0.009691
2617.41,0.009632
2617.89,0.009650
2618.38,0.009731
2618.86,0.009861
2619.34,0.010026
2619.82,0.010217
2620.30,0.010429
2620.79,0.010654
2621.27,0.010878
2621.75,0.011081
2622.23,0.011236
2622.72,0.011317
2623.20,0.011311
2623.68,0.011217
2624.16,0.011049
2624.64,0.010832
2625.12,0.010592
2625.61,0.010355
2626.09,0.010135
2626.57,0.009941
2627.05,0.009781
2627.54,0.009659
2628.02,0.009584
2628.50,0.009565
2628.98,0.009608
2629.46,0.009712
2629.95,0.009871
2630.43,0.010069
2630.91,0.010287
2631.39,0.010507
2631.88,0.010714
2632.36,0.010899
2632.84,0.011057
2633.32,0.011185
2633.80,0.011278
2634.28,0.011332
2634.77,0.011340
2635.25,0.011296
2635.73,0.011196
2636.21,0.011041
2636.70,0.010836
2637.18,0.010592
2637.66,0.010331
2638.14,0.010080
2638.62,0.009872
2639.11,0.009737
2639.59,0.009700
2640.07,0.009766
2640.55,0.009923
2641.03,0.010145
2641.52,0.010392
2642.00,0.010624
2642.48,0.010815
2642.96,0.010954
2643.45,0.011047
2643.93,0.011109
2644.41,0.011156
2644.89,0.011200
2645.37,0.011242
2645.86,0.011274
2646.34,0.011290
2646.82,0.011286
2647.30,0.011266
2647.78,0.011241
2648.27,0.011221
2648.75,0.011212
2649.23,0.011212
2649.71,0.011211
2650.20,0.011202
2650.68,0.011179
2651.16,0.011148
2651.64,0.011122
2652.12,0.011114
2652.61,0.011136
2653.09,0.011186
2653.57,0.011255
2654.05,0.011323
2654.53,0.011374
2655.02,0.011398
2655.50,0.011392
2655.98,0.011366
2656.46,0.011329
2656.95,0.011295
2657.43,0.011272
2657.91,0.011264
2658.39,0.011275
2658.87,0.011309
2659.36,0.011369
2659.84,0.011456
2660.32,0.011568
2660.80,0.011691
2661.28,0.011808
2661.77,0.011896
2662.25,0.011941
2662.73,0.011936
2663.21,0.011885
2663.70,0.011805
2664.18,0.011714
2664.66,0.011631
2665.14,0.011566
2665.62,0.011521
2666.11,0.011494
2666.59,0.011478
2667.07,0.011470
2667.55,0.011465
2668.03,0.011461
2668.52,0.011451
2669.00,0.011428
2669.48,0.011384
2669.96,0.011316
2670.44,0.011229
2670.93,0.011137
2671.41,0.011062
2671.89,0.011024
2672.37,0.011036
2672.86,0.011097
2673.34,0.011191
2673.82,0.011290
2674.30,0.011369
2674.78,0.011408
2675.26,0.011402
2675.75,0.011361
2676.23,0.011302
2676.71,0.011251
2677.19,0.011223
2677.68,0.011231
2678.16,0.011278
2678.64,0.011358
2679.12,0.011464
2679.60,0.011587
2680.09,0.011720
2680.57,0.011852
2681.05,0.011971
2681.53,0.012067
2682.01,0.012125
2682.50,0.012138
2682.98,0.012100
2683.46,0.012019
2683.94,0.011906
2684.43,0.011784
2684.91,0.011679
2685.39,0.011616
2685.87,0.011613
2686.35,0.011682
2686.84,0.011818
2687.32,0.012007
2687.80,0.012225
2688.28,0.012447
2688.76,0.012649
2689.25,0.012817
2689.73,0.012946
2690.21,0.013038
2690.69,0.013097
2691.18,0.013121
2691.66,0.013102
2692.14,0.013026
2692.62,0.012881
2693.10,0.012664
2693.59,0.012389
2694.07,0.012089
2694.55,0.011810
2695.03,0.011602
2695.51,0.011496
2696.00,0.011506
2696.48,0.011613
2696.96,0.011779
2697.44,0.011950
2697.93,0.012082
2698.41,0.012143
2698.89,0.012124
2699.37,0.012039
2699.85,0.011915
2700.34,0.011788
2700.82,0.011685
2701.30,0.011626
2701.78,0.011618
2702.26,0.011657
2702.75,0.011732
2703.23,0.011826
2703.71,0.011926
2704.19,0.012021
2704.68,0.012105
2705.16,0.012179
2705.64,0.012250
2706.12,0.012325
2706.60,0.012413
2707.09,0.012520
2707.57,0.012649
2708.05,0.012800
2708.53,0.012972
2709.01,0.013164
2709.50,0.013375
2709.98,0.013600
2710.46,0.013829
2710.94,0.014044
2711.42,0.014217
2711.91,0.014324
2712.39,0.014343
2712.87,0.014267
2713.35,0.014107
2713.84,0.013889
2714.32,0.013647
2714.80,0.013408
2715.28,0.013193
2715.76,0.013005
2716.24,0.012837
2716.73,0.012683
2717.21,0.012542
2717.69,0.012428
2718.17,0.012365
2718.66,0.012378
2719.14,0.012487
2719.62,0.012688
2720.10,0.012962
2720.58,0.013270
2721.07,0.013572
2721.55,0.013833
2722.03,0.014034
2722.51,0.014169
2722.99,0.014246
2723.48,0.014271
2723.96,0.014248
2724.44,0.014176
2724.92,0.014053
2725.41,0.013882
2725.89,0.013683
2726.37,0.013487
2726.85,0.013333
2727.33,0.013258
2727.82,0.013282
2728.30,0.013404
2728.78,0.013599
2729.26,0.013827
2729.74,0.014048
2730.23,0.014228
2730.71,0.014355
2731.19,0.014437
2731.67,0.014500
2732.16,0.014570
2732.64,0.014667
2733.12,0.014794
2733.60,0.014934
2734.08,0.015054
2734.57,0.015114
2735.05,0.015082
2735.53,0.014942
2736.01,0.014704
2736.49,0.014399
2736.98,0.014076
2737.46,0.013791
2737.94,0.013593
2738.42,0.013512
2738.91,0.013559
2739.39,0.013718
2739.87,0.013960
2740.35,0.014242
2740.83,0.014526
2741.32,0.014781
2741.80,0.014987
2742.28,0.015134
2742.76,0.015224
2743.24,0.015263
2743.73,0.015260
2744.21,0.015225
2744.69,0.015168
2745.17,0.015099
2745.66,0.015026
2746.14,0.014958
2746.62,0.014900
2747.10,0.014858
2747.58,0.014832
2748.07,0.014819
2748.55,0.014813
2749.03,0.014810
2749.51,0.014800
2749.99,0.014783
2750.48,0.014759
2750.96,0.014738
2751.44,0.014735
2751.92,0.014765
2752.40,0.014840
2752.89,0.014963
2753.37,0.015121
2753.85,0.015291
2754.33,0.015437
2754.82,0.015527
2755.30,0.015538
2755.78,0.015461
2756.26,0.015312
2756.74,0.015119
2757.22,0.014918
2757.71,0.014742
2758.19,0.014615
2758.67,0.014549
2759.15,0.014543
2759.64,0.014595
2760.12,0.014699
2760.60,0.014850
2761.08,0.015042
2761.56,0.015262
2762.05,0.015486
2762.53,0.015682
2763.01,0.015816
2763.49,0.015861
2763.97,0.015805
2764.46,0.015660
2764.94,0.015459
2765.42,0.015248
2765.90,0.015072
2766.39,0.014966
2766.87,0.014946
2767.35,0.015007
2767.83,0.015124
2768.31,0.015267
2768.80,0.015406
2769.28,0.015519
2769.76,0.015596
2770.24,0.015638
2770.72,0.015658
2771.21,0.015668
2771.69,0.015684
2772.17,0.015715
2772.65,0.015762
2773.14,0.015822
2773.62,0.015881
2774.10,0.015928
2774.58,0.015959
2775.06,0.015975
2775.55,0.015994
2776.03,0.016040
2776.51,0.016134
2776.99,0.016289
2777.47,0.016497
2777.96,0.016730
2778.44,0.016946
2778.92,0.017096
2779.40,0.017148
2779.89,0.017091
2780.37,0.016945
2780.85,0.016747
2781.33,0.016544
2781.81,0.016382
2782.30,0.016282
2782.78,0.016248
2783.26,0.016267
2783.74,0.016315
2784.22,0.016370
2784.71,0.016417
2785.19,0.016452
2785.67,0.016475
2786.15,0.016490
2786.63,0.016500
2787.12,0.016506
2787.60,0.016511
2788.08,0.016520
2788.56,0.016539
2789.05,0.016576
2789.53,0.016634
2790.01,0.016711
2790.49,0.016798
2790.97,0.016882
2791.46,0.016953
2791.94,0.017009
2792.42,0.017055
2792.90,0.017106
2793.38,0.017175
2793.87,0.017267
2794.35,0.017377
2794.83,0.017487
2795.31,0.017571
2795.80,0.017605
2796.28,0.017574
2796.76,0.017476
2797.24,0.017330
2797.72,0.017160
2798.20,0.017000
2798.69,0.016880
2799.17,0.016818
2799.65,0.016822
2800.13,0.016887
2800.62,0.016999
2801.10,0.017135
2801.58,0.017274
2802.06,0.017398
2802.54,0.017497
2803.03,0.017574
2803.51,0.017640
2803.99,0.017711
2804.47,0.017806
2804.95,0.017933
2805.44,0.018089
2805.92,0.018261
2806.40,0.018426
2806.88,0.018556
2807.36,0.018633
2807.85,0.018647
2808.33,0.018602
2808.81,0.018513
2809.29,0.018398
2809.78,0.018279
2810.26,0.018172
2810.74,0.018092
2811.22,0.018047
2811.70,0.018045
2812.19,0.018087
2812.67,0.018171
2813.15,0.018288
2813.63,0.018419
2814.11,0.018544
2814.60,0.018640
2815.08,0.018689
2815.56,0.018689
2816.04,0.018648
2816.53,0.018589
2817.01,0.018536
2817.49,0.018511
2817.97,0.018529
2818.45,0.018591
2818.94,0.018686
2819.42,0.018800
2819.90,0.018921
2820.38,0.019041
2820.86,0.019157
2821.35,0.019273
2821.83,0.019389
2822.31,0.019503
2822.79,0.019603
2823.28,0.019674
2823.76,0.019700
2824.24,0.019668
2824.72,0.019581
2825.20,0.019451
2825.69,0.019305
2826.17,0.019178
2826.65,0.019102
2827.13,0.019103
2827.61,0.019187
2828.10,0.019347
2828.58,0.019554
2829.06,0.019770
2829.54,0.019956
2830.03,0.020078
2830.51,0.020116
2830.99,0.020068
2831.47,0.019951
2831.95,0.019790
2832.44,0.019618
2832.92,0.019466
2833.40,0.019359
2833.88,0.019311
2834.36,0.019328
2834.85,0.019404
2835.33,0.019527
2835.81,0.019677
2836.29,0.019833
2836.77,0.019975
2837.26,0.020086
2837.74,0.020160
2838.22,0.020200
2838.70,0.020223
2839.18,0.020246
2839.67,0.020292
2840.15,0.020376
2840.63,0.020501
2841.11,0.020659
2841.60,0.020831
2842.08,0.020997
2842.56,0.021134
2843.04,0.021233
2843.52,0.021292
2844.01,0.021323
2844.49,0.021343
2844.97,0.021369
2845.45,0.021413
2845.93,0.021480
2846.42,0.021561
2846.90,0.021642
2847.38,0.021706
2847.86,0.021736
2848.34,0.021720
2848.83,0.021657
2849.31,0.021552
2849.79,0.021421
2850.27,0.021283
2850.76,0.021164
2851.24,0.021085
2851.72,0.021066
2852.20,0.021122
2852.68,0.021258
2853.17,0.021470
2853.65,0.021743
2854.13,0.022051
2854.61,0.022366
2855.09,0.022654
2855.58,0.022886
2856.06,0.023043
2856.54,0.023118
2857.02,0.023119
2857.51,0.023063
2857.99,0.022977
2858.47,0.022885
2858.95,0.022805
2859.43,0.022746
2859.92,0.022707
2860.40,0.022677
2860.88,0.022645
2861.36,0.022599
2861.84,0.022534
2862.33,0.022452
2862.81,0.022362
2863.29,0.022281
2863.77,0.022228
2864.26,0.022222
2864.74,0.022275
2865.22,0.022393
2865.70,0.022567
2866.18,0.022777
2866.67,0.022995
2867.15,0.023192
2867.63,0.023343
2868.11,0.023435
2868.59,0.023474
2869.08,0.023477
2869.56,0.023466
2870.04,0.023463
2870.52,0.023478
2871.01,0.023507
2871.49,0.023530
2871.97,0.023526
2872.45,0.023479
2872.93,0.023385
2873.41,0.023259
2873.90,0.023125
2874.38,0.023015
2874.86,0.022953
2875.34,0.022949
2875.83,0.022996
2876.31,0.023076
2876.79,0.023162
2877.27,0.023231
2877.75,0.023271
2878.24,0.023284
2878.72,0.023286
2879.20,0.023298
2879.68,0.023344
2880.16,0.023442
2880.65,0.023596
2881.13,0.023801
2881.61,0.024036
2882.09,0.024276
2882.58,0.024496
2883.06,0.024675
2883.54,0.024806
2884.02,0.024895
2884.50,0.024956
2884.99,0.025009
2885.47,0.025069
2885.95,0.025145
2886.43,0.025231
2886.91,0.025316
2887.40,0.025382
2887.88,0.025418
2888.36,0.025416
2888.84,0.025379
2889.32,0.025314
2889.81,0.025229
2890.29,0.025134
2890.77,0.025034
2891.25,0.024934
2891.74,0.024841
2892.22,0.024765
2892.70,0.024716
2893.18,0.024701
2893.66,0.024722
2894.15,0.024775
2894.63,0.024851
2895.11,0.024943
2895.59,0.025048
2896.07,0.025170
2896.56,0.025320
2897.04,0.025504
2897.52,0.025718
2898.00,0.025940
2898.49,0.026136
2898.97,0.026269
2899.45,0.026306
2899.93,0.026240
2900.41,0.026089
2900.90,0.025895
2901.38,0.025713
2901.86,0.025596
2902.34,0.025582
2902.82,0.025685
2903.31,0.025896
2903.79,0.026188
2904.27,0.026528
2904.75,0.026880
2905.24,0.027209
2905.72,0.027486
2906.20,0.027688
2906.68,0.027798
2907.16,0.027812
2907.65,0.027742
2908.13,0.027611
2908.61,0.027453
2909.09,0.027304
2909.57,0.027186
2910.06,0.027110
2910.54,0.027072
2911.02,0.027057
2911.50,0.027055
2911.99,0.027061
2912.47,0.027085
2912.95,0.027138
2913.43,0.027233
2913.91,0.027367
2914.39,0.027524
2914.88,0.027676
2915.36,0.027797
2915.84,0.027873
2916.32,0.027910
2916.81,0.027933
2917.29,0.027977
2917.77,0.028074
2918.25,0.028237
2918.73,0.028457
2919.22,0.028703
2919.70,0.028932
2920.18,0.029106
2920.66,0.029198
2921.14,0.029203
2921.63,0.029134
2922.11,0.029015
2922.59,0.028875
2923.07,0.028742
2923.55,0.028637
2924.04,0.028575
2924.52,0.028561
2925.00,0.028594
2925.48,0.028664
2925.97,0.028755
2926.45,0.028850
2926.93,0.028938
2927.41,0.029017
2927.89,0.029096
2928.38,0.029193
2928.86,0.029327
2929.34,0.029501
2929.82,0.029702
2930.30,0.029895
2930.79,0.030031
2931.27,0.030062
2931.75,0.029958
2932.23,0.029717
2932.72,0.029371
2933.20,0.028976
2933.68,0.028597
2934.16,0.028295
2934.64,0.028108
2935.13,0.028049
2935.61,0.028112
2936.09,0.028281
2936.57,0.028535
2937.05,0.028855
2937.54,0.029225
2938.02,0.029620
2938.50,0.030009
2938.98,0.030350
2939.47,0.030595
2939.95,0.030709
2940.43,0.030677
2940.91,0.030516
2941.39,0.030273
2941.88,0.030012
2942.36,0.029806
2942.84,0.029703
2943.32,0.029722
2943.80,0.029848
2944.29,0.030040
2944.77,0.030243
2945.25,0.030409
2945.73,0.030512
2946.22,0.030550
2946.70,0.030545
2947.18,0.030525
2947.66,0.030522
2948.14,0.030552
2948.62,0.030617
2949.11,0.030704
2949.59,0.030794
2950.07,0.030867
2950.55,0.030909
2951.04,0.030920
2951.52,0.030906
2952.00,0.030885
2952.48,0.030875
2952.97,0.030893
2953.45,0.030946
2953.93,0.031035
2954.41,0.031144
2954.89,0.031254
2955.38,0.031346
2955.86,0.031404
2956.34,0.031428
2956.82,0.031430
2957.30,0.031433
2957.79,0.031462
2958.27,0.031535
2958.75,0.031657
2959.23,0.031816
2959.71,0.031994
2960.20,0.032166
2960.68,0.032319
2961.16,0.032447
2961.64,0.032554
2962.12,0.032642
2962.61,0.032707
2963.09,0.032734
2963.57,0.032704
2964.05,0.032605
2964.53,0.032443
2965.02,0.032251
2965.50,0.032082
2965.98,0.031996
2966.46,0.032038
2966.95,0.032219
2967.43,0.032509
2967.91,0.032845
2968.39,0.033148
2968.88,0.033351
2969.36,0.033419
2969.84,0.033357
2970.32,0.033207
2970.80,0.033022
2971.28,0.032860
2971.77,0.032755
2972.25,0.032717
2972.73,0.032738
2973.21,0.032796
2973.70,0.032872
2974.18,0.032946
2974.66,0.033011
2975.14,0.033059
2975.62,0.033088
2976.11,0.033096
2976.59,0.033086
2977.07,0.033068
2977.55,0.033056
2978.03,0.033066
2978.52,0.033109
2979.00,0.033183
2979.48,0.033276
2979.96,0.033365
2980.45,0.033429
2980.93,0.033461
2981.41,0.033464
2981.89,0.033460
2982.37,0.033474
2982.86,0.033523
2983.34,0.033613
2983.82,0.033730
2984.30,0.033849
2984.78,0.033948
2985.27,0.034011
2985.75,0.034043
2986.23,0.034061
2986.71,0.034091
2987.20,0.034153
2987.68,0.034259
2988.16,0.034405
2988.64,0.034577
2989.12,0.034758
2989.61,0.034932
2990.09,0.035096
2990.57,0.035250
2991.05,0.035402
2991.53,0.035558
2992.02,0.035720
2992.50,0.035884
2992.98,0.036039
2993.46,0.036171
2993.95,0.036264
2994.43,0.036304
2994.91,0.036279
2995.39,0.036188
2995.87,0.036039
2996.36,0.035853
2996.84,0.035658
2997.32,0.035489
2997.80,0.035378
2998.28,0.035344
2998.77,0.035390
2999.25,0.035500
2999.73,0.035645
3000.21,0.035788
3000.69,0.035899
3001.18,0.035959
3001.66,0.035964
3002.14,0.035928
3002.62,0.035868
3003.11,0.035806
3003.59,0.035759
3004.07,0.035735
3004.55,0.035736
3005.03,0.035763
3005.51,0.035814
3006.00,0.035894
3006.48,0.036005
3006.96,0.036154
3007.44,0.036341
3007.93,0.036557
3008.41,0.036785
3008.89,0.037000
3009.37,0.037176
3009.85,0.037293
3010.34,0.037343
3010.82,0.037335
3011.30,0.037294
3011.78,0.037252
3012.26,0.037238
3012.75,0.037275
3013.23,0.037366
3013.71,0.037497
3014.19,0.037645
3014.68,0.037785
3015.16,0.037900
3015.64,0.037984
3016.12,0.038045
3016.60,0.038097
3017.09,0.038154
3017.57,0.038225
3018.05,0.038310
3018.53,0.038404
3019.01,0.038499
3019.50,0.038589
3019.98,0.038673
3020.46,0.038751
3020.94,0.038827
3021.43,0.038904
3021.91,0.038986
3022.39,0.039078
3022.87,0.039186
3023.35,0.039320
3023.84,0.039490
3024.32,0.039702
3024.80,0.039954
3025.28,0.040232
3025.76,0.040514
3026.25,0.040775
3026.73,0.040989
3027.21,0.041143
3027.69,0.041229
3028.18,0.041249
3028.66,0.041209
3029.14,0.041119
3029.62,0.040988
3030.10,0.040832
3030.59,0.040672
3031.07,0.040537
3031.55,0.040455
3032.03,0.040454
3032.51,0.040546
3033.00,0.040725
3033.48,0.040969
3033.96,0.041244
3034.44,0.041520
3034.93,0.041777
3035.41,0.042007
3035.89,0.042213
3036.37,0.042401
3036.85,0.042573
3037.34,0.042722
3037.82,0.042833
3038.30,0.042892
3038.78,0.042891
3039.26,0.042832
3039.75,0.042727
3040.23,0.042595
3040.71,0.042453
3041.19,0.042312
3041.67,0.042178
3042.16,0.042054
3042.64,0.041942
3043.12,0.041851
3043.60,0.041789
3044.09,0.041765
3044.57,0.041785
3045.05,0.041845
3045.53,0.041940
3046.01,0.042069
3046.49,0.042234
3046.98,0.042445
3047.46,0.042713
3047.94,0.043041
3048.42,0.043411
3048.91,0.043787
3049.39,0.044120
3049.87,0.044360
3050.35,0.044479
3050.83,0.044478
3051.32,0.044393
3051.80,0.044282
3052.28,0.044205
3052.76,0.044211
3053.24,0.044320
3053.73,0.044527
3054.21,0.044806
3054.69,0.045129
3055.17,0.045477
3055.66,0.045842
3056.14,0.046223
3056.62,0.046619
3057.10,0.047012
3057.58,0.047370
3058.07,0.047645
3058.55,0.047792
3059.03,0.047782
3059.51,0.047614
3059.99,0.047321
3060.48,0.046961
3060.96,0.046606
3061.44,0.046326
3061.92,0.046165
3062.41,0.046145
3062.89,0.046250
3063.37,0.046445
3063.85,0.046676
3064.33,0.046890
3064.82,0.047046
3065.30,0.047121
3065.78,0.047117
3066.26,0.047057
3066.74,0.046980
3067.23,0.046932
3067.71,0.046951
3068.19,0.047067
3068.67,0.047288
3069.16,0.047608
3069.64,0.048000
3070.12,0.048429
3070.60,0.048852
3071.08,0.049226
3071.57,0.049517
3072.05,0.049698
3072.53,0.049755
3073.01,0.049692
3073.49,0.049527
3073.98,0.049297
3074.46,0.049042
3074.94,0.048809
3075.42,0.048640
3075.90,0.048562
3076.39,0.048588
3076.87,0.048710
3077.35,0.048907
3077.83,0.049146
3078.32,0.049391
3078.80,0.049611
3079.28,0.049786
3079.76,0.049906
3080.24,0.049976
3080.73,0.050012
3081.21,0.050031
3081.69,0.050049
3082.17,0.050081
3082.65,0.050130
3083.14,0.050201
3083.62,0.050291
3084.10,0.050403
3084.58,0.050537
3085.07,0.050693
3085.55,0.050869
3086.03,0.051056
3086.51,0.051244
3086.99,0.051421
3087.47,0.051579
3087.96,0.051719
3088.44,0.051846
3088.92,0.051974
3089.40,0.052110
3089.89,0.052256
3090.37,0.052398
3090.85,0.052519
3091.33,0.052597
3091.81,0.052619
3092.30,0.052588
3092.78,0.052522
3093.26,0.052452
3093.74,0.052404
3094.22,0.052396
3094.71,0.052428
3095.19,0.052484
3095.67,0.052542
3096.15,0.052586
3096.64,0.052612
3097.12,0.052636
3097.60,0.052687
3098.08,0.052794
3098.56,0.052977
3099.05,0.053239
3099.53,0.053560
3100.01,0.053904
3100.49,0.054232
3100.97,0.054509
3101.46,0.054713
3101.94,0.054840
3102.42,0.054904
3102.90,0.054929
3103.39,0.054941
3103.87,0.054962
3104.35,0.055008
3104.83,0.055080
3105.31,0.055171
3105.80,0.055268
3106.28,0.055360
3106.76,0.055441
3107.24,0.055512
3107.72,0.055585
3108.21,0.055678
3108.69,0.055805
3109.17,0.055976
3109.65,0.056185
3110.14,0.056419
3110.62,0.056657
3111.10,0.056875
3111.58,0.057058
3112.06,0.057198
3112.55,0.057297
3113.03,0.057364
3113.51,0.057413
3113.99,0.057458
3114.47,0.057517
3114.96,0.057608
3115.44,0.057748
3115.92,0.057946
3116.40,0.058200
3116.88,0.058492
3117.37,0.058790
3117.85,0.059053
3118.33,0.059245
3118.81,0.059350
3119.30,0.059370
3119.78,0.059333
3120.26,0.059278
3120.74,0.059244
3121.22,0.059255
3121.71,0.059318
3122.19,0.059424
3122.67,0.059563
3123.15,0.059724
3123.63,0.059908
3124.12,0.060120
3124.60,0.060362
3125.08,0.060626
3125.56,0.060890
3126.04,0.061123
3126.53,0.061301
3127.01,0.061414
3127.49,0.061476
3127.97,0.061520
3128.45,0.061584
3128.94,0.061695
3129.42,0.061860
3129.90,0.062057
3130.38,0.062249
3130.87,0.062399
3131.35,0.062483
3131.83,0.062496
3132.31,0.062456
3132.79,0.062391
3133.28,0.062333
3133.76,0.062305
3134.24,0.062326
3134.72,0.062411
3135.20,0.062574
3135.69,0.062828
3136.17,0.063177
3136.65,0.063612
3137.13,0.064103
3137.61,0.064599
3138.10,0.065044
3138.58,0.065389
3139.06,0.065604
3139.54,0.065691
3140.03,0.065676
3140.51,0.065598
3140.99,0.065493
3141.47,0.065387
3141.95,0.065290
3142.44,0.065204
3142.92,0.065131
3143.40,0.065077
3143.88,0.065055
3144.36,0.065077
3144.85,0.065144
3145.33,0.065243
3145.81,0.065348
3146.29,0.065434
3146.78,0.065486
3147.26,0.065508
3147.74,0.065524
3148.22,0.065567
3148.70,0.065665
3149.19,0.065831
3149.67,0.066055
3150.15,0.066312
3150.63,0.066578
3151.11,0.066837
3151.60,0.067087
3152.08,0.067342
3152.56,0.067619
3153.04,0.067924
3153.53,0.068251
3154.01,0.068577
3154.49,0.068877
3154.97,0.069128
3155.45,0.069325
3155.94,0.069474
3156.42,0.069592
3156.90,0.069691
3157.38,0.069776
3157.86,0.069838
3158.35,0.069861
3158.83,0.069834
3159.31,0.069752
3159.79,0.069628
3160.28,0.069484
3160.76,0.069351
3161.24,0.069254
3161.72,0.069215
3162.20,0.069243
3162.68,0.069342
3163.17,0.069515
3163.65,0.069757
3164.13,0.070061
3164.61,0.070413
3165.10,0.070787
3165.58,0.071153
3166.06,0.071481
3166.54,0.071746
3167.02,0.071939
3167.51,0.072067
3167.99,0.072154
3168.47,0.072227
3168.95,0.072314
3169.43,0.072435
3169.92,0.072603
3170.40,0.072823
3170.88,0.073095
3171.36,0.073416
3171.85,0.073778
3172.33,0.074162
3172.81,0.074539
3173.29,0.074866
3173.77,0.075097
3174.26,0.075198
3174.74,0.075158
3175.22,0.075004
3175.70,0.074797
3176.18,0.074622
3176.67,0.074564
3177.15,0.074683
3177.63,0.074992
3178.11,0.075454
3178.59,0.075982
3179.08,0.076466
3179.56,0.076808
3180.04,0.076942
3180.52,0.076856
3181.01,0.076591
3181.49,0.076231
3181.97,0.075873
3182.45,0.075602
3182.93,0.075478
3183.42,0.075525
3183.90,0.075733
3184.38,0.076072
3184.86,0.076496
3185.34,0.076965
3185.83,0.077437
3186.31,0.077880
3186.79,0.078267
3187.27,0.078578
3187.76,0.078800
3188.24,0.078933
3188.72,0.078988
3189.20,0.078986
3189.68,0.078956
3190.17,0.078923
3190.65,0.078906
3191.13,0.078910
3191.61,0.078931
3192.09,0.078958
3192.58,0.078982
3193.06,0.078999
3193.54,0.079018
3194.02,0.079053
3194.51,0.079119
3194.99,0.079227
3195.47,0.079376
3195.95,0.079552
3196.43,0.079732
3196.92,0.079893
3197.40,0.080013
3197.88,0.080084
3198.36,0.080113
3198.84,0.080119
3199.33,0.080130
3199.81,0.080176
3200.29,0.080279
3200.77,0.080453
3201.26,0.080697
3201.74,0.081001
3202.22,0.081350
3202.70,0.081725
3203.18,0.082110
3203.66,0.082489
3204.15,0.082851
3204.63,0.083182
3205.11,0.083469
3205.59,0.083702
3206.08,0.083881
3206.56,0.084020
3207.04,0.084148
3207.52,0.084306
3208.00,0.084536
3208.49,0.084865
3208.97,0.085287
3209.45,0.085763
3209.93,0.086221
3210.41,0.086577
3210.90,0.086755
3211.38,0.086715
3211.86,0.086462
3212.34,0.086048
3212.82,0.085546
3213.31,0.085042
3213.79,0.084605
3214.27,0.084276
3214.75,0.084074
3215.24,0.083996
3215.72,0.084035
3216.20,0.084182
3216.68,0.084432
3217.16,0.084776
3217.65,0.085194
3218.13,0.085648
3218.61,0.086091
3219.09,0.086464
3219.57,0.086723
3220.06,0.086843
3220.54,0.086833
3221.02,0.086727
3221.50,0.086583
3221.99,0.086462
3222.47,0.086409
3222.95,0.086454
3223.43,0.086602
3223.91,0.086840
3224.40,0.087141
3224.88,0.087475
3225.36,0.087812
3225.84,0.088126
3226.32,0.088394
3226.81,0.088600
3227.29,0.088730
3227.77,0.088776
3228.25,0.088737
3228.74,0.088621
3229.22,0.088444
3229.70,0.088234
3230.18,0.088026
3230.66,0.087857
3231.15,0.087758
3231.63,0.087750
3232.11,0.087834
3232.59,0.087992
3233.07,0.088188
3233.56,0.088382
3234.04,0.088534
3234.52,0.088621
3235.00,0.088641
3235.49,0.088615
3235.97,0.088582
3236.45,0.088585
3236.93,0.088671
3237.41,0.088871
3237.90,0.089200
3238.38,0.089648
3238.86,0.090186
3239.34,0.090762
3239.82,0.091306
3240.31,0.091745
3240.79,0.092010
3241.27,0.092056
3241.75,0.091876
3242.24,0.091510
3242.72,0.091041
3243.20,0.090572
3243.68,0.090209
3244.16,0.090034
3244.64,0.090074
3245.13,0.090308
3245.61,0.090669
3246.09,0.091076
3246.57,0.091452
3247.06,0.091752
3247.54,0.091967
3248.02,0.092119
3248.50,0.092243
3248.98,0.092365
3249.47,0.092494
3249.95,0.092617
3250.43,0.092712
3250.91,0.092754
3251.39,0.092733
3251.88,0.092654
3252.36,0.092533
3252.84,0.092393
3253.32,0.092249
3253.80,0.092109
3254.29,0.091971
3254.77,0.091828
3255.25,0.091679
3255.73,0.091529
3256.22,0.091394
3256.70,0.091296
3257.18,0.091256
3257.66,0.091294
3258.14,0.091423
3258.63,0.091652
3259.11,0.091982
3259.59,0.092410
3260.07,0.092923
3260.55,0.093495
3261.04,0.094083
3261.52,0.094631
3262.00,0.095076
3262.48,0.095367
3262.97,0.095475
3263.45,0.095403
3263.93,0.095189
3264.41,0.094899
3264.89,0.094610
3265.38,0.094386
3265.86,0.094266
3266.34,0.094253
3266.82,0.094320
3267.30,0.094416
3267.79,0.094489
3268.27,0.094497
3268.75,0.094424
3269.23,0.094276
3269.72,0.094083
3270.20,0.093891
3270.68,0.093750
3271.16,0.093709
3271.64,0.093813
3272.13,0.094087
3272.61,0.094538
3273.09,0.095139
3273.57,0.095835
3274.05,0.096543
3274.54,0.097160
3275.02,0.097599
3275.50,0.097798
3275.98,0.097745
3276.47,0.097477
3276.95,0.097076
3277.43,0.096642
3277.91,0.096257
3278.39,0.095978
3278.88,0.095818
3279.36,0.095757
3279.84,0.095758
3280.32,0.095789
3280.80,0.095836
3281.29,0.095902
3281.77,0.096000
3282.25,0.096140
3282.73,0.096316
3283.22,0.096505
3283.70,0.096673
3284.18,0.096786
3284.66,0.096826
3285.14,0.096791
3285.62,0.096696
3286.11,0.096565
3286.59,0.096422
3287.07,0.096286
3287.55,0.096172
3288.04,0.096099
3288.52,0.096090
3289.00,0.096169
3289.48,0.096356
3289.96,0.096655
3290.45,0.097046
3290.93,0.097483
3291.41,0.097903
3291.89,0.098249
3292.38,0.098479
3292.86,0.098580
3293.34,0.098575
3293.82,0.098506
3294.30,0.098422
3294.78,0.098368
3295.27,0.098370
3295.75,0.098437
3296.23,0.098565
3296.71,0.098737
3297.20,0.098932
3297.68,0.099124
3298.16,0.099282
3298.64,0.099381
3299.12,0.099406
3299.61,0.099362
3300.09,0.099277
3300.57,0.099208
3301.05,0.099216
3301.53,0.099352
3302.02,0.099633
3302.50,0.100034
3302.98,0.100487
3303.46,0.100899
3303.95,0.101189
3304.43,0.101308
3304.91,0.101262
3305.39,0.101103
3305.87,0.100921
3306.36,0.100807
3306.84,0.100822
3307.32,0.100987
3307.80,0.101267
3308.28,0.101599
3308.77,0.101900
3309.25,0.102098
3309.73,0.102154
3310.21,0.102063
3310.70,0.101860
3311.18,0.101596
3311.66,0.101333
3312.14,0.101126
3312.62,0.101009
3313.11,0.100998
3313.59,0.101092
3314.07,0.101277
3314.55,0.101529
3315.03,0.101824
3315.52,0.102137
3316.00,0.102443
3316.48,0.102722
3316.96,0.102953
3317.45,0.103124
3317.93,0.103235
3318.41,0.103297
3318.89,0.103344
3319.37,0.103413
3319.86,0.103548
3320.34,0.103773
3320.82,0.104083
3321.30,0.104440
3321.78,0.104772
3322.27,0.104998
3322.75,0.105045
3323.23,0.104875
3323.71,0.104501
3324.20,0.103988
3324.68,0.103434
3325.16,0.102951
3325.64,0.102636
3326.12,0.102546
3326.61,0.102690
3327.09,0.103030
3327.57,0.103502
3328.05,0.104026
3328.53,0.104531
3329.02,0.104968
3329.50,0.105309
3329.98,0.105555
3330.46,0.105722
3330.94,0.105843
3331.43,0.105958
3331.91,0.106101
3332.39,0.106303
3332.87,0.106576
3333.36,0.106912
3333.84,0.107286
3334.32,0.107654
3334.80,0.107970
3335.28,0.108194
3335.76,0.108300
3336.25,0.108286
3336.73,0.108176
3337.21,0.108003
3337.69,0.107813
3338.18,0.107646
3338.66,0.107528
3339.14,0.107469
3339.62,0.107460
3340.10,0.107482
3340.59,0.107500
3341.07,0.107483
3341.55,0.107403
3342.03,0.107246
3342.51,0.107016
3343.00,0.106738
3343.48,0.106457
3343.96,0.106224
3344.44,0.106088
3344.93,0.106081
3345.41,0.106209
3345.89,0.106448
3346.37,0.106751
3346.85,0.107069
3347.34,0.107357
3347.82,0.107599
3348.30,0.107804
3348.78,0.108004
3349.26,0.108240
3349.75,0.108534
3350.23,0.108884
3350.71,0.109250
3351.19,0.109571
3351.68,0.109773
3352.16,0.109798
3352.64,0.109625
3353.12,0.109270
3353.60,0.108786
3354.09,0.108247
3354.57,0.107734
3355.05,0.107312
3355.53,0.107019
3356.01,0.106875
3356.50,0.106873
3356.98,0.106998
3357.46,0.107225
3357.94,0.107525
3358.43,0.107869
3358.91,0.108218
3359.39,0.108539
3359.87,0.108796
3360.35,0.108965
3360.84,0.109035
3361.32,0.109012
3361.80,0.108914
3362.28,0.108763
3362.76,0.108579
3363.25,0.108375
3363.73,0.108159
3364.21,0.107935
3364.69,0.107714
3365.17,0.107513
3365.66,0.107361
3366.14,0.107289
3366.62,0.107324
3367.10,0.107483
3367.59,0.107764
3368.07,0.108149
3368.55,0.108605
3369.03,0.109091
3369.51,0.109560
3370.00,0.109964
3370.48,0.110261
3370.96,0.110410
3371.44,0.110384
3371.92,0.110174
3372.41,0.109790
3372.89,0.109272
3373.37,0.108673
3373.85,0.108067
3374.33,0.107530
3374.82,0.107124
3375.30,0.106895
3375.78,0.106859
3376.26,0.107007
3376.74,0.107297
3377.23,0.107672
3377.71,0.108070
3378.19,0.108429
3378.67,0.108706
3379.16,0.108882
3379.64,0.108961
3380.12,0.108965
3380.60,0.108920
3381.08,0.108845
3381.57,0.108743
3382.05,0.108601
3382.53,0.108400
3383.01,0.108129
3383.49,0.107795
3383.98,0.107427
3384.46,0.107071
3384.94,0.106780
3385.42,0.106592
3385.91,0.106521
3386.39,0.106558
3386.87,0.106681
3387.35,0.106870
3387.83,0.107116
3388.32,0.107426
3388.80,0.107813
3389.28,0.108282
3389.76,0.108816
3390.24,0.109375
3390.73,0.109896
3391.21,0.110321
3391.69,0.110608
3392.17,0.110743
3392.66,0.110742
3393.14,0.110630
3393.62,0.110432
3394.10,0.110155
3394.58,0.109786
3395.07,0.109311
3395.55,0.108723
3396.03,0.108049
3396.51,0.107342
3396.99,0.106677
3397.48,0.106131
3397.96,0.105758
3398.44,0.105569
3398.92,0.105536
3399.41,0.105602
3399.89,0.105703
3400.37,0.105790
3400.85,0.105840
3401.33,0.105857
3401.82,0.105857
3402.30,0.105856
3402.78,0.105856
3403.26,0.105838
3403.74,0.105773
3404.23,0.105624
3404.71,0.105367
3405.19,0.104997
3405.67,0.104541
3406.15,0.104052
3406.64,0.103597
3407.12,0.103249
3407.60,0.103064
3408.08,0.103066
3408.57,0.103240
3409.05,0.103533
3409.53,0.103865
3410.01,0.104147
3410.49,0.104306
3410.97,0.104299
3411.46,0.104118
3411.94,0.103782
3412.42,0.103329
3412.90,0.102799
3413.39,0.102223
3413.87,0.101633
3414.35,0.101064
3414.83,0.100564
3415.31,0.100195
3415.80,0.100020
3416.28,0.100086
3416.76,0.100401
3417.24,0.100921
3417.72,0.101563
3418.21,0.102207
3418.69,0.102738
3419.17,0.103076
3419.65,0.103178
3420.14,0.103055
3420.62,0.102754
3421.10,0.102342
3421.58,0.101882
3422.06,0.101428
3422.55,0.101016
3423.03,0.100669
3423.51,0.100395
3423.99,0.100194
3424.47,0.100048
3424.96,0.099925
3425.44,0.099779
3425.92,0.099563
3426.40,0.099241
3426.89,0.098804
3427.37,0.098280
3427.85,0.097725
3428.33,0.097213
3428.81,0.096807
3429.30,0.096545
3429.78,0.096428
3430.26,0.096423
3430.74,0.096478
3431.22,0.096539
3431.71,0.096572
3432.19,0.096560
3432.67,0.096512
3433.15,0.096446
3433.64,0.096382
3434.12,0.096335
3434.60,0.096307
3435.08,0.096294
3435.56,0.096286
3436.05,0.096271
3436.53,0.096234
3437.01,0.096161
3437.49,0.096039
3437.97,0.095853
3438.46,0.095597
3438.94,0.095272
3439.42,0.094891
3439.90,0.094474
3440.39,0.094051
3440.87,0.093646
3441.35,0.093275
3441.83,0.092937
3442.31,0.092613
3442.80,0.092274
3443.28,0.091892
3443.76,0.091456
3444.24,0.090984
3444.72,0.090530
3445.21,0.090168
3445.69,0.089981
3446.17,0.090031
3446.65,0.090333
3447.13,0.090846
3447.62,0.091466
3448.10,0.092064
3448.58,0.092512
3449.06,0.092729
3449.55,0.092705
3450.03,0.092493
3450.51,0.092172
3450.99,0.091814
3451.47,0.091461
3451.95,0.091115
3452.44,0.090753
3452.92,0.090351
3453.40,0.089904
3453.88,0.089443
3454.37,0.089018
3454.85,0.088678
3455.33,0.088444
3455.81,0.088297
3456.29,0.088187
3456.78,0.088051
3457.26,0.087853
3457.74,0.087601
3458.22,0.087354
3458.70,0.087194
3459.19,0.087192
3459.67,0.087376
3460.15,0.087714
3460.63,0.088123
3461.11,0.088495
3461.60,0.088740
3462.08,0.088814
3462.56,0.088724
3463.04,0.088515
3463.53,0.088246
3464.01,0.087957
3464.49,0.087660
3464.97,0.087340
3465.45,0.086975
3465.94,0.086560
3466.42,0.086116
3466.90,0.085697
3467.38,0.085362
3467.86,0.085161
3468.35,0.085110
3468.83,0.085187
3469.31,0.085334
3469.79,0.085476
3470.28,0.085552
3470.76,0.085518
3471.24,0.085362
3471.72,0.085102
3472.20,0.084778
3472.69,0.084435
3473.17,0.084111
3473.65,0.083832
3474.13,0.083603
3474.61,0.083412
3475.10,0.083228
3475.58,0.083016
3476.06,0.082739
3476.54,0.082368
3477.03,0.081894
3477.51,0.081319
3477.99,0.080668
3478.47,0.079970
3478.95,0.079267
3479.44,0.078603
3479.92,0.078021
3480.40,0.077559
3480.88,0.077246
3481.36,0.077091
3481.85,0.077077
3482.33,0.077160
3482.81,0.077277
3483.29,0.077356
3483.78,0.077343
3484.26,0.077214
3484.74,0.076980
3485.22,0.076679
3485.70,0.076354
3486.19,0.076045
3486.67,0.075766
3487.15,0.075513
3487.63,0.075266
3488.11,0.075005
3488.60,0.074722
3489.08,0.074428
3489.56,0.074146
3490.04,0.073901
3490.53,0.073709
3491.01,0.073569
3491.49,0.073466
3491.97,0.073382
3492.45,0.073305
3492.93,0.073230
3493.42,0.073163
3493.90,0.073109
3494.38,0.073063
3494.86,0.073007
3495.35,0.072914
3495.83,0.072752
3496.31,0.072504
3496.79,0.072173
3497.27,0.071786
3497.76,0.071385
3498.24,0.071019
3498.72,0.070722
3499.20,0.070509
3499.68,0.070370
3500.17,0.070276
3500.65,0.070190
3501.13,0.070075
3501.61,0.069905
3502.09,0.069671
3502.58,0.069389
3503.06,0.069101
3503.54,0.068860
3504.02,0.068725
3504.51,0.068732
3504.99,0.068882
3505.47,0.069134
3505.95,0.069420
3506.43,0.069664
3506.92,0.069805
3507.40,0.069811
3507.88,0.069682
3508.36,0.069437
3508.84,0.069105
3509.33,0.068708
3509.81,0.068254
3510.29,0.067741
3510.77,0.067167
3511.26,0.066549
3511.74,0.065919
3512.22,0.065328
3512.70,0.064825
3513.18,0.064437
3513.67,0.064162
3514.15,0.063969
3514.63,0.063815
3515.11,0.063657
3515.59,0.063473
3516.08,0.063270
3516.56,0.063071
3517.04,0.062905
3517.52,0.062790
3518.01,0.062723
3518.49,0.062687
3518.97,0.062661
3519.45,0.062632
3519.93,0.062604
3520.42,0.062592
3520.90,0.062608
3521.38,0.062649
3521.86,0.062685
3522.34,0.062670
3522.83,0.062556
3523.31,0.062308
3523.79,0.061927
3524.27,0.061450
3524.76,0.060938
3525.24,0.060458
3525.72,0.060053
3526.20,0.059741
3526.68,0.059514
3527.17,0.059354
3527.65,0.059242
3528.13,0.059165
3528.61,0.059111
3529.09,0.059058
3529.58,0.058975
3530.06,0.058826
3530.54,0.058581
3531.02,0.058231
3531.51,0.057796
3531.99,0.057320
3532.47,0.056853
3532.95,0.056436
3533.43,0.056089
3533.91,0.055803
3534.40,0.055555
3534.88,0.055316
3535.36,0.055073
3535.84,0.054830
3536.33,0.054606
3536.81,0.054425
3537.29,0.054297
3537.77,0.054211
3538.25,0.054136
3538.74,0.054033
3539.22,0.053871
3539.70,0.053635
3540.18,0.053331
3540.66,0.052975
3541.15,0.052584
3541.63,0.052175
3542.11,0.051753
3542.59,0.051326
3543.07,0.050903
3543.56,0.050504
3544.04,0.050155
3544.52,0.049892
3545.00,0.049740
3545.49,0.049711
3545.97,0.049793
3546.45,0.049954
3546.93,0.050141
3547.41,0.050297
3547.90,0.050370
3548.38,0.050322
3548.86,0.050139
3549.34,0.049828
3549.82,0.049420
3550.31,0.048957
3550.79,0.048496
3551.27,0.048099
3551.75,0.047818
3552.24,0.047691
3552.72,0.047721
3553.20,0.047877
3553.68,0.048091
3554.16,0.048282
3554.65,0.048388
3555.13,0.048373
3555.61,0.048239
3556.09,0.048018
3556.57,0.047753
3557.06,0.047488
3557.54,0.047254
3558.02,0.047065
3558.50,0.046916
3558.99,0.046790
3559.47,0.046662
3559.95,0.046508
3560.43,0.046316
3560.91,0.046086
3561.40,0.045837
3561.88,0.045596
3562.36,0.045389
3562.84,0.045225
3563.32,0.045093
3563.81,0.044957
3564.29,0.044775
3564.77,0.044501
3565.25,0.044111
3565.74,0.043611
3566.22,0.043048
3566.70,0.042500
3567.18,0.042057
3567.66,0.041794
3568.15,0.041728
3568.63,0.041813
3569.11,0.041955
3569.59,0.042073
3570.07,0.042125
3570.56,0.042111
3571.04,0.042047
3571.52,0.041949
3572.00,0.041816
3572.49,0.041629
3572.97,0.041365
3573.45,0.041006
3573.93,0.040556
3574.41,0.040042
3574.89,0.039515
3575.38,0.039020
3575.86,0.038593
3576.34,0.038236
3576.82,0.037922
3577.31,0.037608
3577.79,0.037249
3578.27,0.036825
3578.75,0.036343
3579.23,0.035838
3579.72,0.035359
3580.20,0.034951
3580.68,0.034642
3581.16,0.034432
3581.64,0.034299
3582.13,0.034206
3582.61,0.034118
3583.09,0.034010
3583.57,0.033877
3584.05,0.033735
3584.54,0.033615
3585.02,0.033560
3585.50,0.033614
3585.98,0.033818
3586.47,0.034198
3586.95,0.034746
3587.43,0.035403
3587.91,0.036058
3588.39,0.036543
3588.88,0.036706
3589.36,0.036472
3589.84,0.035873
3590.32,0.035029
3590.80,0.034088
3591.29,0.033190
3591.77,0.032434
3592.25,0.031877
3592.73,0.031545
3593.22,0.031422
3593.70,0.031463
3594.18,0.031593
3594.66,0.031730
3595.14,0.031797
3595.63,0.031754
3596.11,0.031604
3596.59,0.031390
3597.07,0.031164
3597.55,0.030958
3598.04,0.030771
3598.52,0.030569
3599.00,0.030301
3599.48,0.029917
3599.97,0.029399
3600.45,0.028764
3600.93,0.028072
3601.41,0.027403
3601.89,0.026829
3602.38,0.026393
3602.86,0.026094
3603.34,0.025891
3603.82,0.025724
3604.30,0.025546
3604.79,0.025327
3605.27,0.025064
3605.75,0.024773
3606.23,0.024479
3606.72,0.024212
3607.20,0.023994
3607.68,0.023841
3608.16,0.023759
3608.64,0.023745
3609.12,0.023782
3609.61,0.023844
3610.09,0.023911
3610.57,0.023968
3611.05,0.024020
3611.54,0.024085
3612.02,0.024185
3612.50,0.024329
3612.98,0.024502
3613.46,0.024652
3613.95,0.024700
3614.43,0.024564
3614.91,0.024199
3615.39,0.023626
3615.88,0.022931
3616.36,0.022232
3616.84,0.021632
3617.32,0.021205
3617.80,0.020978
3618.29,0.020935
3618.77,0.021026
3619.25,0.021185
3619.73,0.021358
3620.21,0.021511
3620.70,0.021640
3621.18,0.021751
3621.66,0.021835
3622.14,0.021865
3622.62,0.021804
3623.11,0.021619
3623.59,0.021299
3624.07,0.020857
3624.55,0.020326
3625.03,0.019746
3625.52,0.019155
3626.00,0.018584
3626.48,0.018048
3626.96,0.017558
3627.45,0.017129
3627.93,0.016790
3628.41,0.016588
3628.89,0.016572
3629.37,0.016759
3629.86,0.017086
3630.34,0.017409
3630.82,0.017591
3631.30,0.017588
3631.78,0.017465
3632.27,0.017327
3632.75,0.017264
3633.23,0.017318
3633.71,0.017472
3634.20,0.017655
3634.68,0.017764
3635.16,0.017698
3635.64,0.017397
3636.12,0.016876
3636.61,0.016213
3637.09,0.015517
3637.57,0.014874
3638.05,0.014340
3638.53,0.013919
3639.02,0.013579
3639.50,0.013271
3639.98,0.012953
3640.46,0.012609
3640.95,0.012250
3641.43,0.011906
3641.91,0.011606
3642.39,0.011369
3642.87,0.011191
3643.36,0.011047
3643.84,0.010904
3644.32,0.010734
3644.80,0.010526
3645.28,0.010288
3645.77,0.010048
3646.25,0.009848
3646.73,0.009742
3647.21,0.009785
3647.70,0.010026
3648.18,0.010494
3648.66,0.011177
3649.14,0.012011
3649.62,0.012886
3650.11,0.013679
3650.59,0.014286
3651.07,0.014649
3651.55,0.014771
3652.03,0.014694
3652.52,0.014484
3653.00,0.014202
3653.48,0.013898
3653.96,0.013605
3654.44,0.013341
3654.93,0.013116
3655.41,0.012926
3655.89,0.012752
3656.37,0.012559
3656.86,0.012305
3657.34,0.011955
3657.82,0.011504
3658.30,0.010984
3658.78,0.010449
3659.27,0.009948
3659.75,0.009509
3660.23,0.009136
3660.71,0.008822
3661.19,0.008556
3661.68,0.008334
3662.16,0.008165
3662.64,0.008059
3663.12,0.008023
3663.60,0.008044
3664.09,0.008081
3664.57,0.008070
3665.05,0.007946
3665.53,0.007663
3666.01,0.007221
3666.50,0.006664
3666.98,0.006074
3667.46,0.005551
3667.94,0.005177
3668.43,0.005004
3668.91,0.005038
3669.39,0.005242
3669.87,0.005539
3670.35,0.005833
3670.84,0.006042
3671.32,0.006120
3671.80,0.006075
3672.28,0.005940
3672.76,0.005748
3673.25,0.005515
3673.73,0.005246
3674.21,0.004958
3674.69,0.004691
3675.18,0.004516
3675.66,0.004539
3676.14,0.004845
3676.62,0.005423
3677.10,0.006118
3677.59,0.006722
3678.07,0.007108
3678.55,0.007270
3679.03,0.007267
3679.51,0.007168
3680.00,0.007015
3680.48,0.006816
3680.96,0.006556
3681.44,0.006220
3681.93,0.005803
3682.41,0.005327
3682.89,0.004833
3683.37,0.004363
3683.85,0.003951
3684.34,0.003603
3684.82,0.003299
3685.30,0.003000
3685.78,0.002664
3686.26,0.002269
3686.75,0.001821
3687.23,0.001364
3687.71,0.000966
3688.19,0.000713
3688.68,0.000676
3689.16,0.000885
3689.64,0.001297
3690.12,0.001809
3690.60,0.002292
3691.09,0.002658
3691.57,0.002897
3692.05,0.003054
3692.53,0.003193
3693.01,0.003360
3693.50,0.003574
3693.98,0.003827
3694.46,0.004102
3694.94,0.004377
3695.42,0.004632
3695.91,0.004849
3696.39,0.005007
3696.87,0.005082
3697.35,0.005057
3697.84,0.004922
3698.32,0.004691
3698.80,0.004393
3699.28,0.004070
3699.76,0.003766
3700.24,0.003516
3700.73,0.003343
3701.21,0.003257
3701.69,0.003259
3702.17,0.003340
3702.66,0.003490
3703.14,0.003696
3703.62,0.003943
3704.10,0.004213
3704.58,0.004477
3705.07,0.004705
3705.55,0.004865
3706.03,0.004929
3706.51,0.004879
3706.99,0.004714
3707.48,0.004447
3707.96,0.004105
3708.44,0.003722
3708.92,0.003336
3709.41,0.002978
3709.89,0.002672
3710.37,0.002438
3710.85,0.002293
3711.33,0.002254
3711.82,0.002332
3712.30,0.002515
3712.78,0.002755
3713.26,0.002974
3713.74,0.003088
3714.23,0.003038
3714.71,0.002809
3715.19,0.002432
3715.67,0.001969
3716.16,0.001491
3716.64,0.001066
3717.12,0.000756
3717.60,0.000602
3718.08,0.000624
3718.57,0.000818
3719.05,0.001154
3719.53,0.001587
3720.01,0.002064
3720.49,0.002541
3720.98,0.002988
3721.46,0.003393
3721.94,0.003752
3722.42,0.004067
3722.91,0.004334
3723.39,0.004544
3723.87,0.004686
3724.35,0.004748
3724.83,0.004725
3725.32,0.004619
3725.80,0.004439
3726.28,0.004197
3726.76,0.003908
3727.24,0.003592
3727.73,0.003264
3728.21,0.002933
3728.69,0.002601
3729.17,0.002266
3729.66,0.001923
3730.14,0.001578
3730.62,0.001246
3731.10,0.000962
3731.58,0.000768
3732.07,0.000715
3732.55,0.000845
3733.03,0.001174
3733.51,0.001683
3733.99,0.002323
3734.48,0.003046
3734.96,0.003819
3735.44,0.004639
3735.92,0.005503
3736.40,0.006378
3736.89,0.007181
3737.37,0.007803
3737.85,0.008164
3738.33,0.008252
3738.82,0.008118
3739.30,0.007840
3739.78,0.007483
3740.26,0.007091
3740.74,0.006680
3741.22,0.006249
3741.71,0.005788
3742.19,0.005300
3742.67,0.004798
3743.15,0.004317
3743.64,0.003909
3744.12,0.003633
3744.60,0.003530
3745.08,0.003585
3745.56,0.003705
3746.05,0.003734
3746.53,0.003553
3747.01,0.003151
3747.49,0.002596
3747.97,0.001972
3748.46,0.001337
3748.94,0.000728
3749.42,0.000163
3749.90,-0.000343
3750.39,-0.000750
3750.87,-0.000987
3751.35,-0.000959
3751.83,-0.000575
3752.31,0.000184
3752.80,0.001233
3753.28,0.002391
3753.76,0.003452
3754.24,0.004251
3754.72,0.004705
3755.21,0.004818
3755.69,0.004641
3756.17,0.004253
3756.65,0.003728
3757.14,0.003147
3757.62,0.002583
3758.10,0.002107
3758.58,0.001785
3759.06,0.001665
3759.55,0.001763
3760.03,0.002056
3760.51,0.002482
3760.99,0.002951
3761.47,0.003370
3761.96,0.003676
3762.44,0.003854
3762.92,0.003938
3763.40,0.003981
3763.89,0.004042
3764.37,0.004160
3764.85,0.004339
3765.33,0.004547
3765.81,0.004709
3766.30,0.004740
3766.78,0.004571
3767.26,0.004193
3767.74,0.003658
3768.22,0.003067
3768.71,0.002534
3769.19,0.002154
3769.67,0.002002
3770.15,0.002110
3770.64,0.002457
3771.12,0.002965
3771.60,0.003524
3772.08,0.004029
3772.56,0.004413
3773.05,0.004658
3773.53,0.004775
3774.01,0.004781
3774.49,0.004684
3774.97,0.004480
3775.46,0.004159
3775.94,0.003717
3776.42,0.003171
3776.90,0.002567
3777.38,0.001972
3777.87,0.001468
3778.35,0.001132
3778.83,0.001013
3779.31,0.001117
3779.80,0.001399
3780.28,0.001770
3780.76,0.002113
3781.24,0.002338
3781.72,0.002414
3782.20,0.002365
3782.69,0.002245
3783.17,0.002109
3783.65,0.001996
3784.13,0.001920
3784.62,0.001876
3785.10,0.001855
3785.58,0.001848
3786.06,0.001852
3786.54,0.001872
3787.03,0.001907
3787.51,0.001947
3787.99,0.001967
3788.47,0.001940
3788.95,0.001842
3789.44,0.001663
3789.92,0.001416
3790.40,0.001132
3790.88,0.000857
3791.36,0.000634
3791.85,0.000501
3792.33,0.000479
3792.81,0.000574
3793.29,0.000773
3793.78,0.001056
3794.26,0.001396
3794.74,0.001760
3795.22,0.002116
3795.70,0.002427
3796.19,0.002657
3796.67,0.002780
3797.15,0.002790
3797.63,0.002711
3798.11,0.002591
3798.60,0.002484
3799.08,0.002432
3799.56,0.002445
3800.04,0.002512
3800.53,0.002601
3801.01,0.002676
3801.49,0.002701
3801.97,0.002644
3802.45,0.002495
3802.94,0.002273
3803.42,0.002016
3803.90,0.001766
3804.38,0.001555
3804.86,0.001401
3805.35,0.001323
3805.83,0.001348
3806.31,0.001506
3806.79,0.001828
3807.28,0.002316
3807.76,0.002927
3808.24,0.003556
3808.72,0.004072
3809.20,0.004378
3809.69,0.004445
3810.17,0.004305
3810.65,0.004015
3811.13,0.003637
3811.61,0.003221
3812.10,0.002804
3812.58,0.002423
3813.06,0.002106
3813.54,0.001874
3814.03,0.001741
3814.51,0.001711
3814.99,0.001776
3815.47,0.001911
3815.95,0.002069
3816.44,0.002183
3816.92,0.002174
3817.40,0.001993
3817.88,0.001645
3818.36,0.001195
3818.85,0.000720
3819.33,0.000296
3819.81,-0.000025
3820.29,-0.000204
3820.78,-0.000208
3821.26,-0.000013
3821.74,0.000375
3822.22,0.000901
3822.70,0.001459
3823.18,0.001950
3823.67,0.002323
3824.15,0.002589
3824.63,0.002789
3825.11,0.002965
3825.60,0.003146
3826.08,0.003344
3826.56,0.003556
3827.04,0.003767
3827.52,0.003955
3828.01,0.004095
3828.49,0.004169
3828.97,0.004170
3829.45,0.004099
3829.93,0.003963
3830.42,0.003777
3830.90,0.003557
3831.38,0.003326
3831.86,0.003116
3832.34,0.002959
3832.83,0.002877
3833.31,0.002875
3833.79,0.002936
3834.27,0.003029
3834.76,0.003118
3835.24,0.003177
3835.72,0.003193
3836.20,0.003165
3836.68,0.003097
3837.17,0.002996
3837.65,0.002866
3838.13,0.002712
3838.61,0.002548
3839.09,0.002406
3839.58,0.002326
3840.06,0.002353
3840.54,0.002506
3841.02,0.002773
3841.51,0.003107
3841.99,0.003447
3842.47,0.003739
3842.95,0.003939
3843.43,0.004029
3843.92,0.004011
3844.40,0.003903
3844.88,0.003730
3845.36,0.003518
3845.84,0.003289
3846.33,0.003060
3846.81,0.002844
3847.29,0.002656
3847.77,0.002504
3848.26,0.002393
3848.74,0.002319
3849.22,0.002263
3849.70,0.002199
3850.18,0.002097
3850.67,0.001936
3851.15,0.001720
3851.63,0.001490
3852.11,0.001322
3852.59,0.001344
3853.08,0.001717
3853.56,0.002586
3854.04,0.003972
3854.52,0.005645
3855.01,0.007168
3855.49,0.008143
3855.97,0.008452
3856.45,0.008221
3856.93,0.007650
3857.42,0.006905
3857.90,0.006098
3858.38,0.005307
3858.86,0.004583
3859.34,0.003969
3859.83,0.003493
3860.31,0.003169
3860.79,0.002990
3861.27,0.002931
3861.76,0.002948
3862.24,0.002985
3862.72,0.002989
3863.20,0.002930
3863.68,0.002809
3864.16,0.002662
3864.65,0.002540
3865.13,0.002487
3865.61,0.002512
3866.09,0.002579
3866.58,0.002619
3867.06,0.002572
3867.54,0.002414
3868.02,0.002170
3868.50,0.001902
3868.99,0.001692
3869.47,0.001635
3869.95,0.001805
3870.43,0.002225
3870.91,0.002817
3871.40,0.003420
3871.88,0.003859
3872.36,0.004043
3872.84,0.003999
3873.32,0.003828
3873.81,0.003649
3874.29,0.003552
3874.77,0.003587
3875.25,0.003739
3875.74,0.003942
3876.22,0.004100
3876.70,0.004141
3877.18,0.004045
3877.66,0.003843
3878.15,0.003592
3878.63,0.003358
3879.11,0.003206
3879.59,0.003179
3880.07,0.003299
3880.56,0.003549
3881.04,0.003875
3881.52,0.004191
3882.00,0.004404
3882.49,0.004463
3882.97,0.004367
3883.45,0.004164
3883.93,0.003922
3884.41,0.003714
3884.90,0.003609
3885.38,0.003656
3885.86,0.003875
3886.34,0.004234
3886.82,0.004640
3887.31,0.004955
3887.79,0.005068
3888.27,0.004938
3888.75,0.004597
3889.24,0.004120
3889.72,0.003591
3890.20,0.003098
3890.68,0.002710
3891.16,0.002486
3891.65,0.002461
3892.13,0.002626
3892.61,0.002933
3893.09,0.003292
3893.57,0.003623
3894.06,0.003866
3894.54,0.004002
3895.02,0.004037
3895.50,0.003994
3895.99,0.003893
3896.47,0.003753
3896.95,0.003588
3897.43,0.003406
3897.91,0.003217
3898.40,0.003026
3898.88,0.002843
3899.36,0.002676
3899.84,0.002545
3900.32,0.002472
3900.81,0.002484
3901.29,0.002604
3901.77,0.002842
3902.25,0.003188
3902.73,0.003610
3903.22,0.004064
3903.70,0.004494
3904.18,0.004847
3904.66,0.005082
3905.14,0.005178
3905.63,0.005138
3906.11,0.004988
3906.59,0.004766
3907.07,0.004510
3907.56,0.004245
3908.04,0.003989
3908.52,0.003752
3909.00,0.003540
3909.48,0.003359
3909.97,0.003213
3910.45,0.003104
3910.93,0.003026
3911.41,0.002970
3911.89,0.002920
3912.38,0.002855
3912.86,0.002755
3913.34,0.002605
3913.82,0.002402
3914.30,0.002160
3914.79,0.001909
3915.27,0.001694
3915.75,0.001563
3916.23,0.001563
3916.72,0.001719
3917.20,0.002029
3917.68,0.002448
3918.16,0.002901
3918.64,0.003306
3919.13,0.003603
3919.61,0.003767
3920.09,0.003815
3920.57,0.003786
3921.05,0.003720
3921.54,0.003646
3922.02,0.003574
3922.50,0.003504
3922.98,0.003433
3923.47,0.003363
3923.95,0.003306
3924.43,0.003278
3924.91,0.003291
3925.39,0.003343
3925.88,0.003415
3926.36,0.003477
3926.84,0.003505
3927.32,0.003493
3927.80,0.003452
3928.29,0.003406
3928.77,0.003381
3929.25,0.003388
3929.73,0.003426
3930.22,0.003483
3930.70,0.003547
3931.18,0.003616
3931.66,0.003701
3932.14,0.003820
3932.63,0.003987
3933.11,0.004191
3933.59,0.004391
3934.07,0.004531
3934.55,0.004560
3935.04,0.004459
3935.52,0.004251
3936.00,0.003993
3936.48,0.003748
3936.97,0.003571
3937.45,0.003486
3937.93,0.003489
3938.41,0.003548
3938.89,0.003626
3939.38,0.003700
3939.86,0.003765
3940.34,0.003839
3940.82,0.003941
3941.30,0.004088
3941.79,0.004270
3942.27,0.004462
3942.75,0.004621
3943.23,0.004714
3943.71,0.004727
3944.20,0.004673
3944.68,0.004585
3945.16,0.004496
3945.64,0.004424
3946.12,0.004366
3946.61,0.004304
3947.09,0.004223
3947.57,0.004115
3948.05,0.003992
3948.54,0.003875
3949.02,0.003785
3949.50,0.003733
3949.98,0.003713
3950.46,0.003709
3950.95,0.003702
3951.43,0.003686
3951.91,0.003672
3952.39,0.003680
3952.88,0.003728
3953.36,0.003817
3953.84,0.003924
3954.32,0.004009
3954.80,0.004026
3955.28,0.003942
3955.77,0.003749
3956.25,0.003466
3956.73,0.003137
3957.21,0.002809
3957.70,0.002518
3958.18,0.002278
3958.66,0.002076
3959.14,0.001887
3959.62,0.001684
3960.11,0.001462
3960.59,0.001244
3961.07,0.001083
3961.55,0.001047
3962.03,0.001203
3962.52,0.001590
3963.00,0.002201
3963.48,0.002975
3963.96,0.003804
3964.45,0.004563
3964.93,0.005128
3965.41,0.005421
3965.89,0.005416
3966.37,0.005147
3966.86,0.004694
3967.34,0.004160
3967.82,0.003652
3968.30,0.003245
3968.78,0.002981
3969.27,0.002855
3969.75,0.002831
3970.23,0.002858
3970.71,0.002884
3971.20,0.002879
3971.68,0.002830
3972.16,0.002743
3972.64,0.002635
3973.12,0.002522
3973.61,0.002419
3974.09,0.002333
3974.57,0.002272
3975.05,0.002242
3975.53,0.002251
3976.02,0.002307
3976.50,0.002414
3976.98,0.002573
3977.46,0.002777
3977.95,0.003010
3978.43,0.003255
3978.91,0.003492
3979.39,0.003700
3979.87,0.003862
3980.36,0.003968
3980.84,0.004013
3981.32,0.004001
3981.80,0.003947
3982.28,0.003870
3982.77,0.003791
3983.25,0.003724
3983.73,0.003674
3984.21,0.003630
3984.69,0.003575
3985.18,0.003491
3985.66,0.003367
3986.14,0.003213
3986.62,0.003052
3987.11,0.002925
3987.59,0.002867
3988.07,0.002903
3988.55,0.003032
3989.03,0.003228
3989.51,0.003448
3990.00,0.003642
3990.48,0.003773
3990.96,0.003827
3991.44,0.003818
3991.93,0.003782
3992.41,0.003761
3992.89,0.003788
3993.37,0.003873
3993.85,0.004000
3994.34,0.004133
3994.82,0.004233
3995.30,0.004266
3995.78,0.004220
3996.26,0.004103
3996.75,0.003941
3997.23,0.003764
3997.71,0.003595
3998.19,0.003446
3998.68,0.003316
3999.16,0.003199
3999.64,0.003097
4000.12,0.003022
