波数(cm-1),吸光度
399.67,0.000000
400.16,0.160703
400.64,0.151421
401.12,0.149854
401.60,0.153948
402.09,0.161951
402.57,0.172148
403.05,0.182571
403.53,0.190907
404.01,0.194576
404.50,0.192136
404.98,0.184323
405.46,0.173973
405.94,0.164451
406.42,0.158326
406.91,0.156973
407.39,0.160432
407.87,0.167689
408.35,0.176843
408.83,0.185764
409.32,0.192491
409.80,0.195769
410.28,0.195259
410.76,0.191343
411.25,0.184884
411.73,0.176826
412.21,0.167912
412.69,0.158414
413.17,0.148212
413.66,0.137099
414.14,0.125222
414.62,0.113306
415.10,0.102806
415.58,0.095566
416.07,0.093420
416.55,0.097869
417.03,0.109574
417.51,0.127927
418.00,0.149924
418.48,0.169723
418.96,0.179618
419.44,0.175469
419.92,0.160999
420.41,0.144351
420.89,0.131777
421.37,0.125538
421.85,0.125742
422.33,0.131440
422.82,0.141231
423.30,0.153202
423.78,0.165139
424.26,0.175098
424.74,0.181744
425.23,0.184657
425.71,0.184037
426.19,0.180383
426.67,0.174390
427.16,0.166975
427.64,0.159348
428.12,0.152698
428.60,0.147972
429.08,0.145681
429.57,0.145832
430.05,0.148094
430.53,0.151977
431.01,0.157048
431.49,0.163013
431.98,0.169738
432.46,0.177142
432.94,0.185022
433.42,0.192919
433.90,0.200148
434.39,0.205797
434.87,0.209020
435.35,0.209341
435.83,0.206825
436.32,0.202055
436.80,0.195823
437.28,0.188896
437.76,0.181854
438.24,0.175204
438.73,0.169586
439.21,0.165749
439.69,0.164513
440.17,0.166560
440.65,0.172138
441.14,0.180850
441.62,0.191467
442.10,0.202211
442.58,0.211102
443.07,0.216877
443.55,0.219586
444.03,0.220535
444.51,0.221570
444.99,0.224165
445.48,0.229036
445.96,0.235810
446.44,0.243241
446.92,0.249530
447.40,0.253147
447.89,0.253424
448.37,0.250730
448.85,0.246245
449.33,0.241489
449.81,0.237994
450.30,0.236840
450.78,0.238525
451.26,0.242771
451.74,0.248552
452.23,0.254175
452.71,0.257698
453.19,0.257669
453.67,0.253514
454.15,0.245815
454.64,0.235907
455.12,0.225506
455.60,0.216202
456.08,0.209177
456.56,0.205294
457.05,0.204865
457.53,0.207508
458.01,0.211976
458.49,0.216595
458.98,0.219918
459.46,0.221075
459.94,0.219832
460.42,0.216289
460.90,0.210749
461.39,0.203713
461.87,0.195967
462.35,0.188532
462.83,0.182350
463.31,0.178110
463.80,0.176071
464.28,0.176121
464.76,0.177949
465.24,0.181197
465.72,0.185538
466.21,0.190609
466.69,0.195963
467.17,0.201056
467.65,0.205242
468.14,0.207974
468.62,0.209007
469.10,0.208534
469.58,0.207160
470.06,0.205676
470.55,0.204788
471.03,0.204782
471.51,0.205466
471.99,0.206283
472.47,0.206695
472.96,0.206520
473.44,0.206134
473.92,0.206215
474.40,0.207370
474.88,0.209742
475.37,0.212924
475.85,0.216067
476.33,0.218226
476.81,0.218831
477.30,0.218004
477.78,0.216684
478.26,0.216199
478.74,0.217802
479.22,0.222045
479.71,0.228659
480.19,0.236637
480.67,0.244621
481.15,0.251288
481.63,0.255648
482.12,0.257339
482.60,0.256549
483.08,0.253826
483.56,0.249777
484.05,0.245001
484.53,0.240092
485.01,0.235631
485.49,0.232210
485.97,0.230256
486.46,0.229838
486.94,0.230599
487.42,0.231796
487.90,0.232589
488.38,0.232265
488.87,0.230606
489.35,0.227988
489.83,0.225281
490.31,0.223478
490.79,0.223317
491.28,0.225100
491.76,0.228597
492.24,0.233211
492.72,0.238202
493.21,0.243012
493.69,0.247352
494.17,0.251128
494.65,0.254280
495.13,0.256596
495.62,0.257703
496.10,0.257260
496.58,0.255168
497.06,0.251785
497.54,0.247836
498.03,0.244220
498.51,0.241611
498.99,0.240220
499.47,0.239798
499.95,0.239789
500.44,0.239628
500.92,0.238961
501.40,0.237849
501.88,0.236727
502.37,0.236264
502.85,0.237052
503.33,0.239452
503.81,0.243564
504.29,0.249303
504.78,0.256504
505.26,0.264920
505.74,0.274178
506.22,0.283571
506.70,0.292008
507.19,0.298274
507.67,0.301361
508.15,0.301069
508.63,0.298156
509.12,0.294115
509.60,0.290511
510.08,0.288400
510.56,0.288196
511.04,0.289615
511.53,0.291945
512.01,0.294307
512.49,0.296049
512.97,0.296904
513.45,0.296960
513.94,0.296498
514.42,0.295816
514.90,0.295163
515.38,0.294751
515.86,0.294883
516.35,0.296002
516.83,0.298578
517.31,0.302934
517.79,0.308977
518.28,0.316098
518.76,0.323191
519.24,0.329013
519.72,0.332708
520.20,0.334088
520.69,0.333739
521.17,0.332672
521.65,0.331997
522.13,0.332486
522.61,0.334441
523.10,0.337739
523.58,0.341971
524.06,0.346620
524.54,0.351156
525.03,0.355117
525.51,0.358065
525.99,0.359599
526.47,0.359491
526.95,0.357840
527.44,0.355186
527.92,0.352342
528.40,0.350212
528.88,0.349475
529.36,0.350375
529.85,0.352738
530.33,0.356052
530.81,0.359722
531.29,0.363247
531.77,0.366440
532.26,0.369409
532.74,0.372413
533.22,0.375642
533.70,0.379101
534.19,0.382628
534.67,0.386072
535.15,0.389471
535.63,0.393144
536.11,0.397531
536.60,0.402948
537.08,0.409286
537.56,0.415941
538.04,0.421910
538.52,0.426175
539.01,0.428207
539.49,0.428172
539.97,0.426887
540.45,0.425346
540.93,0.424353
541.42,0.424185
541.90,0.424631
542.38,0.425258
542.86,0.425812
543.35,0.426456
543.83,0.427813
544.31,0.430663
544.79,0.435583
545.27,0.442629
545.76,0.451216
546.24,0.460275
546.72,0.468639
547.20,0.475619
547.68,0.481199
548.17,0.485959
548.65,0.490609
549.13,0.495658
549.61,0.501186
550.10,0.506943
550.58,0.512607
551.06,0.518100
551.54,0.523682
552.02,0.529831
552.51,0.536905
552.99,0.544848
553.47,0.553038
553.95,0.560446
554.43,0.566008
554.92,0.568972
555.40,0.569231
555.88,0.567257
556.36,0.563871
556.84,0.559874
557.33,0.555903
557.81,0.552420
558.29,0.549723
558.77,0.548022
559.26,0.547372
559.74,0.547566
560.22,0.548006
560.70,0.547728
561.18,0.545697
561.67,0.541067
562.15,0.533628
562.63,0.523905
563.11,0.513029
563.59,0.502294
564.08,0.492703
564.56,0.484837
565.04,0.478749
565.52,0.474147
566.00,0.470588
566.49,0.467689
566.97,0.465193
567.45,0.462940
567.93,0.460798
568.42,0.458585
568.90,0.456062
569.38,0.453014
569.86,0.449310
570.34,0.444945
570.83,0.440005
571.31,0.434592
571.79,0.428780
572.27,0.422625
572.75,0.416251
573.24,0.409915
573.72,0.403995
574.20,0.398950
574.68,0.395126
575.17,0.392593
575.65,0.391051
576.13,0.389869
576.61,0.388311
577.09,0.385784
577.58,0.382142
578.06,0.377700
578.54,0.373095
579.02,0.368959
579.50,0.365733
579.99,0.363519
580.47,0.362084
580.95,0.360967
581.43,0.359658
581.91,0.357816
582.40,0.355305
582.88,0.352205
583.36,0.348703
583.84,0.345038
584.33,0.341446
584.81,0.338159
585.29,0.335432
585.77,0.333490
586.25,0.332467
586.74,0.332334
587.22,0.332852
587.70,0.333615
588.18,0.334124
588.66,0.333978
589.15,0.332989
589.63,0.331252
590.11,0.329092
590.59,0.326966
591.08,0.325324
591.56,0.324463
592.04,0.324504
592.52,0.325394
593.00,0.326986
593.49,0.329103
593.97,0.331591
594.45,0.334324
594.93,0.337153
595.41,0.339894
595.90,0.342354
596.38,0.344358
596.86,0.345827
597.34,0.346803
597.82,0.347420
598.31,0.347822
598.79,0.348077
599.27,0.348142
599.75,0.347877
600.24,0.347116
600.72,0.345739
601.20,0.343727
601.68,0.341139
602.16,0.338053
602.65,0.334508
603.13,0.330489
603.61,0.325964
604.09,0.320945
604.57,0.315531
605.06,0.309909
605.54,0.304273
606.02,0.298768
606.50,0.293412
606.98,0.288113
607.47,0.282716
607.95,0.277108
608.43,0.271283
608.91,0.265372
609.40,0.259581
609.88,0.254124
610.36,0.249141
610.84,0.244644
611.32,0.240518
611.81,0.236554
612.29,0.232522
612.77,0.228219
613.25,0.223517
613.73,0.218402
614.22,0.212969
614.70,0.207422
615.18,0.202027
615.66,0.197101
616.15,0.192916
616.63,0.189619
617.11,0.187181
617.59,0.185380
618.07,0.183872
618.56,0.182274
619.04,0.180313
619.52,0.177904
620.00,0.175162
620.48,0.172330
620.97,0.169673
621.45,0.167368
621.93,0.165424
622.41,0.163700
622.89,0.161966
623.38,0.160020
623.86,0.157763
624.34,0.155245
624.82,0.152628
625.31,0.150127
625.79,0.147909
626.27,0.146028
626.75,0.144426
627.23,0.142966
627.72,0.141509
628.20,0.139968
628.68,0.138346
629.16,0.136733
629.64,0.135281
630.13,0.134150
630.61,0.133466
631.09,0.133300
631.57,0.133637
632.05,0.134387
632.54,0.135388
633.02,0.136453
633.50,0.137396
633.98,0.138076
634.47,0.138439
634.95,0.138523
635.43,0.138451
635.91,0.138374
636.39,0.138433
636.88,0.138702
637.36,0.139170
637.84,0.139758
638.32,0.140360
638.80,0.140886
639.29,0.141279
639.77,0.141525
640.25,0.141620
640.73,0.141552
641.22,0.141286
641.70,0.140779
642.18,0.140017
642.66,0.139049
643.14,0.138005
643.63,0.137080
644.11,0.136463
644.59,0.136291
645.07,0.136589
645.55,0.137268
646.04,0.138156
646.52,0.139060
647.00,0.139848
647.48,0.140471
647.96,0.140968
648.45,0.141417
648.93,0.141895
649.41,0.142414
649.89,0.142925
650.38,0.143317
650.86,0.143481
651.34,0.143342
651.82,0.142889
652.30,0.142183
652.79,0.141336
653.27,0.140490
653.75,0.139781
654.23,0.139328
654.71,0.139210
655.20,0.139453
655.68,0.140018
656.16,0.140805
656.64,0.141676
657.13,0.142475
657.61,0.143075
658.09,0.143411
658.57,0.143489
659.05,0.143382
659.54,0.143192
660.02,0.143027
660.50,0.142966
660.98,0.143054
661.46,0.143312
661.95,0.143752
662.43,0.144383
662.91,0.145207
663.39,0.146192
663.87,0.147262
664.36,0.148298
664.84,0.149170
665.32,0.149756
665.80,0.149966
666.29,0.149763
666.77,0.149180
667.25,0.148347
667.73,0.147482
668.21,0.146846
668.70,0.146577
669.18,0.146585
669.66,0.146624
670.14,0.146483
670.62,0.146079
671.11,0.145422
671.59,0.144589
672.07,0.143682
672.55,0.142823
673.03,0.142122
673.52,0.141664
674.00,0.141497
674.48,0.141618
674.96,0.141984
675.45,0.142513
675.93,0.143109
676.41,0.143656
676.89,0.144039
677.37,0.144167
677.86,0.143988
678.34,0.143507
678.82,0.142785
679.30,0.141934
679.78,0.141097
680.27,0.140411
680.75,0.140000
681.23,0.139932
681.71,0.140209
682.20,0.140768
682.68,0.141505
683.16,0.142296
683.64,0.143020
684.12,0.143587
684.61,0.143944
685.09,0.144082
685.57,0.144020
686.05,0.143792
686.53,0.143429
687.02,0.142949
687.50,0.142366
687.98,0.141703
688.46,0.140996
688.94,0.140306
689.43,0.139702
689.91,0.139235
690.39,0.138930
690.87,0.138778
691.36,0.138746
691.84,0.138796
692.32,0.138907
692.80,0.139087
693.28,0.139363
693.77,0.139759
694.25,0.140271
694.73,0.140842
695.21,0.141372
695.69,0.141737
696.18,0.141824
696.66,0.141584
697.14,0.141045
697.62,0.140321
698.11,0.139562
698.59,0.138931
699.07,0.138551
699.55,0.138471
700.03,0.138670
700.52,0.139062
701.00,0.139536
701.48,0.139972
701.96,0.140278
702.44,0.140396
702.93,0.140302
703.41,0.140000
703.89,0.139507
704.37,0.138852
704.85,0.138062
705.34,0.137168
705.82,0.136209
706.30,0.135231
706.78,0.134296
707.27,0.133478
707.75,0.132843
708.23,0.132437
708.71,0.132272
709.19,0.132318
709.68,0.132511
710.16,0.132775
710.64,0.133045
711.12,0.133287
711.60,0.133505
712.09,0.133729
712.57,0.134003
713.05,0.134353
713.53,0.134774
714.01,0.135226
714.50,0.135649
714.98,0.135989
715.46,0.136211
715.94,0.136316
716.43,0.136327
716.91,0.136279
717.39,0.136189
717.87,0.136055
718.35,0.135851
718.84,0.135550
719.32,0.135134
719.80,0.134613
720.28,0.134020
720.76,0.133399
721.25,0.132793
721.73,0.132229
722.21,0.131718
722.69,0.131271
723.17,0.130904
723.66,0.130647
724.14,0.130542
724.62,0.130620
725.10,0.130896
725.59,0.131350
726.07,0.131929
726.55,0.132550
727.03,0.133124
727.51,0.133568
728.00,0.133819
728.48,0.133837
728.96,0.133611
729.44,0.133151
729.92,0.132485
730.41,0.131662
730.89,0.130742
731.37,0.129780
731.85,0.128817
732.34,0.127870
732.82,0.126937
733.30,0.126008
733.78,0.125091
734.26,0.124225
734.75,0.123483
735.23,0.122957
735.71,0.122715
736.19,0.122779
736.67,0.123099
737.16,0.123567
737.64,0.124035
738.12,0.124374
738.60,0.124508
739.08,0.124429
739.57,0.124194
740.05,0.123887
740.53,0.123581
741.01,0.123301
741.50,0.123026
741.98,0.122699
742.46,0.122267
742.94,0.121707
743.42,0.121047
743.91,0.120360
744.39,0.119748
744.87,0.119309
745.35,0.119111
745.83,0.119180
746.32,0.119493
746.80,0.119981
747.28,0.120539
747.76,0.121044
748.25,0.121376
748.73,0.121427
749.21,0.121139
749.69,0.120507
750.17,0.119596
750.66,0.118523
751.14,0.117434
751.62,0.116477
752.10,0.115759
752.58,0.115336
753.07,0.115207
753.55,0.115323
754.03,0.115605
754.51,0.115958
754.99,0.116292
755.48,0.116526
755.96,0.116594
756.44,0.116461
756.92,0.116118
757.41,0.115596
757.89,0.114952
758.37,0.114258
758.85,0.113574
759.33,0.112928
759.82,0.112313
760.30,0.111700
760.78,0.111065
761.26,0.110414
761.74,0.109801
762.23,0.109322
762.71,0.109085
763.19,0.109165
763.67,0.109573
764.15,0.110240
764.64,0.111041
765.12,0.111811
765.60,0.112405
766.08,0.112725
766.57,0.112734
767.05,0.112449
767.53,0.111923
768.01,0.111227
768.49,0.110433
768.98,0.109615
769.46,0.108856
769.94,0.108232
770.42,0.107811
770.90,0.107629
771.39,0.107675
771.87,0.107887
772.35,0.108166
772.83,0.108412
773.32,0.108548
773.80,0.108546
774.28,0.108429
774.76,0.108251
775.24,0.108068
775.73,0.107912
776.21,0.107787
776.69,0.107673
777.17,0.107549
777.65,0.107409
778.14,0.107269
778.62,0.107153
779.10,0.107078
779.58,0.107030
780.06,0.106967
780.55,0.106824
781.03,0.106553
781.51,0.106145
781.99,0.105644
782.48,0.105136
782.96,0.104727
783.44,0.104498
783.92,0.104473
784.40,0.104613
784.89,0.104822
785.37,0.104995
785.85,0.105039
786.33,0.104919
786.81,0.104661
787.30,0.104342
787.78,0.104061
788.26,0.103895
788.74,0.103879
789.23,0.103992
789.71,0.104166
790.19,0.104311
790.67,0.104351
791.15,0.104253
791.64,0.104034
792.12,0.103751
792.60,0.103472
793.08,0.103246
793.56,0.103071
794.05,0.102895
794.53,0.102635
795.01,0.102223
795.49,0.101641
795.97,0.100948
796.46,0.100265
796.94,0.099745
797.42,0.099502
797.90,0.099563
798.39,0.099843
798.87,0.100169
799.35,0.100347
799.83,0.100216
800.31,0.099729
800.80,0.098963
801.28,0.098102
801.76,0.097353
802.24,0.096880
802.72,0.096753
803.21,0.096925
803.69,0.097267
804.17,0.097618
804.65,0.097870
805.13,0.097989
805.62,0.098031
806.10,0.098102
806.58,0.098312
807.06,0.098717
807.55,0.099295
808.03,0.099947
808.51,0.100526
808.99,0.100898
809.47,0.100965
809.96,0.100706
810.44,0.100172
810.92,0.099479
811.40,0.098764
811.88,0.098148
812.37,0.097710
812.85,0.097467
813.33,0.097379
813.81,0.097375
814.30,0.097382
814.78,0.097352
815.26,0.097284
815.74,0.097213
816.22,0.097194
816.71,0.097275
817.19,0.097466
817.67,0.097731
818.15,0.097997
818.63,0.098182
819.12,0.098224
819.60,0.098104
820.08,0.097853
820.56,0.097539
821.04,0.097235
821.53,0.096997
822.01,0.096852
822.49,0.096797
822.97,0.096818
823.46,0.096900
823.94,0.097044
824.42,0.097263
824.90,0.097570
825.38,0.097965
825.87,0.098423
826.35,0.098901
826.83,0.099346
827.31,0.099712
827.79,0.099966
828.28,0.100094
828.76,0.100088
829.24,0.099946
829.72,0.099670
830.21,0.099274
830.69,0.098795
831.17,0.098300
831.65,0.097883
832.13,0.097640
832.62,0.097638
833.10,0.097894
833.58,0.098366
834.06,0.098960
834.54,0.099559
835.03,0.100071
835.51,0.100446
835.99,0.100695
836.47,0.100871
836.95,0.101045
837.44,0.101275
837.92,0.101588
838.40,0.101977
838.88,0.102412
839.37,0.102861
839.85,0.103301
840.33,0.103718
840.81,0.104106
841.29,0.104456
841.78,0.104753
842.26,0.104973
842.74,0.105100
843.22,0.105129
843.70,0.105077
844.19,0.104976
844.67,0.104867
845.15,0.104788
845.63,0.104772
846.11,0.104843
846.60,0.105021
847.08,0.105328
847.56,0.105785
848.04,0.106411
848.53,0.107207
849.01,0.108156
849.49,0.109215
849.97,0.110324
850.45,0.111424
850.94,0.112462
851.42,0.113403
851.90,0.114236
852.38,0.114957
852.86,0.115575
853.35,0.116101
853.83,0.116560
854.31,0.116996
854.79,0.117472
855.27,0.118073
855.76,0.118883
856.24,0.119967
856.72,0.121346
857.20,0.122986
857.69,0.124798
858.17,0.126659
858.65,0.128457
859.13,0.130114
859.61,0.131620
860.10,0.133030
860.58,0.134452
861.06,0.136013
861.54,0.137809
862.02,0.139885
862.51,0.142210
862.99,0.144690
863.47,0.147187
863.95,0.149567
864.44,0.151739
864.92,0.153665
865.40,0.155374
865.88,0.156929
866.36,0.158397
866.85,0.159810
867.33,0.161145
867.81,0.162339
868.29,0.163322
868.77,0.164051
869.26,0.164544
869.74,0.164870
870.22,0.165125
870.70,0.165382
871.18,0.165644
871.67,0.165828
872.15,0.165785
872.63,0.165365
873.11,0.164455
873.60,0.163042
874.08,0.161213
874.56,0.159132
875.04,0.156979
875.52,0.154893
876.01,0.152957
876.49,0.151174
876.97,0.149497
877.45,0.147852
877.93,0.146169
878.42,0.144397
878.90,0.142501
879.38,0.140468
879.86,0.138291
880.35,0.135975
880.83,0.133531
881.31,0.130983
881.79,0.128361
882.27,0.125699
882.76,0.123031
883.24,0.120394
883.72,0.117829
884.20,0.115391
884.68,0.113141
885.17,0.111135
885.65,0.109409
886.13,0.107957
886.61,0.106731
887.09,0.105634
887.58,0.104568
888.06,0.103454
888.54,0.102275
889.02,0.101082
889.51,0.099987
889.99,0.099133
890.47,0.098633
890.95,0.098543
891.43,0.098840
891.92,0.099431
892.40,0.100180
892.88,0.100951
893.36,0.101648
893.84,0.102222
894.33,0.102670
894.81,0.103012
895.29,0.103272
895.77,0.103466
896.25,0.103597
896.74,0.103669
897.22,0.103697
897.70,0.103708
898.18,0.103739
898.67,0.103822
899.15,0.103981
899.63,0.104220
900.11,0.104537
900.59,0.104927
901.08,0.105393
901.56,0.105948
902.04,0.106602
902.52,0.107347
903.00,0.108150
903.49,0.108949
903.97,0.109664
904.45,0.110228
904.93,0.110606
905.42,0.110814
905.90,0.110910
906.38,0.110986
906.86,0.111128
907.34,0.111395
907.83,0.111797
908.31,0.112299
908.79,0.112839
909.27,0.113350
909.75,0.113791
910.24,0.114164
910.72,0.114511
911.20,0.114898
911.68,0.115392
912.16,0.116034
912.65,0.116822
913.13,0.117707
913.61,0.118605
914.09,0.119430
914.58,0.120112
915.06,0.120629
915.54,0.121016
916.02,0.121355
916.50,0.121755
916.99,0.122314
917.47,0.123098
917.95,0.124115
918.43,0.125320
918.91,0.126622
919.40,0.127921
919.88,0.129129
920.36,0.130190
920.84,0.131095
921.33,0.131868
921.81,0.132561
922.29,0.133226
922.77,0.133908
923.25,0.134633
923.74,0.135402
924.22,0.136199
924.70,0.136994
925.18,0.137760
925.66,0.138485
926.15,0.139175
926.63,0.139862
927.11,0.140595
927.59,0.141430
928.07,0.142405
928.56,0.143538
929.04,0.144814
929.52,0.146192
930.00,0.147617
930.49,0.149037
930.97,0.150420
931.45,0.151753
931.93,0.153048
932.41,0.154328
932.90,0.155621
933.38,0.156951
933.86,0.158344
934.34,0.159831
934.82,0.161446
935.31,0.163222
935.79,0.165179
936.27,0.167304
936.75,0.169543
937.23,0.171801
937.72,0.173976
938.20,0.175976
938.68,0.177761
939.16,0.179361
939.65,0.180872
940.13,0.182427
940.61,0.184154
941.09,0.186141
941.57,0.188408
942.06,0.190899
942.54,0.193504
943.02,0.196096
943.50,0.198562
943.98,0.200834
944.47,0.202904
944.95,0.204817
945.43,0.206659
945.91,0.208526
946.39,0.210500
946.88,0.212631
947.36,0.214923
947.84,0.217339
948.32,0.219819
948.81,0.222308
949.29,0.224770
949.77,0.227204
950.25,0.229640
950.73,0.232115
951.22,0.234650
951.70,0.237226
952.18,0.239781
952.66,0.242238
953.14,0.244524
953.63,0.246614
954.11,0.248540
954.59,0.250382
955.07,0.252237
955.56,0.254170
956.04,0.256189
956.52,0.258235
957.00,0.260209
957.48,0.262008
957.97,0.263566
958.45,0.264872
958.93,0.265968
959.41,0.266918
959.89,0.267776
960.38,0.268572
960.86,0.269309
961.34,0.269976
961.82,0.270569
962.30,0.271103
962.79,0.271608
963.27,0.272117
963.75,0.272651
964.23,0.273212
964.72,0.273787
965.20,0.274365
965.68,0.274944
966.16,0.275544
966.64,0.276197
967.13,0.276946
967.61,0.277838
968.09,0.278916
968.57,0.280230
969.05,0.281833
969.54,0.283767
970.02,0.286055
970.50,0.288675
970.98,0.291561
971.47,0.294595
971.95,0.297660
972.43,0.300674
972.91,0.303633
973.39,0.306620
973.88,0.309782
974.36,0.313283
974.84,0.317229
975.32,0.321630
975.80,0.326389
976.29,0.331346
976.77,0.336324
977.25,0.341190
977.73,0.345900
978.21,0.350487
978.70,0.355036
979.18,0.359631
979.66,0.364336
980.14,0.369178
980.63,0.374158
981.11,0.379273
981.59,0.384516
982.07,0.389874
982.55,0.395303
983.04,0.400728
983.52,0.406055
984.00,0.411202
984.48,0.416151
984.96,0.420967
985.45,0.425792
985.93,0.430784
986.41,0.436058
986.89,0.441629
987.37,0.447407
987.86,0.453219
988.34,0.458883
988.82,0.464284
989.30,0.469393
989.79,0.474269
990.27,0.478999
990.75,0.483660
991.23,0.488278
991.71,0.492840
992.20,0.497328
992.68,0.501753
993.16,0.506162
993.64,0.510613
994.12,0.515130
994.61,0.519669
995.09,0.524112
995.57,0.528317
996.05,0.532172
996.54,0.535648
997.02,0.538808
997.50,0.541774
997.98,0.544672
998.46,0.547569
998.95,0.550468
999.43,0.553336
999.91,0.556153
1000.39,0.558952
1000.87,0.561822
1001.36,0.564861
1001.84,0.568120
1002.32,0.571557
1002.80,0.575037
1003.28,0.578368
1003.77,0.581383
1004.25,0.583992
1004.73,0.586195
1005.21,0.588045
1005.70,0.589593
1006.18,0.590849
1006.66,0.591781
1007.14,0.592362
1007.62,0.592621
1008.11,0.592664
1008.59,0.592653
1009.07,0.592736
1009.55,0.592961
1010.03,0.593248
1010.52,0.593418
1011.00,0.593285
1011.48,0.592748
1011.96,0.591859
1012.45,0.590799
1012.93,0.589805
1013.41,0.589044
1013.89,0.588535
1014.37,0.588137
1014.86,0.587622
1015.34,0.586777
1015.82,0.585493
1016.30,0.583804
1016.78,0.581850
1017.27,0.579794
1017.75,0.577735
1018.23,0.575690
1018.71,0.573605
1019.20,0.571423
1019.68,0.569129
1020.16,0.566765
1020.64,0.564395
1021.12,0.562054
1021.61,0.559705
1022.09,0.557241
1022.57,0.554530
1023.05,0.551485
1023.53,0.548113
1024.02,0.544535
1024.50,0.540931
1024.98,0.537467
1025.46,0.534246
1025.94,0.531260
1026.43,0.528409
1026.91,0.525536
1027.39,0.522488
1027.87,0.519155
1028.36,0.515477
1028.84,0.511460
1029.32,0.507168
1029.80,0.502723
1030.28,0.498286
1030.77,0.494050
1031.25,0.490189
1031.73,0.486799
1032.21,0.483858
1032.69,0.481210
1033.18,0.478612
1033.66,0.475783
1034.14,0.472520
1034.62,0.468763
1035.10,0.464612
1035.59,0.460274
1036.07,0.455981
1036.55,0.451914
1037.03,0.448139
1037.52,0.444619
1038.00,0.441257
1038.48,0.437962
1038.96,0.434688
1039.44,0.431447
1039.93,0.428283
1040.41,0.425237
1040.89,0.422312
1041.37,0.419478
1041.85,0.416682
1042.34,0.413882
1042.82,0.411062
1043.30,0.408229
1043.78,0.405392
1044.27,0.402540
1044.75,0.399637
1045.23,0.396637
1045.71,0.393510
1046.19,0.390267
1046.67,0.386965
1047.16,0.383681
1047.64,0.380488
1048.12,0.377416
1048.60,0.374454
1049.09,0.371564
1049.57,0.368723
1050.05,0.365944
1050.53,0.363285
1051.01,0.360818
1051.50,0.358589
1051.98,0.356577
1052.46,0.354687
1052.94,0.352762
1053.42,0.350645
1053.91,0.348236
1054.39,0.345520
1054.87,0.342573
1055.35,0.339517
1055.84,0.336487
1056.32,0.333574
1056.80,0.330814
1057.28,0.328190
1057.76,0.325662
1058.25,0.323187
1058.73,0.320732
1059.21,0.318273
1059.69,0.315787
1060.17,0.313246
1060.66,0.310621
1061.14,0.307898
1061.62,0.305087
1062.10,0.302231
1062.59,0.299397
1063.07,0.296652
1063.55,0.294044
1064.03,0.291586
1064.51,0.289262
1065.00,0.287041
1065.48,0.284892
1065.96,0.282799
1066.44,0.280766
1066.92,0.278801
1067.41,0.276911
1067.89,0.275087
1068.37,0.273312
1068.85,0.271560
1069.34,0.269812
1069.82,0.268051
1070.30,0.266266
1070.78,0.264439
1071.26,0.262541
1071.74,0.260541
1072.23,0.258409
1072.71,0.256139
1073.19,0.253754
1073.67,0.251311
1074.16,0.248881
1074.64,0.246532
1075.12,0.244316
1075.60,0.242254
1076.08,0.240342
1076.57,0.238565
1077.05,0.236895
1077.53,0.235305
1078.01,0.233759
1078.49,0.232207
1078.98,0.230593
1079.46,0.228855
1079.94,0.226955
1080.42,0.224889
1080.91,0.222704
1081.39,0.220482
1081.87,0.218321
1082.35,0.216303
1082.83,0.214470
1083.32,0.212813
1083.80,0.211285
1084.28,0.209826
1084.76,0.208386
1085.24,0.206945
1085.73,0.205513
1086.21,0.204121
1086.69,0.202793
1087.17,0.201537
1087.65,0.200330
1088.14,0.199131
1088.62,0.197894
1089.10,0.196583
1089.58,0.195184
1090.07,0.193711
1090.55,0.192202
1091.03,0.190700
1091.51,0.189253
1091.99,0.187893
1092.48,0.186631
1092.96,0.185449
1093.44,0.184302
1093.92,0.183129
1094.40,0.181860
1094.89,0.180437
1095.37,0.178833
1095.85,0.177060
1096.33,0.175168
1096.82,0.173232
1097.30,0.171334
1097.78,0.169542
1098.26,0.167891
1098.74,0.166388
1099.23,0.165006
1099.71,0.163705
1100.19,0.162436
1100.67,0.161151
1101.15,0.159812
1101.64,0.158385
1102.12,0.156847
1102.60,0.155187
1103.08,0.153406
1103.57,0.151516
1104.05,0.149541
1104.53,0.147502
1105.01,0.145416
1105.49,0.143291
1105.98,0.141132
1106.46,0.138944
1106.94,0.136747
1107.42,0.134573
1107.90,0.132465
1108.39,0.130462
1108.87,0.128587
1109.35,0.126837
1109.83,0.125178
1110.32,0.123558
1110.80,0.121922
1111.28,0.120224
1111.76,0.118443
1112.24,0.116573
1112.72,0.114628
1113.21,0.112622
1113.69,0.110569
1114.17,0.108479
1114.65,0.106361
1115.14,0.104227
1115.62,0.102093
1116.10,0.099976
1116.58,0.097893
1117.06,0.095849
1117.55,0.093844
1118.03,0.091870
1118.51,0.089915
1118.99,0.087973
1119.47,0.086039
1119.96,0.084112
1120.44,0.082191
1120.92,0.080279
1121.40,0.078379
1121.88,0.076504
1122.37,0.074675
1122.85,0.072920
1123.33,0.071262
1123.81,0.069714
1124.30,0.068260
1124.78,0.066863
1125.26,0.065462
1125.74,0.063996
1126.22,0.062417
1126.71,0.060707
1127.19,0.058882
1127.67,0.056988
1128.15,0.055086
1128.63,0.053229
1129.12,0.051463
1129.60,0.049808
1130.08,0.048271
1130.56,0.046848
1131.05,0.045528
1131.53,0.044302
1132.01,0.043157
1132.49,0.042078
1132.97,0.041044
1133.46,0.040037
1133.94,0.039039
1134.42,0.038046
1134.90,0.037066
1135.38,0.036115
1135.87,0.035214
1136.35,0.034378
1136.83,0.033609
1137.31,0.032898
1137.80,0.032227
1138.28,0.031576
1138.76,0.030935
1139.24,0.030301
1139.72,0.029684
1140.21,0.029095
1140.69,0.028547
1141.17,0.028043
1141.65,0.027579
1142.13,0.027149
1142.62,0.026741
1143.10,0.026348
1143.58,0.025963
1144.06,0.025583
1144.55,0.025201
1145.03,0.024808
1145.51,0.024392
1145.99,0.023942
1146.47,0.023451
1146.96,0.022921
1147.44,0.022365
1147.92,0.021803
1148.40,0.021263
1148.88,0.020774
1149.37,0.020357
1149.85,0.020023
1150.33,0.019769
1150.81,0.019582
1151.30,0.019439
1151.78,0.019313
1152.26,0.019186
1152.74,0.019048
1153.22,0.018903
1153.70,0.018762
1154.19,0.018634
1154.67,0.018524
1155.15,0.018420
1155.63,0.018297
1156.12,0.018124
1156.60,0.017878
1157.08,0.017552
1157.56,0.017168
1158.04,0.016769
1158.53,0.016414
1159.01,0.016153
1159.49,0.016016
1159.97,0.016002
1160.45,0.016080
1160.94,0.016200
1161.42,0.016309
1161.90,0.016366
1162.38,0.016348
1162.87,0.016250
1163.35,0.016080
1163.83,0.015847
1164.31,0.015561
1164.79,0.015230
1165.28,0.014865
1165.76,0.014483
1166.24,0.014109
1166.72,0.013774
1167.20,0.013502
1167.69,0.013309
1168.17,0.013192
1168.65,0.013137
1169.13,0.013118
1169.62,0.013106
1170.10,0.013079
1170.58,0.013019
1171.06,0.012917
1171.54,0.012770
1172.03,0.012578
1172.51,0.012350
1172.99,0.012099
1173.47,0.011851
1173.95,0.011631
1174.44,0.011461
1174.92,0.011350
1175.40,0.011289
1175.88,0.011250
1176.37,0.011194
1176.85,0.011092
1177.33,0.010931
1177.81,0.010726
1178.29,0.010514
1178.78,0.010343
1179.26,0.010254
1179.74,0.010268
1180.22,0.010377
1180.70,0.010546
1181.19,0.010732
1181.67,0.010887
1182.15,0.010979
1182.63,0.010995
1183.11,0.010940
1183.60,0.010832
1184.08,0.010698
1184.56,0.010570
1185.04,0.010482
1185.53,0.010464
1186.01,0.010549
1186.49,0.010753
1186.97,0.011078
1187.45,0.011501
1187.94,0.011983
1188.42,0.012469
1188.90,0.012907
1189.38,0.013257
1189.86,0.013502
1190.35,0.013647
1190.83,0.013712
1191.31,0.013730
1191.79,0.013728
1192.28,0.013727
1192.76,0.013741
1193.24,0.013778
1193.72,0.013840
1194.20,0.013929
1194.68,0.014046
1195.17,0.014186
1195.65,0.014338
1196.13,0.014489
1196.61,0.014626
1197.10,0.014741
1197.58,0.014834
1198.06,0.014915
1198.54,0.015003
1199.02,0.015114
1199.51,0.015262
1199.99,0.015453
1200.47,0.015683
1200.95,0.015940
1201.43,0.016207
1201.92,0.016470
1202.40,0.016714
1202.88,0.016926
1203.36,0.017096
1203.85,0.017217
1204.33,0.017284
1204.81,0.017296
1205.29,0.017255
1205.77,0.017167
1206.26,0.017042
1206.74,0.016892
1207.22,0.016733
1207.70,0.016577
1208.18,0.016439
1208.67,0.016329
1209.15,0.016249
1209.63,0.016198
1210.11,0.016167
1210.60,0.016147
1211.08,0.016129
1211.56,0.016110
1212.04,0.016099
1212.52,0.016114
1213.01,0.016180
1213.49,0.016318
1213.97,0.016540
1214.45,0.016841
1214.93,0.017197
1215.42,0.017574
1215.90,0.017931
1216.38,0.018234
1216.86,0.018465
1217.35,0.018624
1217.83,0.018729
1218.31,0.018811
1218.79,0.018905
1219.27,0.019041
1219.76,0.019241
1220.24,0.019511
1220.72,0.019846
1221.20,0.020230
1221.68,0.020644
1222.17,0.021073
1222.65,0.021511
1223.13,0.021960
1223.61,0.022434
1224.09,0.022951
1224.58,0.023523
1225.06,0.024153
1225.54,0.024827
1226.02,0.025513
1226.51,0.026169
1226.99,0.026751
1227.47,0.027228
1227.95,0.027584
1228.43,0.027828
1228.91,0.027991
1229.40,0.028115
1229.88,0.028247
1230.36,0.028429
1230.84,0.028683
1231.33,0.029015
1231.81,0.029408
1232.29,0.029833
1232.77,0.030251
1233.26,0.030627
1233.74,0.030938
1234.22,0.031178
1234.70,0.031355
1235.18,0.031492
1235.66,0.031617
1236.15,0.031749
1236.63,0.031897
1237.11,0.032051
1237.59,0.032192
1238.08,0.032295
1238.56,0.032340
1239.04,0.032321
1239.52,0.032248
1240.00,0.032148
1240.49,0.032052
1240.97,0.031993
1241.45,0.031997
1241.93,0.032073
1242.41,0.032220
1242.90,0.032417
1243.38,0.032640
1243.86,0.032859
1244.34,0.033047
1244.83,0.033186
1245.31,0.033269
1245.79,0.033298
1246.27,0.033282
1246.75,0.033235
1247.24,0.033165
1247.72,0.033079
1248.20,0.032970
1248.68,0.032834
1249.16,0.032663
1249.65,0.032457
1250.13,0.032224
1250.61,0.031980
1251.09,0.031744
1251.58,0.031536
1252.06,0.031364
1252.54,0.031234
1253.02,0.031143
1253.50,0.031083
1253.98,0.031052
1254.47,0.031047
1254.95,0.031067
1255.43,0.031110
1255.91,0.031165
1256.40,0.031215
1256.88,0.031238
1257.36,0.031212
1257.84,0.031123
1258.33,0.030967
1258.81,0.030752
1259.29,0.030499
1259.77,0.030233
1260.25,0.029977
1260.73,0.029750
1261.22,0.029562
1261.70,0.029413
1262.18,0.029297
1262.66,0.029201
1263.15,0.029110
1263.63,0.029013
1264.11,0.028904
1264.59,0.028785
1265.07,0.028667
1265.56,0.028564
1266.04,0.028490
1266.52,0.028450
1267.00,0.028435
1267.48,0.028425
1267.97,0.028393
1268.45,0.028317
1268.93,0.028183
1269.41,0.027997
1269.89,0.027776
1270.38,0.027547
1270.86,0.027335
1271.34,0.027152
1271.82,0.027002
1272.31,0.026877
1272.79,0.026770
1273.27,0.026678
1273.75,0.026603
1274.23,0.026557
1274.72,0.026549
1275.20,0.026585
1275.68,0.026662
1276.16,0.026772
1276.64,0.026905
1277.13,0.027054
1277.61,0.027215
1278.09,0.027386
1278.57,0.027564
1279.06,0.027737
1279.54,0.027892
1280.02,0.028012
1280.50,0.028090
1280.98,0.028126
1281.47,0.028134
1281.95,0.028132
1282.43,0.028136
1282.91,0.028154
1283.39,0.028181
1283.88,0.028206
1284.36,0.028218
1284.84,0.028212
1285.32,0.028191
1285.81,0.028164
1286.29,0.028139
1286.77,0.028114
1287.25,0.028079
1287.73,0.028020
1288.22,0.027926
1288.70,0.027800
1289.18,0.027659
1289.66,0.027524
1290.14,0.027416
1290.63,0.027337
1291.11,0.027270
1291.59,0.027183
1292.07,0.027045
1292.56,0.026838
1293.04,0.026566
1293.52,0.026260
1294.00,0.025964
1294.48,0.025723
1294.96,0.025566
1295.45,0.025507
1295.93,0.025538
1296.41,0.025646
1296.89,0.025809
1297.38,0.026013
1297.86,0.026242
1298.34,0.026479
1298.82,0.026707
1299.30,0.026902
1299.79,0.027048
1300.27,0.027142
1300.75,0.027194
1301.23,0.027232
1301.71,0.027285
1302.20,0.027377
1302.68,0.027515
1303.16,0.027690
1303.64,0.027879
1304.13,0.028058
1304.61,0.028212
1305.09,0.028338
1305.57,0.028443
1306.05,0.028538
1306.54,0.028633
1307.02,0.028728
1307.50,0.028826
1307.98,0.028931
1308.46,0.029056
1308.95,0.029222
1309.43,0.029454
1309.91,0.029765
1310.39,0.030153
1310.88,0.030591
1311.36,0.031044
1311.84,0.031465
1312.32,0.031818
1312.80,0.032086
1313.29,0.032269
1313.77,0.032385
1314.25,0.032459
1314.73,0.032518
1315.21,0.032582
1315.70,0.032666
1316.18,0.032780
1316.66,0.032931
1317.14,0.033121
1317.62,0.033349
1318.11,0.033604
1318.59,0.033869
1319.07,0.034125
1319.55,0.034356
1320.04,0.034557
1320.52,0.034726
1321.00,0.034869
1321.48,0.034991
1321.96,0.035096
1322.45,0.035183
1322.93,0.035258
1323.41,0.035332
1323.89,0.035424
1324.38,0.035557
1324.86,0.035746
1325.34,0.035996
1325.82,0.036293
1326.30,0.036610
1326.79,0.036920
1327.27,0.037203
1327.75,0.037458
1328.23,0.037701
1328.71,0.037956
1329.20,0.038241
1329.68,0.038561
1330.16,0.038905
1330.64,0.039249
1331.12,0.039567
1331.61,0.039842
1332.09,0.040074
1332.57,0.040273
1333.05,0.040452
1333.54,0.040623
1334.02,0.040791
1334.50,0.040955
1334.98,0.041117
1335.46,0.041281
1335.94,0.041463
1336.43,0.041678
1336.91,0.041935
1337.39,0.042234
1337.87,0.042556
1338.36,0.042873
1338.84,0.043153
1339.32,0.043374
1339.80,0.043531
1340.28,0.043634
1340.77,0.043700
1341.25,0.043744
1341.73,0.043771
1342.21,0.043779
1342.69,0.043768
1343.18,0.043745
1343.66,0.043727
1344.14,0.043735
1344.62,0.043791
1345.11,0.043911
1345.59,0.044095
1346.07,0.044335
1346.55,0.044614
1347.03,0.044919
1347.52,0.045242
1348.00,0.045577
1348.48,0.045919
1348.96,0.046254
1349.44,0.046561
1349.93,0.046818
1350.41,0.047010
1350.89,0.047135
1351.37,0.047211
1351.86,0.047270
1352.34,0.047350
1352.82,0.047481
1353.30,0.047682
1353.78,0.047952
1354.27,0.048278
1354.75,0.048635
1355.23,0.048999
1355.71,0.049352
1356.19,0.049686
1356.68,0.050005
1357.16,0.050326
1357.64,0.050675
1358.12,0.051082
1358.61,0.051576
1359.09,0.052179
1359.57,0.052899
1360.05,0.053729
1360.53,0.054651
1361.02,0.055644
1361.50,0.056688
1361.98,0.057771
1362.46,0.058887
1362.94,0.060027
1363.43,0.061172
1363.91,0.062293
1364.39,0.063356
1364.87,0.064337
1365.35,0.065234
1365.84,0.066063
1366.32,0.066856
1366.80,0.067654
1367.28,0.068498
1367.77,0.069420
1368.25,0.070439
1368.73,0.071560
1369.21,0.072773
1369.69,0.074063
1370.18,0.075408
1370.66,0.076790
1371.14,0.078192
1371.62,0.079600
1372.10,0.081010
1372.59,0.082429
1373.07,0.083876
1373.55,0.085383
1374.03,0.086977
1374.52,0.088662
1375.00,0.090405
1375.48,0.092143
1375.96,0.093814
1376.44,0.095382
1376.92,0.096855
1377.41,0.098273
1377.89,0.099694
1378.37,0.101168
1378.85,0.102718
1379.34,0.104331
1379.82,0.105963
1380.30,0.107563
1380.78,0.109097
1381.26,0.110559
1381.75,0.111973
1382.23,0.113380
1382.71,0.114818
1383.19,0.116308
1383.67,0.117854
1384.16,0.119449
1384.64,0.121089
1385.12,0.122778
1385.60,0.124532
1386.09,0.126366
1386.57,0.128277
1387.05,0.130235
1387.53,0.132185
1388.01,0.134070
1388.50,0.135855
1388.98,0.137541
1389.46,0.139160
1389.94,0.140738
1390.42,0.142288
1390.91,0.143799
1391.39,0.145256
1391.87,0.146644
1392.35,0.147968
1392.84,0.149250
1393.32,0.150529
1393.80,0.151839
1394.28,0.153193
1394.76,0.154577
1395.25,0.155958
1395.73,0.157304
1396.21,0.158611
1396.69,0.159906
1397.17,0.161223
1397.66,0.162584
1398.14,0.163972
1398.62,0.165341
1399.10,0.166622
1399.59,0.167766
1400.07,0.168769
1400.55,0.169682
1401.03,0.170573
1401.51,0.171495
1401.99,0.172466
1402.48,0.173469
1402.96,0.174465
1403.44,0.175410
1403.92,0.176273
1404.41,0.177047
1404.89,0.177740
1405.37,0.178371
1405.85,0.178950
1406.33,0.179474
1406.82,0.179933
1407.30,0.180325
1407.78,0.180654
1408.26,0.180935
1408.74,0.181180
1409.23,0.181388
1409.71,0.181546
1410.19,0.181632
1410.67,0.181632
1411.16,0.181555
1411.64,0.181433
1412.12,0.181303
1412.60,0.181193
1413.08,0.181097
1413.57,0.180986
1414.05,0.180815
1414.53,0.180554
1415.01,0.180203
1415.49,0.179801
1415.98,0.179407
1416.46,0.179069
1416.94,0.178800
1417.42,0.178551
1417.90,0.178218
1418.39,0.177663
1418.87,0.176790
1419.35,0.175623
1419.83,0.174331
1420.32,0.173135
1420.80,0.172184
1421.28,0.171503
1421.76,0.171020
1422.24,0.170632
1422.73,0.170239
1423.21,0.169771
1423.69,0.169190
1424.17,0.168495
1424.65,0.167711
1425.14,0.166882
1425.62,0.166053
1426.10,0.165254
1426.58,0.164503
1427.07,0.163807
1427.55,0.163167
1428.03,0.162581
1428.51,0.162036
1428.99,0.161512
1429.48,0.160987
1429.96,0.160446
1430.44,0.159898
1430.92,0.159374
1431.40,0.158911
1431.89,0.158540
1432.37,0.158268
1432.85,0.158079
1433.33,0.157939
1433.82,0.157813
1434.30,0.157677
1434.78,0.157518
1435.26,0.157331
1435.74,0.157110
1436.23,0.156843
1436.71,0.156515
1437.19,0.156123
1437.67,0.155694
1438.15,0.155286
1438.64,0.154954
1439.12,0.154736
1439.60,0.154642
1440.08,0.154655
1440.57,0.154747
1441.05,0.154875
1441.53,0.154999
1442.01,0.155082
1442.49,0.155100
1442.97,0.155044
1443.46,0.154911
1443.94,0.154702
1444.42,0.154419
1444.90,0.154069
1445.39,0.153665
1445.87,0.153231
1446.35,0.152797
1446.83,0.152394
1447.31,0.152039
1447.80,0.151736
1448.28,0.151470
1448.76,0.151220
1449.24,0.150971
1449.72,0.150717
1450.21,0.150462
1450.69,0.150208
1451.17,0.149949
1451.65,0.149677
1452.13,0.149382
1452.62,0.149070
1453.10,0.148761
1453.58,0.148489
1454.06,0.148281
1454.55,0.148141
1455.03,0.148038
1455.51,0.147886
1455.99,0.147545
1456.47,0.146852
1456.96,0.145699
1457.44,0.144180
1457.92,0.142617
1458.40,0.141371
1458.88,0.140587
1459.37,0.140183
1459.85,0.139996
1460.33,0.139889
1460.81,0.139796
1461.30,0.139692
1461.78,0.139578
1462.26,0.139448
1462.74,0.139281
1463.22,0.139033
1463.71,0.138655
1464.19,0.138112
1464.67,0.137428
1465.15,0.136691
1465.63,0.136035
1466.12,0.135556
1466.60,0.135262
1467.08,0.135078
1467.56,0.134900
1468.05,0.134645
1468.53,0.134276
1469.01,0.133806
1469.49,0.133281
1469.97,0.132756
1470.46,0.132259
1470.94,0.131778
1471.42,0.131252
1471.90,0.130591
1472.38,0.129719
1472.87,0.128645
1473.35,0.127485
1473.83,0.126400
1474.31,0.125480
1474.80,0.124703
1475.28,0.123973
1475.76,0.123199
1476.24,0.122333
1476.72,0.121398
1477.20,0.120460
1477.69,0.119599
1478.17,0.118859
1478.65,0.118230
1479.13,0.117663
1479.62,0.117094
1480.10,0.116473
1480.58,0.115784
1481.06,0.115044
1481.55,0.114296
1482.03,0.113585
1482.51,0.112937
1482.99,0.112348
1483.47,0.111792
1483.95,0.111242
1484.44,0.110687
1484.92,0.110131
1485.40,0.109587
1485.88,0.109071
1486.37,0.108589
1486.85,0.108137
1487.33,0.107706
1487.81,0.107293
1488.29,0.106911
1488.78,0.106586
1489.26,0.106340
1489.74,0.106173
1490.22,0.106043
1490.70,0.105889
1491.19,0.105664
1491.67,0.105370
1492.15,0.105051
1492.63,0.104769
1493.12,0.104576
1493.60,0.104502
1494.08,0.104550
1494.56,0.104703
1495.04,0.104925
1495.53,0.105168
1496.01,0.105372
1496.49,0.105488
1496.97,0.105488
1497.45,0.105384
1497.94,0.105217
1498.42,0.105039
1498.90,0.104897
1499.38,0.104816
1499.87,0.104805
1500.35,0.104855
1500.83,0.104945
1501.31,0.105049
1501.79,0.105140
1502.28,0.105204
1502.76,0.105241
1503.24,0.105268
1503.72,0.105308
1504.20,0.105389
1504.69,0.105527
1505.17,0.105713
1505.65,0.105894
1506.13,0.105953
1506.62,0.105724
1507.10,0.105087
1507.58,0.104142
1508.06,0.103205
1508.54,0.102538
1509.03,0.102169
1509.51,0.101998
1509.99,0.101909
1510.47,0.101837
1510.95,0.101760
1511.44,0.101695
1511.92,0.101673
1512.40,0.101720
1512.88,0.101843
1513.36,0.102024
1513.85,0.102228
1514.33,0.102421
1514.81,0.102576
1515.29,0.102673
1515.78,0.102700
1516.26,0.102638
1516.74,0.102470
1517.22,0.102188
1517.70,0.101813
1518.18,0.101403
1518.67,0.101030
1519.15,0.100760
1519.63,0.100634
1520.11,0.100655
1520.60,0.100785
1521.08,0.100930
1521.56,0.100968
1522.04,0.100805
1522.52,0.100461
1523.01,0.100070
1523.49,0.099781
1523.97,0.099680
1524.45,0.099772
1524.93,0.100009
1525.42,0.100318
1525.90,0.100624
1526.38,0.100877
1526.86,0.101069
1527.35,0.101239
1527.83,0.101451
1528.31,0.101751
1528.79,0.102152
1529.27,0.102636
1529.76,0.103168
1530.24,0.103721
1530.72,0.104281
1531.20,0.104854
1531.68,0.105450
1532.17,0.106076
1532.65,0.106718
1533.13,0.107337
1533.61,0.107874
1534.10,0.108297
1534.58,0.108637
1535.06,0.108981
1535.54,0.109408
1536.02,0.109962
1536.51,0.110644
1536.99,0.111429
1537.47,0.112278
1537.95,0.113147
1538.43,0.113991
1538.92,0.114741
1539.40,0.115290
1539.88,0.115481
1540.36,0.115146
1540.85,0.114231
1541.33,0.112909
1541.81,0.111526
1542.29,0.110383
1542.77,0.109646
1543.26,0.109320
1543.74,0.109301
1544.22,0.109414
1544.70,0.109462
1545.18,0.109303
1545.67,0.108893
1546.15,0.108304
1546.63,0.107659
1547.11,0.107067
1547.59,0.106571
1548.08,0.106151
1548.56,0.105742
1549.04,0.105265
1549.52,0.104671
1550.01,0.103975
1550.49,0.103258
1550.97,0.102633
1551.45,0.102177
1551.93,0.101894
1552.42,0.101730
1552.90,0.101598
1553.38,0.101429
1553.86,0.101188
1554.34,0.100891
1554.83,0.100593
1555.31,0.100358
1555.79,0.100221
1556.27,0.100167
1556.76,0.100142
1557.24,0.100062
1557.72,0.099817
1558.20,0.099247
1558.68,0.098152
1559.16,0.096428
1559.65,0.094340
1560.13,0.092456
1560.61,0.091119
1561.09,0.090274
1561.58,0.089741
1562.06,0.089379
1562.54,0.089099
1563.02,0.088844
1563.50,0.088559
1563.99,0.088197
1564.47,0.087731
1564.95,0.087167
1565.43,0.086557
1565.91,0.085973
1566.40,0.085477
1566.88,0.085087
1567.36,0.084773
1567.84,0.084467
1568.33,0.084085
1568.81,0.083557
1569.29,0.082855
1569.77,0.082017
1570.25,0.081144
1570.74,0.080347
1571.22,0.079682
1571.70,0.079137
1572.18,0.078668
1572.66,0.078239
1573.15,0.077834
1573.63,0.077458
1574.11,0.077119
1574.59,0.076819
1575.08,0.076539
1575.56,0.076231
1576.04,0.075830
1576.52,0.075283
1577.00,0.074595
1577.49,0.073822
1577.97,0.073029
1578.45,0.072240
1578.93,0.071442
1579.41,0.070607
1579.90,0.069721
1580.38,0.068798
1580.86,0.067877
1581.34,0.067010
1581.83,0.066245
1582.31,0.065596
1582.79,0.065041
1583.27,0.064528
1583.75,0.064006
1584.23,0.063445
1584.72,0.062846
1585.20,0.062234
1585.68,0.061639
1586.16,0.061080
1586.65,0.060553
1587.13,0.060042
1587.61,0.059534
1588.09,0.059032
1588.57,0.058561
1589.06,0.058156
1589.54,0.057840
1590.02,0.057616
1590.50,0.057461
1590.98,0.057338
1591.47,0.057216
1591.95,0.057083
1592.43,0.056955
1592.91,0.056860
1593.40,0.056824
1593.88,0.056856
1594.36,0.056951
1594.84,0.057092
1595.32,0.057267
1595.81,0.057476
1596.29,0.057726
1596.77,0.058020
1597.25,0.058345
1597.73,0.058671
1598.22,0.058958
1598.70,0.059182
1599.18,0.059349
1599.66,0.059497
1600.14,0.059687
1600.63,0.059976
1601.11,0.060396
1601.59,0.060934
1602.07,0.061544
1602.56,0.062161
1603.04,0.062742
1603.52,0.063278
1604.00,0.063801
1604.48,0.064362
1604.97,0.065004
1605.45,0.065746
1605.93,0.066579
1606.41,0.067472
1606.89,0.068396
1607.38,0.069336
1607.86,0.070293
1608.34,0.071277
1608.82,0.072292
1609.31,0.073335
1609.79,0.074388
1610.27,0.075436
1610.75,0.076475
1611.23,0.077513
1611.72,0.078567
1612.20,0.079648
1612.68,0.080749
1613.16,0.081849
1613.64,0.082921
1614.13,0.083950
1614.61,0.084949
1615.09,0.085961
1615.57,0.087057
1616.06,0.088314
1616.54,0.089773
1617.02,0.091381
1617.50,0.093001
1617.98,0.094486
1618.47,0.095770
1618.95,0.096892
1619.43,0.097945
1619.91,0.099014
1620.39,0.100150
1620.88,0.101369
1621.36,0.102661
1621.84,0.104004
1622.32,0.105383
1622.81,0.106800
1623.29,0.108269
1623.77,0.109796
1624.25,0.111351
1624.73,0.112872
1625.21,0.114284
1625.70,0.115531
1626.18,0.116596
1626.66,0.117499
1627.14,0.118284
1627.63,0.119011
1628.11,0.119730
1628.59,0.120477
1629.07,0.121266
1629.55,0.122101
1630.04,0.122987
1630.52,0.123944
1631.00,0.124993
1631.48,0.126145
1631.96,0.127383
1632.45,0.128664
1632.93,0.129912
1633.41,0.131043
1633.89,0.131980
1634.38,0.132663
1634.86,0.133060
1635.34,0.133178
1635.82,0.133074
1636.30,0.132844
1636.79,0.132598
1637.27,0.132421
1637.75,0.132350
1638.23,0.132394
1638.71,0.132550
1639.20,0.132803
1639.68,0.133118
1640.16,0.133436
1640.64,0.133692
1641.12,0.133829
1641.61,0.133825
1642.09,0.133712
1642.57,0.133563
1643.05,0.133461
1643.54,0.133468
1644.02,0.133606
1644.50,0.133844
1644.98,0.134112
1645.46,0.134307
1645.95,0.134321
1646.43,0.134065
1646.91,0.133506
1647.39,0.132698
1647.88,0.131774
1648.36,0.130883
1648.84,0.130118
1649.32,0.129521
1649.80,0.129100
1650.29,0.128851
1650.77,0.128764
1651.25,0.128805
1651.73,0.128896
1652.21,0.128865
1652.70,0.128418
1653.18,0.127236
1653.66,0.125320
1654.14,0.123279
1654.62,0.121824
1655.11,0.121109
1655.59,0.120842
1656.07,0.120692
1656.55,0.120440
1657.04,0.119996
1657.52,0.119359
1658.00,0.118588
1658.48,0.117757
1658.96,0.116935
1659.45,0.116154
1659.93,0.115397
1660.41,0.114614
1660.89,0.113744
1661.37,0.112745
1661.86,0.111606
1662.34,0.110350
1662.82,0.109017
1663.30,0.107648
1663.79,0.106271
1664.27,0.104902
1664.75,0.103561
1665.23,0.102275
1665.71,0.101078
1666.19,0.100000
1666.68,0.099048
1667.16,0.098202
1667.64,0.097407
1668.12,0.096584
1668.61,0.095643
1669.09,0.094515
1669.57,0.093193
1670.05,0.091738
1670.53,0.090249
1671.02,0.088811
1671.50,0.087455
1671.98,0.086173
1672.46,0.084944
1672.94,0.083751
1673.43,0.082579
1673.91,0.081397
1674.39,0.080153
1674.87,0.078770
1675.36,0.077190
1675.84,0.075425
1676.32,0.073593
1676.80,0.071867
1677.28,0.070376
1677.77,0.069151
1678.25,0.068137
1678.73,0.067229
1679.21,0.066315
1679.69,0.065302
1680.18,0.064157
1680.66,0.062917
1681.14,0.061681
1681.62,0.060562
1682.11,0.059622
1682.59,0.058846
1683.07,0.058118
1683.55,0.057239
1684.03,0.055958
1684.52,0.054164
1685.00,0.052071
1685.48,0.050106
1685.96,0.048546
1686.44,0.047373
1686.93,0.046417
1687.41,0.045513
1687.89,0.044558
1688.37,0.043517
1688.86,0.042407
1689.34,0.041274
1689.82,0.040171
1690.30,0.039120
1690.78,0.038112
1691.27,0.037125
1691.75,0.036144
1692.23,0.035181
1692.71,0.034271
1693.19,0.033444
1693.68,0.032713
1694.16,0.032052
1694.64,0.031388
1695.12,0.030601
1695.60,0.029558
1696.09,0.028195
1696.57,0.026589
1697.05,0.024941
1697.53,0.023438
1698.02,0.022145
1698.50,0.021002
1698.98,0.019895
1699.46,0.018709
1699.94,0.017390
1700.43,0.015997
1700.91,0.014699
1701.39,0.013656
1701.87,0.012877
1702.35,0.012237
1702.84,0.011606
1703.32,0.010903
1703.80,0.010113
1704.28,0.009261
1704.77,0.008407
1705.25,0.007623
1705.73,0.006965
1706.21,0.006453
1706.69,0.006060
1707.17,0.005742
1707.66,0.005457
1708.14,0.005184
1708.62,0.004917
1709.10,0.004642
1709.59,0.004331
1710.07,0.003950
1710.55,0.003466
1711.03,0.002876
1711.51,0.002204
1712.00,0.001502
1712.48,0.000825
1712.96,0.000214
1713.44,-0.000319
1713.92,-0.000788
1714.41,-0.001228
1714.89,-0.001665
1715.37,-0.002100
1715.85,-0.002490
1716.34,-0.002763
1716.82,-0.002850
1717.30,-0.002733
1717.78,-0.002480
1718.26,-0.002229
1718.75,-0.002125
1719.23,-0.002226
1719.71,-0.002490
1720.19,-0.002825
1720.67,-0.003156
1721.16,-0.003444
1721.64,-0.003674
1722.12,-0.003853
1722.60,-0.003988
1723.09,-0.004085
1723.57,-0.004142
1724.05,-0.004163
1724.53,-0.004158
1725.01,-0.004155
1725.50,-0.004184
1725.98,-0.004277
1726.46,-0.004444
1726.94,-0.004676
1727.42,-0.004944
1727.91,-0.005215
1728.39,-0.005458
1728.87,-0.005662
1729.35,-0.005837
1729.84,-0.006009
1730.32,-0.006198
1730.80,-0.006411
1731.28,-0.006624
1731.76,-0.006794
1732.24,-0.006870
1732.73,-0.006808
1733.21,-0.006589
1733.69,-0.006241
1734.17,-0.005860
1734.66,-0.005584
1735.14,-0.005527
1735.62,-0.005687
1736.10,-0.005977
1736.58,-0.006298
1737.07,-0.006588
1737.55,-0.006823
1738.03,-0.006993
1738.51,-0.007094
1738.99,-0.007124
1739.48,-0.007087
1739.96,-0.006998
1740.44,-0.006886
1740.92,-0.006788
1741.40,-0.006732
1741.89,-0.006728
1742.37,-0.006774
1742.85,-0.006855
1743.33,-0.006954
1743.82,-0.007054
1744.30,-0.007145
1744.78,-0.007218
1745.26,-0.007273
1745.74,-0.007310
1746.23,-0.007333
1746.71,-0.007353
1747.19,-0.007381
1747.67,-0.007439
1748.15,-0.007542
1748.64,-0.007699
1749.12,-0.007898
1749.60,-0.008101
1750.08,-0.008260
1750.57,-0.008330
1751.05,-0.008295
1751.53,-0.008180
1752.01,-0.008048
1752.49,-0.007965
1752.98,-0.007973
1753.46,-0.008075
1753.94,-0.008244
1754.42,-0.008439
1754.90,-0.008616
1755.39,-0.008741
1755.87,-0.008796
1756.35,-0.008777
1756.83,-0.008700
1757.32,-0.008598
1757.80,-0.008508
1758.28,-0.008461
1758.76,-0.008472
1759.24,-0.008542
1759.73,-0.008661
1760.21,-0.008815
1760.69,-0.008982
1761.17,-0.009137
1761.65,-0.009249
1762.14,-0.009300
1762.62,-0.009288
1763.10,-0.009243
1763.58,-0.009202
1764.07,-0.009196
1764.55,-0.009236
1765.03,-0.009309
1765.51,-0.009388
1765.99,-0.009443
1766.47,-0.009455
1766.96,-0.009423
1767.44,-0.009370
1767.92,-0.009332
1768.40,-0.009354
1768.89,-0.009456
1769.37,-0.009632
1769.85,-0.009848
1770.33,-0.010060
1770.82,-0.010235
1771.30,-0.010351
1771.78,-0.010412
1772.26,-0.010432
1772.74,-0.010431
1773.22,-0.010421
1773.71,-0.010401
1774.19,-0.010363
1774.67,-0.010308
1775.15,-0.010249
1775.64,-0.010210
1776.12,-0.010217
1776.60,-0.010288
1777.08,-0.010429
1777.56,-0.010622
1778.05,-0.010836
1778.53,-0.011029
1779.01,-0.011163
1779.49,-0.011207
1779.97,-0.011143
1780.46,-0.010977
1780.94,-0.010736
1781.42,-0.010468
1781.90,-0.010220
1782.38,-0.010032
1782.87,-0.009914
1783.35,-0.009858
1783.83,-0.009835
1784.31,-0.009813
1784.80,-0.009766
1785.28,-0.009688
1785.76,-0.009601
1786.24,-0.009548
1786.72,-0.009582
1787.21,-0.009738
1787.69,-0.010024
1788.17,-0.010416
1788.65,-0.010867
1789.13,-0.011312
1789.62,-0.011686
1790.10,-0.011938
1790.58,-0.012036
1791.06,-0.011971
1791.55,-0.011765
1792.03,-0.011469
1792.51,-0.011163
1792.99,-0.010926
1793.47,-0.010822
1793.96,-0.010871
1794.44,-0.011056
1794.92,-0.011332
1795.40,-0.011647
1795.88,-0.011945
1796.37,-0.012173
1796.85,-0.012290
1797.33,-0.012278
1797.81,-0.012148
1798.30,-0.011937
1798.78,-0.011699
1799.26,-0.011487
1799.74,-0.011335
1800.22,-0.011246
1800.71,-0.011197
1801.19,-0.011148
1801.67,-0.011061
1802.15,-0.010919
1802.63,-0.010735
1803.12,-0.010539
1803.60,-0.010367
1804.08,-0.010245
1804.56,-0.010185
1805.05,-0.010184
1805.53,-0.010226
1806.01,-0.010289
1806.49,-0.010352
1806.97,-0.010398
1807.45,-0.010415
1807.94,-0.010402
1808.42,-0.010369
1808.90,-0.010335
1809.38,-0.010324
1809.87,-0.010360
1810.35,-0.010457
1810.83,-0.010613
1811.31,-0.010811
1811.79,-0.011024
1812.28,-0.011224
1812.76,-0.011396
1813.24,-0.011539
1813.72,-0.011663
1814.20,-0.011777
1814.69,-0.011883
1815.17,-0.011970
1815.65,-0.012016
1816.13,-0.012003
1816.62,-0.011919
1817.10,-0.011774
1817.58,-0.011594
1818.06,-0.011413
1818.54,-0.011259
1819.03,-0.011143
1819.51,-0.011058
1819.99,-0.010992
1820.47,-0.010934
1820.95,-0.010887
1821.44,-0.010864
1821.92,-0.010878
1822.40,-0.010930
1822.88,-0.011007
1823.37,-0.011080
1823.85,-0.011116
1824.33,-0.011101
1824.81,-0.011053
1825.29,-0.011025
1825.78,-0.011086
1826.26,-0.011280
1826.74,-0.011599
1827.22,-0.011983
1827.70,-0.012338
1828.19,-0.012562
1828.67,-0.012572
1829.15,-0.012325
1829.63,-0.011839
1830.12,-0.011193
1830.60,-0.010515
1831.08,-0.009934
1831.56,-0.009521
1832.04,-0.009284
1832.53,-0.009190
1833.01,-0.009206
1833.49,-0.009319
1833.97,-0.009542
1834.45,-0.009894
1834.94,-0.010386
1835.42,-0.010997
1835.90,-0.011677
1836.38,-0.012346
1836.87,-0.012918
1837.35,-0.013327
1837.83,-0.013532
1838.31,-0.013530
1838.79,-0.013347
1839.28,-0.013032
1839.76,-0.012641
1840.24,-0.012227
1840.72,-0.011833
1841.20,-0.011487
1841.69,-0.011204
1842.17,-0.010988
1842.65,-0.010835
1843.13,-0.010733
1843.61,-0.010666
1844.10,-0.010618
1844.58,-0.010588
1845.06,-0.010589
1845.54,-0.010649
1846.03,-0.010800
1846.51,-0.011062
1846.99,-0.011437
1847.47,-0.011906
1847.95,-0.012438
1848.43,-0.012984
1848.92,-0.013486
1849.40,-0.013887
1849.88,-0.014143
1850.36,-0.014235
1850.85,-0.014176
1851.33,-0.014007
1851.81,-0.013789
1852.29,-0.013578
1852.77,-0.013422
1853.26,-0.013340
1853.74,-0.013323
1854.22,-0.013334
1854.70,-0.013322
1855.18,-0.013243
1855.67,-0.013069
1856.15,-0.012802
1856.63,-0.012472
1857.11,-0.012130
1857.60,-0.011833
1858.08,-0.011628
1858.56,-0.011541
1859.04,-0.011570
1859.52,-0.011686
1860.01,-0.011841
1860.49,-0.011986
1860.97,-0.012073
1861.45,-0.012072
1861.93,-0.011974
1862.42,-0.011792
1862.90,-0.011560
1863.38,-0.011320
1863.86,-0.011119
1864.35,-0.010991
1864.83,-0.010955
1865.31,-0.011004
1865.79,-0.011112
1866.27,-0.011235
1866.76,-0.011319
1867.24,-0.011318
1867.72,-0.011205
1868.20,-0.010987
1868.68,-0.010710
1869.17,-0.010454
1869.65,-0.010310
1870.13,-0.010336
1870.61,-0.010532
1871.10,-0.010850
1871.58,-0.011212
1872.06,-0.011542
1872.54,-0.011776
1873.02,-0.011881
1873.51,-0.011846
1873.99,-0.011695
1874.47,-0.011465
1874.95,-0.011208
1875.43,-0.010966
1875.92,-0.010766
1876.40,-0.010613
1876.88,-0.010501
1877.36,-0.010423
1877.84,-0.010379
1878.33,-0.010380
1878.81,-0.010442
1879.29,-0.010572
1879.77,-0.010761
1880.26,-0.010970
1880.74,-0.011142
1881.22,-0.011216
1881.70,-0.011154
1882.18,-0.010950
1882.67,-0.010641
1883.15,-0.010296
1883.63,-0.009999
1884.11,-0.009817
1884.59,-0.009795
1885.08,-0.009939
1885.56,-0.010229
1886.04,-0.010624
1886.52,-0.011083
1887.01,-0.011575
1887.49,-0.012072
1887.97,-0.012545
1888.45,-0.012956
1888.93,-0.013256
1889.41,-0.013400
1889.90,-0.013373
1890.38,-0.013212
1890.86,-0.012997
1891.34,-0.012826
1891.83,-0.012774
1892.31,-0.012862
1892.79,-0.013048
1893.27,-0.013236
1893.75,-0.013312
1894.24,-0.013173
1894.72,-0.012763
1895.20,-0.012104
1895.68,-0.011301
1896.16,-0.010518
1896.65,-0.009920
1897.13,-0.009629
1897.61,-0.009690
1898.09,-0.010066
1898.58,-0.010658
1899.06,-0.011342
1899.54,-0.011997
1900.02,-0.012517
1900.50,-0.012826
1900.99,-0.012886
1901.47,-0.012691
1901.95,-0.012269
1902.43,-0.011679
1902.91,-0.011003
1903.40,-0.010341
1903.88,-0.009795
1904.36,-0.009460
1904.84,-0.009390
1905.33,-0.009592
1905.81,-0.010012
1906.29,-0.010556
1906.77,-0.011101
1907.25,-0.011527
1907.74,-0.011747
1908.22,-0.011721
1908.70,-0.011462
1909.18,-0.011031
1909.66,-0.010522
1910.15,-0.010031
1910.63,-0.009639
1911.11,-0.009405
1911.59,-0.009354
1912.08,-0.009491
1912.56,-0.009800
1913.04,-0.010251
1913.52,-0.010799
1914.00,-0.011386
1914.48,-0.011946
1914.97,-0.012407
1915.45,-0.012707
1915.93,-0.012801
1916.41,-0.012674
1916.90,-0.012340
1917.38,-0.011842
1917.86,-0.011254
1918.34,-0.010670
1918.82,-0.010183
1919.31,-0.009867
1919.79,-0.009756
1920.27,-0.009838
1920.75,-0.010065
1921.23,-0.010363
1921.72,-0.010654
1922.20,-0.010854
1922.68,-0.010899
1923.16,-0.010760
1923.65,-0.010456
1924.13,-0.010050
1924.61,-0.009623
1925.09,-0.009240
1925.57,-0.008924
1926.06,-0.008661
1926.54,-0.008421
1927.02,-0.008187
1927.50,-0.007980
1927.98,-0.007862
1928.47,-0.007919
1928.95,-0.008229
1929.43,-0.008822
1929.91,-0.009653
1930.39,-0.010601
1930.88,-0.011494
1931.36,-0.012173
1931.84,-0.012525
1932.32,-0.012533
1932.81,-0.012264
1933.29,-0.011840
1933.77,-0.011375
1934.25,-0.010937
1934.73,-0.010530
1935.22,-0.010109
1935.70,-0.009615
1936.18,-0.009019
1936.66,-0.008343
1937.14,-0.007659
1937.63,-0.007065
1938.11,-0.006638
1938.59,-0.006413
1939.07,-0.006365
1939.56,-0.006429
1940.04,-0.006534
1940.52,-0.006644
1941.00,-0.006784
1941.48,-0.007036
1941.97,-0.007507
1942.45,-0.008279
1942.93,-0.009355
1943.41,-0.010632
1943.89,-0.011935
1944.38,-0.013071
1944.86,-0.013908
1945.34,-0.014395
1945.82,-0.014556
1946.31,-0.014464
1946.79,-0.014215
1947.27,-0.013913
1947.75,-0.013646
1948.23,-0.013481
1948.72,-0.013462
1949.20,-0.013597
1949.68,-0.013860
1950.16,-0.014168
1950.64,-0.014396
1951.13,-0.014371
1951.61,-0.013924
1952.09,-0.012947
1952.57,-0.011439
1953.06,-0.009545
1953.54,-0.007539
1954.02,-0.005808
1954.50,-0.004734
1954.98,-0.004580
1955.46,-0.005413
1955.95,-0.007067
1956.43,-0.009202
1956.91,-0.011382
1957.39,-0.013238
1957.88,-0.014536
1958.36,-0.015242
1958.84,-0.015503
1959.32,-0.015581
1959.80,-0.015731
1960.29,-0.016085
1960.77,-0.016610
1961.25,-0.017110
1961.73,-0.017320
1962.21,-0.016981
1962.70,-0.015965
1963.18,-0.014316
1963.66,-0.012245
1964.14,-0.010059
1964.62,-0.008070
1965.11,-0.006569
1965.59,-0.005756
1966.07,-0.005721
1966.55,-0.006434
1967.04,-0.007756
1967.52,-0.009483
1968.00,-0.011383
1968.48,-0.013268
1968.96,-0.015002
1969.45,-0.016512
1969.93,-0.017773
1970.41,-0.018783
1970.89,-0.019534
1971.38,-0.019995
1971.86,-0.020118
1972.34,-0.019862
1972.82,-0.019231
1973.30,-0.018317
1973.79,-0.017297
1974.27,-0.016373
1974.75,-0.015714
1975.23,-0.015370
1975.71,-0.015245
1976.20,-0.015124
1976.68,-0.014760
1977.16,-0.013970
1977.64,-0.012712
1978.12,-0.011112
1978.61,-0.009397
1979.09,-0.007805
1979.57,-0.006473
1980.05,-0.005427
1980.54,-0.004601
1981.02,-0.003903
1981.50,-0.003263
1981.98,-0.002661
1982.46,-0.002118
1982.95,-0.001664
1983.43,-0.001310
1983.91,-0.001039
1984.39,-0.000831
1984.87,-0.000704
1985.36,-0.000738
1985.84,-0.001090
1986.32,-0.001942
1986.80,-0.003427
1987.29,-0.005561
1987.77,-0.008181
1988.25,-0.010949
1988.73,-0.013393
1989.21,-0.015077
1989.70,-0.015713
1990.18,-0.015264
1990.66,-0.013928
1991.14,-0.012084
1991.62,-0.010189
1992.11,-0.008632
1992.59,-0.007695
1993.07,-0.007463
1993.55,-0.007838
1994.04,-0.008594
1994.52,-0.009480
1995.00,-0.010301
1995.48,-0.010922
1995.96,-0.011275
1996.44,-0.011337
1996.93,-0.011105
1997.41,-0.010597
1997.89,-0.009847
1998.37,-0.008916
1998.86,-0.007884
1999.34,-0.006852
1999.82,-0.005936
2000.30,-0.005244
2000.78,-0.004864
2001.27,-0.004843
2001.75,-0.005183
2002.23,-0.005846
2002.71,-0.006779
2003.19,-0.007921
2003.68,-0.009206
2004.16,-0.010553
2004.64,-0.011859
2005.12,-0.012983
2005.61,-0.013764
2006.09,-0.014069
2006.57,-0.013824
2007.05,-0.013078
2007.53,-0.012027
2008.02,-0.011018
2008.50,-0.010444
2008.98,-0.010610
2009.46,-0.011632
2009.94,-0.013365
2010.43,-0.015444
2010.91,-0.017358
2011.39,-0.018636
2011.87,-0.018947
2012.36,-0.018219
2012.84,-0.016640
2013.32,-0.014576
2013.80,-0.012426
2014.28,-0.010463
2014.77,-0.008812
2015.25,-0.007458
2015.73,-0.006323
2016.21,-0.005339
2016.69,-0.004511
2017.18,-0.003905
2017.66,-0.003615
2018.14,-0.003692
2018.62,-0.004111
2019.11,-0.004768
2019.59,-0.005532
2020.07,-0.006299
2020.55,-0.007034
2021.03,-0.007775
2021.52,-0.008594
2022.00,-0.009542
2022.48,-0.010615
2022.96,-0.011745
2023.44,-0.012822
2023.93,-0.013745
2024.41,-0.014436
2024.89,-0.014837
2025.37,-0.014885
2025.85,-0.014470
2026.34,-0.013443
2026.82,-0.011683
2027.30,-0.009179
2027.78,-0.006123
2028.27,-0.002910
2028.75,-0.000106
2029.23,0.001733
2029.71,0.002215
2030.19,0.001220
2030.67,-0.001021
2031.16,-0.003982
2031.64,-0.006957
2032.12,-0.009329
2032.60,-0.010703
2033.09,-0.010967
2033.57,-0.010254
2034.05,-0.008837
2034.53,-0.007040
2035.02,-0.005136
2035.50,-0.003347
2035.98,-0.001818
2036.46,-0.000628
2036.94,0.000178
2037.42,0.000590
2037.91,0.000620
2038.39,0.000301
2038.87,-0.000324
2039.35,-0.001217
2039.84,-0.002364
2040.32,-0.003782
2040.80,-0.005495
2041.28,-0.007505
2041.76,-0.009747
2042.25,-0.012077
2042.73,-0.014275
2043.21,-0.016115
2043.69,-0.017416
2044.17,-0.018085
2044.66,-0.018136
2045.14,-0.017663
2045.62,-0.016807
2046.10,-0.015709
2046.59,-0.014494
2047.07,-0.013251
2047.55,-0.012023
2048.03,-0.010816
2048.51,-0.009611
2049.00,-0.008382
2049.48,-0.007119
2049.96,-0.005848
2050.44,-0.004637
2050.92,-0.003597
2051.41,-0.002846
2051.89,-0.002481
2052.37,-0.002561
2052.85,-0.003071
2053.34,-0.003934
2053.82,-0.005008
2054.30,-0.006140
2054.78,-0.007200
2055.26,-0.008114
2055.75,-0.008882
2056.23,-0.009544
2056.71,-0.010137
2057.19,-0.010657
2057.67,-0.011041
2058.16,-0.011194
2058.64,-0.011037
2059.12,-0.010546
2059.60,-0.009789
2060.08,-0.008899
2060.57,-0.008052
2061.05,-0.007394
2061.53,-0.006995
2062.01,-0.006831
2062.49,-0.006796
2062.98,-0.006750
2063.46,-0.006561
2063.94,-0.006157
2064.42,-0.005538
2064.91,-0.004766
2065.39,-0.003942
2065.87,-0.003179
2066.35,-0.002575
2066.83,-0.002193
2067.32,-0.002064
2067.80,-0.002188
2068.28,-0.002539
2068.76,-0.003067
2069.24,-0.003702
2069.73,-0.004370
2070.21,-0.005001
2070.69,-0.005554
2071.17,-0.006031
2071.66,-0.006466
2072.14,-0.006905
2072.62,-0.007374
2073.10,-0.007856
2073.58,-0.008287
2074.07,-0.008566
2074.55,-0.008594
2075.03,-0.008315
2075.51,-0.007738
2075.99,-0.006952
2076.48,-0.006093
2076.96,-0.005329
2077.44,-0.004816
2077.92,-0.004657
2078.41,-0.004896
2078.89,-0.005507
2079.37,-0.006409
2079.85,-0.007480
2080.33,-0.008574
2080.82,-0.009550
2081.30,-0.010272
2081.78,-0.010641
2082.26,-0.010612
2082.74,-0.010196
2083.23,-0.009456
2083.71,-0.008492
2084.19,-0.007432
2084.67,-0.006394
2085.16,-0.005483
2085.64,-0.004781
2086.12,-0.004337
2086.60,-0.004174
2087.08,-0.004289
2087.57,-0.004655
2088.05,-0.005221
2088.53,-0.005905
2089.01,-0.006616
2089.49,-0.007257
2089.98,-0.007758
2090.46,-0.008093
2090.94,-0.008285
2091.42,-0.008396
2091.90,-0.008500
2092.39,-0.008652
2092.87,-0.008866
2093.35,-0.009109
2093.83,-0.009314
2094.32,-0.009413
2094.80,-0.009369
2095.28,-0.009194
2095.76,-0.008945
2096.24,-0.008704
2096.72,-0.008542
2097.21,-0.008482
2097.69,-0.008485
2098.17,-0.008472
2098.65,-0.008358
2099.14,-0.008099
2099.62,-0.007724
2100.10,-0.007333
2100.58,-0.007078
2101.06,-0.007106
2101.55,-0.007495
2102.03,-0.008220
2102.51,-0.009138
2102.99,-0.010038
2103.47,-0.010671
2103.96,-0.010845
2104.44,-0.010482
2104.92,-0.009640
2105.40,-0.008501
2105.89,-0.007311
2106.37,-0.006328
2106.85,-0.005735
2107.33,-0.005614
2107.81,-0.005938
2108.30,-0.006598
2108.78,-0.007451
2109.26,-0.008367
2109.74,-0.009277
2110.22,-0.010176
2110.71,-0.011106
2111.19,-0.012113
2111.67,-0.013210
2112.15,-0.014340
2112.64,-0.015385
2113.12,-0.016167
2113.60,-0.016514
2114.08,-0.016301
2114.56,-0.015486
2115.05,-0.014142
2115.53,-0.012437
2116.01,-0.010623
2116.49,-0.008958
2116.97,-0.007660
2117.46,-0.006871
2117.94,-0.006626
2118.42,-0.006869
2118.90,-0.007474
2119.39,-0.008291
2119.87,-0.009166
2120.35,-0.009968
2120.83,-0.010615
2121.31,-0.011060
2121.80,-0.011296
2122.28,-0.011342
2122.76,-0.011240
2123.24,-0.011048
2123.72,-0.010832
2124.21,-0.010654
2124.69,-0.010556
2125.17,-0.010547
2125.65,-0.010595
2126.14,-0.010641
2126.62,-0.010617
2127.10,-0.010480
2127.58,-0.010234
2128.06,-0.009940
2128.55,-0.009706
2129.03,-0.009641
2129.51,-0.009815
2129.99,-0.010221
2130.47,-0.010765
2130.96,-0.011270
2131.44,-0.011533
2131.92,-0.011392
2132.40,-0.010773
2132.88,-0.009730
2133.37,-0.008421
2133.85,-0.007090
2134.33,-0.005992
2134.81,-0.005320
2135.30,-0.005166
2135.78,-0.005495
2136.26,-0.006167
2136.74,-0.006973
2137.22,-0.007717
2137.70,-0.008256
2138.19,-0.008523
2138.67,-0.008535
2139.15,-0.008360
2139.63,-0.008087
2140.12,-0.007775
2140.60,-0.007429
2141.08,-0.006997
2141.56,-0.006391
2142.04,-0.005523
2142.53,-0.004359
2143.01,-0.002943
2143.49,-0.001419
2143.97,0.000007
2144.45,0.001125
2144.94,0.001754
2145.42,0.001803
2145.90,0.001283
2146.38,0.000295
2146.86,-0.001013
2147.35,-0.002495
2147.83,-0.004033
2148.31,-0.005570
2148.79,-0.007079
2149.28,-0.008525
2149.76,-0.009845
2150.24,-0.010934
2150.72,-0.011679
2151.20,-0.012021
2151.69,-0.011998
2152.17,-0.011772
2152.65,-0.011581
2153.13,-0.011691
2153.61,-0.012295
2154.10,-0.013432
2154.58,-0.014954
2155.06,-0.016554
2155.54,-0.017890
2156.03,-0.018658
2156.51,-0.018713
2156.99,-0.018085
2157.47,-0.016958
2157.95,-0.015584
2158.44,-0.014192
2158.92,-0.012899
2159.40,-0.011677
2159.88,-0.010397
2160.36,-0.008941
2160.85,-0.007322
2161.33,-0.005726
2161.81,-0.004481
2162.29,-0.003907
2162.78,-0.004220
2163.26,-0.005427
2163.74,-0.007319
2164.22,-0.009511
2164.70,-0.011547
2165.19,-0.013033
2165.67,-0.013686
2166.15,-0.013421
2166.63,-0.012331
2167.11,-0.010639
2167.60,-0.008610
2168.08,-0.006486
2168.56,-0.004472
2169.04,-0.002714
2169.53,-0.001311
2170.01,-0.000333
2170.49,0.000191
2170.97,0.000271
2171.45,-0.000049
2171.94,-0.000701
2172.42,-0.001609
2172.90,-0.002703
2173.38,-0.003940
2173.86,-0.005298
2174.35,-0.006763
2174.83,-0.008309
2175.31,-0.009866
2175.79,-0.011315
2176.28,-0.012519
2176.76,-0.013337
2177.24,-0.013690
2177.72,-0.013586
2178.20,-0.013123
2178.68,-0.012452
2179.17,-0.011717
2179.65,-0.011022
2180.13,-0.010399
2180.61,-0.009824
2181.10,-0.009254
2181.58,-0.008667
2182.06,-0.008083
2182.54,-0.007557
2183.02,-0.007147
2183.51,-0.006879
2183.99,-0.006726
2184.47,-0.006623
2184.95,-0.006486
2185.43,-0.006270
2185.92,-0.005989
2186.40,-0.005727
2186.88,-0.005620
2187.36,-0.005798
2187.84,-0.006359
2188.33,-0.007323
2188.81,-0.008629
2189.29,-0.010142
2189.77,-0.011691
2190.26,-0.013095
2190.74,-0.014178
2191.22,-0.014798
2191.70,-0.014851
2192.18,-0.014287
2192.67,-0.013130
2193.15,-0.011485
2193.63,-0.009528
2194.11,-0.007463
2194.59,-0.005499
2195.08,-0.003807
2195.56,-0.002493
2196.04,-0.001604
2196.52,-0.001129
2197.01,-0.001020
2197.49,-0.001211
2197.97,-0.001630
2198.45,-0.002209
2198.93,-0.002872
2199.42,-0.003539
2199.90,-0.004126
2200.38,-0.004555
2200.86,-0.004772
2201.34,-0.004762
2201.83,-0.004542
2202.31,-0.004149
2202.79,-0.003621
2203.27,-0.002989
2203.76,-0.002275
2204.24,-0.001513
2204.72,-0.000762
2205.20,-0.000115
2205.68,0.000309
2206.17,0.000391
2206.65,0.000052
2207.13,-0.000723
2207.61,-0.001873
2208.09,-0.003284
2208.58,-0.004810
2209.06,-0.006327
2209.54,-0.007760
2210.02,-0.009087
2210.51,-0.010323
2210.99,-0.011488
2211.47,-0.012581
2211.95,-0.013557
2212.43,-0.014344
2212.92,-0.014848
2213.40,-0.014998
2213.88,-0.014763
2214.36,-0.014172
2214.84,-0.013314
2215.33,-0.012335
2215.81,-0.011424
2216.29,-0.010765
2216.77,-0.010510
2217.26,-0.010732
2217.74,-0.011399
2218.22,-0.012372
2218.70,-0.013428
2219.18,-0.014334
2219.66,-0.014885
2220.15,-0.014981
2220.63,-0.014648
2221.11,-0.014019
2221.59,-0.013275
2222.08,-0.012579
2222.56,-0.012034
2223.04,-0.011651
2223.52,-0.011374
2224.00,-0.011121
2224.49,-0.010840
2224.97,-0.010522
2225.45,-0.010210
2225.93,-0.009958
2226.41,-0.009800
2226.90,-0.009730
2227.38,-0.009703
2227.86,-0.009657
2228.34,-0.009546
2228.82,-0.009361
2229.31,-0.009126
2229.79,-0.008876
2230.27,-0.008631
2230.75,-0.008380
2231.24,-0.008094
2231.72,-0.007748
2232.20,-0.007352
2232.68,-0.006961
2233.16,-0.006662
2233.65,-0.006539
2234.13,-0.006622
2234.61,-0.006864
2235.09,-0.007141
2235.57,-0.007302
2236.06,-0.007219
2236.54,-0.006843
2237.02,-0.006221
2237.50,-0.005483
2237.99,-0.004801
2238.47,-0.004316
2238.95,-0.004120
2239.43,-0.004235
2239.91,-0.004633
2240.40,-0.005258
2240.88,-0.006059
2241.36,-0.006987
2241.84,-0.007987
2242.32,-0.008982
2242.81,-0.009874
2243.29,-0.010549
2243.77,-0.010918
2244.25,-0.010943
2244.74,-0.010651
2245.22,-0.010129
2245.70,-0.009501
2246.18,-0.008894
2246.66,-0.008403
2247.15,-0.008086
2247.63,-0.007972
2248.11,-0.008068
2248.59,-0.008372
2249.07,-0.008862
2249.56,-0.009488
2250.04,-0.010146
2250.52,-0.010685
2251.00,-0.010945
2251.49,-0.010785
2251.97,-0.010150
2252.45,-0.009090
2252.93,-0.007767
2253.41,-0.006405
2253.90,-0.005223
2254.38,-0.004394
2254.86,-0.003992
2255.34,-0.003997
2255.82,-0.004326
2256.31,-0.004884
2256.79,-0.005589
2257.27,-0.006382
2257.75,-0.007223
2258.24,-0.008063
2258.72,-0.008832
2259.20,-0.009456
2259.68,-0.009869
2260.16,-0.010052
2260.64,-0.010035
2261.13,-0.009899
2261.61,-0.009740
2262.09,-0.009622
2262.57,-0.009558
2263.06,-0.009489
2263.54,-0.009317
2264.02,-0.008933
2264.50,-0.008271
2264.98,-0.007336
2265.47,-0.006208
2265.95,-0.005023
2266.43,-0.003931
2266.91,-0.003078
2267.39,-0.002558
2267.88,-0.002421
2268.36,-0.002665
2268.84,-0.003248
2269.32,-0.004081
2269.80,-0.005033
2270.29,-0.005952
2270.77,-0.006673
2271.25,-0.007055
2271.73,-0.007032
2272.22,-0.006621
2272.70,-0.005944
2273.18,-0.005185
2273.66,-0.004569
2274.14,-0.004283
2274.63,-0.004423
2275.11,-0.004981
2275.59,-0.005847
2276.07,-0.006848
2276.55,-0.007786
2277.04,-0.008508
2277.52,-0.008918
2278.00,-0.008993
2278.48,-0.008769
2278.97,-0.008313
2279.45,-0.007713
2279.93,-0.007047
2280.41,-0.006395
2280.89,-0.005828
2281.38,-0.005406
2281.86,-0.005173
2282.34,-0.005146
2282.82,-0.005307
2283.30,-0.005602
2283.79,-0.005951
2284.27,-0.006271
2284.75,-0.006495
2285.23,-0.006588
2285.72,-0.006561
2286.20,-0.006457
2286.68,-0.006335
2287.16,-0.006245
2287.64,-0.006215
2288.13,-0.006237
2288.61,-0.006277
2289.09,-0.006289
2289.57,-0.006234
2290.05,-0.006093
2290.54,-0.005879
2291.02,-0.005626
2291.50,-0.005380
2291.98,-0.005183
2292.47,-0.005061
2292.95,-0.005016
2293.43,-0.005033
2293.91,-0.005084
2294.39,-0.005141
2294.88,-0.005181
2295.36,-0.005197
2295.84,-0.005192
2296.32,-0.005176
2296.80,-0.005160
2297.29,-0.005156
2297.77,-0.005169
2298.25,-0.005201
2298.73,-0.005248
2299.21,-0.005303
2299.70,-0.005354
2300.18,-0.005384
2300.66,-0.005372
2301.14,-0.005294
2301.62,-0.005129
2302.11,-0.004867
2302.59,-0.004516
2303.07,-0.004104
2303.55,-0.003677
2304.04,-0.003295
2304.52,-0.003017
2305.00,-0.002880
2305.48,-0.002895
2305.96,-0.003034
2306.45,-0.003248
2306.93,-0.003466
2307.41,-0.003634
2307.89,-0.003723
2308.38,-0.003743
2308.86,-0.003741
2309.34,-0.003785
2309.82,-0.003941
2310.30,-0.004248
2310.78,-0.004705
2311.27,-0.005270
2311.75,-0.005879
2312.23,-0.006459
2312.71,-0.006951
2313.20,-0.007322
2313.68,-0.007561
2314.16,-0.007663
2314.64,-0.007625
2315.12,-0.007436
2315.61,-0.007087
2316.09,-0.006588
2316.57,-0.005983
2317.05,-0.005358
2317.53,-0.004823
2318.02,-0.004496
2318.50,-0.004466
2318.98,-0.004760
2319.46,-0.005336
2319.95,-0.006086
2320.43,-0.006864
2320.91,-0.007520
2321.39,-0.007946
2321.87,-0.008085
2322.36,-0.007938
2322.84,-0.007550
2323.32,-0.006993
2323.80,-0.006348
2324.28,-0.005691
2324.77,-0.005094
2325.25,-0.004619
2325.73,-0.004312
2326.21,-0.004203
2326.70,-0.004297
2327.18,-0.004573
2327.66,-0.004984
2328.14,-0.005470
2328.62,-0.005973
2329.11,-0.006440
2329.59,-0.006837
2330.07,-0.007146
2330.55,-0.007352
2331.03,-0.007446
2331.52,-0.007417
2332.00,-0.007266
2332.48,-0.007006
2332.96,-0.006676
2333.45,-0.006329
2333.93,-0.006022
2334.41,-0.005798
2334.89,-0.005679
2335.37,-0.005656
2335.86,-0.005703
2336.34,-0.005794
2336.82,-0.005910
2337.30,-0.006046
2337.78,-0.006204
2338.27,-0.006376
2338.75,-0.006533
2339.23,-0.006631
2339.71,-0.006624
2340.19,-0.006483
2340.68,-0.006226
2341.16,-0.005909
2341.64,-0.005623
2342.12,-0.005446
2342.61,-0.005416
2343.09,-0.005508
2343.57,-0.005644
2344.05,-0.005725
2344.53,-0.005674
2345.02,-0.005480
2345.50,-0.005208
2345.98,-0.004979
2346.46,-0.004915
2346.94,-0.005100
2347.43,-0.005540
2347.91,-0.006174
2348.39,-0.006895
2348.87,-0.007593
2349.35,-0.008176
2349.84,-0.008573
2350.32,-0.008746
2350.80,-0.008681
2351.28,-0.008396
2351.76,-0.007935
2352.25,-0.007380
2352.73,-0.006840
2353.21,-0.006427
2353.69,-0.006238
2354.18,-0.006313
2354.66,-0.006629
2355.14,-0.007094
2355.62,-0.007581
2356.10,-0.007969
2356.59,-0.008172
2357.07,-0.008165
2357.55,-0.007972
2358.03,-0.007654
2358.51,-0.007269
2359.00,-0.006857
2359.48,-0.006443
2359.96,-0.006050
2360.44,-0.005717
2360.93,-0.005519
2361.41,-0.005543
2361.89,-0.005859
2362.37,-0.006484
2362.85,-0.007357
2363.34,-0.008342
2363.82,-0.009250
2364.30,-0.009909
2364.78,-0.010199
2365.26,-0.010091
2365.75,-0.009644
2366.23,-0.008986
2366.71,-0.008265
2367.19,-0.007604
2367.68,-0.007087
2368.16,-0.006748
2368.64,-0.006584
2369.12,-0.006570
2369.60,-0.006674
2370.09,-0.006865
2370.57,-0.007106
2371.05,-0.007357
2371.53,-0.007576
2372.01,-0.007723
2372.50,-0.007771
2372.98,-0.007716
2373.46,-0.007578
2373.94,-0.007394
2374.43,-0.007212
2374.91,-0.007073
2375.39,-0.007000
2375.87,-0.006993
2376.35,-0.007029
2376.84,-0.007075
2377.32,-0.007094
2377.80,-0.007062
2378.28,-0.006970
2378.76,-0.006833
2379.25,-0.006680
2379.73,-0.006547
2380.21,-0.006468
2380.69,-0.006463
2381.17,-0.006529
2381.66,-0.006645
2382.14,-0.006770
2382.62,-0.006858
2383.10,-0.006865
2383.59,-0.006762
2384.07,-0.006541
2384.55,-0.006222
2385.03,-0.005842
2385.51,-0.005452
2385.99,-0.005107
2386.48,-0.004851
2386.96,-0.004709
2387.44,-0.004682
2387.92,-0.004749
2388.41,-0.004869
2388.89,-0.004996
2389.37,-0.005095
2389.85,-0.005146
2390.33,-0.005155
2390.82,-0.005145
2391.30,-0.005153
2391.78,-0.005211
2392.26,-0.005332
2392.74,-0.005509
2393.23,-0.005716
2393.71,-0.005915
2394.19,-0.006075
2394.67,-0.006180
2395.16,-0.006230
2395.64,-0.006243
2396.12,-0.006236
2396.60,-0.006219
2397.08,-0.006189
2397.57,-0.006130
2398.05,-0.006029
2398.53,-0.005880
2399.01,-0.005702
2399.49,-0.005531
2399.98,-0.005416
2400.46,-0.005399
2400.94,-0.005500
2401.42,-0.005712
2401.91,-0.005997
2402.39,-0.006297
2402.87,-0.006554
2403.35,-0.006723
2403.83,-0.006779
2404.32,-0.006722
2404.80,-0.006571
2405.28,-0.006357
2405.76,-0.006113
2406.24,-0.005873
2406.73,-0.005669
2407.21,-0.005531
2407.69,-0.005486
2408.17,-0.005554
2408.66,-0.005745
2409.14,-0.006045
2409.62,-0.006423
2410.10,-0.006830
2410.58,-0.007207
2411.07,-0.007496
2411.55,-0.007660
2412.03,-0.007691
2412.51,-0.007608
2412.99,-0.007458
2413.48,-0.007302
2413.96,-0.007195
2414.44,-0.007169
2414.92,-0.007222
2415.41,-0.007321
2415.89,-0.007411
2416.37,-0.007431
2416.85,-0.007340
2417.33,-0.007129
2417.82,-0.006825
2418.30,-0.006480
2418.78,-0.006157
2419.26,-0.005909
2419.74,-0.005764
2420.23,-0.005718
2420.71,-0.005740
2421.19,-0.005790
2421.67,-0.005828
2422.15,-0.005826
2422.64,-0.005770
2423.12,-0.005662
2423.60,-0.005509
2424.08,-0.005323
2424.57,-0.005122
2425.05,-0.004925
2425.53,-0.004754
2426.01,-0.004636
2426.49,-0.004589
2426.97,-0.004617
2427.46,-0.004709
2427.94,-0.004838
2428.42,-0.004968
2428.90,-0.005069
2429.39,-0.005127
2429.87,-0.005145
2430.35,-0.005144
2430.83,-0.005148
2431.31,-0.005175
2431.80,-0.005234
2432.28,-0.005318
2432.76,-0.005412
2433.24,-0.005500
2433.72,-0.005568
2434.21,-0.005606
2434.69,-0.005601
2435.17,-0.005540
2435.65,-0.005402
2436.14,-0.005174
2436.62,-0.004855
2437.10,-0.004469
2437.58,-0.004064
2438.06,-0.003706
2438.55,-0.003463
2439.03,-0.003385
2439.51,-0.003485
2439.99,-0.003741
2440.47,-0.004102
2440.96,-0.004499
2441.44,-0.004867
2441.92,-0.005161
2442.40,-0.005354
2442.89,-0.005446
2443.37,-0.005449
2443.85,-0.005383
2444.33,-0.005269
2444.81,-0.005123
2445.30,-0.004956
2445.78,-0.004768
2446.26,-0.004557
2446.74,-0.004317
2447.22,-0.004046
2447.71,-0.003755
2448.19,-0.003477
2448.67,-0.003258
2449.15,-0.003152
2449.64,-0.003205
2450.12,-0.003438
2450.60,-0.003830
2451.08,-0.004325
2451.56,-0.004848
2452.05,-0.005316
2452.53,-0.005673
2453.01,-0.005896
2453.49,-0.006001
2453.97,-0.006024
2454.46,-0.006011
2454.94,-0.005996
2455.42,-0.006000
2455.90,-0.006026
2456.39,-0.006073
2456.87,-0.006138
2457.35,-0.006219
2457.83,-0.006310
2458.31,-0.006392
2458.80,-0.006435
2459.28,-0.006399
2459.76,-0.006251
2460.24,-0.005979
2460.72,-0.005606
2461.21,-0.005183
2461.69,-0.004784
2462.17,-0.004482
2462.65,-0.004322
2463.13,-0.004318
2463.62,-0.004448
2464.10,-0.004668
2464.58,-0.004924
2465.06,-0.005171
2465.55,-0.005378
2466.03,-0.005527
2466.51,-0.005607
2466.99,-0.005615
2467.47,-0.005552
2467.95,-0.005426
2468.44,-0.005256
2468.92,-0.005071
2469.40,-0.004905
2469.88,-0.004792
2470.37,-0.004750
2470.85,-0.004788
2471.33,-0.004897
2471.81,-0.005063
2472.29,-0.005267
2472.78,-0.005490
2473.26,-0.005708
2473.74,-0.005889
2474.22,-0.005996
2474.70,-0.005988
2475.19,-0.005836
2475.67,-0.005535
2476.15,-0.005115
2476.63,-0.004636
2477.11,-0.004177
2477.60,-0.003815
2478.08,-0.003596
2478.56,-0.003531
2479.04,-0.003595
2479.53,-0.003741
2480.01,-0.003918
2480.49,-0.004094
2480.97,-0.004251
2481.45,-0.004390
2481.94,-0.004513
2482.42,-0.004610
2482.90,-0.004662
2483.38,-0.004640
2483.86,-0.004523
2484.35,-0.004310
2484.83,-0.004028
2485.31,-0.003733
2485.79,-0.003493
2486.28,-0.003369
2486.76,-0.003402
2487.24,-0.003593
2487.72,-0.003906
2488.20,-0.004270
2488.69,-0.004598
2489.17,-0.004810
2489.65,-0.004841
2490.13,-0.004667
2490.61,-0.004308
2491.10,-0.003823
2491.58,-0.003298
2492.06,-0.002823
2492.54,-0.002480
2493.03,-0.002314
2493.51,-0.002332
2493.99,-0.002504
2494.47,-0.002778
2494.95,-0.003091
2495.44,-0.003386
2495.92,-0.003624
2496.40,-0.003781
2496.88,-0.003849
2497.36,-0.003835
2497.85,-0.003755
2498.33,-0.003633
2498.81,-0.003501
2499.29,-0.003392
2499.78,-0.003337
2500.26,-0.003351
2500.74,-0.003441
2501.22,-0.003596
2501.70,-0.003805
2502.19,-0.004060
2502.67,-0.004363
2503.15,-0.004718
2503.63,-0.005121
2504.11,-0.005545
2504.60,-0.005930
2505.08,-0.006190
2505.56,-0.006244
2506.04,-0.006040
2506.53,-0.005586
2507.01,-0.004956
2507.49,-0.004280
2507.97,-0.003699
2508.45,-0.003316
2508.93,-0.003165
2509.42,-0.003203
2509.90,-0.003336
2510.38,-0.003457
2510.86,-0.003504
2511.35,-0.003476
2511.83,-0.003437
2512.31,-0.003478
2512.79,-0.003671
2513.27,-0.004039
2513.76,-0.004536
2514.24,-0.005068
2514.72,-0.005528
2515.20,-0.005844
2515.68,-0.005997
2516.17,-0.006026
2516.65,-0.005994
2517.13,-0.005964
2517.61,-0.005960
2518.09,-0.005968
2518.58,-0.005939
2519.06,-0.005823
2519.54,-0.005595
2520.02,-0.005263
2520.51,-0.004870
2520.99,-0.004468
2521.47,-0.004106
2521.95,-0.003805
2522.43,-0.003568
2522.92,-0.003380
2523.40,-0.003230
2523.88,-0.003119
2524.36,-0.003052
2524.84,-0.003036
2525.33,-0.003058
2525.81,-0.003079
2526.29,-0.003043
2526.77,-0.002892
2527.26,-0.002591
2527.74,-0.002152
2528.22,-0.001640
2528.70,-0.001161
2529.18,-0.000829
2529.67,-0.000737
2530.15,-0.000925
2530.63,-0.001364
2531.11,-0.001965
2531.59,-0.002605
2532.08,-0.003167
2532.56,-0.003562
2533.04,-0.003763
2533.52,-0.003797
2534.01,-0.003735
2534.49,-0.003660
2534.97,-0.003642
2535.45,-0.003714
2535.93,-0.003870
2536.42,-0.004069
2536.90,-0.004252
2537.38,-0.004365
2537.86,-0.004370
2538.34,-0.004255
2538.83,-0.004029
2539.31,-0.003718
2539.79,-0.003357
2540.27,-0.002977
2540.76,-0.002611
2541.24,-0.002286
2541.72,-0.002022
2542.20,-0.001836
2542.68,-0.001732
2543.17,-0.001703
2543.65,-0.001723
2544.13,-0.001758
2544.61,-0.001770
2545.09,-0.001722
2545.58,-0.001593
2546.06,-0.001382
2546.54,-0.001105
2547.02,-0.000797
2547.50,-0.000500
2547.99,-0.000257
2548.47,-0.000102
2548.95,-0.000048
2549.43,-0.000092
2549.91,-0.000204
2550.40,-0.000338
2550.88,-0.000441
2551.36,-0.000470
2551.84,-0.000399
2552.33,-0.000238
2552.81,-0.000026
2553.29,0.000169
2553.77,0.000281
2554.25,0.000262
2554.74,0.000099
2555.22,-0.000180
2555.70,-0.000514
2556.18,-0.000825
2556.66,-0.001051
2557.15,-0.001155
2557.63,-0.001137
2558.11,-0.001030
2558.59,-0.000888
2559.07,-0.000768
2559.56,-0.000712
2560.04,-0.000753
2560.52,-0.000901
2561.00,-0.001154
2561.49,-0.001499
2561.97,-0.001906
2562.45,-0.002339
2562.93,-0.002742
2563.41,-0.003058
2563.90,-0.003236
2564.38,-0.003239
2564.86,-0.003062
2565.34,-0.002735
2565.82,-0.002315
2566.31,-0.001873
2566.79,-0.001480
2567.27,-0.001189
2567.75,-0.001023
2568.24,-0.000978
2568.72,-0.001027
2569.20,-0.001130
2569.68,-0.001244
2570.16,-0.001335
2570.65,-0.001382
2571.13,-0.001379
2571.61,-0.001338
2572.09,-0.001279
2572.57,-0.001230
2573.06,-0.001211
2573.54,-0.001230
2574.02,-0.001278
2574.50,-0.001332
2574.99,-0.001361
2575.47,-0.001339
2575.95,-0.001255
2576.43,-0.001118
2576.91,-0.000957
2577.40,-0.000806
2577.88,-0.000695
2578.36,-0.000639
2578.84,-0.000632
2579.32,-0.000653
2579.81,-0.000674
2580.29,-0.000674
2580.77,-0.000643
2581.25,-0.000584
2581.74,-0.000509
2582.22,-0.000433
2582.70,-0.000370
2583.18,-0.000322
2583.66,-0.000288
2584.14,-0.000262
2584.63,-0.000238
2585.11,-0.000212
2585.59,-0.000181
2586.07,-0.000145
2586.56,-0.000106
2587.04,-0.000071
2587.52,-0.000048
2588.00,-0.000049
2588.48,-0.000082
2588.97,-0.000153
2589.45,-0.000258
2589.93,-0.000387
2590.41,-0.000527
2590.89,-0.000667
2591.38,-0.000805
2591.86,-0.000943
2592.34,-0.001088
2592.82,-0.001244
2593.31,-0.001406
2593.79,-0.001556
2594.27,-0.001677
2594.75,-0.001749
2595.23,-0.001766
2595.72,-0.001739
2596.20,-0.001686
2596.68,-0.001630
2597.16,-0.001580
2597.64,-0.001531
2598.13,-0.001463
2598.61,-0.001349
2599.09,-0.001173
2599.57,-0.000935
2600.05,-0.000660
2600.54,-0.000391
2601.02,-0.000170
2601.50,-0.000028
2601.98,0.000021
2602.47,-0.000015
2602.95,-0.000117
2603.43,-0.000259
2603.91,-0.000423
2604.39,-0.000596
2604.88,-0.000764
2605.36,-0.000913
2605.84,-0.001019
2606.32,-0.001060
2606.80,-0.001019
2607.29,-0.000900
2607.77,-0.000727
2608.25,-0.000544
2608.73,-0.000405
2609.22,-0.000346
2609.70,-0.000380
2610.18,-0.000483
2610.66,-0.000606
2611.14,-0.000685
2611.63,-0.000665
2612.11,-0.000517
2612.59,-0.000246
2613.07,0.000110
2613.55,0.000497
2614.04,0.000856
2614.52,0.001142
2615.00,0.001331
2615.48,0.001425
2615.97,0.001441
2616.45,0.001404
2616.93,0.001338
2617.41,0.001258
2617.89,0.001169
2618.38,0.001068
2618.86,0.000953
2619.34,0.000823
2619.82,0.000687
2620.30,0.000559
2620.79,0.000457
2621.27,0.000396
2621.75,0.000384
2622.23,0.000415
2622.72,0.000475
2623.20,0.000543
2623.68,0.000597
2624.16,0.000625
2624.64,0.000621
2625.12,0.000595
2625.61,0.000560
2626.09,0.000534
2626.57,0.000527
2627.05,0.000547
2627.54,0.000587
2628.02,0.000637
2628.50,0.000681
2628.98,0.000702
2629.46,0.000687
2629.95,0.000631
2630.43,0.000539
2630.91,0.000424
2631.39,0.000309
2631.88,0.000218
2632.36,0.000172
2632.84,0.000181
2633.32,0.000240
2633.80,0.000330
2634.28,0.000426
2634.77,0.000506
2635.25,0.000560
2635.73,0.000594
2636.21,0.000630
2636.70,0.000699
2637.18,0.000822
2637.66,0.001006
2638.14,0.001239
2638.62,0.001492
2639.11,0.001728
2639.59,0.001917
2640.07,0.002045
2640.55,0.002115
2641.03,0.002142
2641.52,0.002146
2642.00,0.002142
2642.48,0.002135
2642.96,0.002122
2643.45,0.002091
2643.93,0.002035
2644.41,0.001948
2644.89,0.001834
2645.37,0.001701
2645.86,0.001558
2646.34,0.001417
2646.82,0.001290
2647.30,0.001191
2647.78,0.001135
2648.27,0.001135
2648.75,0.001199
2649.23,0.001326
2649.71,0.001500
2650.20,0.001694
2650.68,0.001877
2651.16,0.002021
2651.64,0.002108
2652.12,0.002139
2652.61,0.002130
2653.09,0.002105
2653.57,0.002093
2654.05,0.002112
2654.53,0.002173
2655.02,0.002273
2655.50,0.002399
2655.98,0.002533
2656.46,0.002655
2656.95,0.002746
2657.43,0.002790
2657.91,0.002778
2658.39,0.002708
2658.87,0.002587
2659.36,0.002432
2659.84,0.002265
2660.32,0.002108
2660.80,0.001978
2661.28,0.001888
2661.77,0.001841
2662.25,0.001834
2662.73,0.001867
2663.21,0.001940
2663.70,0.002056
2664.18,0.002216
2664.66,0.002416
2665.14,0.002642
2665.62,0.002866
2666.11,0.003063
2666.59,0.003204
2667.07,0.003278
2667.55,0.003290
2668.03,0.003260
2668.52,0.003217
2669.00,0.003188
2669.48,0.003187
2669.96,0.003215
2670.44,0.003258
2670.93,0.003295
2671.41,0.003311
2671.89,0.003302
2672.37,0.003276
2672.86,0.003248
2673.34,0.003236
2673.82,0.003249
2674.30,0.003283
2674.78,0.003326
2675.26,0.003355
2675.75,0.003351
2676.23,0.003304
2676.71,0.003215
2677.19,0.003100
2677.68,0.002983
2678.16,0.002894
2678.64,0.002854
2679.12,0.002875
2679.60,0.002954
2680.09,0.003074
2680.57,0.003204
2681.05,0.003314
2681.53,0.003375
2682.01,0.003371
2682.50,0.003303
2682.98,0.003184
2683.46,0.003041
2683.94,0.002903
2684.43,0.002794
2684.91,0.002733
2685.39,0.002725
2685.87,0.002768
2686.35,0.002853
2686.84,0.002967
2687.32,0.003100
2687.80,0.003237
2688.28,0.003366
2688.76,0.003474
2689.25,0.003549
2689.73,0.003584
2690.21,0.003575
2690.69,0.003532
2691.18,0.003466
2691.66,0.003399
2692.14,0.003346
2692.62,0.003323
2693.10,0.003337
2693.59,0.003386
2694.07,0.003466
2694.55,0.003568
2695.03,0.003683
2695.51,0.003804
2696.00,0.003919
2696.48,0.004018
2696.96,0.004092
2697.44,0.004130
2697.93,0.004125
2698.41,0.004077
2698.89,0.003994
2699.37,0.003888
2699.85,0.003774
2700.34,0.003668
2700.82,0.003581
2701.30,0.003518
2701.78,0.003481
2702.26,0.003466
2702.75,0.003468
2703.23,0.003483
2703.71,0.003508
2704.19,0.003542
2704.68,0.003584
2705.16,0.003635
2705.64,0.003694
2706.12,0.003762
2706.60,0.003839
2707.09,0.003926
2707.57,0.004024
2708.05,0.004134
2708.53,0.004255
2709.01,0.004383
2709.50,0.004512
2709.98,0.004632
2710.46,0.004732
2710.94,0.004801
2711.42,0.004830
2711.91,0.004821
2712.39,0.004780
2712.87,0.004724
2713.35,0.004671
2713.84,0.004638
2714.32,0.004629
2714.80,0.004640
2715.28,0.004653
2715.76,0.004645
2716.24,0.004599
2716.73,0.004509
2717.21,0.004388
2717.69,0.004264
2718.17,0.004177
2718.66,0.004160
2719.14,0.004238
2719.62,0.004413
2720.10,0.004674
2720.58,0.004994
2721.07,0.005347
2721.55,0.005710
2722.03,0.006066
2722.51,0.006401
2722.99,0.006701
2723.48,0.006948
2723.96,0.007119
2724.44,0.007192
2724.92,0.007153
2725.41,0.007004
2725.89,0.006767
2726.37,0.006477
2726.85,0.006178
2727.33,0.005909
2727.82,0.005698
2728.30,0.005559
2728.78,0.005494
2729.26,0.005500
2729.74,0.005571
2730.23,0.005702
2730.71,0.005889
2731.19,0.006119
2731.67,0.006373
2732.16,0.006625
2732.64,0.006845
2733.12,0.007008
2733.60,0.007100
2734.08,0.007126
2734.57,0.007101
2735.05,0.007048
2735.53,0.006990
2736.01,0.006942
2736.49,0.006906
2736.98,0.006882
2737.46,0.006864
2737.94,0.006849
2738.42,0.006844
2738.91,0.006854
2739.39,0.006887
2739.87,0.006945
2740.35,0.007022
2740.83,0.007106
2741.32,0.007183
2741.80,0.007239
2742.28,0.007270
2742.76,0.007279
2743.24,0.007275
2743.73,0.007272
2744.21,0.007284
2744.69,0.007321
2745.17,0.007389
2745.66,0.007490
2746.14,0.007618
2746.62,0.007763
2747.10,0.007911
2747.58,0.008048
2748.07,0.008159
2748.55,0.008235
2749.03,0.008274
2749.51,0.008282
2749.99,0.008268
2750.48,0.008242
2750.96,0.008207
2751.44,0.008162
2751.92,0.008100
2752.40,0.008016
2752.89,0.007914
2753.37,0.007810
2753.85,0.007729
2754.33,0.007702
2754.82,0.007753
2755.30,0.007888
2755.78,0.008095
2756.26,0.008342
2756.74,0.008586
2757.22,0.008786
2757.71,0.008916
2758.19,0.008965
2758.67,0.008943
2759.15,0.008872
2759.64,0.008781
2760.12,0.008696
2760.60,0.008635
2761.08,0.008609
2761.56,0.008620
2762.05,0.008660
2762.53,0.008715
2763.01,0.008768
2763.49,0.008799
2763.97,0.008794
2764.46,0.008751
2764.94,0.008680
2765.42,0.008604
2765.90,0.008552
2766.39,0.008545
2766.87,0.008592
2767.35,0.008681
2767.83,0.008783
2768.31,0.008864
2768.80,0.008900
2769.28,0.008890
2769.76,0.008853
2770.24,0.008830
2770.72,0.008865
2771.21,0.008985
2771.69,0.009194
2772.17,0.009468
2772.65,0.009765
2773.14,0.010041
2773.62,0.010267
2774.10,0.010434
2774.58,0.010555
2775.06,0.010655
2775.55,0.010751
2776.03,0.010852
2776.51,0.010947
2776.99,0.011016
2777.47,0.011037
2777.96,0.010996
2778.44,0.010896
2778.92,0.010752
2779.40,0.010588
2779.89,0.010431
2780.37,0.010301
2780.85,0.010206
2781.33,0.010151
2781.81,0.010131
2782.30,0.010139
2782.78,0.010168
2783.26,0.010211
2783.74,0.010263
2784.22,0.010321
2784.71,0.010386
2785.19,0.010465
2785.67,0.010567
2786.15,0.010699
2786.63,0.010862
2787.12,0.011046
2787.60,0.011232
2788.08,0.011393
2788.56,0.011505
2789.05,0.011554
2789.53,0.011544
2790.01,0.011493
2790.49,0.011430
2790.97,0.011385
2791.46,0.011375
2791.94,0.011404
2792.42,0.011458
2792.90,0.011513
2793.38,0.011544
2793.87,0.011537
2794.35,0.011489
2794.83,0.011416
2795.31,0.011345
2795.80,0.011309
2796.28,0.011336
2796.76,0.011443
2797.24,0.011634
2797.72,0.011894
2798.20,0.012197
2798.69,0.012514
2799.17,0.012818
2799.65,0.013094
2800.13,0.013337
2800.62,0.013556
2801.10,0.013762
2801.58,0.013961
2802.06,0.014146
2802.54,0.014297
2803.03,0.014386
2803.51,0.014388
2803.99,0.014293
2804.47,0.014112
2804.95,0.013877
2805.44,0.013630
2805.92,0.013407
2806.40,0.013231
2806.88,0.013100
2807.36,0.012996
2807.85,0.012896
2808.33,0.012781
2808.81,0.012656
2809.29,0.012541
2809.78,0.012467
2810.26,0.012462
2810.74,0.012540
2811.22,0.012692
2811.70,0.012892
2812.19,0.013103
2812.67,0.013295
2813.15,0.013449
2813.63,0.013564
2814.11,0.013649
2814.60,0.013721
2815.08,0.013795
2815.56,0.013882
2816.04,0.013986
2816.53,0.014111
2817.01,0.014257
2817.49,0.014422
2817.97,0.014602
2818.45,0.014789
2818.94,0.014972
2819.42,0.015140
2819.90,0.015289
2820.38,0.015426
2820.86,0.015566
2821.35,0.015723
2821.83,0.015907
2822.31,0.016111
2822.79,0.016312
2823.28,0.016475
2823.76,0.016564
2824.24,0.016560
2824.72,0.016463
2825.20,0.016295
2825.69,0.016098
2826.17,0.015917
2826.65,0.015786
2827.13,0.015729
2827.61,0.015750
2828.10,0.015845
2828.58,0.016001
2829.06,0.016210
2829.54,0.016463
2830.03,0.016751
2830.51,0.017062
2830.99,0.017376
2831.47,0.017675
2831.95,0.017938
2832.44,0.018156
2832.92,0.018329
2833.40,0.018465
2833.88,0.018582
2834.36,0.018696
2834.85,0.018819
2835.33,0.018957
2835.81,0.019112
2836.29,0.019285
2836.77,0.019477
2837.26,0.019691
2837.74,0.019931
2838.22,0.020197
2838.70,0.020486
2839.18,0.020794
2839.67,0.021113
2840.15,0.021441
2840.63,0.021775
2841.11,0.022121
2841.60,0.022484
2842.08,0.022867
2842.56,0.023271
2843.04,0.023691
2843.52,0.024122
2844.01,0.024560
2844.49,0.025007
2844.97,0.025473
2845.45,0.025974
2845.93,0.026529
2846.42,0.027155
2846.90,0.027863
2847.38,0.028654
2847.86,0.029515
2848.34,0.030421
2848.83,0.031337
2849.31,0.032215
2849.79,0.033009
2850.27,0.033679
2850.76,0.034192
2851.24,0.034535
2851.72,0.034713
2852.20,0.034745
2852.68,0.034662
2853.17,0.034502
2853.65,0.034296
2854.13,0.034072
2854.61,0.033847
2855.09,0.033628
2855.58,0.033413
2856.06,0.033193
2856.54,0.032955
2857.02,0.032686
2857.51,0.032372
2857.99,0.032008
2858.47,0.031596
2858.95,0.031149
2859.43,0.030689
2859.92,0.030239
2860.40,0.029827
2860.88,0.029473
2861.36,0.029187
2861.84,0.028968
2862.33,0.028805
2862.81,0.028678
2863.29,0.028561
2863.77,0.028428
2864.26,0.028258
2864.74,0.028034
2865.22,0.027755
2865.70,0.027431
2866.18,0.027085
2866.67,0.026752
2867.15,0.026468
2867.63,0.026265
2868.11,0.026162
2868.59,0.026163
2869.08,0.026256
2869.56,0.026422
2870.04,0.026639
2870.52,0.026887
2871.01,0.027158
2871.49,0.027442
2871.97,0.027729
2872.45,0.028003
2872.93,0.028239
2873.41,0.028409
2873.90,0.028490
2874.38,0.028471
2874.86,0.028362
2875.34,0.028189
2875.83,0.027989
2876.31,0.027800
2876.79,0.027647
2877.27,0.027543
2877.75,0.027481
2878.24,0.027446
2878.72,0.027417
2879.20,0.027381
2879.68,0.027329
2880.16,0.027264
2880.65,0.027195
2881.13,0.027133
2881.61,0.027094
2882.09,0.027088
2882.58,0.027126
2883.06,0.027213
2883.54,0.027351
2884.02,0.027530
2884.50,0.027735
2884.99,0.027945
2885.47,0.028137
2885.95,0.028291
2886.43,0.028395
2886.91,0.028447
2887.40,0.028454
2887.88,0.028432
2888.36,0.028398
2888.84,0.028369
2889.32,0.028361
2889.81,0.028384
2890.29,0.028447
2890.77,0.028553
2891.25,0.028702
2891.74,0.028893
2892.22,0.029121
2892.70,0.029385
2893.18,0.029685
2893.66,0.030026
2894.15,0.030412
2894.63,0.030845
2895.11,0.031315
2895.59,0.031803
2896.07,0.032276
2896.56,0.032696
2897.04,0.033034
2897.52,0.033274
2898.00,0.033423
2898.49,0.033506
2898.97,0.033562
2899.45,0.033631
2899.93,0.033738
2900.41,0.033892
2900.90,0.034082
2901.38,0.034290
2901.86,0.034496
2902.34,0.034690
2902.82,0.034876
2903.31,0.035066
2903.79,0.035280
2904.27,0.035530
2904.75,0.035819
2905.24,0.036142
2905.72,0.036482
2906.20,0.036825
2906.68,0.037160
2907.16,0.037482
2907.65,0.037799
2908.13,0.038125
2908.61,0.038478
2909.09,0.038875
2909.57,0.039331
2910.06,0.039855
2910.54,0.040444
2911.02,0.041083
2911.50,0.041748
2911.99,0.042406
2912.47,0.043027
2912.95,0.043587
2913.43,0.044081
2913.91,0.044521
2914.39,0.044940
2914.88,0.045375
2915.36,0.045859
2915.84,0.046414
2916.32,0.047039
2916.81,0.047716
2917.29,0.048419
2917.77,0.049123
2918.25,0.049810
2918.73,0.050478
2919.22,0.051130
2919.70,0.051767
2920.18,0.052379
2920.66,0.052944
2921.14,0.053424
2921.63,0.053783
2922.11,0.053998
2922.59,0.054071
2923.07,0.054030
2923.55,0.053921
2924.04,0.053796
2924.52,0.053697
2925.00,0.053635
2925.48,0.053596
2925.97,0.053545
2926.45,0.053442
2926.93,0.053259
2927.41,0.052988
2927.89,0.052649
2928.38,0.052276
2928.86,0.051905
2929.34,0.051555
2929.82,0.051226
2930.30,0.050896
2930.79,0.050532
2931.27,0.050105
2931.75,0.049604
2932.23,0.049039
2932.72,0.048440
2933.20,0.047843
2933.68,0.047281
2934.16,0.046768
2934.64,0.046300
2935.13,0.045858
2935.61,0.045423
2936.09,0.044981
2936.57,0.044534
2937.05,0.044099
2937.54,0.043697
2938.02,0.043346
2938.50,0.043051
2938.98,0.042801
2939.47,0.042570
2939.95,0.042333
2940.43,0.042066
2940.91,0.041758
2941.39,0.041410
2941.88,0.041037
2942.36,0.040654
2942.84,0.040281
2943.32,0.039932
2943.80,0.039623
2944.29,0.039368
2944.77,0.039177
2945.25,0.039060
2945.73,0.039015
2946.22,0.039028
2946.70,0.039074
2947.18,0.039121
2947.66,0.039142
2948.14,0.039121
2948.62,0.039062
2949.11,0.038988
2949.59,0.038932
2950.07,0.038924
2950.55,0.038983
2951.04,0.039106
2951.52,0.039271
2952.00,0.039445
2952.48,0.039598
2952.97,0.039713
2953.45,0.039788
2953.93,0.039834
2954.41,0.039867
2954.89,0.039897
2955.38,0.039921
2955.86,0.039925
2956.34,0.039891
2956.82,0.039807
2957.30,0.039671
2957.79,0.039499
2958.27,0.039314
2958.75,0.039140
2959.23,0.038992
2959.71,0.038868
2960.20,0.038755
2960.68,0.038633
2961.16,0.038487
2961.64,0.038312
2962.12,0.038116
2962.61,0.037915
2963.09,0.037728
2963.57,0.037567
2964.05,0.037435
2964.53,0.037322
2965.02,0.037219
2965.50,0.037117
2965.98,0.037014
2966.46,0.036917
2966.95,0.036838
2967.43,0.036787
2967.91,0.036768
2968.39,0.036773
2968.88,0.036786
2969.36,0.036786
2969.84,0.036746
2970.32,0.036645
2970.80,0.036468
2971.28,0.036210
2971.77,0.035876
2972.25,0.035489
2972.73,0.035079
2973.21,0.034688
2973.70,0.034356
2974.18,0.034119
2974.66,0.033995
2975.14,0.033982
2975.62,0.034055
2976.11,0.034179
2976.59,0.034316
2977.07,0.034436
2977.55,0.034530
2978.03,0.034603
2978.52,0.034672
2979.00,0.034749
2979.48,0.034837
2979.96,0.034919
2980.45,0.034965
2980.93,0.034938
2981.41,0.034812
2981.89,0.034579
2982.37,0.034257
2982.86,0.033884
2983.34,0.033509
2983.82,0.033180
2984.30,0.032931
2984.78,0.032779
2985.27,0.032723
2985.75,0.032748
2986.23,0.032833
2986.71,0.032951
2987.20,0.033079
2987.68,0.033197
2988.16,0.033282
2988.64,0.033321
2989.12,0.033301
2989.61,0.033216
2990.09,0.033071
2990.57,0.032876
2991.05,0.032650
2991.53,0.032412
2992.02,0.032187
2992.50,0.031994
2992.98,0.031854
2993.46,0.031784
2993.95,0.031793
2994.43,0.031888
2994.91,0.032063
2995.39,0.032305
2995.87,0.032591
2996.36,0.032892
2996.84,0.033180
2997.32,0.033431
2997.80,0.033626
2998.28,0.033759
2998.77,0.033829
2999.25,0.033844
2999.73,0.033818
3000.21,0.033769
3000.69,0.033713
3001.18,0.033670
3001.66,0.033652
3002.14,0.033664
3002.62,0.033699
3003.11,0.033739
3003.59,0.033755
3004.07,0.033721
3004.55,0.033616
3005.03,0.033433
3005.51,0.033187
3006.00,0.032907
3006.48,0.032629
3006.96,0.032389
3007.44,0.032213
3007.93,0.032110
3008.41,0.032079
3008.89,0.032112
3009.37,0.032198
3009.85,0.032333
3010.34,0.032516
3010.82,0.032747
3011.30,0.033026
3011.78,0.033345
3012.26,0.033691
3012.75,0.034047
3013.23,0.034394
3013.71,0.034717
3014.19,0.035003
3014.68,0.035242
3015.16,0.035425
3015.64,0.035540
3016.12,0.035575
3016.60,0.035521
3017.09,0.035377
3017.57,0.035151
3018.05,0.034864
3018.53,0.034547
3019.01,0.034229
3019.50,0.033939
3019.98,0.033699
3020.46,0.033521
3020.94,0.033413
3021.43,0.033381
3021.91,0.033428
3022.39,0.033560
3022.87,0.033775
3023.35,0.034064
3023.84,0.034405
3024.32,0.034766
3024.80,0.035109
3025.28,0.035396
3025.76,0.035600
3026.25,0.035714
3026.73,0.035747
3027.21,0.035722
3027.69,0.035674
3028.18,0.035635
3028.66,0.035630
3029.14,0.035670
3029.62,0.035755
3030.10,0.035873
3030.59,0.036003
3031.07,0.036121
3031.55,0.036206
3032.03,0.036241
3032.51,0.036220
3033.00,0.036147
3033.48,0.036043
3033.96,0.035933
3034.44,0.035847
3034.93,0.035810
3035.41,0.035834
3035.89,0.035916
3036.37,0.036035
3036.85,0.036164
3037.34,0.036276
3037.82,0.036353
3038.30,0.036394
3038.78,0.036417
3039.26,0.036447
3039.75,0.036513
3040.23,0.036632
3040.71,0.036806
3041.19,0.037023
3041.67,0.037257
3042.16,0.037479
3042.64,0.037667
3043.12,0.037808
3043.60,0.037900
3044.09,0.037952
3044.57,0.037978
3045.05,0.037993
3045.53,0.038015
3046.01,0.038056
3046.49,0.038130
3046.98,0.038245
3047.46,0.038401
3047.94,0.038588
3048.42,0.038787
3048.91,0.038969
3049.39,0.039110
3049.87,0.039188
3050.35,0.039203
3050.83,0.039168
3051.32,0.039110
3051.80,0.039063
3052.28,0.039052
3052.76,0.039092
3053.24,0.039179
3053.73,0.039301
3054.21,0.039439
3054.69,0.039578
3055.17,0.039714
3055.66,0.039851
3056.14,0.040000
3056.62,0.040168
3057.10,0.040360
3057.58,0.040569
3058.07,0.040783
3058.55,0.040983
3059.03,0.041153
3059.51,0.041279
3059.99,0.041358
3060.48,0.041391
3060.96,0.041390
3061.44,0.041373
3061.92,0.041360
3062.41,0.041373
3062.89,0.041433
3063.37,0.041550
3063.85,0.041724
3064.33,0.041945
3064.82,0.042192
3065.30,0.042443
3065.78,0.042672
3066.26,0.042861
3066.74,0.043000
3067.23,0.043080
3067.71,0.043101
3068.19,0.043065
3068.67,0.042980
3069.16,0.042863
3069.64,0.042740
3070.12,0.042643
3070.60,0.042605
3071.08,0.042648
3071.57,0.042776
3072.05,0.042969
3072.53,0.043188
3073.01,0.043386
3073.49,0.043518
3073.98,0.043558
3074.46,0.043506
3074.94,0.043382
3075.42,0.043220
3075.90,0.043054
3076.39,0.042908
3076.87,0.042795
3077.35,0.042717
3077.83,0.042674
3078.32,0.042668
3078.80,0.042709
3079.28,0.042810
3079.76,0.042976
3080.24,0.043205
3080.73,0.043480
3081.21,0.043774
3081.69,0.044055
3082.17,0.044295
3082.65,0.044475
3083.14,0.044588
3083.62,0.044634
3084.10,0.044619
3084.58,0.044551
3085.07,0.044441
3085.55,0.044301
3086.03,0.044148
3086.51,0.044004
3086.99,0.043886
3087.47,0.043812
3087.96,0.043784
3088.44,0.043799
3088.92,0.043845
3089.40,0.043906
3089.89,0.043971
3090.37,0.044034
3090.85,0.044089
3091.33,0.044136
3091.81,0.044169
3092.30,0.044184
3092.78,0.044178
3093.26,0.044157
3093.74,0.044133
3094.22,0.044131
3094.71,0.044174
3095.19,0.044279
3095.67,0.044448
3096.15,0.044664
3096.64,0.044898
3097.12,0.045123
3097.60,0.045318
3098.08,0.045484
3098.56,0.045634
3099.05,0.045790
3099.53,0.045965
3100.01,0.046158
3100.49,0.046347
3100.97,0.046500
3101.46,0.046579
3101.94,0.046562
3102.42,0.046444
3102.90,0.046240
3103.39,0.045976
3103.87,0.045682
3104.35,0.045385
3104.83,0.045099
3105.31,0.044833
3105.80,0.044594
3106.28,0.044389
3106.76,0.044227
3107.24,0.044116
3107.72,0.044062
3108.21,0.044062
3108.69,0.044107
3109.17,0.044187
3109.65,0.044290
3110.14,0.044412
3110.62,0.044548
3111.10,0.044694
3111.58,0.044845
3112.06,0.044987
3112.55,0.045109
3113.03,0.045198
3113.51,0.045255
3113.99,0.045287
3114.47,0.045310
3114.96,0.045341
3115.44,0.045387
3115.92,0.045443
3116.40,0.045491
3116.88,0.045511
3117.37,0.045488
3117.85,0.045422
3118.33,0.045335
3118.81,0.045261
3119.30,0.045237
3119.78,0.045288
3120.26,0.045415
3120.74,0.045598
3121.22,0.045796
3121.71,0.045961
3122.19,0.046052
3122.67,0.046047
3123.15,0.045946
3123.63,0.045772
3124.12,0.045562
3124.60,0.045357
3125.08,0.045197
3125.56,0.045106
3126.04,0.045095
3126.53,0.045158
3127.01,0.045281
3127.49,0.045440
3127.97,0.045613
3128.45,0.045779
3128.94,0.045928
3129.42,0.046055
3129.90,0.046165
3130.38,0.046262
3130.87,0.046350
3131.35,0.046427
3131.83,0.046484
3132.31,0.046511
3132.79,0.046502
3133.28,0.046458
3133.76,0.046391
3134.24,0.046322
3134.72,0.046277
3135.20,0.046276
3135.69,0.046329
3136.17,0.046431
3136.65,0.046565
3137.13,0.046705
3137.61,0.046829
3138.10,0.046923
3138.58,0.046982
3139.06,0.047016
3139.54,0.047041
3140.03,0.047074
3140.51,0.047129
3140.99,0.047210
3141.47,0.047310
3141.95,0.047420
3142.44,0.047525
3142.92,0.047614
3143.40,0.047680
3143.88,0.047723
3144.36,0.047748
3144.85,0.047763
3145.33,0.047779
3145.81,0.047809
3146.29,0.047863
3146.78,0.047952
3147.26,0.048087
3147.74,0.048275
3148.22,0.048516
3148.70,0.048803
3149.19,0.049118
3149.67,0.049438
3150.15,0.049734
3150.63,0.049987
3151.11,0.050184
3151.60,0.050332
3152.08,0.050450
3152.56,0.050573
3153.04,0.050731
3153.53,0.050950
3154.01,0.051234
3154.49,0.051570
3154.97,0.051922
3155.45,0.052241
3155.94,0.052480
3156.42,0.052596
3156.90,0.052565
3157.38,0.052384
3157.86,0.052073
3158.35,0.051671
3158.83,0.051228
3159.31,0.050797
3159.79,0.050426
3160.28,0.050145
3160.76,0.049966
3161.24,0.049880
3161.72,0.049864
3162.20,0.049889
3162.68,0.049931
3163.17,0.049989
3163.65,0.050083
3164.13,0.050251
3164.61,0.050539
3165.10,0.050983
3165.58,0.051589
3166.06,0.052322
3166.54,0.053107
3167.02,0.053850
3167.51,0.054449
3167.99,0.054831
3168.47,0.054968
3168.95,0.054885
3169.43,0.054656
3169.92,0.054375
3170.40,0.054136
3170.88,0.054003
3171.36,0.053995
3171.85,0.054090
3172.33,0.054234
3172.81,0.054369
3173.29,0.054448
3173.77,0.054457
3174.26,0.054409
3174.74,0.054341
3175.22,0.054290
3175.70,0.054279
3176.18,0.054312
3176.67,0.054372
3177.15,0.054432
3177.63,0.054477
3178.11,0.054507
3178.59,0.054551
3179.08,0.054649
3179.56,0.054838
3180.04,0.055136
3180.52,0.055526
3181.01,0.055963
3181.49,0.056382
3181.97,0.056720
3182.45,0.056939
3182.93,0.057030
3183.42,0.057019
3183.90,0.056949
3184.38,0.056869
3184.86,0.056817
3185.34,0.056808
3185.83,0.056842
3186.31,0.056907
3186.79,0.056993
3187.27,0.057097
3187.76,0.057224
3188.24,0.057385
3188.72,0.057588
3189.20,0.057831
3189.68,0.058105
3190.17,0.058387
3190.65,0.058651
3191.13,0.058866
3191.61,0.059003
3192.09,0.059036
3192.58,0.058944
3193.06,0.058722
3193.54,0.058384
3194.02,0.057972
3194.51,0.057550
3194.99,0.057194
3195.47,0.056979
3195.95,0.056953
3196.43,0.057123
3196.92,0.057449
3197.40,0.057860
3197.88,0.058273
3198.36,0.058613
3198.84,0.058847
3199.33,0.058978
3199.81,0.059044
3200.29,0.059093
3200.77,0.059170
3201.26,0.059294
3201.74,0.059461
3202.22,0.059651
3202.70,0.059841
3203.18,0.060013
3203.66,0.060165
3204.15,0.060302
3204.63,0.060430
3205.11,0.060555
3205.59,0.060675
3206.08,0.060789
3206.56,0.060903
3207.04,0.061027
3207.52,0.061180
3208.00,0.061377
3208.49,0.061619
3208.97,0.061889
3209.45,0.062150
3209.93,0.062363
3210.41,0.062496
3210.90,0.062542
3211.38,0.062524
3211.86,0.062484
3212.34,0.062477
3212.82,0.062538
3213.31,0.062682
3213.79,0.062894
3214.27,0.063137
3214.75,0.063366
3215.24,0.063545
3215.72,0.063655
3216.20,0.063696
3216.68,0.063684
3217.16,0.063641
3217.65,0.063586
3218.13,0.063532
3218.61,0.063485
3219.09,0.063451
3219.57,0.063433
3220.06,0.063436
3220.54,0.063463
3221.02,0.063514
3221.50,0.063587
3221.99,0.063677
3222.47,0.063779
3222.95,0.063886
3223.43,0.063994
3223.91,0.064097
3224.40,0.064186
3224.88,0.064250
3225.36,0.064276
3225.84,0.064256
3226.32,0.064187
3226.81,0.064078
3227.29,0.063947
3227.77,0.063814
3228.25,0.063703
3228.74,0.063628
3229.22,0.063598
3229.70,0.063615
3230.18,0.063680
3230.66,0.063789
3231.15,0.063945
3231.63,0.064145
3232.11,0.064386
3232.59,0.064656
3233.07,0.064940
3233.56,0.065218
3234.04,0.065472
3234.52,0.065688
3235.00,0.065861
3235.49,0.065994
3235.97,0.066088
3236.45,0.066144
3236.93,0.066160
3237.41,0.066130
3237.90,0.066050
3238.38,0.065923
3238.86,0.065765
3239.34,0.065599
3239.82,0.065454
3240.31,0.065359
3240.79,0.065329
3241.27,0.065364
3241.75,0.065448
3242.24,0.065546
3242.72,0.065622
3243.20,0.065643
3243.68,0.065591
3244.16,0.065476
3244.64,0.065329
3245.13,0.065208
3245.61,0.065177
3246.09,0.065291
3246.57,0.065577
3247.06,0.066026
3247.54,0.066589
3248.02,0.067186
3248.50,0.067733
3248.98,0.068157
3249.47,0.068417
3249.95,0.068507
3250.43,0.068457
3250.91,0.068315
3251.39,0.068128
3251.88,0.067926
3252.36,0.067719
3252.84,0.067504
3253.32,0.067272
3253.80,0.067030
3254.29,0.066799
3254.77,0.066623
3255.25,0.066549
3255.73,0.066610
3256.22,0.066815
3256.70,0.067141
3257.18,0.067542
3257.66,0.067960
3258.14,0.068342
3258.63,0.068653
3259.11,0.068883
3259.59,0.069040
3260.07,0.069141
3260.55,0.069206
3261.04,0.069247
3261.52,0.069265
3262.00,0.069257
3262.48,0.069214
3262.97,0.069130
3263.45,0.069007
3263.93,0.068851
3264.41,0.068677
3264.89,0.068506
3265.38,0.068365
3265.86,0.068281
3266.34,0.068278
3266.82,0.068371
3267.30,0.068564
3267.79,0.068843
3268.27,0.069181
3268.75,0.069542
3269.23,0.069891
3269.72,0.070199
3270.20,0.070448
3270.68,0.070632
3271.16,0.070753
3271.64,0.070811
3272.13,0.070802
3272.61,0.070719
3273.09,0.070554
3273.57,0.070310
3274.05,0.070004
3274.54,0.069675
3275.02,0.069373
3275.50,0.069157
3275.98,0.069072
3276.47,0.069143
3276.95,0.069362
3277.43,0.069695
3277.91,0.070089
3278.39,0.070480
3278.88,0.070814
3279.36,0.071052
3279.84,0.071173
3280.32,0.071176
3280.80,0.071072
3281.29,0.070886
3281.77,0.070648
3282.25,0.070385
3282.73,0.070129
3283.22,0.069899
3283.70,0.069706
3284.18,0.069550
3284.66,0.069417
3285.14,0.069288
3285.62,0.069147
3286.11,0.068992
3286.59,0.068841
3287.07,0.068733
3287.55,0.068719
3288.04,0.068845
3288.52,0.069138
3289.00,0.069587
3289.48,0.070141
3289.96,0.070718
3290.45,0.071225
3290.93,0.071577
3291.41,0.071728
3291.89,0.071676
3292.38,0.071459
3292.86,0.071141
3293.34,0.070786
3293.82,0.070444
3294.30,0.070131
3294.78,0.069835
3295.27,0.069527
3295.75,0.069182
3296.23,0.068797
3296.71,0.068395
3297.20,0.068026
3297.68,0.067754
3298.16,0.067639
3298.64,0.067716
3299.12,0.067983
3299.61,0.068399
3300.09,0.068898
3300.57,0.069396
3301.05,0.069815
3301.53,0.070105
3302.02,0.070242
3302.50,0.070241
3302.98,0.070141
3303.46,0.070000
3303.95,0.069868
3304.43,0.069782
3304.91,0.069753
3305.39,0.069768
3305.87,0.069799
3306.36,0.069815
3306.84,0.069802
3307.32,0.069766
3307.80,0.069738
3308.28,0.069753
3308.77,0.069844
3309.25,0.070016
3309.73,0.070242
3310.21,0.070455
3310.70,0.070575
3311.18,0.070529
3311.66,0.070274
3312.14,0.069817
3312.62,0.069212
3313.11,0.068553
3313.59,0.067942
3314.07,0.067467
3314.55,0.067185
3315.03,0.067105
3315.52,0.067204
3316.00,0.067428
3316.48,0.067721
3316.96,0.068027
3317.45,0.068303
3317.93,0.068516
3318.41,0.068641
3318.89,0.068661
3319.37,0.068569
3319.86,0.068373
3320.34,0.068102
3320.82,0.067800
3321.30,0.067527
3321.78,0.067338
3322.27,0.067269
3322.75,0.067328
3323.23,0.067487
3323.71,0.067698
3324.20,0.067900
3324.68,0.068047
3325.16,0.068115
3325.64,0.068113
3326.12,0.068070
3326.61,0.068025
3327.09,0.068005
3327.57,0.068019
3328.05,0.068048
3328.53,0.068057
3329.02,0.068011
3329.50,0.067887
3329.98,0.067683
3330.46,0.067423
3330.94,0.067146
3331.43,0.066899
3331.91,0.066713
3332.39,0.066603
3332.87,0.066560
3333.36,0.066558
3333.84,0.066560
3334.32,0.066534
3334.80,0.066457
3335.28,0.066329
3335.76,0.066166
3336.25,0.065997
3336.73,0.065851
3337.21,0.065750
3337.69,0.065696
3338.18,0.065668
3338.66,0.065634
3339.14,0.065557
3339.62,0.065411
3340.10,0.065194
3340.59,0.064932
3341.07,0.064673
3341.55,0.064468
3342.03,0.064354
3342.51,0.064337
3343.00,0.064383
3343.48,0.064427
3343.96,0.064390
3344.44,0.064215
3344.93,0.063879
3345.41,0.063411
3345.89,0.062887
3346.37,0.062414
3346.85,0.062088
3347.34,0.061974
3347.82,0.062086
3348.30,0.062383
3348.78,0.062781
3349.26,0.063174
3349.75,0.063472
3350.23,0.063615
3350.71,0.063586
3351.19,0.063409
3351.68,0.063140
3352.16,0.062842
3352.64,0.062570
3353.12,0.062356
3353.60,0.062202
3354.09,0.062087
3354.57,0.061970
3355.05,0.061810
3355.53,0.061578
3356.01,0.061265
3356.50,0.060885
3356.98,0.060477
3357.46,0.060087
3357.94,0.059760
3358.43,0.059523
3358.91,0.059384
3359.39,0.059329
3359.87,0.059333
3360.35,0.059367
3360.84,0.059415
3361.32,0.059471
3361.80,0.059540
3362.28,0.059633
3362.76,0.059750
3363.25,0.059880
3363.73,0.059996
3364.21,0.060064
3364.69,0.060057
3365.17,0.059962
3365.66,0.059793
3366.14,0.059582
3366.62,0.059373
3367.10,0.059204
3367.59,0.059096
3368.07,0.059044
3368.55,0.059025
3369.03,0.059006
3369.51,0.058964
3370.00,0.058889
3370.48,0.058794
3370.96,0.058703
3371.44,0.058637
3371.92,0.058604
3372.41,0.058590
3372.89,0.058563
3373.37,0.058491
3373.85,0.058354
3374.33,0.058160
3374.82,0.057946
3375.30,0.057773
3375.78,0.057702
3376.26,0.057772
3376.74,0.057988
3377.23,0.058312
3377.71,0.058674
3378.19,0.058990
3378.67,0.059189
3379.16,0.059229
3379.64,0.059108
3380.12,0.058859
3380.60,0.058541
3381.08,0.058216
3381.57,0.057933
3382.05,0.057718
3382.53,0.057570
3383.01,0.057473
3383.49,0.057396
3383.98,0.057318
3384.46,0.057229
3384.94,0.057136
3385.42,0.057062
3385.91,0.057029
3386.39,0.057052
3386.87,0.057127
3387.35,0.057221
3387.83,0.057281
3388.32,0.057253
3388.80,0.057098
3389.28,0.056814
3389.76,0.056441
3390.24,0.056057
3390.73,0.055760
3391.21,0.055628
3391.69,0.055698
3392.17,0.055947
3392.66,0.056299
3393.14,0.056636
3393.62,0.056845
3394.10,0.056850
3394.58,0.056636
3395.07,0.056246
3395.55,0.055762
3396.03,0.055278
3396.51,0.054866
3396.99,0.054567
3397.48,0.054392
3397.96,0.054328
3398.44,0.054355
3398.92,0.054451
3399.41,0.054593
3399.89,0.054755
3400.37,0.054900
3400.85,0.054987
3401.33,0.054981
3401.82,0.054865
3402.30,0.054651
3402.78,0.054384
3403.26,0.054124
3403.74,0.053927
3404.23,0.053823
3404.71,0.053804
3405.19,0.053832
3405.67,0.053851
3406.15,0.053810
3406.64,0.053688
3407.12,0.053489
3407.60,0.053237
3408.08,0.052961
3408.57,0.052685
3409.05,0.052415
3409.53,0.052155
3410.01,0.051909
3410.49,0.051698
3410.97,0.051550
3411.46,0.051495
3411.94,0.051547
3412.42,0.051689
3412.90,0.051875
3413.39,0.052049
3413.87,0.052157
3414.35,0.052174
3414.83,0.052112
3415.31,0.052010
3415.80,0.051910
3416.28,0.051838
3416.76,0.051786
3417.24,0.051721
3417.72,0.051604
3418.21,0.051410
3418.69,0.051154
3419.17,0.050885
3419.65,0.050680
3420.14,0.050607
3420.62,0.050706
3421.10,0.050964
3421.58,0.051329
3422.06,0.051717
3422.55,0.052047
3423.03,0.052264
3423.51,0.052347
3423.99,0.052300
3424.47,0.052146
3424.96,0.051907
3425.44,0.051601
3425.92,0.051243
3426.40,0.050850
3426.89,0.050445
3427.37,0.050052
3427.85,0.049692
3428.33,0.049370
3428.81,0.049074
3429.30,0.048776
3429.78,0.048451
3430.26,0.048088
3430.74,0.047702
3431.22,0.047334
3431.71,0.047043
3432.19,0.046882
3432.67,0.046881
3433.15,0.047034
3433.64,0.047297
3434.12,0.047607
3434.60,0.047896
3435.08,0.048108
3435.56,0.048221
3436.05,0.048236
3436.53,0.048180
3437.01,0.048083
3437.49,0.047970
3437.97,0.047851
3438.46,0.047718
3438.94,0.047553
3439.42,0.047336
3439.90,0.047059
3440.39,0.046729
3440.87,0.046372
3441.35,0.046025
3441.83,0.045725
3442.31,0.045495
3442.80,0.045341
3443.28,0.045245
3443.76,0.045177
3444.24,0.045108
3444.72,0.045026
3445.21,0.044934
3445.69,0.044857
3446.17,0.044823
3446.65,0.044849
3447.13,0.044932
3447.62,0.045045
3448.10,0.045150
3448.58,0.045213
3449.06,0.045224
3449.55,0.045204
3450.03,0.045194
3450.51,0.045237
3450.99,0.045357
3451.47,0.045546
3451.95,0.045763
3452.44,0.045952
3452.92,0.046048
3453.40,0.046012
3453.88,0.045831
3454.37,0.045522
3454.85,0.045116
3455.33,0.044654
3455.81,0.044171
3456.29,0.043690
3456.78,0.043232
3457.26,0.042814
3457.74,0.042454
3458.22,0.042166
3458.70,0.041960
3459.19,0.041831
3459.67,0.041765
3460.15,0.041739
3460.63,0.041735
3461.11,0.041739
3461.60,0.041748
3462.08,0.041766
3462.56,0.041793
3463.04,0.041823
3463.53,0.041846
3464.01,0.041850
3464.49,0.041833
3464.97,0.041813
3465.45,0.041820
3465.94,0.041882
3466.42,0.042014
3466.90,0.042197
3467.38,0.042384
3467.86,0.042499
3468.35,0.042470
3468.83,0.042255
3469.31,0.041852
3469.79,0.041309
3470.28,0.040699
3470.76,0.040107
3471.24,0.039600
3471.72,0.039216
3472.20,0.038959
3472.69,0.038809
3473.17,0.038737
3473.65,0.038715
3474.13,0.038727
3474.61,0.038766
3475.10,0.038835
3475.58,0.038940
3476.06,0.039086
3476.54,0.039273
3477.03,0.039493
3477.51,0.039725
3477.99,0.039931
3478.47,0.040068
3478.95,0.040085
3479.44,0.039942
3479.92,0.039629
3480.40,0.039176
3480.88,0.038650
3481.36,0.038141
3481.85,0.037741
3482.33,0.037507
3482.81,0.037444
3483.29,0.037499
3483.78,0.037581
3484.26,0.037597
3484.74,0.037482
3485.22,0.037220
3485.70,0.036839
3486.19,0.036401
3486.67,0.035969
3487.15,0.035594
3487.63,0.035300
3488.11,0.035085
3488.60,0.034927
3489.08,0.034798
3489.56,0.034674
3490.04,0.034542
3490.53,0.034396
3491.01,0.034238
3491.49,0.034079
3491.97,0.033936
3492.45,0.033832
3492.93,0.033797
3493.42,0.033856
3493.90,0.034019
3494.38,0.034276
3494.86,0.034588
3495.35,0.034899
3495.83,0.035141
3496.31,0.035260
3496.79,0.035226
3497.27,0.035043
3497.76,0.034743
3498.24,0.034372
3498.72,0.033980
3499.20,0.033599
3499.68,0.033247
3500.17,0.032925
3500.65,0.032626
3501.13,0.032344
3501.61,0.032077
3502.09,0.031829
3502.58,0.031613
3503.06,0.031445
3503.54,0.031340
3504.02,0.031314
3504.51,0.031374
3504.99,0.031513
3505.47,0.031706
3505.95,0.031915
3506.43,0.032089
3506.92,0.032181
3507.40,0.032156
3507.88,0.032002
3508.36,0.031737
3508.84,0.031400
3509.33,0.031052
3509.81,0.030754
3510.29,0.030555
3510.77,0.030478
3511.26,0.030518
3511.74,0.030648
3512.22,0.030835
3512.70,0.031050
3513.18,0.031273
3513.67,0.031488
3514.15,0.031678
3514.63,0.031821
3515.11,0.031884
3515.59,0.031835
3516.08,0.031648
3516.56,0.031314
3517.04,0.030846
3517.52,0.030276
3518.01,0.029653
3518.49,0.029022
3518.97,0.028422
3519.45,0.027872
3519.93,0.027370
3520.42,0.026895
3520.90,0.026418
3521.38,0.025911
3521.86,0.025365
3522.34,0.024795
3522.83,0.024242
3523.31,0.023776
3523.79,0.023482
3524.27,0.023431
3524.76,0.023666
3525.24,0.024175
3525.72,0.024895
3526.20,0.025713
3526.68,0.026504
3527.17,0.027151
3527.65,0.027560
3528.13,0.027691
3528.61,0.027548
3529.09,0.027184
3529.58,0.026672
3530.06,0.026088
3530.54,0.025490
3531.02,0.024910
3531.51,0.024359
3531.99,0.023846
3532.47,0.023385
3532.95,0.023004
3533.43,0.022738
3533.91,0.022615
3534.40,0.022639
3534.88,0.022780
3535.36,0.022976
3535.84,0.023141
3536.33,0.023192
3536.81,0.023074
3537.29,0.022784
3537.77,0.022371
3538.25,0.021922
3538.74,0.021530
3539.22,0.021258
3539.70,0.021122
3540.18,0.021094
3540.66,0.021120
3541.15,0.021143
3541.63,0.021126
3542.11,0.021063
3542.59,0.020975
3543.07,0.020890
3543.56,0.020825
3544.04,0.020774
3544.52,0.020703
3545.00,0.020569
3545.49,0.020342
3545.97,0.020032
3546.45,0.019693
3546.93,0.019414
3547.41,0.019282
3547.90,0.019341
3548.38,0.019573
3548.86,0.019902
3549.34,0.020228
3549.82,0.020455
3550.31,0.020525
3550.79,0.020418
3551.27,0.020148
3551.75,0.019744
3552.24,0.019243
3552.72,0.018682
3553.20,0.018096
3553.68,0.017530
3554.16,0.017036
3554.65,0.016669
3555.13,0.016478
3555.61,0.016489
3556.09,0.016694
3556.57,0.017046
3557.06,0.017473
3557.54,0.017897
3558.02,0.018248
3558.50,0.018491
3558.99,0.018627
3559.47,0.018685
3559.95,0.018705
3560.43,0.018715
3560.91,0.018714
3561.40,0.018673
3561.88,0.018543
3562.36,0.018279
3562.84,0.017865
3563.32,0.017321
3563.81,0.016698
3564.29,0.016063
3564.77,0.015483
3565.25,0.015008
3565.74,0.014662
3566.22,0.014448
3566.70,0.014349
3567.18,0.014345
3567.66,0.014417
3568.15,0.014553
3568.63,0.014745
3569.11,0.014974
3569.59,0.015209
3570.07,0.015407
3570.56,0.015515
3571.04,0.015487
3571.52,0.015290
3572.00,0.014911
3572.49,0.014364
3572.97,0.013694
3573.45,0.012975
3573.93,0.012285
3574.41,0.011702
3574.89,0.011274
3575.38,0.011015
3575.86,0.010904
3576.34,0.010895
3576.82,0.010945
3577.31,0.011024
3577.79,0.011122
3578.27,0.011246
3578.75,0.011401
3579.23,0.011576
3579.72,0.011736
3580.20,0.011820
3580.68,0.011768
3581.16,0.011536
3581.64,0.011118
3582.13,0.010552
3582.61,0.009907
3583.09,0.009267
3583.57,0.008700
3584.05,0.008252
3584.54,0.007932
3585.02,0.007728
3585.50,0.007616
3585.98,0.007574
3586.47,0.007594
3586.95,0.007675
3587.43,0.007814
3587.91,0.007993
3588.39,0.008162
3588.88,0.008248
3589.36,0.008185
3589.84,0.007930
3590.32,0.007484
3590.80,0.006873
3591.29,0.006136
3591.77,0.005313
3592.25,0.004446
3592.73,0.003594
3593.22,0.002827
3593.70,0.002241
3594.18,0.001933
3594.66,0.001978
3595.14,0.002392
3595.63,0.003108
3596.11,0.003986
3596.59,0.004843
3597.07,0.005510
3597.55,0.005893
3598.04,0.005978
3598.52,0.005825
3599.00,0.005535
3599.48,0.005213
3599.97,0.004933
3600.45,0.004723
3600.93,0.004563
3601.41,0.004405
3601.89,0.004202
3602.38,0.003933
3602.86,0.003615
3603.34,0.003295
3603.82,0.003031
3604.30,0.002865
3604.79,0.002817
3605.27,0.002880
3605.75,0.003033
3606.23,0.003246
3606.72,0.003493
3607.20,0.003760
3607.68,0.004033
3608.16,0.004303
3608.64,0.004545
3609.12,0.004722
3609.61,0.004786
3610.09,0.004704
3610.57,0.004466
3611.05,0.004099
3611.54,0.003656
3612.02,0.003207
3612.50,0.002819
3612.98,0.002549
3613.46,0.002426
3613.95,0.002442
3614.43,0.002547
3614.91,0.002655
3615.39,0.002682
3615.88,0.002574
3616.36,0.002319
3616.84,0.001952
3617.32,0.001539
3617.80,0.001167
3618.29,0.000916
3618.77,0.000850
3619.25,0.000990
3619.73,0.001293
3620.21,0.001649
3620.70,0.001926
3621.18,0.002024
3621.66,0.001909
3622.14,0.001623
3622.62,0.001246
3623.11,0.000861
3623.59,0.000522
3624.07,0.000251
3624.55,0.000037
3625.03,-0.000148
3625.52,-0.000341
3626.00,-0.000567
3626.48,-0.000836
3626.96,-0.001133
3627.45,-0.001430
3627.93,-0.001691
3628.41,-0.001892
3628.89,-0.002040
3629.37,-0.002181
3629.86,-0.002402
3630.34,-0.002781
3630.82,-0.003320
3631.30,-0.003946
3631.78,-0.004558
3632.27,-0.005079
3632.75,-0.005457
3633.23,-0.005671
3633.71,-0.005718
3634.20,-0.005609
3634.68,-0.005372
3635.16,-0.005044
3635.64,-0.004667
3636.12,-0.004278
3636.61,-0.003902
3637.09,-0.003561
3637.57,-0.003284
3638.05,-0.003110
3638.53,-0.003093
3639.02,-0.003274
3639.50,-0.003673
3639.98,-0.004261
3640.46,-0.004964
3640.95,-0.005670
3641.43,-0.006262
3641.91,-0.006657
3642.39,-0.006818
3642.87,-0.006774
3643.36,-0.006608
3643.84,-0.006436
3644.32,-0.006360
3644.80,-0.006444
3645.28,-0.006699
3645.77,-0.007093
3646.25,-0.007558
3646.73,-0.008011
3647.21,-0.008370
3647.70,-0.008558
3648.18,-0.008517
3648.66,-0.008220
3649.14,-0.007686
3649.62,-0.006990
3650.11,-0.006255
3650.59,-0.005645
3651.07,-0.005313
3651.55,-0.005341
3652.03,-0.005713
3652.52,-0.006320
3653.00,-0.007018
3653.48,-0.007668
3653.96,-0.008174
3654.44,-0.008489
3654.93,-0.008595
3655.41,-0.008514
3655.89,-0.008300
3656.37,-0.008044
3656.86,-0.007854
3657.34,-0.007825
3657.82,-0.007995
3658.30,-0.008326
3658.78,-0.008727
3659.27,-0.009098
3659.75,-0.009364
3660.23,-0.009482
3660.71,-0.009438
3661.19,-0.009242
3661.68,-0.008922
3662.16,-0.008532
3662.64,-0.008137
3663.12,-0.007819
3663.60,-0.007656
3664.09,-0.007700
3664.57,-0.007967
3665.05,-0.008424
3665.53,-0.008996
3666.01,-0.009576
3666.50,-0.010064
3666.98,-0.010386
3667.46,-0.010504
3667.94,-0.010422
3668.43,-0.010174
3668.91,-0.009811
3669.39,-0.009382
3669.87,-0.008941
3670.35,-0.008543
3670.84,-0.008257
3671.32,-0.008158
3671.80,-0.008299
3672.28,-0.008681
3672.76,-0.009255
3673.25,-0.009940
3673.73,-0.010649
3674.21,-0.011286
3674.69,-0.011752
3675.18,-0.011951
3675.66,-0.011808
3676.14,-0.011332
3676.62,-0.010671
3677.10,-0.010080
3677.59,-0.009748
3678.07,-0.009698
3678.55,-0.009824
3679.03,-0.010006
3679.51,-0.010159
3680.00,-0.010248
3680.48,-0.010277
3680.96,-0.010267
3681.44,-0.010235
3681.93,-0.010184
3682.41,-0.010100
3682.89,-0.009969
3683.37,-0.009794
3683.85,-0.009605
3684.34,-0.009460
3684.82,-0.009422
3685.30,-0.009545
3685.78,-0.009841
3686.26,-0.010276
3686.75,-0.010770
3687.23,-0.011222
3687.71,-0.011528
3688.19,-0.011598
3688.68,-0.011376
3689.16,-0.010861
3689.64,-0.010118
3690.12,-0.009265
3690.60,-0.008443
3691.09,-0.007775
3691.57,-0.007343
3692.05,-0.007189
3692.53,-0.007328
3693.01,-0.007739
3693.50,-0.008370
3693.98,-0.009137
3694.46,-0.009945
3694.94,-0.010695
3695.42,-0.011313
3695.91,-0.011759
3696.39,-0.012033
3696.87,-0.012167
3697.35,-0.012214
3697.84,-0.012231
3698.32,-0.012247
3698.80,-0.012260
3699.28,-0.012238
3699.76,-0.012139
3700.24,-0.011925
3700.73,-0.011584
3701.21,-0.011138
3701.69,-0.010649
3702.17,-0.010205
3702.66,-0.009890
3703.14,-0.009757
3703.62,-0.009805
3704.10,-0.009985
3704.58,-0.010224
3705.07,-0.010458
3705.55,-0.010652
3706.03,-0.010799
3706.51,-0.010912
3706.99,-0.011019
3707.48,-0.011146
3707.96,-0.011311
3708.44,-0.011519
3708.92,-0.011749
3709.41,-0.011963
3709.89,-0.012102
3710.37,-0.012098
3710.85,-0.011890
3711.33,-0.011449
3711.82,-0.010804
3712.30,-0.010053
3712.78,-0.009348
3713.26,-0.008847
3713.74,-0.008646
3714.23,-0.008760
3714.71,-0.009130
3715.19,-0.009664
3715.67,-0.010261
3716.16,-0.010840
3716.64,-0.011342
3717.12,-0.011725
3717.60,-0.011968
3718.08,-0.012070
3718.57,-0.012048
3719.05,-0.011937
3719.53,-0.011786
3720.01,-0.011646
3720.49,-0.011558
3720.98,-0.011544
3721.46,-0.011606
3721.94,-0.011727
3722.42,-0.011876
3722.91,-0.012011
3723.39,-0.012094
3723.87,-0.012088
3724.35,-0.011971
3724.83,-0.011733
3725.32,-0.011385
3725.80,-0.010955
3726.28,-0.010487
3726.76,-0.010047
3727.24,-0.009706
3727.73,-0.009524
3728.21,-0.009526
3728.69,-0.009692
3729.17,-0.009970
3729.66,-0.010290
3730.14,-0.010592
3730.62,-0.010839
3731.10,-0.011013
3731.58,-0.011125
3732.07,-0.011207
3732.55,-0.011309
3733.03,-0.011479
3733.51,-0.011760
3733.99,-0.012157
3734.48,-0.012639
3734.96,-0.013132
3735.44,-0.013532
3735.92,-0.013721
3736.40,-0.013597
3736.89,-0.013125
3737.37,-0.012369
3737.85,-0.011480
3738.33,-0.010632
3738.82,-0.009960
3739.30,-0.009553
3739.78,-0.009446
3740.26,-0.009638
3740.74,-0.010098
3741.22,-0.010762
3741.71,-0.011537
3742.19,-0.012308
3742.67,-0.012964
3743.15,-0.013398
3743.64,-0.013513
3744.12,-0.013236
3744.60,-0.012543
3745.08,-0.011519
3745.56,-0.010386
3746.05,-0.009459
3746.53,-0.008959
3747.01,-0.008902
3747.49,-0.009164
3747.97,-0.009592
3748.46,-0.010078
3748.94,-0.010552
3749.42,-0.010976
3749.90,-0.011328
3750.39,-0.011586
3750.87,-0.011733
3751.35,-0.011760
3751.83,-0.011677
3752.31,-0.011515
3752.80,-0.011316
3753.28,-0.011127
3753.76,-0.010974
3754.24,-0.010864
3754.72,-0.010789
3755.21,-0.010733
3755.69,-0.010689
3756.17,-0.010659
3756.65,-0.010656
3757.14,-0.010700
3757.62,-0.010811
3758.10,-0.010991
3758.58,-0.011215
3759.06,-0.011427
3759.55,-0.011554
3760.03,-0.011530
3760.51,-0.011329
3760.99,-0.010986
3761.47,-0.010596
3761.96,-0.010273
3762.44,-0.010107
3762.92,-0.010141
3763.40,-0.010360
3763.89,-0.010709
3764.37,-0.011110
3764.85,-0.011482
3765.33,-0.011755
3765.81,-0.011882
3766.30,-0.011858
3766.78,-0.011727
3767.26,-0.011565
3767.74,-0.011444
3768.22,-0.011410
3768.71,-0.011468
3769.19,-0.011588
3769.67,-0.011712
3770.15,-0.011773
3770.64,-0.011711
3771.12,-0.011492
3771.60,-0.011131
3772.08,-0.010680
3772.56,-0.010215
3773.05,-0.009801
3773.53,-0.009489
3774.01,-0.009306
3774.49,-0.009265
3774.97,-0.009364
3775.46,-0.009592
3775.94,-0.009923
3776.42,-0.010321
3776.90,-0.010736
3777.38,-0.011118
3777.87,-0.011418
3778.35,-0.011590
3778.83,-0.011609
3779.31,-0.011472
3779.80,-0.011211
3780.28,-0.010891
3780.76,-0.010609
3781.24,-0.010453
3781.72,-0.010473
3782.20,-0.010672
3782.69,-0.011011
3783.17,-0.011430
3783.65,-0.011864
3784.13,-0.012247
3784.62,-0.012521
3785.10,-0.012628
3785.58,-0.012533
3786.06,-0.012230
3786.54,-0.011751
3787.03,-0.011165
3787.51,-0.010569
3787.99,-0.010065
3788.47,-0.009738
3788.95,-0.009649
3789.44,-0.009818
3789.92,-0.010218
3790.40,-0.010775
3790.88,-0.011390
3791.36,-0.011960
3791.85,-0.012400
3792.33,-0.012664
3792.81,-0.012754
3793.29,-0.012708
3793.78,-0.012589
3794.26,-0.012456
3794.74,-0.012357
3795.22,-0.012315
3795.70,-0.012335
3796.19,-0.012405
3796.67,-0.012510
3797.15,-0.012637
3797.63,-0.012773
3798.11,-0.012914
3798.60,-0.013057
3799.08,-0.013195
3799.56,-0.013318
3800.04,-0.013404
3800.53,-0.013416
3801.01,-0.013303
3801.49,-0.013010
3801.97,-0.012502
3802.45,-0.011807
3802.94,-0.011050
3803.42,-0.010403
3803.90,-0.009996
3804.38,-0.009866
3804.86,-0.009963
3805.35,-0.010199
3805.83,-0.010473
3806.31,-0.010698
3806.79,-0.010807
3807.28,-0.010773
3807.76,-0.010630
3808.24,-0.010478
3808.72,-0.010437
3809.20,-0.010580
3809.69,-0.010903
3810.17,-0.011331
3810.65,-0.011772
3811.13,-0.012142
3811.61,-0.012394
3812.10,-0.012520
3812.58,-0.012549
3813.06,-0.012532
3813.54,-0.012514
3814.03,-0.012520
3814.51,-0.012535
3814.99,-0.012513
3815.47,-0.012381
3815.95,-0.012081
3816.44,-0.011603
3816.92,-0.011025
3817.40,-0.010497
3817.88,-0.010177
3818.36,-0.010142
3818.85,-0.010362
3819.33,-0.010738
3819.81,-0.011142
3820.29,-0.011460
3820.78,-0.011587
3821.26,-0.011459
3821.74,-0.011082
3822.22,-0.010564
3822.70,-0.010096
3823.18,-0.009836
3823.67,-0.009843
3824.15,-0.010059
3824.63,-0.010382
3825.11,-0.010705
3825.60,-0.010953
3826.08,-0.011084
3826.56,-0.011089
3827.04,-0.010997
3827.52,-0.010869
3828.01,-0.010785
3828.49,-0.010801
3828.97,-0.010939
3829.45,-0.011170
3829.93,-0.011442
3830.42,-0.011691
3830.90,-0.011864
3831.38,-0.011935
3831.86,-0.011903
3832.34,-0.011795
3832.83,-0.011654
3833.31,-0.011528
3833.79,-0.011450
3834.27,-0.011427
3834.76,-0.011450
3835.24,-0.011496
3835.72,-0.011534
3836.20,-0.011533
3836.68,-0.011462
3837.17,-0.011294
3837.65,-0.011011
3838.13,-0.010623
3838.61,-0.010177
3839.09,-0.009759
3839.58,-0.009466
3840.06,-0.009373
3840.54,-0.009493
3841.02,-0.009775
3841.51,-0.010124
3841.99,-0.010438
3842.47,-0.010653
3842.95,-0.010740
3843.43,-0.010717
3843.92,-0.010625
3844.40,-0.010520
3844.88,-0.010438
3845.36,-0.010395
3845.84,-0.010378
3846.33,-0.010362
3846.81,-0.010328
3847.29,-0.010269
3847.77,-0.010199
3848.26,-0.010142
3848.74,-0.010126
3849.22,-0.010171
3849.70,-0.010282
3850.18,-0.010441
3850.67,-0.010616
3851.15,-0.010753
3851.63,-0.010789
3852.11,-0.010655
3852.59,-0.010284
3853.08,-0.009640
3853.56,-0.008751
3854.04,-0.007796
3854.52,-0.007091
3855.01,-0.006930
3855.49,-0.007382
3855.97,-0.008255
3856.45,-0.009276
3856.93,-0.010225
3857.42,-0.010981
3857.90,-0.011503
3858.38,-0.011793
3858.86,-0.011886
3859.34,-0.011833
3859.83,-0.011684
3860.31,-0.011479
3860.79,-0.011245
3861.27,-0.010996
3861.76,-0.010741
3862.24,-0.010493
3862.72,-0.010267
3863.20,-0.010081
3863.68,-0.009944
3864.16,-0.009851
3864.65,-0.009784
3865.13,-0.009723
3865.61,-0.009660
3866.09,-0.009607
3866.58,-0.009588
3867.06,-0.009626
3867.54,-0.009717
3868.02,-0.009835
3868.50,-0.009942
3868.99,-0.010003
3869.47,-0.010003
3869.95,-0.009970
3870.43,-0.009984
3870.91,-0.010154
3871.40,-0.010548
3871.88,-0.011140
3872.36,-0.011800
3872.84,-0.012380
3873.32,-0.012752
3873.81,-0.012851
3874.29,-0.012683
3874.77,-0.012319
3875.25,-0.011891
3875.74,-0.011544
3876.22,-0.011387
3876.70,-0.011441
3877.18,-0.011650
3877.66,-0.011918
3878.15,-0.012147
3878.63,-0.012268
3879.11,-0.012231
3879.59,-0.012016
3880.07,-0.011627
3880.56,-0.011103
3881.04,-0.010516
3881.52,-0.009976
3882.00,-0.009597
3882.49,-0.009454
3882.97,-0.009553
3883.45,-0.009836
3883.93,-0.010211
3884.41,-0.010574
3884.90,-0.010828
3885.38,-0.010914
3885.86,-0.010813
3886.34,-0.010581
3886.82,-0.010330
3887.31,-0.010196
3887.79,-0.010262
3888.27,-0.010514
3888.75,-0.010870
3889.24,-0.011221
3889.72,-0.011474
3890.20,-0.011553
3890.68,-0.011419
3891.16,-0.011067
3891.65,-0.010541
3892.13,-0.009932
3892.61,-0.009364
3893.09,-0.008962
3893.57,-0.008802
3894.06,-0.008895
3894.54,-0.009195
3895.02,-0.009631
3895.50,-0.010128
3895.99,-0.010623
3896.47,-0.011082
3896.95,-0.011490
3897.43,-0.011855
3897.91,-0.012195
3898.40,-0.012529
3898.88,-0.012853
3899.36,-0.013133
3899.84,-0.013296
3900.32,-0.013261
3900.81,-0.012968
3901.29,-0.012425
3901.77,-0.011709
3902.25,-0.010956
3902.73,-0.010306
3903.22,-0.009856
3903.70,-0.009633
3904.18,-0.009595
3904.66,-0.009659
3905.14,-0.009729
3905.63,-0.009745
3906.11,-0.009702
3906.59,-0.009639
3907.07,-0.009611
3907.56,-0.009657
3908.04,-0.009794
3908.52,-0.010015
3909.00,-0.010300
3909.48,-0.010622
3909.97,-0.010948
3910.45,-0.011241
3910.93,-0.011457
3911.41,-0.011550
3911.89,-0.011489
3912.38,-0.011270
3912.86,-0.010930
3913.34,-0.010546
3913.82,-0.010222
3914.30,-0.010050
3914.79,-0.010090
3915.27,-0.010347
3915.75,-0.010769
3916.23,-0.011261
3916.72,-0.011707
3917.20,-0.012011
3917.68,-0.012113
3918.16,-0.012017
3918.64,-0.011768
3919.13,-0.011437
3919.61,-0.011085
3920.09,-0.010745
3920.57,-0.010431
3921.05,-0.010152
3921.54,-0.009919
3922.02,-0.009751
3922.50,-0.009664
3922.98,-0.009661
3923.47,-0.009727
3923.95,-0.009829
3924.43,-0.009924
3924.91,-0.009974
3925.39,-0.009958
3925.88,-0.009873
3926.36,-0.009740
3926.84,-0.009583
3927.32,-0.009425
3927.80,-0.009281
3928.29,-0.009162
3928.77,-0.009083
3929.25,-0.009062
3929.73,-0.009116
3930.22,-0.009253
3930.70,-0.009455
3931.18,-0.009681
3931.66,-0.009872
3932.14,-0.009972
3932.63,-0.009959
3933.11,-0.009858
3933.59,-0.009737
3934.07,-0.009677
3934.55,-0.009738
3935.04,-0.009934
3935.52,-0.010224
3936.00,-0.010537
3936.48,-0.010804
3936.97,-0.010973
3937.45,-0.011031
3937.93,-0.010994
3938.41,-0.010902
3938.89,-0.010797
3939.38,-0.010703
3939.86,-0.010628
3940.34,-0.010558
3940.82,-0.010472
3941.30,-0.010357
3941.79,-0.010211
3942.27,-0.010049
3942.75,-0.009896
3943.23,-0.009780
3943.71,-0.009719
3944.20,-0.009715
3944.68,-0.009757
3945.16,-0.009821
3945.64,-0.009881
3946.12,-0.009916
3946.61,-0.009910
3947.09,-0.009856
3947.57,-0.009753
3948.05,-0.009612
3948.54,-0.009457
3949.02,-0.009314
3949.50,-0.009212
3949.98,-0.009166
3950.46,-0.009176
3950.95,-0.009221
3951.43,-0.009269
3951.91,-0.009291
3952.39,-0.009265
3952.88,-0.009187
3953.36,-0.009072
3953.84,-0.008944
3954.32,-0.008833
3954.80,-0.008764
3955.28,-0.008755
3955.77,-0.008812
3956.25,-0.008929
3956.73,-0.009089
3957.21,-0.009268
3957.70,-0.009441
3958.18,-0.009589
3958.66,-0.009705
3959.14,-0.009797
3959.62,-0.009889
3960.11,-0.010014
3960.59,-0.010203
3961.07,-0.010473
3961.55,-0.010818
3962.03,-0.011203
3962.52,-0.011571
3963.00,-0.011859
3963.48,-0.012009
3963.96,-0.011988
3964.45,-0.011796
3964.93,-0.011464
3965.41,-0.011042
3965.89,-0.010592
3966.37,-0.010179
3966.86,-0.009854
3967.34,-0.009659
3967.82,-0.009617
3968.30,-0.009725
3968.78,-0.009954
3969.27,-0.010252
3969.75,-0.010551
3970.23,-0.010783
3970.71,-0.010894
3971.20,-0.010861
3971.68,-0.010694
3972.16,-0.010435
3972.64,-0.010140
3973.12,-0.009867
3973.61,-0.009662
3974.09,-0.009545
3974.57,-0.009515
3975.05,-0.009552
3975.53,-0.009624
3976.02,-0.009698
3976.50,-0.009750
3976.98,-0.009764
3977.46,-0.009746
3977.95,-0.009715
3978.43,-0.009704
3978.91,-0.009753
3979.39,-0.009890
3979.87,-0.010123
3980.36,-0.010424
3980.84,-0.010737
3981.32,-0.010985
3981.80,-0.011091
3982.28,-0.011013
3982.77,-0.010756
3983.25,-0.010380
3983.73,-0.009982
3984.21,-0.009675
3984.69,-0.009545
3985.18,-0.009628
3985.66,-0.009904
3986.14,-0.010308
3986.62,-0.010751
3987.11,-0.011146
3987.59,-0.011432
3988.07,-0.011583
3988.55,-0.011604
3989.03,-0.011515
3989.51,-0.011345
3990.00,-0.011122
3990.48,-0.010866
3990.96,-0.010598
3991.44,-0.010338
3991.93,-0.010103
3992.41,-0.009903
3992.89,-0.009738
3993.37,-0.009600
3993.85,-0.009474
3994.34,-0.009352
3994.82,-0.009233
3995.30,-0.009135
3995.78,-0.009085
3996.26,-0.009105
3996.75,-0.009212
3997.23,-0.009396
3997.71,-0.009628
3998.19,-0.009865
3998.68,-0.010063
3999.16,-0.010186
3999.64,-0.010216
4000.12,-0.010154
